codice,denominazione,area,parent_codice,coverage,needs_reviewer,file_fonte
010001,Decreto Ingiuntivo,Procedimenti speciali sommari,010,curata,False,XSD_SIGP_20241128/schema/base_v2/tipi-base.xsd
010002,"Procedimento di ingiunzione Ante Causam (intermediazione finanziaria, bancari e creditizia)",Procedimenti speciali sommari,010,curata,False,XSD_Cassazione_20260227/parte/base_v7/tipi-base.xsd
010003,Procedimento di ingiunzione ante causam (vendita),Procedimenti speciali sommari,010,curata,False,XSD_SICI_20260116/XSD_SICI_20260116/Atti/sici/tipi-base.xsd
010004,Procedimento di ingiunzione ante causam (diritti reali e condominio),Procedimenti speciali sommari,010,curata,False,XSD_SICI_20260116/XSD_SICI_20260116/Atti/sici/tipi-base.xsd
010005,Procedimento di ingiunzione ante causam (intermediazione finanziaria),Procedimenti speciali sommari,010,curata,False,XSD_SICI_20260116/XSD_SICI_20260116/Atti/sici/tipi-base.xsd
010006,Procedimento di ingiunzione ante causam (rapporti bancari),Procedimenti speciali sommari,010,curata,False,XSD_SICI_20260116/XSD_SICI_20260116/Atti/sici/tipi-base.xsd
010007,Procedimento di ingiunzione ante causam (titoli di credito),Procedimenti speciali sommari,010,curata,False,XSD_SICI_20260116/XSD_SICI_20260116/Atti/sici/tipi-base.xsd
010008,Procedimento di ingiunzione ante causam (contratti di borsa),Procedimenti speciali sommari,010,curata,False,XSD_SICI_20260116/XSD_SICI_20260116/Atti/sici/tipi-base.xsd
010009,Procedimento di ingiunzione ante causam (assicurazione),Procedimenti speciali sommari,010,curata,False,XSD_SICI_20260116/XSD_SICI_20260116/Atti/sici/tipi-base.xsd
010010,Procedimento di ingiunzione ante causam (fideiussione e altre garanzie),Procedimenti speciali sommari,010,curata,False,XSD_SICI_20260116/XSD_SICI_20260116/Atti/sici/tipi-base.xsd
010011,Procedimento di ingiunzione ante causam (somministrazione),Procedimenti speciali sommari,010,curata,False,XSD_SICI_20260116/XSD_SICI_20260116/Atti/sici/tipi-base.xsd
010012,Procedimento di ingiunzione ante causam (rapporti con societa' finanziarie),Procedimenti speciali sommari,010,curata,False,XSD_SICI_20260116/XSD_SICI_20260116/Atti/sici/tipi-base.xsd
010013,Procedimento di ingiunzione ante causam (factoring),Procedimenti speciali sommari,010,curata,False,XSD_SICI_20260116/XSD_SICI_20260116/Atti/sici/tipi-base.xsd
010014,Procedimento di ingiunzione ante causam (leasing),Procedimenti speciali sommari,010,curata,False,XSD_SICI_20260116/XSD_SICI_20260116/Atti/sici/tipi-base.xsd
010015,Procedimento di ingiunzione ante causam (altri contratti tipici),Procedimenti speciali sommari,010,curata,False,XSD_SICI_20260116/XSD_SICI_20260116/Atti/sici/tipi-base.xsd
010016,Procedimento di ingiunzione ante causam (diritto societario non di competenza della Sez. Spec. Imprese),Procedimenti speciali sommari,010,curata,False,XSD_SICI_20260116/XSD_SICI_20260116/Atti/sici/tipi-base.xsd
010017,Procedimento di ingiunzione ante causam (diritto tributario e doganale),Procedimenti speciali sommari,010,curata,False,XSD_SICI_20260116/XSD_SICI_20260116/Atti/sici/tipi-base.xsd
010018,Procedimento di ingiunzione ante causam (diritto amministrativo),Procedimenti speciali sommari,010,curata,False,XSD_SICI_20260116/XSD_SICI_20260116/Atti/sici/tipi-base.xsd
010019,Procedimento di ingiunzione ante causam (in materia concorsuale),Procedimenti speciali sommari,010,curata,False,XSD_SICI_20260116/XSD_SICI_20260116/Atti/sici/tipi-base.xsd
010020,"Procedimento di ingiunzione ante causam (associazioni, comitati, consorzi e fondazioni)",Procedimenti speciali sommari,010,curata,False,XSD_SICI_20260116/XSD_SICI_20260116/Atti/sici/tipi-base.xsd
010021,Procedimento di ingiunzione ante causam (locazione di immobili),Procedimenti speciali sommari,010,curata,False,XSD_SICI_20260116/XSD_SICI_20260116/Atti/sici/tipi-base.xsd
010022,Procedimento di ingiunzione ante causam (affitto di azienda),Procedimenti speciali sommari,010,curata,False,XSD_SICI_20260116/XSD_SICI_20260116/Atti/sici/tipi-base.xsd
010023,Procedimento di ingiunzione ante causam (prestazione d'opera intellettuale),Procedimenti speciali sommari,010,curata,False,XSD_SICI_20260116/XSD_SICI_20260116/Atti/sici/tipi-base.xsd
010024,Procedimento di ingiunzione ante causam (altri contratti d'opera),Procedimenti speciali sommari,010,curata,False,XSD_SICI_20260116/XSD_SICI_20260116/Atti/sici/tipi-base.xsd
010025,Procedimento di ingiunzione ante causam (appalto),Procedimenti speciali sommari,010,curata,False,XSD_SICI_20260116/XSD_SICI_20260116/Atti/sici/tipi-base.xsd
010026,Procedimento di ingiunzione ante causam (appalto di opere pubbliche sottosoglia UE),Procedimenti speciali sommari,010,curata,False,XSD_SICI_20260116/XSD_SICI_20260116/Atti/sici/tipi-base.xsd
010027,Procedimento di ingiunzione ante causam (altri rapporti con la pubblica amministrazione),Procedimenti speciali sommari,010,curata,False,XSD_SICI_20260116/XSD_SICI_20260116/Atti/sici/tipi-base.xsd
010028,Procedimento di ingiunzione ante causam – Sez. Spec. Impresa,Procedimenti speciali sommari,010,curata,False,XSD_SICI_20260116/XSD_SICI_20260116/Atti/sici/tipi-base.xsd
010029,Procedimento di ingiunzione ante causam (rapporti familiari),Procedimenti speciali sommari,010,curata,False,XSD_SICI_20260116/XSD_SICI_20260116/Atti/sici/tipi-base.xsd
010999,Procedimento di ingiunzione ante causam (altre ipotesi),Procedimenti speciali sommari,010,curata,False,XSD_SICI_20260116/XSD_SICI_20260116/Atti/sici/tipi-base.xsd
011001,Sequestro conservativo ex art. 671 c.p.c.,Procedimenti speciali sommari,011,curata,False,XSD_SICI_20260116/XSD_SICI_20260116/Atti/sici/tipi-base.xsd
011002,Sequestro giudiziario ex art. 670 c.p.c.,Procedimenti speciali sommari,011,curata,False,XSD_SICI_20260116/XSD_SICI_20260116/Atti/sici/tipi-base.xsd
011003,Sequestro (liberatorio) ex art. 687 c.p.c.,Procedimenti speciali sommari,011,curata,False,XSD_SICI_20260116/XSD_SICI_20260116/Atti/sici/tipi-base.xsd
011011,Sequestro da norme speciali (Legge Autore: L. n. 633/1941 - Legge Invenzioni: R.D. n. 1127/1939 - Legge Marchi: R.D. n. 929/1942 - etc.),Procedimenti speciali sommari,011,curata,False,XSD_Cassazione_20260227/parte/base_v7/tipi-base.xsd
012001,Accertamento tecnico preventivo/Prova testimoniale,Procedimenti speciali sommari,012,curata,False,XSD_SICI_20260116/XSD_SICI_20260116/Atti/sici/tipi-base.xsd
012002,Consulenza tecnica preventiva (art. 696-bis cpc.) - responsabilita' sanitaria L. 24/2017,Procedimenti speciali sommari,012,curata,False,XSD_SICI_20260116/XSD_SICI_20260116/Atti/sici/tipi-base.xsd
012003,Consulenza tecnica preventiva (art. 696-bis cpc) - altre ipotesi,Procedimenti speciali sommari,012,curata,False,XSD_SICI_20260116/XSD_SICI_20260116/Atti/sici/tipi-base.xsd
012011,Ispezione preventiva,Procedimenti speciali sommari,012,curata,False,XSD_SICI_20260116/XSD_SICI_20260116/Atti/sici/tipi-base.xsd
012021,"Descrizione (Art. 161, L. n. 633/1941 - Artt. 81 e 82, R.D. n. 1127/1939 - artt. 61 e 62, R.D. n. 929/1942)",Procedimenti speciali sommari,012,curata,False,XSD_Cassazione_20260227/parte/base_v7/tipi-base.xsd
013001,"Inibitoria (art. 63 R.D. n. 929/1942 - art. 83 R.D. n. 1127/1939 - L n. 52/1996, etc.)",Catalogo PST ufficiale,013,curata,False,XSD_Cassazione_20260227/parte/base_v7/tipi-base.xsd
014001,Istanza sospensione dell'esecuzione ex art. 373 c.p.c.,Procedimenti speciali sommari,014,curata,False,XSD_SICI_20260116/XSD_SICI_20260116/Atti/sici/tipi-base.xsd
014002,Provvedimenti cautelari in materia di tutela della concorrenza e del mercato (art. 33 L. n. 287/90),Procedimenti speciali sommari,014,curata,False,XSD_Cassazione_20260227/parte/base_v7/tipi-base.xsd
014100,Reclamo alla Corte di Appello avverso Procedimenti Cautelari,Procedimenti speciali sommari,014,curata,False,XSD_SICI_20260116/XSD_SICI_20260116/Atti/sici/tipi-base.xsd
015001,Denuncia di nuova opera o di danno temuto (art. 688 c.p.c.),Procedimenti speciali sommari,015,curata,False,XSD_SICI_20260116/XSD_SICI_20260116/Atti/sici/tipi-base.xsd
015011,Provvedimenti d'urgenza ex art. 700 c.p.c,Procedimenti speciali sommari,015,curata,False,XSD_SICI_20260116/XSD_SICI_20260116/Atti/sici/tipi-base.xsd
016001,Mantenimento figli naturali o legittimi (istanza ex art. 148 c.c.),Procedimenti speciali sommari,016,curata,False,XSD_SICI_20260116/XSD_SICI_20260116/Atti/sici/tipi-base.xsd
016011,Assegno provvisorio per alimenti (art. 446 c.c.),Procedimenti speciali sommari,016,curata,False,XSD_SICI_20260116/XSD_SICI_20260116/Atti/sici/tipi-base.xsd
017001,Sequestro conservativo ex art. 671 c.p.c. - Sez. Spec. Impresa,Procedimenti speciali sommari,017,curata,False,XSD_SICI_20260116/XSD_SICI_20260116/Atti/sici/tipi-base.xsd
017002,Sequestro giudiziario ex art. 670 c.p.c. - Sez. Spec. Impresa,Procedimenti speciali sommari,017,curata,False,XSD_SICI_20260116/XSD_SICI_20260116/Atti/sici/tipi-base.xsd
017003,Sequestro (liberatorio) ex art. 687 c.p.c. - Sez. Spec. Impresa,Procedimenti speciali sommari,017,curata,False,XSD_SICI_20260116/XSD_SICI_20260116/Atti/sici/tipi-base.xsd
017004,Provvedimenti cautelari in materia di tutela della concorrenza e del mercato,Procedimenti speciali sommari,017,curata,False,XSD_SICI_20260116/XSD_SICI_20260116/Atti/sici/tipi-base.xsd
017005,Provvedimenti d'urgenza ex art. 700 c.p.c. - Sez. Spec. Impresa,Procedimenti speciali sommari,017,curata,False,XSD_SICI_20260116/XSD_SICI_20260116/Atti/sici/tipi-base.xsd
017006,Inibitoria (art. 131 c.p.i.),Procedimenti speciali sommari,017,curata,False,XSD_SICI_20260116/XSD_SICI_20260116/Atti/sici/tipi-base.xsd
017007,Sequestro (art. 129 c.p.i.),Procedimenti speciali sommari,017,curata,False,XSD_SICI_20260116/XSD_SICI_20260116/Atti/sici/tipi-base.xsd
017008,Descrizione (art. 129 c.p.i.),Procedimenti speciali sommari,017,curata,False,XSD_SICI_20260116/XSD_SICI_20260116/Atti/sici/tipi-base.xsd
017009,Inibitoria (art. 156 l. n. 663/1941 – Legge Autore),Procedimenti speciali sommari,017,curata,False,XSD_SICI_20260116/XSD_SICI_20260116/Atti/sici/tipi-base.xsd
017010,Sequestro (art. 161 l. n. 633/1941 – Legge Autore),Procedimenti speciali sommari,017,curata,False,XSD_SICI_20260116/XSD_SICI_20260116/Atti/sici/tipi-base.xsd
017011,Descrizione (art. 161 L.633/1941 – Legge Autore),Procedimenti speciali sommari,017,curata,False,XSD_SICI_20260116/XSD_SICI_20260116/Atti/sici/tipi-base.xsd
017012,Consulenza tecnica preventiva (art. 128 c.p.i.),Procedimenti speciali sommari,017,curata,False,XSD_SICI_20260116/XSD_SICI_20260116/Atti/sici/tipi-base.xsd
017013,Accertamento tecnico preventivo/prova testimoniale (art. 696 c.p.c.) - Sez. Spec. Imprese,Procedimenti speciali sommari,017,curata,False,XSD_SICI_20260116/XSD_SICI_20260116/Atti/sici/tipi-base.xsd
017014,Consulenza tecnica preventiva a fini conciliativi (art. 696-bis) - Sez. Spec. Impresa,Procedimenti speciali sommari,017,curata,False,XSD_SICI_20260116/XSD_SICI_20260116/Atti/sici/tipi-base.xsd
017999,Altri procedimenti cautelari - Sez. Spec. Impresa,Procedimenti speciali sommari,017,curata,False,XSD_SICI_20260116/XSD_SICI_20260116/Atti/sici/tipi-base.xsd
018001,Istanza sospensione dell'esecuzione ex art. 373 c.p.c.,Tribunale Superiore delle Acque Pubbliche,018,curata,False,XSD_SICI_20260116/XSD_SICI_20260116/Atti/sici/tipi-base.xsd
018002,Altri procedimenti cautelari,Tribunale Superiore delle Acque Pubbliche,018,curata,False,XSD_SICI_20260116/XSD_SICI_20260116/Atti/sici/tipi-base.xsd
019999,Altri procedimenti cautelari,Procedimenti speciali sommari,019,curata,False,XSD_SICI_20260116/XSD_SICI_20260116/Atti/sici/tipi-base.xsd
020001,"Azione di reintegrazione nel possesso (artt. 703 c.p.c., 1168 - 1169 c.c.)",Procedimenti speciali sommari,020,curata,False,XSD_SICI_20260116/XSD_SICI_20260116/Atti/sici/tipi-base.xsd
020011,Azione di manutenzione nel possesso (artt. 703 c.p.c. e 1170 c.c.),Procedimenti speciali sommari,020,curata,False,XSD_SICI_20260116/XSD_SICI_20260116/Atti/sici/tipi-base.xsd
030001,Intimazione di licenza o di sfratto per finita locazione (art. 657 c.p.c.) - uso abitativo,Procedimenti speciali sommari,030,curata,False,XSD_SICI_20260116/XSD_SICI_20260116/Atti/sici/tipi-base.xsd
030002,Intimazione di licenza o di sfratto per finita locazione (art. 657 c.p.c.) - uso diverso,Procedimenti speciali sommari,030,curata,False,XSD_SICI_20260116/XSD_SICI_20260116/Atti/sici/tipi-base.xsd
030011,Intimazione di sfratto per morosita' (art. 658 c.p.c.) - uso abitativo,Procedimenti speciali sommari,030,curata,False,XSD_SICI_20260116/XSD_SICI_20260116/Atti/sici/tipi-base.xsd
030012,Intimazione di licenza o di sfratto per morosita' (art. 658 c.p.c.) - uso diverso,Procedimenti speciali sommari,030,curata,False,XSD_SICI_20260116/XSD_SICI_20260116/Atti/sici/tipi-base.xsd
030021,Intimazione di licenza o di sfratto per cessazione del rapporto di locazione d'opera (art. 659 c.p.c.),Procedimenti speciali sommari,030,curata,False,XSD_SICI_20260116/XSD_SICI_20260116/Atti/sici/tipi-base.xsd
050001,Procedimento di Ingiunzione Ante Causam,Procedimenti speciali sommari,050,curata,False,XSD_SICI_20260116/XSD_SICI_20260116/Atti/sici/tipi-base.xsd
051001,Sequestro conservativo ex art. 671 c.p.c.,Procedimenti speciali sommari,051,curata,False,XSD_SICI_20260116/XSD_SICI_20260116/Atti/sici/tipi-base.xsd
051002,Sequestro giudiziario ex art. 670 c.p.c.,Procedimenti speciali sommari,051,curata,False,XSD_SICI_20260116/XSD_SICI_20260116/Atti/sici/tipi-base.xsd
051003,Sequestro (liberatorio) ex art. 687 c.p.c.,Procedimenti speciali sommari,051,curata,False,XSD_SICI_20260116/XSD_SICI_20260116/Atti/sici/tipi-base.xsd
052001,Prova testimoniale e/o Accertamento tecnico preventivo,Procedimenti speciali sommari,052,curata,False,XSD_SICI_20260116/XSD_SICI_20260116/Atti/sici/tipi-base.xsd
052011,Ispezione preventiva,Procedimenti speciali sommari,052,curata,False,XSD_SICI_20260116/XSD_SICI_20260116/Atti/sici/tipi-base.xsd
053001,"Inibitoria(art.63R.D.n.929/1942,art.83R.D.n.1127/1939,L n.52/1996,d.lgs.30/2005)",Procedimenti speciali sommari,053,curata,False,XSD_SICI_20260116/XSD_SICI_20260116/Atti/sici/tipi-base.xsd
055011,Provvedimenti d'urgenza ex art. 700 c.p.c,Procedimenti speciali sommari,055,curata,False,XSD_SICI_20260116/XSD_SICI_20260116/Atti/sici/tipi-base.xsd
059999,Altri procedimenti cautelari in materia di diritto societario ecc.,Procedimenti speciali sommari,059,curata,False,XSD_SICI_20260116/XSD_SICI_20260116/Atti/sici/tipi-base.xsd
100001,"Opposizione a precetto (art. 615, l' comma c.p.c.)",Contenzioso civile,100,curata,False,XSD_SICI_20260116/XSD_SICI_20260116/Atti/sici/tipi-base.xsd
100011,"Opposizione all'esecuzione (art. 615, 2' comma c.p.c.) mobiliare",Contenzioso civile,100,curata,False,XSD_SICI_20260116/XSD_SICI_20260116/Atti/sici/tipi-base.xsd
100012,"Opposizione all'esecuzione (art. 615, 2' comma c.p.c.) immobiliare",Contenzioso civile,100,curata,False,XSD_SICI_20260116/XSD_SICI_20260116/Atti/sici/tipi-base.xsd
100019,Opposizione all'esecuzione mobiliare e immobiliare riassunta davanti al Giudice di Pace,Contenzioso civile,100,curata,False,XSD_SICI_20260116/XSD_SICI_20260116/Atti/sici/tipi-base.xsd
100021,Opposizione agli atti esecutivi (art. 617 c.p.c.) mobiliare,Contenzioso civile,100,curata,False,XSD_SICI_20260116/XSD_SICI_20260116/Atti/sici/tipi-base.xsd
100022,Opposizione agli atti esecutivi (art. 617 c.p.c.) immobiliare,Contenzioso civile,100,curata,False,XSD_SICI_20260116/XSD_SICI_20260116/Atti/sici/tipi-base.xsd
100031,Opposizione del terzo (art. 619 c.p.c.) mobiliare,Contenzioso civile,100,curata,False,XSD_SICI_20260116/XSD_SICI_20260116/Atti/sici/tipi-base.xsd
100032,Opposizione del terzo (art. 619 c.p.c.) immobiliare,Contenzioso civile,100,curata,False,XSD_SICI_20260116/XSD_SICI_20260116/Atti/sici/tipi-base.xsd
100039,Opposizione del terzo all'esecuzione mobiliare e immobiliare riassunta davanti al Giudice di Pace,Contenzioso civile,100,curata,False,XSD_SICI_20260116/XSD_SICI_20260116/Atti/sici/tipi-base.xsd
100041,Accertamento dell'obbligo del terzo ex art. 548 c.p.c.,Contenzioso civile,100,curata,False,XSD_SICI_20260116/XSD_SICI_20260116/Atti/sici/tipi-base.xsd
100999,PROVA,Contenzioso civile,100,curata,False,XSD_UNEP_20241106/XSD PLO118 FASE2 per SW House/schema/tipi-base.xsd
101001,Querela di falso,Contenzioso civile,101,curata,False,XSD_SICI_20260116/XSD_SICI_20260116/Atti/sici/tipi-base.xsd
101002,Revocazione della sentenza ex artt. 395 e ss. c.p.c.,Contenzioso civile,101,curata,False,XSD_SICI_20260116/XSD_SICI_20260116/Atti/sici/tipi-base.xsd
101003,Opposizione di terzo ex artt. 404 e ss. c.p.c.,Contenzioso civile,101,curata,False,XSD_SICI_20260116/XSD_SICI_20260116/Atti/sici/tipi-base.xsd
101004,Revocazione per contrarietà alla Convenzione europea dei diritti dell'uomo ex art. 391-quater,Contenzioso civile,101,curata,False,XSD_SICI_20260116/XSD_SICI_20260116/Atti/sici/tipi-base.xsd
101005,"Ricorso al Presidente del Tribunale per ricusazione arbitro (art. 815, comma 3 cpc)",Contenzioso civile,101,curata,False,XSD_SICI_20260116/XSD_SICI_20260116/Atti/sici/tipi-base.xsd
101011,Rogatorie civili,Contenzioso civile,101,curata,False,XSD_SICI_20260116/XSD_SICI_20260116/Atti/sici/tipi-base.xsd
101012,Prova Delegata,Contenzioso civile,101,curata,False,XSD_SICI_20260116/XSD_SICI_20260116/Atti/sici/tipi-base.xsd
102001,Azione surrogatoria ex art. 2900 c.c.,Contenzioso civile,102,curata,False,XSD_SICI_20260116/XSD_SICI_20260116/Atti/sici/tipi-base.xsd
102002,Azione revocatoria ordinaria ex art. 2901 c.c.,Contenzioso civile,102,curata,False,XSD_SICI_20260116/XSD_SICI_20260116/Atti/sici/tipi-base.xsd
102011,Privilegio,Contenzioso civile,102,curata,False,XSD_SICI_20260116/XSD_SICI_20260116/Atti/sici/tipi-base.xsd
103001,Questioni di diritto della navigazione (esclusi i contratti di trasporto),Contenzioso civile,103,curata,False,XSD_SICI_20260116/XSD_SICI_20260116/Atti/sici/tipi-base.xsd
104001,Controversie di competenza del Tribunale Regionale delle Acque Pubbliche,Contenzioso civile,104,curata,False,XSD_SICI_20260116/XSD_SICI_20260116/Atti/sici/tipi-base.xsd
105001,Usi civici,Contenzioso civile,105,curata,False,XSD_SICI_20260116/XSD_SICI_20260116/Atti/sici/tipi-base.xsd
106001,Opposizione alla esecutorieta dei lodi arbitrali stranieri (art. 840 c.p.c.),Contenzioso civile,106,curata,False,XSD_SICI_20260116/XSD_SICI_20260116/Atti/sici/tipi-base.xsd
106002,Impugnazione di lodi nazionali (art. 828 c.p.c.),Contenzioso civile,106,curata,False,XSD_SICI_20260116/XSD_SICI_20260116/Atti/sici/tipi-base.xsd
106003,Espropriazione,Contenzioso civile,106,curata,False,XSD_SICI_20260116/XSD_SICI_20260116/Atti/sici/tipi-base.xsd
106004,Azione di nullita e risarcimento in materia di tutela della concorrenza e del mercato (art. 33 L. n. 287/90),Contenzioso civile,106,curata,False,XSD_Cassazione_20260227/parte/base_v7/tipi-base.xsd
106005,Opposizione avverso il decreto di esecutivita sentenze in materia civile e commerciale di cui alle convenzioni di Bruxelles e Lugano (L. 804/71),Contenzioso civile,106,curata,False,XSD_SICI_20260116/XSD_SICI_20260116/Atti/sici/tipi-base.xsd
106007,Reclamo ex art. 818-bis cpc,Contenzioso civile,106,curata,False,XSD_SICI_20260116/XSD_SICI_20260116/Atti/sici/tipi-base.xsd
106502,Accertamento requisiti sentenze straniere in materia diversa da quella matrimoniale (art. 67 L. n. 218/95),Contenzioso civile,106,curata,False,XSD_SICI_20260116/XSD_SICI_20260116/Atti/sici/tipi-base.xsd
108001,Istanza di conciliazione,Contenzioso civile,108,curata,False,XSD_SICI_20260116/XSD_SICI_20260116/Atti/sici/tipi-base.xsd
109999,Altri istituti e leggi speciali,Contenzioso civile,109,curata,False,XSD_SICI_20260116/XSD_SICI_20260116/Atti/sici/tipi-base.xsd
110000,Altre ipotesi di cui al comma 3 art. 3 L.46/2017,Contenzioso civile,110,curata,False,XSD_SICI_20260116/XSD_SICI_20260116/Atti/sici/tipi-base.xsd
110001,Interdizione (COLLEGIO),Contenzioso civile,110,curata,False,XSD_SICI_20260116/XSD_SICI_20260116/Atti/sici/tipi-base.xsd
110002,Inabilitazione (COLLEGIO),Contenzioso civile,110,curata,False,XSD_SICI_20260116/XSD_SICI_20260116/Atti/sici/tipi-base.xsd
110011,"Diritti della personalita (anche della persona giuridica) (es.: identita personale, nome, immagine, onore e reputazione, riservatezza)",Contenzioso civile,110,curata,False,XSD_SICI_20260116/XSD_SICI_20260116/Atti/sici/tipi-base.xsd
110021,Diritti di elettorato attivo e passivo,Contenzioso civile,110,curata,False,XSD_SICI_20260116/XSD_SICI_20260116/Atti/sici/tipi-base.xsd
110022,Diritti della cittadinanza,Contenzioso civile,110,curata,False,XSD_SICI_20260116/XSD_SICI_20260116/Atti/sici/tipi-base.xsd
110023,Riconoscimento dello stato di apolidia,Contenzioso civile,110,curata,False,XSD_SICI_20260116/XSD_SICI_20260116/Atti/sici/tipi-base.xsd
110031,Diritti relativi al trattamento dei dati personali (artt. 13 e 29 L. n. 675/1996),Contenzioso civile,110,curata,False,XSD_SICI_20260116/XSD_SICI_20260116/Atti/sici/tipi-base.xsd
110032,Impugnazione ex art. 35 D.Lvo 25/2008,Contenzioso civile,110,curata,False,XSD_SICI_20260116/XSD_SICI_20260116/Atti/sici/tipi-base.xsd
110033,Riconoscimento diritto di soggiorno cittadini UE (art. 8. Dlgs 30/2007),Contenzioso civile,110,curata,False,XSD_SICI_20260116/XSD_SICI_20260116/Atti/sici/tipi-base.xsd
110034,Impugnazione provvedimento di allontanamento ex art. 20 e 21 D.Lgs 30/2007,Contenzioso civile,110,curata,False,XSD_SICI_20260116/XSD_SICI_20260116/Atti/sici/tipi-base.xsd
110035,Impugnazioni Unita' Dublino UE 604/2013,Contenzioso civile,110,curata,False,XSD_SICI_20260116/XSD_SICI_20260116/Atti/sici/tipi-base.xsd
110036,Convalida del provvedimento di trattenimento o proroga del trattenimento,Contenzioso civile,110,curata,False,XSD_SICI_20260116/XSD_SICI_20260116/Atti/sici/tipi-base.xsd
110037,Ricongiungimento familiare (art.30),Contenzioso civile,110,curata,False,XSD_SICI_20260116/XSD_SICI_20260116/Atti/sici/tipi-base.xsd
110038,Impugnazione avverso diniego/revoca di rilascio/rinnovo permesso di soggiorno,Contenzioso civile,110,curata,False,XSD_SICI_20260116/XSD_SICI_20260116/Atti/sici/tipi-base.xsd
110039,Impugnazione avverso diniego di visto di ingresso per motivi di ricongiungimento familiare da parte dell’autorita' consolare,Contenzioso civile,110,curata,False,XSD_SICI_20260116/XSD_SICI_20260116/Atti/sici/tipi-base.xsd
110040,Impugnazione diniego protezione umanitaria da parte del Questore,Contenzioso civile,110,curata,False,XSD_SICI_20260116/XSD_SICI_20260116/Atti/sici/tipi-base.xsd
110041,Convalida del provvedimento del questore di accompagnamento immediato alla frontiera,Contenzioso civile,110,curata,False,XSD_SICI_20260116/XSD_SICI_20260116/Atti/sici/tipi-base.xsd
110044,Reclamo avverso diniego sospensione provvedimento,Contenzioso civile,110,curata,False,XSD_SICI_20260116/XSD_SICI_20260116/Atti/sici/tipi-base.xsd
110045,Convalida dei provvedimenti di trattenimento per i cittadini comunitari,Contenzioso civile,110,curata,False,XSD_SICI_20260116/XSD_SICI_20260116/Atti/sici/tipi-base.xsd
110999,Altri istituti relativi allo stato della persona ed ai diritti della personalita,Contenzioso civile,110,curata,False,XSD_SICI_20260116/XSD_SICI_20260116/Atti/sici/tipi-base.xsd
111001,Separazione consensuale,Contenzioso civile,111,curata,False,XSD_Cassazione_20260227/parte/base_v7/tipi-base.xsd
111002,Separazione giudiziale,Contenzioso civile,111,curata,False,XSD_SICI_20260116/XSD_SICI_20260116/Atti/sici/tipi-base.xsd
111003,Separazione consensuale e divorzio congiunto (Cessazione effetti civili),Contenzioso civile,111,curata,False,XSD_UNEP_20241106/XSD PLO118 FASE2 per SW House/schema/tipi-base.xsd
111004,Separazione consensuale e divorzio congiunto (Scioglimento matrimonio),Contenzioso civile,111,curata,False,XSD_UNEP_20241106/XSD PLO118 FASE2 per SW House/schema/tipi-base.xsd
111005,Modifica delle condizioni di separazione (contenzioso),Contenzioso civile,111,curata,False,XSD_SICI_20260116/XSD_SICI_20260116/Atti/sici/tipi-base.xsd
111010,Modifica delle condizioni di separazione (ricorso congiunto),Contenzioso civile,111,curata,False,XSD_UNEP_20241106/XSD PLO118 FASE2 per SW House/schema/tipi-base.xsd
111011,Divorzio congiunto,Contenzioso civile,111,curata,False,XSD_Cassazione_20260227/parte/base_v7/tipi-base.xsd
111012,Divorzio contenzioso,Contenzioso civile,111,curata,False,XSD_SICI_20260116/XSD_SICI_20260116/Atti/sici/tipi-base.xsd
111013,Modifica delle condizioni di divorzio (contenzioso),Contenzioso civile,111,curata,False,XSD_SICI_20260116/XSD_SICI_20260116/Atti/sici/tipi-base.xsd
111014,Modifica delle condizioni di divorzio (ricorso congiunto),Contenzioso civile,111,curata,False,XSD_UNEP_20241106/XSD PLO118 FASE2 per SW House/schema/tipi-base.xsd
111021,Divorzio congiunto - Scioglimento matrimonio,Contenzioso civile,111,curata,False,XSD_Cassazione_20260227/parte/base_v7/tipi-base.xsd
111022,Divorzio contenzioso - Scioglimento matrimonio,Contenzioso civile,111,curata,False,XSD_SICI_20260116/XSD_SICI_20260116/Atti/sici/tipi-base.xsd
111023,Separazione giudiziale e divorzio congiunto (Cessazione effetti civili),Contenzioso civile,111,curata,False,XSD_SICI_20260116/XSD_SICI_20260116/Atti/sici/tipi-base.xsd
111024,Separazione giudiziale e divorzio contenzioso (Cessazione effetti civili),Contenzioso civile,111,curata,False,XSD_SICI_20260116/XSD_SICI_20260116/Atti/sici/tipi-base.xsd
111101,Filiazione legittima,Contenzioso civile,111,curata,False,XSD_SICI_20260116/XSD_SICI_20260116/Atti/sici/tipi-base.xsd
111102,Filiazione naturale,Contenzioso civile,111,curata,False,XSD_SICI_20260116/XSD_SICI_20260116/Atti/sici/tipi-base.xsd
111103,Dich. Giudiziale di paternita/maternita naturale di persona maggiorenne - merito (art. 269 c.c.),Contenzioso civile,111,curata,False,XSD_SICI_20260116/XSD_SICI_20260116/Atti/sici/tipi-base.xsd
111104,Attuazione dei provvedimenti sull'affidamento,Contenzioso civile,111,curata,False,XSD_SICI_20260116/XSD_SICI_20260116/Atti/sici/tipi-base.xsd
111105,Dichiarazione giudiziale di paternita' e maternita' naturale - ammissibilita',Contenzioso civile,111,curata,False,XSD_SICI_20260116/XSD_SICI_20260116/Atti/sici/tipi-base.xsd
111106,Regolamentazione dell'esercizio della responsabilita' genitoriale (contenzioso),Contenzioso civile,111,curata,False,XSD_SICI_20260116/XSD_SICI_20260116/Atti/sici/tipi-base.xsd
111107,Regolamentazione dell'esercizio della responsabilita' genitoriale (ricorso congiunto),Contenzioso civile,111,curata,False,XSD_UNEP_20241106/XSD PLO118 FASE2 per SW House/schema/tipi-base.xsd
111108,Modifica condizioni regolamentaz. esercizio responsabilita' genitoriale (contenzioso),Contenzioso civile,111,curata,False,XSD_SICI_20260116/XSD_SICI_20260116/Atti/sici/tipi-base.xsd
111109,Modifica condizioni regolamentaz. esercizio responsabilita' genitoriale (ricorso congiunto),Contenzioso civile,111,curata,False,XSD_UNEP_20241106/XSD PLO118 FASE2 per SW House/schema/tipi-base.xsd
111110,Azione di dichiarazione giudiziale di paternita' o maternita' riguardante minori (art.274 Cod. Civ.) (contenzioso),Contenzioso civile,111,curata,False,XSD_SICI_20260116/XSD_SICI_20260116/Atti/sici/tipi-base.xsd
111111,Impugnazione di riconoscimento di paternita' o maternita' riguardante minori (artt.74 e 264 Cod. Civ.) (contenzioso),Contenzioso civile,111,curata,False,XSD_SICI_20260116/XSD_SICI_20260116/Atti/sici/tipi-base.xsd
111201,Matrimonio (promessa di matrimonio ex artt. 79-81 c.c. - opposizione al matrimonio ex artt. 102 - 104 c.c. - impugnazione del matrimonio ex artt. 117 e ss. c.c.),Contenzioso civile,111,curata,False,XSD_SICI_20260116/XSD_SICI_20260116/Atti/sici/tipi-base.xsd
111211,Regime Patrimoniale: della famiglia ex artt. 159 e ss. c.c.,Contenzioso civile,111,curata,False,XSD_SICI_20260116/XSD_SICI_20260116/Atti/sici/tipi-base.xsd
111212,Regime Patrimoniale della famiglia di fatto,Contenzioso civile,111,curata,False,XSD_SICI_20260116/XSD_SICI_20260116/Atti/sici/tipi-base.xsd
111213,Attribuzione di quota di pensione e di indennita' di fine rapporto lavorativo,Contenzioso civile,111,curata,False,XSD_SICI_20260116/XSD_SICI_20260116/Atti/sici/tipi-base.xsd
111214,Fondo patrimoniale (artt. 167 e ss. c.c.),Contenzioso civile,111,curata,False,XSD_UNEP_20241106/XSD PLO118 FASE2 per SW House/schema/tipi-base.xsd
111215,Sostituzione dell'amministratore del patrimonio familiare,Contenzioso civile,111,curata,False,XSD_UNEP_20241106/XSD PLO118 FASE2 per SW House/schema/tipi-base.xsd
111216,Sequestro dei beni del coniuge separato (art. 156 c.c.),Contenzioso civile,111,curata,False,XSD_SICI_20260116/XSD_SICI_20260116/Atti/sici/tipi-base.xsd
111217,Fondo di solidarieta' a tutela del coniuge in stato di bisogno,Contenzioso civile,111,curata,False,XSD_SICI_20260116/XSD_SICI_20260116/Atti/sici/tipi-base.xsd
111301,Alimenti,Contenzioso civile,111,curata,False,XSD_SICI_20260116/XSD_SICI_20260116/Atti/sici/tipi-base.xsd
111401,Mutamento di sesso,Contenzioso civile,111,curata,False,XSD_SICI_20260116/XSD_SICI_20260116/Atti/sici/tipi-base.xsd
111402,Stato civile (rettifica del nome e altri atti dello Stato civile),Contenzioso civile,111,curata,False,XSD_UNEP_20241106/XSD PLO118 FASE2 per SW House/schema/tipi-base.xsd
111403,Dichiarazione di assenza o di morte presunta (COLLEGIO),Contenzioso civile,111,curata,False,XSD_UNEP_20241106/XSD PLO118 FASE2 per SW House/schema/tipi-base.xsd
111404,Adozione di maggiorenni,Contenzioso civile,111,curata,False,XSD_UNEP_20241106/XSD PLO118 FASE2 per SW House/schema/tipi-base.xsd
111501,Esecutorieta sentenza Sacra Rota nullita di matrimonio (L. 121/85),Contenzioso civile,111,curata,False,XSD_Cassazione_20260227/parte/base_v7/tipi-base.xsd
111502,Accertamento dei requisiti sentenza straniera di divorzio (art. 67 L. 218/95),Contenzioso civile,111,curata,False,XSD_Cassazione_20260227/parte/base_v7/tipi-base.xsd
111503,Istanza per la nomina del curatore speciale del minore,Contenzioso civile,111,curata,False,XSD_SIGP_20241128/schema/base_v2/tipi-base.xsd
111504,"Matrimonio (pubbl.ni matrimoniali ex artt. 93 e ss. cc, nulla osta al matrim.)",Contenzioso civile,111,curata,False,XSD_UNEP_20241106/XSD PLO118 FASE2 per SW House/schema/tipi-base.xsd
111601,Misure di protezione contro gli abusi familiari (art. 473 bis.71 c.p.c.),Contenzioso civile,111,curata,False,XSD_SICI_20260116/XSD_SICI_20260116/Atti/sici/tipi-base.xsd
111602,"Ricorso per violenza domestica o di genere ex artt. 473 bis.40, 473 bis. 41, 73 bis.42",Contenzioso civile,111,curata,False,XSD_SICI_20260116/XSD_SICI_20260116/Atti/sici/tipi-base.xsd
111604,Istanza per la nomina del curatore speciale del minore,Contenzioso civile,111,curata,False,XSD_UNEP_20241106/XSD PLO118 FASE2 per SW House/schema/tipi-base.xsd
111999,"Altri istituti di diritto di famiglia (es.: mantenimento figli naturali e legittimi, etc.)",Contenzioso civile,111,curata,False,XSD_SICI_20260116/XSD_SICI_20260116/Atti/sici/tipi-base.xsd
112001,Deprecato per iscrizione in secondo grado - Interdizione di minori,Contenzioso civile,112,curata,False,XSD_SICI_20260116/XSD_SICI_20260116/Atti/sici/tipi-base.xsd
112002,Deprecato per iscrizione in secondo grado - Inabilitazione di minori,Contenzioso civile,112,curata,False,XSD_SICI_20260116/XSD_SICI_20260116/Atti/sici/tipi-base.xsd
112102,Riconoscimento di figlio naturale (art. 250 c.c.),Contenzioso civile,112,curata,False,XSD_SICI_20260116/XSD_SICI_20260116/Atti/sici/tipi-base.xsd
112103,Dich. Giudiziale di paternita/maternita naturale di minorenne - merito (art. 269 c.p.c.),Contenzioso civile,112,curata,False,XSD_SICI_20260116/XSD_SICI_20260116/Atti/sici/tipi-base.xsd
112104,Regolamentazione rapporti con gli ascendenti (art. 317-bis Cod. Civ.),Contenzioso civile,112,curata,False,XSD_SICI_20260116/XSD_SICI_20260116/Atti/sici/tipi-base.xsd
112105,Controllo della responsabilita' genitoriale sui figli (art. 330 - 333 Cod. Civ.),Contenzioso civile,112,curata,False,XSD_SICI_20260116/XSD_SICI_20260116/Atti/sici/tipi-base.xsd
112106,Convalida del provvedimento ex art. 403 CC,Contenzioso civile,112,curata,False,XSD_SICI_20260116/XSD_SICI_20260116/Atti/sici/tipi-base.xsd
112107,Affidamento minori (post Riforma Cartabia),Contenzioso civile,112,curata,False,XSD_SICI_20260116/XSD_SICI_20260116/Atti/sici/tipi-base.xsd
112108,Istanza ex art. 473 bis.69 Cpc (Ordini di protezione contro gli abusi familiari su soggetto minore),Contenzioso civile,112,curata,False,XSD_SICI_20260116/XSD_SICI_20260116/Atti/sici/tipi-base.xsd
112109,Provvedimenti indifferibili (Art. 473 bis.15 C.p.c.),Contenzioso civile,112,curata,False,XSD_SICI_20260116/XSD_SICI_20260116/Atti/sici/tipi-base.xsd
112110,Attuazione dei provvedimenti sull'affidamento (Art. 473 bis.38 Cpc),Contenzioso civile,112,curata,False,XSD_SICI_20260116/XSD_SICI_20260116/Atti/sici/tipi-base.xsd
112111,Provvedimenti in caso di inadempienze o violazioni (Art. 473 bis.39 C.p.c.),Contenzioso civile,112,curata,False,XSD_SICI_20260116/XSD_SICI_20260116/Atti/sici/tipi-base.xsd
112202,"Disconoscimento di figlio naturale (art. 250, 233, 244 c.c.)",Contenzioso civile,112,curata,False,XSD_SICI_20260116/XSD_SICI_20260116/Atti/sici/tipi-base.xsd
112999,Altri procedimenti in materia minorile,Contenzioso civile,112,curata,False,XSD_SICI_20260116/XSD_SICI_20260116/Atti/sici/tipi-base.xsd
118001,Controversie di competenza del TSAP ex art. 142 rd 1775/1933,Tribunale Superiore delle Acque Pubbliche,118,curata,False,XSD_SICI_20260116/XSD_SICI_20260116/Atti/sici/tipi-base.xsd
118002,Controversie di competenza del TSAP ex art. 143 rd 1775/1933,Tribunale Superiore delle Acque Pubbliche,118,curata,False,XSD_SICI_20260116/XSD_SICI_20260116/Atti/sici/tipi-base.xsd
118003,Revocazione ex art. 199 rd 1775/1933,Tribunale Superiore delle Acque Pubbliche,118,curata,False,XSD_SICI_20260116/XSD_SICI_20260116/Atti/sici/tipi-base.xsd
118004,Rettificazione sentenza ex art. 204 rd 1775/1933,Tribunale Superiore delle Acque Pubbliche,118,curata,False,XSD_SICI_20260116/XSD_SICI_20260116/Atti/sici/tipi-base.xsd
118099,Altre controversie di competenza del TSAP,Tribunale Superiore delle Acque Pubbliche,118,curata,False,XSD_SICI_20260116/XSD_SICI_20260116/Atti/sici/tipi-base.xsd
120001,Cause di impugnazione dei testamenti e di riduzione per lesione di legittima,Contenzioso civile,120,curata,False,XSD_SICI_20260116/XSD_SICI_20260116/Atti/sici/tipi-base.xsd
120011,Divisione di beni caduti in successione,Contenzioso civile,120,curata,False,XSD_SICI_20260116/XSD_SICI_20260116/Atti/sici/tipi-base.xsd
129999,Altri istituti relativi alle successioni,Contenzioso civile,129,curata,False,XSD_SICI_20260116/XSD_SICI_20260116/Atti/sici/tipi-base.xsd
130001,Proprieta,Contenzioso civile,130,curata,False,XSD_SICI_20260116/XSD_SICI_20260116/Atti/sici/tipi-base.xsd
130011,Superficie,Contenzioso civile,130,curata,False,XSD_SICI_20260116/XSD_SICI_20260116/Atti/sici/tipi-base.xsd
130021,Enfiteusi,Contenzioso civile,130,curata,False,XSD_SICI_20260116/XSD_SICI_20260116/Atti/sici/tipi-base.xsd
130031,Usufrutto,Contenzioso civile,130,curata,False,XSD_SICI_20260116/XSD_SICI_20260116/Atti/sici/tipi-base.xsd
130032,Abitazione - Uso,Contenzioso civile,130,curata,False,XSD_SICI_20260116/XSD_SICI_20260116/Atti/sici/tipi-base.xsd
130041,Servitu,Contenzioso civile,130,curata,False,XSD_SICI_20260116/XSD_SICI_20260116/Atti/sici/tipi-base.xsd
130051,"Comunione e Condominio, impugnazione di delibera assembleare - spese condominiali",Contenzioso civile,130,curata,False,XSD_SICI_20260116/XSD_SICI_20260116/Atti/sici/tipi-base.xsd
130052,tabelle millesimali,Contenzioso civile,130,curata,False,XSD_SICI_20260116/XSD_SICI_20260116/Atti/sici/tipi-base.xsd
130099,altri rapporti condominiali,Contenzioso civile,130,curata,False,XSD_SICI_20260116/XSD_SICI_20260116/Atti/sici/tipi-base.xsd
130111,Apposizione di termini,Contenzioso civile,130,curata,False,XSD_SICI_20260116/XSD_SICI_20260116/Atti/sici/tipi-base.xsd
130121,Controversia in materia di immissioni,Contenzioso civile,130,curata,False,XSD_SICI_20260116/XSD_SICI_20260116/Atti/sici/tipi-base.xsd
130131,Osservanza distanze riguardo alberi/siepi,Contenzioso civile,130,curata,False,XSD_SICI_20260116/XSD_SICI_20260116/Atti/sici/tipi-base.xsd
131001,Diritti ed obblighi del possessore non riconducibili alle azioni di reintegrazione e manutenzione),Contenzioso civile,131,curata,False,XSD_UNEP_20241106/XSD PLO118 FASE2 per SW House/schema/tipi-base.xsd
131002,Usucapione,Contenzioso civile,131,curata,False,XSD_SICI_20260116/XSD_SICI_20260116/Atti/sici/tipi-base.xsd
131003,Usucapione - 1159 bis,Contenzioso civile,131,curata,False,XSD_SICI_20260116/XSD_SICI_20260116/Atti/sici/tipi-base.xsd
131011,Divisione di beni non caduti in successione,Contenzioso civile,131,curata,False,XSD_SICI_20260116/XSD_SICI_20260116/Atti/sici/tipi-base.xsd
131101,Diritti ed obblighi del possessore non riconducibili alle azioni di reintegrazione e manutenzione),Contenzioso civile,131,curata,False,XSD_SICI_20260116/XSD_SICI_20260116/Atti/sici/tipi-base.xsd
132001,Pegno - Ipoteca - Trascrizione e pubblicita di beni immobili e mobili,Contenzioso civile,132,curata,False,XSD_SICI_20260116/XSD_SICI_20260116/Atti/sici/tipi-base.xsd
139999,Altri istituti in materia di diritti reali possesso e trascrizioni,Contenzioso civile,139,curata,False,XSD_SICI_20260116/XSD_SICI_20260116/Atti/sici/tipi-base.xsd
140001,Cessione dei crediti,Contenzioso civile,140,curata,False,XSD_SICI_20260116/XSD_SICI_20260116/Atti/sici/tipi-base.xsd
140002,Arbitraggio - Perizia contrattuale,Contenzioso civile,140,curata,False,XSD_SICI_20260116/XSD_SICI_20260116/Atti/sici/tipi-base.xsd
140011,Vendita di cose immobili,Contenzioso civile,140,curata,False,XSD_SICI_20260116/XSD_SICI_20260116/Atti/sici/tipi-base.xsd
140012,Vendita di cose mobili,Contenzioso civile,140,curata,False,XSD_SICI_20260116/XSD_SICI_20260116/Atti/sici/tipi-base.xsd
140021,Appalto di opere pubbliche,Contenzioso civile,140,curata,False,XSD_SICI_20260116/XSD_SICI_20260116/Atti/sici/tipi-base.xsd
140022,Appalto: altre ipotesi ex art. 1655 e ss. c.c. (ivi compresa l'azione ex art. 1669 c.c.),Contenzioso civile,140,curata,False,XSD_SICI_20260116/XSD_SICI_20260116/Atti/sici/tipi-base.xsd
140031,Somministrazione,Contenzioso civile,140,curata,False,XSD_SICI_20260116/XSD_SICI_20260116/Atti/sici/tipi-base.xsd
140032,Locazione di beni mobili,Contenzioso civile,140,curata,False,XSD_SICI_20260116/XSD_SICI_20260116/Atti/sici/tipi-base.xsd
140033,"Spedizione - Trasporto (nazionale, internazionale, terrestre, aereo, marittimo, misto)",Contenzioso civile,140,curata,False,XSD_SICI_20260116/XSD_SICI_20260116/Atti/sici/tipi-base.xsd
140034,Mandato,Contenzioso civile,140,curata,False,XSD_SICI_20260116/XSD_SICI_20260116/Atti/sici/tipi-base.xsd
140035,Agenzia,Contenzioso civile,140,curata,False,XSD_SICI_20260116/XSD_SICI_20260116/Atti/sici/tipi-base.xsd
140036,Mediazione,Contenzioso civile,140,curata,False,XSD_SICI_20260116/XSD_SICI_20260116/Atti/sici/tipi-base.xsd
140037,Deposito,Contenzioso civile,140,curata,False,XSD_SICI_20260116/XSD_SICI_20260116/Atti/sici/tipi-base.xsd
140038,Mutuo,Contenzioso civile,140,curata,False,XSD_SICI_20260116/XSD_SICI_20260116/Atti/sici/tipi-base.xsd
140039,Transazione,Contenzioso civile,140,curata,False,XSD_SICI_20260116/XSD_SICI_20260116/Atti/sici/tipi-base.xsd
140041,"Bancari (deposito bancario, cassetta di sicurezza, apertura di credito bancario, anticipazione bancaria, conto corrente bancario, sconto bancario)",Contenzioso civile,140,curata,False,XSD_SICI_20260116/XSD_SICI_20260116/Atti/sici/tipi-base.xsd
140051,Assicurazione contro i danni,Contenzioso civile,140,curata,False,XSD_SICI_20260116/XSD_SICI_20260116/Atti/sici/tipi-base.xsd
140052,Assicurazione sulla vita,Contenzioso civile,140,curata,False,XSD_SICI_20260116/XSD_SICI_20260116/Atti/sici/tipi-base.xsd
140061,Fideiussione - Polizza fideiussoria,Contenzioso civile,140,curata,False,XSD_SICI_20260116/XSD_SICI_20260116/Atti/sici/tipi-base.xsd
140101,Promessa di pagamento - Ricognizione di debito,Contenzioso civile,140,curata,False,XSD_SICI_20260116/XSD_SICI_20260116/Atti/sici/tipi-base.xsd
140102,Titoli di credito,Contenzioso civile,140,curata,False,XSD_SICI_20260116/XSD_SICI_20260116/Atti/sici/tipi-base.xsd
140111,Indebito soggettivo - Indebito oggettivo,Contenzioso civile,140,curata,False,XSD_SICI_20260116/XSD_SICI_20260116/Atti/sici/tipi-base.xsd
140112,Arricchimento senza causa,Contenzioso civile,140,curata,False,XSD_SICI_20260116/XSD_SICI_20260116/Atti/sici/tipi-base.xsd
140999,Altri contratti tipici ed obbligazioni non rientranti nelle altre materie,Contenzioso civile,140,curata,False,XSD_SIGP_20241128/schema/base_v2/tipi-base.xsd
141001,Donazione,Contenzioso civile,141,curata,False,XSD_SICI_20260116/XSD_SICI_20260116/Atti/sici/tipi-base.xsd
142001,Prestazione d'opera intellettuale,Contenzioso civile,142,curata,False,XSD_SICI_20260116/XSD_SICI_20260116/Atti/sici/tipi-base.xsd
142002,Responsabilita professionale,Contenzioso civile,142,curata,False,XSD_SICI_20260116/XSD_SICI_20260116/Atti/sici/tipi-base.xsd
142999,Altri contratti d'opera,Contenzioso civile,142,curata,False,XSD_SICI_20260116/XSD_SICI_20260116/Atti/sici/tipi-base.xsd
143101,Cessione di azienda,Contenzioso civile,143,curata,False,XSD_SICI_20260116/XSD_SICI_20260116/Atti/sici/tipi-base.xsd
143102,Concessione di vendita,Contenzioso civile,143,curata,False,XSD_SICI_20260116/XSD_SICI_20260116/Atti/sici/tipi-base.xsd
143103,Distribuzione,Contenzioso civile,143,curata,False,XSD_SICI_20260116/XSD_SICI_20260116/Atti/sici/tipi-base.xsd
143104,Licenza d'uso,Contenzioso civile,143,curata,False,XSD_SICI_20260116/XSD_SICI_20260116/Atti/sici/tipi-base.xsd
143105,Noleggio,Contenzioso civile,143,curata,False,XSD_SICI_20260116/XSD_SICI_20260116/Atti/sici/tipi-base.xsd
143106,Subfomitura,Contenzioso civile,143,curata,False,XSD_SICI_20260116/XSD_SICI_20260116/Atti/sici/tipi-base.xsd
143111,Factoring,Contenzioso civile,143,curata,False,XSD_SICI_20260116/XSD_SICI_20260116/Atti/sici/tipi-base.xsd
143112,Franchising,Contenzioso civile,143,curata,False,XSD_SICI_20260116/XSD_SICI_20260116/Atti/sici/tipi-base.xsd
143121,Leasing,Contenzioso civile,143,curata,False,XSD_SICI_20260116/XSD_SICI_20260116/Atti/sici/tipi-base.xsd
143131,Intermediazione finanziaria (S.I.M.) - Contratti di Borsa,Contenzioso civile,143,curata,False,XSD_SICI_20260116/XSD_SICI_20260116/Atti/sici/tipi-base.xsd
143999,Altri contratti atipici,Contenzioso civile,143,curata,False,XSD_SICI_20260116/XSD_SICI_20260116/Atti/sici/tipi-base.xsd
144001,"Cessazione del contratto di locazione alla scadenza, uso abitativo",Contenzioso civile,144,curata,False,XSD_SICI_20260116/XSD_SICI_20260116/Atti/sici/tipi-base.xsd
144002,"Cessazione del contratto di locazione alla scadenza, uso diverso",Contenzioso civile,144,curata,False,XSD_SICI_20260116/XSD_SICI_20260116/Atti/sici/tipi-base.xsd
144011,Recesso dal contratto del Conduttore uso abitativo,Contenzioso civile,144,curata,False,XSD_SICI_20260116/XSD_SICI_20260116/Atti/sici/tipi-base.xsd
144012,Recesso dal contratto del Conduttore uso diverso,Contenzioso civile,144,curata,False,XSD_SICI_20260116/XSD_SICI_20260116/Atti/sici/tipi-base.xsd
144021,Risoluzione del contratto di locazione per inadempimento uso abitativo,Contenzioso civile,144,curata,False,XSD_SICI_20260116/XSD_SICI_20260116/Atti/sici/tipi-base.xsd
144022,Risoluzione del contratto di locazione per inadempimento uso diverso,Contenzioso civile,144,curata,False,XSD_SICI_20260116/XSD_SICI_20260116/Atti/sici/tipi-base.xsd
144031,"Cause relative alla validita o efficacia del contratto o di singole clausole (azione di simulazione, nullita, annullamento, etc.)",Contenzioso civile,144,curata,False,XSD_SICI_20260116/XSD_SICI_20260116/Atti/sici/tipi-base.xsd
144032,Pagamento del corrispettivo - Indennita di avviamento - Ripetizione di indebito - Risarcimento del danno,Contenzioso civile,144,curata,False,XSD_SICI_20260116/XSD_SICI_20260116/Atti/sici/tipi-base.xsd
144033,"Diritto di prelazione - diritto di riscatto del conduttore (ex L. n. 392/1978, ex L. n.431/1998 e altre leggi speciali)",Contenzioso civile,144,curata,False,XSD_SICI_20260116/XSD_SICI_20260116/Atti/sici/tipi-base.xsd
144101,Affitto di azienda,Contenzioso civile,144,curata,False,XSD_SICI_20260116/XSD_SICI_20260116/Atti/sici/tipi-base.xsd
144201,"Opposizione al decreto di graduazione dello sfratto ex art. 6, L. n. 431/1998",Contenzioso civile,144,curata,False,XSD_SICI_20260116/XSD_SICI_20260116/Atti/sici/tipi-base.xsd
144301,Comodato di immobile urbano,Contenzioso civile,144,curata,False,XSD_SICI_20260116/XSD_SICI_20260116/Atti/sici/tipi-base.xsd
144401,Occupazione senza titolo di immobile,Contenzioso civile,144,curata,False,XSD_SICI_20260116/XSD_SICI_20260116/Atti/sici/tipi-base.xsd
144999,Altri istituti del diritto delle locazioni,Contenzioso civile,144,curata,False,XSD_SICI_20260116/XSD_SICI_20260116/Atti/sici/tipi-base.xsd
145001,solo danni a cose,Contenzioso civile,145,curata,False,XSD_SICI_20260116/XSD_SICI_20260116/Atti/sici/tipi-base.xsd
145002,lesione personale,Contenzioso civile,145,curata,False,XSD_SICI_20260116/XSD_SICI_20260116/Atti/sici/tipi-base.xsd
145003,Morte,Contenzioso civile,145,curata,False,XSD_SICI_20260116/XSD_SICI_20260116/Atti/sici/tipi-base.xsd
145009,Azioni di competenza del Giudice di Pace in materia di risarcimento danno,Contenzioso civile,145,curata,False,XSD_SICI_20260116/XSD_SICI_20260116/Atti/sici/tipi-base.xsd
145011,"Responsabilita dei genitori, dei tutori e dei maestri (art. 2048 c.c.)",Contenzioso civile,145,curata,False,XSD_SICI_20260116/XSD_SICI_20260116/Atti/sici/tipi-base.xsd
145012,Responsabilita per l'esercizio di attivita pericolose (art. 2050 c.c.),Contenzioso civile,145,curata,False,XSD_SICI_20260116/XSD_SICI_20260116/Atti/sici/tipi-base.xsd
145013,Responsabilita ex artt. 2049 - 2051 - 2052 c.c.,Contenzioso civile,145,curata,False,XSD_SICI_20260116/XSD_SICI_20260116/Atti/sici/tipi-base.xsd
145014,Rovina di edificio (art. 2053c.c.),Contenzioso civile,145,curata,False,XSD_SICI_20260116/XSD_SICI_20260116/Atti/sici/tipi-base.xsd
145021,Responsabilita del produttore,Contenzioso civile,145,curata,False,XSD_SICI_20260116/XSD_SICI_20260116/Atti/sici/tipi-base.xsd
145111,Responsabilita civile dei magistrati (cause di cui alla legge n. 117/1988),Contenzioso civile,145,curata,False,XSD_SICI_20260116/XSD_SICI_20260116/Atti/sici/tipi-base.xsd
145999,Altre ipotesi di responsabilita Extracontrattuale non ricomprese nelle altre materie (art. 2043 c.c. e norme speciali),Contenzioso civile,145,curata,False,XSD_SICI_20260116/XSD_SICI_20260116/Atti/sici/tipi-base.xsd
146041,"Contratti bancari (deposito bancario, cassetta di sicurezza, apertura di credito bancario, anticipazione bancaria, conto corrente bancario, sconto bancario) cui non si applica il d.l.vo n. 5/2003",Contenzioso civile,146,curata,False,XSD_SICI_20260116/XSD_SICI_20260116/Atti/sici/tipi-base.xsd
146231,"Intermed. mobiliare (servizi e contratti di invest.,servizi accessori,fondi di invest., gestione collettiva del risparmio,gestione accentrata di strumenti finan.,vendita di prodotti finanz.,cartolarizzazione di crediti,contratti di borsa)",Contenzioso civile,146,curata,False,XSD_SICI_20260116/XSD_SICI_20260116/Atti/sici/tipi-base.xsd
146232,Credito per le opere pubbliche (lett. f art. 1 d.l.vo n. 5/2003),Contenzioso civile,146,curata,False,XSD_SICI_20260116/XSD_SICI_20260116/Atti/sici/tipi-base.xsd
146239,Altri contratti bancari e controversie in genere di cui alla lettera e) art. 1 d.l.vo n. 5/2003,Contenzioso civile,146,curata,False,XSD_SICI_20260116/XSD_SICI_20260116/Atti/sici/tipi-base.xsd
146331,"Pagamento di somma di danaro o consegna di cosa mobile in materia di controversie promosse da una banca nei confronti di altra banca e di cui alle lettere e), f) art. 1 d.l.vo n. 5/2003",Contenzioso civile,146,curata,False,XSD_SICI_20260116/XSD_SICI_20260116/Atti/sici/tipi-base.xsd
150001,Associazione - Comitato,Contenzioso civile,150,curata,False,XSD_SICI_20260116/XSD_SICI_20260116/Atti/sici/tipi-base.xsd
150002,Associazione in partecipazione,Contenzioso civile,150,curata,False,XSD_SICI_20260116/XSD_SICI_20260116/Atti/sici/tipi-base.xsd
150003,Consorzio,Contenzioso civile,150,curata,False,XSD_SICI_20260116/XSD_SICI_20260116/Atti/sici/tipi-base.xsd
150004,Fondazione,Contenzioso civile,150,curata,False,XSD_SICI_20260116/XSD_SICI_20260116/Atti/sici/tipi-base.xsd
150999,Altri istituti relativi alle persone giuridiche,Contenzioso civile,150,curata,False,XSD_SICI_20260116/XSD_SICI_20260116/Atti/sici/tipi-base.xsd
151110,"Cause di responsabilita contro gli organi amministrativi e di controllo, i direttori generali e i liquidatori delle societa, delle mutue assicuratrici e societa cooperative, e dei consorzi (COLLEGIO) e contro le societa di revisione",Catalogo PST ufficiale,151,curata,False,XSD_Cassazione_20260227/parte/base_v7/tipi-base.xsd
151111,"Cause di responsabilita proposte dalla L.CA. in societa fiduciarie e di revisione ex art. 2, L. n. 430/1986 (COLLEGIO E RITO DEL LAVORO)",Catalogo PST ufficiale,151,curata,False,XSD_Cassazione_20260227/parte/base_v7/tipi-base.xsd
151112,"Impugnazione delle deliberazioni dell'assemblea e del consiglio di amministrazione delle societa, delle mutue assicuratrici e societa cooperative, e dei consorzi (COLLEGIO)",Catalogo PST ufficiale,151,curata,False,XSD_Cassazione_20260227/parte/base_v7/tipi-base.xsd
151120,"Rapporti sociali e cessione di partecipazione nelle societa di fatto, di persone, di capitali, di cooperative e mutue assicuratrici",Catalogo PST ufficiale,151,curata,False,XSD_Cassazione_20260227/parte/base_v7/tipi-base.xsd
151121,Cause in materia di trasferimento di partecipazioni sociali etc.,Catalogo PST ufficiale,151,curata,False,XSD_UNEP_20241106/XSD PLO118 FASE2 per SW House/schema/tipi-base.xsd
151122,Cause in materia di patti parasociali,Catalogo PST ufficiale,151,curata,False,XSD_UNEP_20241106/XSD PLO118 FASE2 per SW House/schema/tipi-base.xsd
151123,Cause in materia di offerte pubbliche etc.,Catalogo PST ufficiale,151,curata,False,XSD_UNEP_20241106/XSD PLO118 FASE2 per SW House/schema/tipi-base.xsd
151130,Opposizione dei creditori alla fusione delle societa (art. 2503 c.c.),Catalogo PST ufficiale,151,curata,False,XSD_Cassazione_20260227/parte/base_v7/tipi-base.xsd
151999,Altri istituti di diritto societario,Catalogo PST ufficiale,151,curata,False,XSD_Cassazione_20260227/parte/base_v7/tipi-base.xsd
152001,Cause di respons. vs gli amministratori delle societa' di persone,Contenzioso civile,152,curata,False,XSD_SICI_20260116/XSD_SICI_20260116/Atti/sici/tipi-base.xsd
152003,Impugnazione delle delibere di assemblea – societa' di persone,Contenzioso civile,152,curata,False,XSD_SICI_20260116/XSD_SICI_20260116/Atti/sici/tipi-base.xsd
152004,Cause in materia di rapporti societari – societa' di persone,Contenzioso civile,152,curata,False,XSD_SICI_20260116/XSD_SICI_20260116/Atti/sici/tipi-base.xsd
152005,Cause in materia di trasferimento di partecipazioni sociali etc. – societa' di persone,Contenzioso civile,152,curata,False,XSD_SICI_20260116/XSD_SICI_20260116/Atti/sici/tipi-base.xsd
152006,Cause in materia di patti parasociali – societa' di persone,Contenzioso civile,152,curata,False,XSD_SICI_20260116/XSD_SICI_20260116/Atti/sici/tipi-base.xsd
152110,"Cause di responsabilita contro gli organi amministrativi e di controllo, i direttori generali e i liquidatori delle associazioni in partecipazione e dei consorzi (COLLEGIO)",Contenzioso civile,152,curata,False,XSD_SICI_20260116/XSD_SICI_20260116/Atti/sici/tipi-base.xsd
152112,Impugnazione delle deliberazioni dell'assemblea e del consiglio di amministrazione delle associazioni in partecipazione e dei consorzi (COLLEGIO),Contenzioso civile,152,curata,False,XSD_SICI_20260116/XSD_SICI_20260116/Atti/sici/tipi-base.xsd
152999,Altre controversie in materia di societa' di persone,Contenzioso civile,152,curata,False,XSD_SICI_20260116/XSD_SICI_20260116/Atti/sici/tipi-base.xsd
153110,"Cause di responsabilita contro gli organi aministrativi e di controllo, i liquidatori e i direttori generali di societa, delle mutue assicuratrici e delle societa cooperative e i revisori",Contenzioso civile,153,curata,False,XSD_SICI_20260116/XSD_SICI_20260116/Atti/sici/tipi-base.xsd
153112,"Impugnazione delle deliberazioni dell'assemblea e del c.d.a. delle societa, delle mutue assicuratrici e delle societa cooperative",Contenzioso civile,153,curata,False,XSD_SICI_20260116/XSD_SICI_20260116/Atti/sici/tipi-base.xsd
153120,"Cause in materia di rapporti societari, ivi compresi quelli concernenti le societa di fatto nonche l'accertamento, la costituzione, la modificazione o l'estinzione del rapporto societario",Contenzioso civile,153,curata,False,XSD_SICI_20260116/XSD_SICI_20260116/Atti/sici/tipi-base.xsd
153121,Cause in materia di trasferimento di partecipazioni sociali e di negozi o diritti inerenti,Contenzioso civile,153,curata,False,XSD_SICI_20260116/XSD_SICI_20260116/Atti/sici/tipi-base.xsd
153122,Cause in materia di patti parasociali,Contenzioso civile,153,curata,False,XSD_SICI_20260116/XSD_SICI_20260116/Atti/sici/tipi-base.xsd
153123,"Cause in materia di offerte pubbliche di acquisto, di scambio e di vendita (O.P.A., O.P.S., O.P.V.)",Contenzioso civile,153,curata,False,XSD_SICI_20260116/XSD_SICI_20260116/Atti/sici/tipi-base.xsd
153999,Altri istituti di diritto societario soggetti al d.l.vo n. 5/2003,Contenzioso civile,153,curata,False,XSD_SICI_20260116/XSD_SICI_20260116/Atti/sici/tipi-base.xsd
154112,"Pagamento di somma di danaro o di consegna di cosa mobile in cause di impugnazione delle deliberazioni dell'assemblea e del c.d.a. delle societa, delle mutue assicuratrici e delle societa cooperative",Contenzioso civile,154,curata,False,XSD_SICI_20260116/XSD_SICI_20260116/Atti/sici/tipi-base.xsd
154120,"Pagamento di somma di danaro o di consegna di cosa mobile in materia di rapporti societari, ivi compresi quelli concernenti le societa di fatto",Contenzioso civile,154,curata,False,XSD_SICI_20260116/XSD_SICI_20260116/Atti/sici/tipi-base.xsd
154121,Pagamento di somma di danaro o di consegna di cosa mobile in cause in materia di trasferimento di partecipazioni sociali e di negozi o diritti inerenti,Contenzioso civile,154,curata,False,XSD_SICI_20260116/XSD_SICI_20260116/Atti/sici/tipi-base.xsd
154122,Pagamento di somma di danaro o di consegna di cosa mobile in cause in materia di patti parasociali,Contenzioso civile,154,curata,False,XSD_SICI_20260116/XSD_SICI_20260116/Atti/sici/tipi-base.xsd
154123,"Pagamento di somma di danaro o di consegna di cosa mobile in cause in materia di offerte pubbliche di acquisto, di scambio e di vendita (O.P.A., O.P.S., O.P.V.)",Contenzioso civile,154,curata,False,XSD_SICI_20260116/XSD_SICI_20260116/Atti/sici/tipi-base.xsd
154999,Pagamento di somma di danaro o di consegna di cosa mobile in cause residuali in materia di dirtto societario soggette al d.l.vo n. 5/2003,Contenzioso civile,154,curata,False,XSD_SICI_20260116/XSD_SICI_20260116/Atti/sici/tipi-base.xsd
170001,Brevetto (invenzione e modello) - Marchio: Nullita - Decadenza,Contenzioso civile,170,curata,False,XSD_SICI_20260116/XSD_SICI_20260116/Atti/sici/tipi-base.xsd
170002,Brevetto di invenzione,Contenzioso civile,170,curata,False,XSD_UNEP_20241106/XSD PLO118 FASE2 per SW House/schema/tipi-base.xsd
170003,Brevetto di modello di utilita',Contenzioso civile,170,curata,False,XSD_UNEP_20241106/XSD PLO118 FASE2 per SW House/schema/tipi-base.xsd
170004,Marchio,Contenzioso civile,170,curata,False,XSD_UNEP_20241106/XSD PLO118 FASE2 per SW House/schema/tipi-base.xsd
170009,Brevetto (invenzione e modello)-Marchio: Altre ipotesi,Contenzioso civile,170,curata,False,XSD_SICI_20260116/XSD_SICI_20260116/Atti/sici/tipi-base.xsd
170011,Concorrenza sleale,Contenzioso civile,170,curata,False,XSD_SICI_20260116/XSD_SICI_20260116/Atti/sici/tipi-base.xsd
170013,Concorrenza sleale interferente,Contenzioso civile,170,curata,False,XSD_UNEP_20241106/XSD PLO118 FASE2 per SW House/schema/tipi-base.xsd
170014,Marchi di fatto,Contenzioso civile,170,curata,False,XSD_UNEP_20241106/XSD PLO118 FASE2 per SW House/schema/tipi-base.xsd
170015,Nome a dominio,Contenzioso civile,170,curata,False,XSD_UNEP_20241106/XSD PLO118 FASE2 per SW House/schema/tipi-base.xsd
170021,Diritto di autore,Contenzioso civile,170,curata,False,XSD_Cassazione_20260227/parte/base_v7/tipi-base.xsd
170031,Ditta - Insegna - Denominazione sociale - Ragione sociale,Contenzioso civile,170,curata,False,XSD_Cassazione_20260227/parte/base_v7/tipi-base.xsd
170041,Antitrust afferente diritti di proprieta' industriale,Contenzioso civile,170,curata,False,XSD_UNEP_20241106/XSD PLO118 FASE2 per SW House/schema/tipi-base.xsd
170042,Antitrust,Contenzioso civile,170,curata,False,XSD_UNEP_20241106/XSD PLO118 FASE2 per SW House/schema/tipi-base.xsd
170999,Altri istituti di diritto industriale,Contenzioso civile,170,curata,False,XSD_Cassazione_20260227/parte/base_v7/tipi-base.xsd
171001,Opposizione alla sentenza dichiarativa di fallimento (art. 18),Contenzioso civile,171,curata,False,XSD_SICI_20260116/XSD_SICI_20260116/Atti/sici/tipi-base.xsd
171002,Opposizione all'accertamento dello stato di insolvenza,Contenzioso civile,171,curata,False,XSD_SICI_20260116/XSD_SICI_20260116/Atti/sici/tipi-base.xsd
171101,azione di inefficacia ex art. 44,Contenzioso civile,171,curata,False,XSD_SICI_20260116/XSD_SICI_20260116/Atti/sici/tipi-base.xsd
171102,azione di inefficacia ex art. 64,Contenzioso civile,171,curata,False,XSD_SICI_20260116/XSD_SICI_20260116/Atti/sici/tipi-base.xsd
171103,azione ex artt. 72 e ss.,Contenzioso civile,171,curata,False,XSD_SICI_20260116/XSD_SICI_20260116/Atti/sici/tipi-base.xsd
171104,azione di inefficacia ex art. 167,Contenzioso civile,171,curata,False,XSD_SICI_20260116/XSD_SICI_20260116/Atti/sici/tipi-base.xsd
171105,Azione revocatoria fallimentare (artt. 67 e ss.),Contenzioso civile,171,curata,False,XSD_SICI_20260116/XSD_SICI_20260116/Atti/sici/tipi-base.xsd
171201,Opposizione allo stato passivo (art. 98),Contenzioso civile,171,curata,False,XSD_SICI_20260116/XSD_SICI_20260116/Atti/sici/tipi-base.xsd
171202,Impugnazione dei crediti ammessi (art. 100),Contenzioso civile,171,curata,False,XSD_SICI_20260116/XSD_SICI_20260116/Atti/sici/tipi-base.xsd
171203,Insinuazione tardiva di credito (art. 101 R.D.),Contenzioso civile,171,curata,False,XSD_SICI_20260116/XSD_SICI_20260116/Atti/sici/tipi-base.xsd
171204,Istanza di revocazione contro crediti ammessi (art. 102),Contenzioso civile,171,curata,False,XSD_SICI_20260116/XSD_SICI_20260116/Atti/sici/tipi-base.xsd
171205,"Domande di rivendicazione,, restituzione e separazione di cose mobili (art. 103)",Contenzioso civile,171,curata,False,XSD_SICI_20260116/XSD_SICI_20260116/Atti/sici/tipi-base.xsd
171301,Contestazione avverso il rendiconto del curatore (art. 116),Contenzioso civile,171,curata,False,XSD_SICI_20260116/XSD_SICI_20260116/Atti/sici/tipi-base.xsd
171311,Cause di omologazione di concordato fallimentare (artt. 124 e ss.),Contenzioso civile,171,curata,False,XSD_SICI_20260116/XSD_SICI_20260116/Atti/sici/tipi-base.xsd
171321,Cause di omologazione di concordato preventivo (art. 160 e ss.),Contenzioso civile,171,curata,False,XSD_SICI_20260116/XSD_SICI_20260116/Atti/sici/tipi-base.xsd
171401,Istanza e ricorso per la dichiarazione di fallimento e relativo reclamo (art. 6-22 del R.D. n. 267/1942),Contenzioso civile,171,curata,False,XSD_SICI_20260116/XSD_SICI_20260116/Atti/sici/tipi-base.xsd
171402,Istanza per estensione di fallimento (art. 147 del R.D. n. 267/1942,Contenzioso civile,171,curata,False,XSD_SICI_20260116/XSD_SICI_20260116/Atti/sici/tipi-base.xsd
171403,Accertamento dello stato di insolvenza nella Liquidazione coatta amministrativa o nella Amministrazione straordinaria e relativo reclamo,Contenzioso civile,171,curata,False,XSD_SICI_20260116/XSD_SICI_20260116/Atti/sici/tipi-base.xsd
171404,Esdebitazione del Debitore Incapiente (CCI),Contenzioso civile,171,curata,False,XSD_SICI_20260116/XSD_SICI_20260116/Atti/sici/tipi-base.xsd
171405,Reclamo avverso il rigetto della dichiarazione dello stato di insolvenza (LCA),Contenzioso civile,171,curata,False,XSD_SICI_20260116/XSD_SICI_20260116/Atti/sici/tipi-base.xsd
171406,Opposizione all'omologazione del piano di ristrutturazione,Contenzioso civile,171,curata,False,XSD_SICI_20260116/XSD_SICI_20260116/Atti/sici/tipi-base.xsd
171999,Altri istituti di diritto fallimentare,Contenzioso civile,171,curata,False,XSD_SICI_20260116/XSD_SICI_20260116/Atti/sici/tipi-base.xsd
172001,Brevetto (invenzione e modello) - Marchio,Contenzioso civile,172,curata,False,XSD_SICI_20260116/XSD_SICI_20260116/Atti/sici/tipi-base.xsd
172011,Concorrenza sleale,Contenzioso civile,172,curata,False,XSD_SICI_20260116/XSD_SICI_20260116/Atti/sici/tipi-base.xsd
172012,Concorrenza sleale interferente- marchio di fatto - nome a dominio,Contenzioso civile,172,curata,False,XSD_SICI_20260116/XSD_SICI_20260116/Atti/sici/tipi-base.xsd
172021,Diritto di autore,Contenzioso civile,172,curata,False,XSD_SICI_20260116/XSD_SICI_20260116/Atti/sici/tipi-base.xsd
172031,Ditta - Insegna - Denominazione sociale,Contenzioso civile,172,curata,False,XSD_SICI_20260116/XSD_SICI_20260116/Atti/sici/tipi-base.xsd
172999,Altri istituti di diritto industriale,Contenzioso civile,172,curata,False,XSD_SICI_20260116/XSD_SICI_20260116/Atti/sici/tipi-base.xsd
173001,Brevetto (invenzione e modello) - Marchio,Contenzioso civile,173,curata,False,XSD_SICI_20260116/XSD_SICI_20260116/Atti/sici/tipi-base.xsd
173011,Concorrenza sleale,Contenzioso civile,173,curata,False,XSD_SICI_20260116/XSD_SICI_20260116/Atti/sici/tipi-base.xsd
173012,Concorrenza sleale interferente- marchio di fatto - nome a dominio,Contenzioso civile,173,curata,False,XSD_SICI_20260116/XSD_SICI_20260116/Atti/sici/tipi-base.xsd
173021,Diritto di autore,Contenzioso civile,173,curata,False,XSD_SICI_20260116/XSD_SICI_20260116/Atti/sici/tipi-base.xsd
173031,Ditta - Insegna - Denominazione sociale,Contenzioso civile,173,curata,False,XSD_SICI_20260116/XSD_SICI_20260116/Atti/sici/tipi-base.xsd
173999,Altri istituti di diritto industriale,Contenzioso civile,173,curata,False,XSD_SICI_20260116/XSD_SICI_20260116/Atti/sici/tipi-base.xsd
174101,Azione di inefficacia ex art. 144 CCI,Contenzioso civile,174,curata,False,XSD_SICI_20260116/XSD_SICI_20260116/Atti/sici/tipi-base.xsd
174102,Azione di inefficacia ex art. 163 CCI,Contenzioso civile,174,curata,False,XSD_SICI_20260116/XSD_SICI_20260116/Atti/sici/tipi-base.xsd
174103,Azione di inefficacia ex art. 94 CCI,Contenzioso civile,174,curata,False,XSD_SICI_20260116/XSD_SICI_20260116/Atti/sici/tipi-base.xsd
174104,Azione revocatoria ex art. 166 CCI,Contenzioso civile,174,curata,False,XSD_SICI_20260116/XSD_SICI_20260116/Atti/sici/tipi-base.xsd
174201,Opposizione sentenza di apertura della liquidazione giudiziale,Contenzioso civile,174,curata,False,XSD_SICI_20260116/XSD_SICI_20260116/Atti/sici/tipi-base.xsd
174202,Opposizione all'accertamento dello stato di insolvenza,Contenzioso civile,174,curata,False,XSD_SICI_20260116/XSD_SICI_20260116/Atti/sici/tipi-base.xsd
174203,Opposizione omologazione concordato preventivo,Contenzioso civile,174,curata,False,XSD_SICI_20260116/XSD_SICI_20260116/Atti/sici/tipi-base.xsd
174204,Opposizione omologazione accordo di ristrutturazione,Contenzioso civile,174,curata,False,XSD_SICI_20260116/XSD_SICI_20260116/Atti/sici/tipi-base.xsd
174999,Altri istituti di diritto concorsuale,Contenzioso civile,174,curata,False,XSD_SICI_20260116/XSD_SICI_20260116/Atti/sici/tipi-base.xsd
180001,"Opposizione all'ordinanza-ingiunzione ex artt. 22 e ss., L. n. 689/1981 relative a sanzioni per emissione di assegni a vuoto",Contenzioso civile,180,curata,False,XSD_SICI_20260116/XSD_SICI_20260116/Atti/sici/tipi-base.xsd
180002,"Opposizione ord. ingiunzione ex artt. 22 e ss., L.689/1981 (violazione del codice della strada)",Contenzioso civile,180,curata,False,XSD_SICI_20260116/XSD_SICI_20260116/Atti/sici/tipi-base.xsd
180003,Opposizione ordinanza prefettizia di cui all'art. 75 c.4 DPR 309/1990 (stupefacenti),Contenzioso civile,180,curata,False,XSD_SIGP_20241128/schema/base_v2/tipi-base.xsd
180004,Opposizione ordinanza/decreto prefettizio di cui all'art. di cui all'art. 75 c.9 DPR 309/1990 (stupefacenti),Contenzioso civile,180,curata,False,XSD_SIGP_20241128/schema/base_v2/tipi-base.xsd
180011,Risarcimento danni da occupazione illegittima ed accessione invertita,Contenzioso civile,180,curata,False,XSD_SICI_20260116/XSD_SICI_20260116/Atti/sici/tipi-base.xsd
180021,Contenzioso di diritto tributario e doganale,Contenzioso civile,180,curata,False,XSD_SICI_20260116/XSD_SICI_20260116/Atti/sici/tipi-base.xsd
180031,Contenzioso di diritto valutario,Contenzioso civile,180,curata,False,XSD_SICI_20260116/XSD_SICI_20260116/Atti/sici/tipi-base.xsd
180041,Contenzioso relativo a beni demaniali,Contenzioso civile,180,curata,False,XSD_SICI_20260116/XSD_SICI_20260116/Atti/sici/tipi-base.xsd
180051,Risarcimento danni da provvedimento illegittimo della P-A.,Contenzioso civile,180,curata,False,XSD_SICI_20260116/XSD_SICI_20260116/Atti/sici/tipi-base.xsd
180099,"Opposizione all'ordinanza di ingiunzione ex artt. 22 e ss. L.689/81 (escluse quelle relative a sanzioni per emissione di assegni a vuoto, quelle relative al codice della strada e quelle in materia di lavoro e di previdenza o assist. obbl)",Contenzioso civile,180,curata,False,XSD_SICI_20260116/XSD_SICI_20260116/Atti/sici/tipi-base.xsd
180999,Altre controversie di diritto amministrativo,Contenzioso civile,180,curata,False,XSD_SICI_20260116/XSD_SICI_20260116/Atti/sici/tipi-base.xsd
181003,"Cause di respons. vs gli organi amministrativi e di controllo,etc - Sez. Spec. Impresa",Contenzioso civile,181,curata,False,XSD_SICI_20260116/XSD_SICI_20260116/Atti/sici/tipi-base.xsd
181004,"Impugn delle deliber. dell'assem. e del CdA,etc. - Sez. Spec. Impresa",Contenzioso civile,181,curata,False,XSD_SICI_20260116/XSD_SICI_20260116/Atti/sici/tipi-base.xsd
181005,Cause in materia di rapporti societari - Sez. Spec. Impresa,Contenzioso civile,181,curata,False,XSD_SICI_20260116/XSD_SICI_20260116/Atti/sici/tipi-base.xsd
181006,Brevetto di invenzione,Contenzioso civile,181,curata,False,XSD_SICI_20260116/XSD_SICI_20260116/Atti/sici/tipi-base.xsd
181007,Brevetto di modello di utilita',Contenzioso civile,181,curata,False,XSD_SICI_20260116/XSD_SICI_20260116/Atti/sici/tipi-base.xsd
181008,Marchio,Contenzioso civile,181,curata,False,XSD_SICI_20260116/XSD_SICI_20260116/Atti/sici/tipi-base.xsd
181009,Concorrenza sleale interferente,Contenzioso civile,181,curata,False,XSD_SICI_20260116/XSD_SICI_20260116/Atti/sici/tipi-base.xsd
181010,Marchi di fatto,Contenzioso civile,181,curata,False,XSD_SICI_20260116/XSD_SICI_20260116/Atti/sici/tipi-base.xsd
181011,Nome a dominio,Contenzioso civile,181,curata,False,XSD_SICI_20260116/XSD_SICI_20260116/Atti/sici/tipi-base.xsd
181012,Diritto di autore e diritti connessi,Contenzioso civile,181,curata,False,XSD_SICI_20260116/XSD_SICI_20260116/Atti/sici/tipi-base.xsd
181013,Ditta - Insegna - Denominazione sociale - Ragione sociale,Contenzioso civile,181,curata,False,XSD_SICI_20260116/XSD_SICI_20260116/Atti/sici/tipi-base.xsd
181014,Disegni e modelli comunitari registrati,Contenzioso civile,181,curata,False,XSD_SICI_20260116/XSD_SICI_20260116/Atti/sici/tipi-base.xsd
181015,Disegni e modelli comunitari non registrati,Contenzioso civile,181,curata,False,XSD_SICI_20260116/XSD_SICI_20260116/Atti/sici/tipi-base.xsd
181016,Disegni e modelli nazionali,Contenzioso civile,181,curata,False,XSD_SICI_20260116/XSD_SICI_20260116/Atti/sici/tipi-base.xsd
181017,Controversie in materia di proprieta' industriale per violazione della normativa antitrust nazionale,Contenzioso civile,181,curata,False,XSD_SICI_20260116/XSD_SICI_20260116/Atti/sici/tipi-base.xsd
181018,Controversie in materia di proprieta' industriale per violazione della normativa antitrust dell’Unione Europea,Contenzioso civile,181,curata,False,XSD_SICI_20260116/XSD_SICI_20260116/Atti/sici/tipi-base.xsd
181019,Controversie in materia di operazioni di concentrazione societarie,Contenzioso civile,181,curata,False,XSD_SICI_20260116/XSD_SICI_20260116/Atti/sici/tipi-base.xsd
181020,Controversie in materia di intese e abuso di posizione dominante per violazione della normativa antitrust nazionale,Contenzioso civile,181,curata,False,XSD_SICI_20260116/XSD_SICI_20260116/Atti/sici/tipi-base.xsd
181021,Controversie in materia di intese e abuso di posizione dominante per violazione della normativa antitrust dell’Unione Europea,Contenzioso civile,181,curata,False,XSD_SICI_20260116/XSD_SICI_20260116/Atti/sici/tipi-base.xsd
181022,Marchio Europeo,Contenzioso civile,181,curata,False,XSD_SICI_20260116/XSD_SICI_20260116/Atti/sici/tipi-base.xsd
181023,Brevetto Europeo,Contenzioso civile,181,curata,False,XSD_SICI_20260116/XSD_SICI_20260116/Atti/sici/tipi-base.xsd
181024,Marchio collettivo (art. 11 c.p.i.),Contenzioso civile,181,curata,False,XSD_SICI_20260116/XSD_SICI_20260116/Atti/sici/tipi-base.xsd
181025,Tutela indicazioni geografiche (art. 29 c.p.i.),Contenzioso civile,181,curata,False,XSD_SICI_20260116/XSD_SICI_20260116/Atti/sici/tipi-base.xsd
181026,Tutela segreti commerciali (art. 98 c.p.i.),Contenzioso civile,181,curata,False,XSD_SICI_20260116/XSD_SICI_20260116/Atti/sici/tipi-base.xsd
181027,Tutela delle informazioni segrete – Know how (art. 99 c.p.i.),Contenzioso civile,181,curata,False,XSD_SICI_20260116/XSD_SICI_20260116/Atti/sici/tipi-base.xsd
181028,Appalti pubblici sopra soglia di rilevanza comunitaria,Contenzioso civile,181,curata,False,XSD_SICI_20260116/XSD_SICI_20260116/Atti/sici/tipi-base.xsd
181029,Cause in materia di trasferimento di partecipazioni sociali etc. - Sez. Spec. imprese,Contenzioso civile,181,curata,False,XSD_SICI_20260116/XSD_SICI_20260116/Atti/sici/tipi-base.xsd
181030,Cause in materia di patti parasociali - Sez. Spec. Impresa,Contenzioso civile,181,curata,False,XSD_SICI_20260116/XSD_SICI_20260116/Atti/sici/tipi-base.xsd
181031,Cause in materia di offerte pubbliche etc. - Sez. Spec. Impresa,Contenzioso civile,181,curata,False,XSD_SICI_20260116/XSD_SICI_20260116/Atti/sici/tipi-base.xsd
181032,Revocazione ex art. 395 c.p.c. - Sez. Spec. Impresa,Contenzioso civile,181,curata,False,XSD_SICI_20260116/XSD_SICI_20260116/Atti/sici/tipi-base.xsd
181033,Opposizione di terzo ex artt. 404 e ss. c.p.c. - Sez. Spec. Impresa,Contenzioso civile,181,curata,False,XSD_SICI_20260116/XSD_SICI_20260116/Atti/sici/tipi-base.xsd
181034,Controversie in materia di indennita' di espropriazione dei diritti di proprieta' industriale,Contenzioso civile,181,curata,False,XSD_SICI_20260116/XSD_SICI_20260116/Atti/sici/tipi-base.xsd
181035,"Controversie contro i provvedimenti del Consiglio dell’ordine di cui al capo VI del D.Lgs. 30/2005,",Contenzioso civile,181,curata,False,XSD_SICI_20260116/XSD_SICI_20260116/Atti/sici/tipi-base.xsd
181036,"Cause in materia di rapporti tra societa' di cui agli artt. 2359, co. 1, n. 3, 2497septies c.c. e 2545septies c.c.",Contenzioso civile,181,curata,False,XSD_SICI_20260116/XSD_SICI_20260116/Atti/sici/tipi-base.xsd
181037,Azione revocatoria (art. 2901 c.c.) - Sez. Spec. Impresa,Contenzioso civile,181,curata,False,XSD_SICI_20260116/XSD_SICI_20260116/Atti/sici/tipi-base.xsd
181040,Azione di Classe,Contenzioso civile,181,curata,False,XSD_SICI_20260116/XSD_SICI_20260116/Atti/sici/tipi-base.xsd
181041,Reclamo avverso ordinanza su ammissibilita' azione collettiva,Contenzioso civile,181,curata,False,XSD_UNEP_20241106/XSD PLO118 FASE2 per SW House/schema/tipi-base.xsd
181042,Azione inibitoria collettiva,Contenzioso civile,181,curata,False,XSD_SICI_20260116/XSD_SICI_20260116/Atti/sici/tipi-base.xsd
181044,Impugnazione Decreto 840-undecies,Contenzioso civile,181,curata,False,XSD_SICI_20260116/XSD_SICI_20260116/Atti/sici/tipi-base.xsd
181099,Altre controversie di competenza della Sez. Spec. dell’Impresa in materia di propr. Industriale e diritto d’autore,Contenzioso civile,181,curata,False,XSD_SICI_20260116/XSD_SICI_20260116/Atti/sici/tipi-base.xsd
181999,Altre controversie di competenza della Sez. Spec. dell’Impresa in materia societaria,Contenzioso civile,181,curata,False,XSD_SICI_20260116/XSD_SICI_20260116/Atti/sici/tipi-base.xsd
201002,Revocazione della sentenza ex artt. 395 e ss. c.p.c.,Lavoro e previdenza,201,curata,False,XSD_SICI_20260116/XSD_SICI_20260116/Atti/sici/tipi-base.xsd
210001,Ingiunzione in materia di lavoro,Lavoro e previdenza,210,curata,False,XSD_SICI_20260116/XSD_SICI_20260116/Atti/sici/tipi-base.xsd
210002,Ingiunzione in materia di previdenza obbligatoria,Lavoro e previdenza,210,curata,False,XSD_SICI_20260116/XSD_SICI_20260116/Atti/sici/tipi-base.xsd
210003,Ingiunzione in materia di assistenza obbligatoria,Lavoro e previdenza,210,curata,False,XSD_SICI_20260116/XSD_SICI_20260116/Atti/sici/tipi-base.xsd
210010,Art. 28 fase sommaria,Lavoro e previdenza,210,curata,False,XSD_SICI_20260116/XSD_SICI_20260116/Atti/sici/tipi-base.xsd
210011,Art. 28 fase di opposizione,Lavoro e previdenza,210,curata,False,XSD_SICI_20260116/XSD_SICI_20260116/Atti/sici/tipi-base.xsd
210012,"ex art. 18, 7' comma, Statuto lavoratori",Lavoro e previdenza,210,curata,False,XSD_SICI_20260116/XSD_SICI_20260116/Atti/sici/tipi-base.xsd
210013,"ex art. 15, L. n. 903/1977 (parita uomo-donna)",Lavoro e previdenza,210,curata,False,XSD_SICI_20260116/XSD_SICI_20260116/Atti/sici/tipi-base.xsd
210014,Accertamento Tecnico Preventivo ex art. 445 bis c.p.c.,Lavoro e previdenza,210,curata,False,XSD_SICI_20260116/XSD_SICI_20260116/Atti/sici/tipi-base.xsd
210015,Ricorso art. 1 comma 47 e seg. - L.92/2012 (cd. Fornero),Lavoro e previdenza,210,curata,False,XSD_SICI_20260116/XSD_SICI_20260116/Atti/sici/tipi-base.xsd
210016,Opposizione L. 92/2012 cd. Legge Fornero,Lavoro e previdenza,210,curata,False,XSD_SICI_20260116/XSD_SICI_20260116/Atti/sici/tipi-base.xsd
210017,"Reclamo ex art. 1, comma 58, L. 92/2012",Lavoro e previdenza,210,curata,False,XSD_SICI_20260116/XSD_SICI_20260116/Atti/sici/tipi-base.xsd
210999,altre ipotesi,Lavoro e previdenza,210,curata,False,XSD_SICI_20260116/XSD_SICI_20260116/Atti/sici/tipi-base.xsd
211001,sequestro conservativo,Lavoro e previdenza,211,curata,False,XSD_SICI_20260116/XSD_SICI_20260116/Atti/sici/tipi-base.xsd
211002,Sequestro giudiziario ex art. 670 c.p.c.,Lavoro e previdenza,211,curata,False,XSD_SICI_20260116/XSD_SICI_20260116/Atti/sici/tipi-base.xsd
211010,art. 700 per licenziamento,Lavoro e previdenza,211,curata,False,XSD_SICI_20260116/XSD_SICI_20260116/Atti/sici/tipi-base.xsd
211011,art. 700 per dequalificazione,Lavoro e previdenza,211,curata,False,XSD_SICI_20260116/XSD_SICI_20260116/Atti/sici/tipi-base.xsd
211012,art. 700 per altre ragioni,Lavoro e previdenza,211,curata,False,XSD_SICI_20260116/XSD_SICI_20260116/Atti/sici/tipi-base.xsd
211999,altre ipotesi,Lavoro e previdenza,211,curata,False,XSD_SICI_20260116/XSD_SICI_20260116/Atti/sici/tipi-base.xsd
220001,qualificazione,Lavoro e previdenza,220,curata,False,XSD_SICI_20260116/XSD_SICI_20260116/Atti/sici/tipi-base.xsd
220002,appalto di manodopera,Lavoro e previdenza,220,curata,False,XSD_SICI_20260116/XSD_SICI_20260116/Atti/sici/tipi-base.xsd
220003,lavoro interinale,Lavoro e previdenza,220,curata,False,XSD_SICI_20260116/XSD_SICI_20260116/Atti/sici/tipi-base.xsd
220004,avviamento obbligatorio,Lavoro e previdenza,220,curata,False,XSD_SICI_20260116/XSD_SICI_20260116/Atti/sici/tipi-base.xsd
220010,contratto a termine e di formazione e lavoro,Lavoro e previdenza,220,curata,False,XSD_SICI_20260116/XSD_SICI_20260116/Atti/sici/tipi-base.xsd
220011,apprendistato,Lavoro e previdenza,220,curata,False,XSD_SICI_20260116/XSD_SICI_20260116/Atti/sici/tipi-base.xsd
220012,patto di prova,Lavoro e previdenza,220,curata,False,XSD_SICI_20260116/XSD_SICI_20260116/Atti/sici/tipi-base.xsd
220020,categoria e qualifica,Lavoro e previdenza,220,curata,False,XSD_SICI_20260116/XSD_SICI_20260116/Atti/sici/tipi-base.xsd
220021,mansione e jus variandi,Lavoro e previdenza,220,curata,False,XSD_SICI_20260116/XSD_SICI_20260116/Atti/sici/tipi-base.xsd
220030,trasferimento del lavoratore,Lavoro e previdenza,220,curata,False,XSD_SICI_20260116/XSD_SICI_20260116/Atti/sici/tipi-base.xsd
220031,trasferimento di azienda,Lavoro e previdenza,220,curata,False,XSD_SICI_20260116/XSD_SICI_20260116/Atti/sici/tipi-base.xsd
220040,sanzione disciplinare conservativa,Lavoro e previdenza,220,curata,False,XSD_SICI_20260116/XSD_SICI_20260116/Atti/sici/tipi-base.xsd
220050,retribuzione,Lavoro e previdenza,220,curata,False,XSD_SICI_20260116/XSD_SICI_20260116/Atti/sici/tipi-base.xsd
220060,sospensione con intervento della Cassa integrazione guadagni,Lavoro e previdenza,220,curata,False,XSD_SICI_20260116/XSD_SICI_20260116/Atti/sici/tipi-base.xsd
220070,Risarcimento danni da infortunio,Lavoro e previdenza,220,curata,False,XSD_SICI_20260116/XSD_SICI_20260116/Atti/sici/tipi-base.xsd
220071,Risarcimento danni da dequalificazione,Lavoro e previdenza,220,curata,False,XSD_SICI_20260116/XSD_SICI_20260116/Atti/sici/tipi-base.xsd
220072,Risarcimento danni:altre ipotesi,Lavoro e previdenza,220,curata,False,XSD_SICI_20260116/XSD_SICI_20260116/Atti/sici/tipi-base.xsd
220100,Licenziamento individuale per giust. motivo soggettivo,Lavoro e previdenza,220,curata,False,XSD_SICI_20260116/XSD_SICI_20260116/Atti/sici/tipi-base.xsd
220101,Licenziamento individuale per giust. motivo oggettivo,Lavoro e previdenza,220,curata,False,XSD_SICI_20260116/XSD_SICI_20260116/Atti/sici/tipi-base.xsd
220102,Licenziamento individuale per giusta causa,Lavoro e previdenza,220,curata,False,XSD_SICI_20260116/XSD_SICI_20260116/Atti/sici/tipi-base.xsd
220103,Licenziamento individuale del dirigente,Lavoro e previdenza,220,curata,False,XSD_SICI_20260116/XSD_SICI_20260116/Atti/sici/tipi-base.xsd
220104,Licenziamento del socio della cooperativa,Lavoro e previdenza,220,curata,False,XSD_UNEP_20241106/XSD PLO118 FASE2 per SW House/schema/tipi-base.xsd
220105,Licenziamento discriminatorio,Lavoro e previdenza,220,curata,False,XSD_UNEP_20241106/XSD PLO118 FASE2 per SW House/schema/tipi-base.xsd
220110,Licenziamento collettivo e mobilita,Lavoro e previdenza,220,curata,False,XSD_SICI_20260116/XSD_SICI_20260116/Atti/sici/tipi-base.xsd
220111,Impugnazione licenziamento con domanda di reintegrazione,Lavoro e previdenza,220,curata,False,XSD_SICI_20260116/XSD_SICI_20260116/Atti/sici/tipi-base.xsd
220120,Dimissioni,Lavoro e previdenza,220,curata,False,XSD_SICI_20260116/XSD_SICI_20260116/Atti/sici/tipi-base.xsd
220999,Altre ipotesi,Lavoro e previdenza,220,curata,False,XSD_SICI_20260116/XSD_SICI_20260116/Atti/sici/tipi-base.xsd
221001,qualificazione,Lavoro e previdenza,221,curata,False,XSD_SICI_20260116/XSD_SICI_20260116/Atti/sici/tipi-base.xsd
221002,appalto di manodopera,Lavoro e previdenza,221,curata,False,XSD_SICI_20260116/XSD_SICI_20260116/Atti/sici/tipi-base.xsd
221003,lavoro interinale,Lavoro e previdenza,221,curata,False,XSD_SICI_20260116/XSD_SICI_20260116/Atti/sici/tipi-base.xsd
221004,avviamento obbligatorio,Lavoro e previdenza,221,curata,False,XSD_SICI_20260116/XSD_SICI_20260116/Atti/sici/tipi-base.xsd
221010,contratto a termine e di formazione e lavoro,Lavoro e previdenza,221,curata,False,XSD_SICI_20260116/XSD_SICI_20260116/Atti/sici/tipi-base.xsd
221011,apprendistato,Lavoro e previdenza,221,curata,False,XSD_SICI_20260116/XSD_SICI_20260116/Atti/sici/tipi-base.xsd
221012,patto di prova,Lavoro e previdenza,221,curata,False,XSD_SICI_20260116/XSD_SICI_20260116/Atti/sici/tipi-base.xsd
221020,categoria e qualifica,Lavoro e previdenza,221,curata,False,XSD_SICI_20260116/XSD_SICI_20260116/Atti/sici/tipi-base.xsd
221021,mansione e jus variandi,Lavoro e previdenza,221,curata,False,XSD_SICI_20260116/XSD_SICI_20260116/Atti/sici/tipi-base.xsd
221030,trasferimento del lavoratore,Lavoro e previdenza,221,curata,False,XSD_SICI_20260116/XSD_SICI_20260116/Atti/sici/tipi-base.xsd
221031,trasferimento di azienda,Lavoro e previdenza,221,curata,False,XSD_SICI_20260116/XSD_SICI_20260116/Atti/sici/tipi-base.xsd
221040,sanzione disciplinare conservativa,Lavoro e previdenza,221,curata,False,XSD_SICI_20260116/XSD_SICI_20260116/Atti/sici/tipi-base.xsd
221050,retribuzione,Lavoro e previdenza,221,curata,False,XSD_SICI_20260116/XSD_SICI_20260116/Atti/sici/tipi-base.xsd
221060,sospensione con intervento della Cassa integrazione guadagni,Lavoro e previdenza,221,curata,False,XSD_SICI_20260116/XSD_SICI_20260116/Atti/sici/tipi-base.xsd
221070,Risarcimento danni da infortunio,Lavoro e previdenza,221,curata,False,XSD_SICI_20260116/XSD_SICI_20260116/Atti/sici/tipi-base.xsd
221071,Risarcimento danni da dequalificazione,Lavoro e previdenza,221,curata,False,XSD_SICI_20260116/XSD_SICI_20260116/Atti/sici/tipi-base.xsd
221072,Risarcimento danni:altre ipotesi,Lavoro e previdenza,221,curata,False,XSD_SICI_20260116/XSD_SICI_20260116/Atti/sici/tipi-base.xsd
221099,Altre ipotesi,Lavoro e previdenza,221,curata,False,XSD_SICI_20260116/XSD_SICI_20260116/Atti/sici/tipi-base.xsd
221100,Licenziamento individuale per giust. motivo soggettivo,Lavoro e previdenza,221,curata,False,XSD_SICI_20260116/XSD_SICI_20260116/Atti/sici/tipi-base.xsd
221101,Licenziamento individuale per giust. motivo oggettivo,Lavoro e previdenza,221,curata,False,XSD_SICI_20260116/XSD_SICI_20260116/Atti/sici/tipi-base.xsd
221102,Licenziamento individuale per giusta causa,Lavoro e previdenza,221,curata,False,XSD_SICI_20260116/XSD_SICI_20260116/Atti/sici/tipi-base.xsd
221103,Licenziamento individuale del dirigente,Lavoro e previdenza,221,curata,False,XSD_SICI_20260116/XSD_SICI_20260116/Atti/sici/tipi-base.xsd
221105,Licenziamento discriminatorio,Lavoro e previdenza,221,curata,False,XSD_UNEP_20241106/XSD PLO118 FASE2 per SW House/schema/tipi-base.xsd
221110,Licenziamento collettivo e mobilita,Lavoro e previdenza,221,curata,False,XSD_SICI_20260116/XSD_SICI_20260116/Atti/sici/tipi-base.xsd
221111,Impugnazione licenziamento con domanda di reintegrazione,Lavoro e previdenza,221,curata,False,XSD_UNEP_20241106/XSD PLO118 FASE2 per SW House/schema/tipi-base.xsd
221120,Dimissioni,Lavoro e previdenza,221,curata,False,XSD_SICI_20260116/XSD_SICI_20260116/Atti/sici/tipi-base.xsd
221999,Altre ipotesi,Lavoro e previdenza,221,curata,False,XSD_SICI_20260116/XSD_SICI_20260116/Atti/sici/tipi-base.xsd
222001,qualificazione,Lavoro e previdenza,222,curata,False,XSD_SICI_20260116/XSD_SICI_20260116/Atti/sici/tipi-base.xsd
222002,appalto di manodopera,Lavoro e previdenza,222,curata,False,XSD_SICI_20260116/XSD_SICI_20260116/Atti/sici/tipi-base.xsd
222003,lavoro interinale,Lavoro e previdenza,222,curata,False,XSD_SICI_20260116/XSD_SICI_20260116/Atti/sici/tipi-base.xsd
222004,avviamento obbligatorio,Lavoro e previdenza,222,curata,False,XSD_SICI_20260116/XSD_SICI_20260116/Atti/sici/tipi-base.xsd
222010,contratto a termine e di formazione e lavoro,Lavoro e previdenza,222,curata,False,XSD_SICI_20260116/XSD_SICI_20260116/Atti/sici/tipi-base.xsd
222011,apprendistato,Lavoro e previdenza,222,curata,False,XSD_SICI_20260116/XSD_SICI_20260116/Atti/sici/tipi-base.xsd
222012,patto di prova,Lavoro e previdenza,222,curata,False,XSD_SICI_20260116/XSD_SICI_20260116/Atti/sici/tipi-base.xsd
222020,categoria e qualifica,Lavoro e previdenza,222,curata,False,XSD_SICI_20260116/XSD_SICI_20260116/Atti/sici/tipi-base.xsd
222021,mansione e jus variandi,Lavoro e previdenza,222,curata,False,XSD_SICI_20260116/XSD_SICI_20260116/Atti/sici/tipi-base.xsd
222030,trasferimento del lavoratore,Lavoro e previdenza,222,curata,False,XSD_SICI_20260116/XSD_SICI_20260116/Atti/sici/tipi-base.xsd
222031,trasferimento di azienda,Lavoro e previdenza,222,curata,False,XSD_SICI_20260116/XSD_SICI_20260116/Atti/sici/tipi-base.xsd
222040,sanzione disciplinare conservativa,Lavoro e previdenza,222,curata,False,XSD_SICI_20260116/XSD_SICI_20260116/Atti/sici/tipi-base.xsd
222050,retribuzione,Lavoro e previdenza,222,curata,False,XSD_SICI_20260116/XSD_SICI_20260116/Atti/sici/tipi-base.xsd
222060,sospensione con intervento della Cassa integrazione guadagni,Lavoro e previdenza,222,curata,False,XSD_SICI_20260116/XSD_SICI_20260116/Atti/sici/tipi-base.xsd
222070,Risarcimento danni da infortunio,Lavoro e previdenza,222,curata,False,XSD_SICI_20260116/XSD_SICI_20260116/Atti/sici/tipi-base.xsd
222071,Risarcimento danni da dequalificazione,Lavoro e previdenza,222,curata,False,XSD_SICI_20260116/XSD_SICI_20260116/Atti/sici/tipi-base.xsd
222072,Risarcimento danni:altre ipotesi,Lavoro e previdenza,222,curata,False,XSD_SICI_20260116/XSD_SICI_20260116/Atti/sici/tipi-base.xsd
222099,Altre ipotesi,Lavoro e previdenza,222,curata,False,XSD_SICI_20260116/XSD_SICI_20260116/Atti/sici/tipi-base.xsd
222100,Licenziamento individuale per giust. motivo soggettivo,Lavoro e previdenza,222,curata,False,XSD_SICI_20260116/XSD_SICI_20260116/Atti/sici/tipi-base.xsd
222101,Licenziamento individuale per giust. motivo oggettivo,Lavoro e previdenza,222,curata,False,XSD_SICI_20260116/XSD_SICI_20260116/Atti/sici/tipi-base.xsd
222102,Licenziamento individuale per giusta causa,Lavoro e previdenza,222,curata,False,XSD_SICI_20260116/XSD_SICI_20260116/Atti/sici/tipi-base.xsd
222103,Licenziamento individuale del dirigente,Lavoro e previdenza,222,curata,False,XSD_SICI_20260116/XSD_SICI_20260116/Atti/sici/tipi-base.xsd
222105,Licenziamento discriminatorio,Lavoro e previdenza,222,curata,False,XSD_UNEP_20241106/XSD PLO118 FASE2 per SW House/schema/tipi-base.xsd
222110,Licenziamento collettivo e mobilita,Lavoro e previdenza,222,curata,False,XSD_SICI_20260116/XSD_SICI_20260116/Atti/sici/tipi-base.xsd
222111,Impugnazione licenziamento con domanda di reintegrazione,Lavoro e previdenza,222,curata,False,XSD_UNEP_20241106/XSD PLO118 FASE2 per SW House/schema/tipi-base.xsd
222120,Dimissioni,Lavoro e previdenza,222,curata,False,XSD_SICI_20260116/XSD_SICI_20260116/Atti/sici/tipi-base.xsd
222999,Altre ipotesi,Lavoro e previdenza,222,curata,False,XSD_SICI_20260116/XSD_SICI_20260116/Atti/sici/tipi-base.xsd
223001,"Rapporto di agenzia e altri rapporti di collaborazione ex art. 409, n. 3 c.p.c.",Lavoro e previdenza,223,curata,False,XSD_SICI_20260116/XSD_SICI_20260116/Atti/sici/tipi-base.xsd
223999,Altre controversie in materia di lavoro parasubordinato,Lavoro e previdenza,223,curata,False,XSD_SICI_20260116/XSD_SICI_20260116/Atti/sici/tipi-base.xsd
230001,Prestazione: malattia,Lavoro e previdenza,230,curata,False,XSD_SICI_20260116/XSD_SICI_20260116/Atti/sici/tipi-base.xsd
230002,"Prestazione: pensione - assegno di invalidita INPS - Inpdai - Enpals, etc.",Lavoro e previdenza,230,curata,False,XSD_SICI_20260116/XSD_SICI_20260116/Atti/sici/tipi-base.xsd
230003,Prestazione: indennita - rendita vitalizia INAIL o equivalente - altre ipotesi,Lavoro e previdenza,230,curata,False,XSD_SICI_20260116/XSD_SICI_20260116/Atti/sici/tipi-base.xsd
230010,Obbligo contributivo del datore di lavoro,Lavoro e previdenza,230,curata,False,XSD_SICI_20260116/XSD_SICI_20260116/Atti/sici/tipi-base.xsd
230020,Ripetizione di indebito,Lavoro e previdenza,230,curata,False,XSD_SICI_20260116/XSD_SICI_20260116/Atti/sici/tipi-base.xsd
230999,Altre controversie in materia di previdenza obbligatoria,Lavoro e previdenza,230,curata,False,XSD_SICI_20260116/XSD_SICI_20260116/Atti/sici/tipi-base.xsd
231001,Assegno - pensione,Lavoro e previdenza,231,curata,False,XSD_SICI_20260116/XSD_SICI_20260116/Atti/sici/tipi-base.xsd
231002,Indennita di accompagnamento,Lavoro e previdenza,231,curata,False,XSD_SICI_20260116/XSD_SICI_20260116/Atti/sici/tipi-base.xsd
231999,Altre controversie in materia di assistenza obbligatoria,Lavoro e previdenza,231,curata,False,XSD_SICI_20260116/XSD_SICI_20260116/Atti/sici/tipi-base.xsd
232100,"Opposizione all'ordinanza-ingiunzione ex artt. 22 e ss. L. n. 689/1981, in materia di lavoro e di previdenza o assistenza obbligatorie",Lavoro e previdenza,232,curata,False,XSD_SICI_20260116/XSD_SICI_20260116/Atti/sici/tipi-base.xsd
310001,Procedimento cautelare ante causam,Controversie agrarie,310,curata,False,XSD_SICI_20260116/XSD_SICI_20260116/Atti/sici/tipi-base.xsd
320001,Azione di condanna al rilascio del fondo per scadenza del contratto,Controversie agrarie,320,curata,False,XSD_SICI_20260116/XSD_SICI_20260116/Atti/sici/tipi-base.xsd
320002,Azione di condanna al rilascio del fondo per altri motivi,Controversie agrarie,320,curata,False,XSD_SICI_20260116/XSD_SICI_20260116/Atti/sici/tipi-base.xsd
320003,Azione di condanna al pagamento di somme dovute per legge o per contratto,Controversie agrarie,320,curata,False,XSD_SICI_20260116/XSD_SICI_20260116/Atti/sici/tipi-base.xsd
320999,Altri istituti di diritto agrario,Controversie agrarie,320,curata,False,XSD_SICI_20260116/XSD_SICI_20260116/Atti/sici/tipi-base.xsd
400000,Iscrizione Registro Stampa,Volontaria giurisdizione,400,curata,False,XSD_SICI_20260116/XSD_SICI_20260116/Atti/sici/tipi-base.xsd
400100,Reclamo avverso decreto inammissibilita responsabilita civile magistrati,Volontaria giurisdizione,400,curata,False,XSD_SICI_20260116/XSD_SICI_20260116/Atti/sici/tipi-base.xsd
400201,Ricorso avverso il decreto di espulsione del prefetto (art. 13 c.8),Volontaria giurisdizione,400,curata,False,XSD_SICI_20260116/XSD_SICI_20260116/Atti/sici/tipi-base.xsd
400202,Convalida del provvedimento del questore di trattenimento presso centro permanenza temporanea (art. 14 c. 4 Dl. vo 286/98),Volontaria giurisdizione,400,curata,False,XSD_SICI_20260116/XSD_SICI_20260116/Atti/sici/tipi-base.xsd
400203,Ricongiungimento familiare (art. 30),Volontaria giurisdizione,400,curata,False,XSD_SICI_20260116/XSD_SICI_20260116/Atti/sici/tipi-base.xsd
400204,"Atti discriminatori (art. 43, 44 )",Volontaria giurisdizione,400,curata,False,XSD_SICI_20260116/XSD_SICI_20260116/Atti/sici/tipi-base.xsd
400205,Convalida del Provvedimento del questore di accompagnamento alla frontiera (art. 13 c.5 bis D.L. 286/98),Volontaria giurisdizione,400,curata,False,XSD_SICI_20260116/XSD_SICI_20260116/Atti/sici/tipi-base.xsd
400206,Convalida del Provvedimento del questore di accompagnamento alla frontiera e trattenimento presso centro di permanenza temporaneo (art. 13 c.5 bis e art. 14 c. 4 D.L. 286/98),Volontaria giurisdizione,400,curata,False,XSD_SICI_20260116/XSD_SICI_20260116/Atti/sici/tipi-base.xsd
400209,Altri procedimenti in materia di espulsione immigrati,Volontaria giurisdizione,400,curata,False,XSD_SICI_20260116/XSD_SICI_20260116/Atti/sici/tipi-base.xsd
400210,"Ricorso per la liquidazione degli onorari e dei diritti dell'avvocato (artt. 28 e 29, L. 794/1942) (COLLEGIO)",Volontaria giurisdizione,400,curata,False,XSD_SICI_20260116/XSD_SICI_20260116/Atti/sici/tipi-base.xsd
400211,Ricorso avverso il decreto di liquidazione di compensi agli ausiliari del magistrato e ai collaboratori ex art. 170 T.U. n. 115/2002,Volontaria giurisdizione,400,curata,False,XSD_SICI_20260116/XSD_SICI_20260116/Atti/sici/tipi-base.xsd
400212,Iscrizione Albo consulenti,Volontaria giurisdizione,400,curata,False,XSD_SICI_20260116/XSD_SICI_20260116/Atti/sici/tipi-base.xsd
400220,Dichiarazione di assenza o di morte presunta (COLLEGIO),Volontaria giurisdizione,400,curata,False,XSD_Cassazione_20260227/parte/base_v7/tipi-base.xsd
400230,Autorizzazione del Tribunale ex art. 375 e 397 c.c. (COLLEGIO),Volontaria giurisdizione,400,curata,False,XSD_SICI_20260116/XSD_SICI_20260116/Atti/sici/tipi-base.xsd
400240,Stato civile (rettifica del nome e altri atti dello Stato civile),Volontaria giurisdizione,400,curata,False,XSD_Cassazione_20260227/parte/base_v7/tipi-base.xsd
400250,Procedimento ammissione patrocinio a spese dello Stato - civile - art. 126 T.U. n. 115/2002,Volontaria giurisdizione,400,curata,False,XSD_SICI_20260116/XSD_SICI_20260116/Atti/sici/tipi-base.xsd
400251,Procedimento ammissione patrocinio a spese dello Stato - penale - art. 99 T.U. n. 115/2002,Volontaria giurisdizione,400,curata,False,XSD_SICI_20260116/XSD_SICI_20260116/Atti/sici/tipi-base.xsd
400252,Ricorso avverso il rigetto dell'istanza per l'ammissione anticipata (P.S.S.),Volontaria giurisdizione,400,curata,False,XSD_SICI_20260116/XSD_SICI_20260116/Atti/sici/tipi-base.xsd
400253,Revoca del provvedimento di ammissione e ricorso avverso il relativo decreto (P.S.S.),Volontaria giurisdizione,400,curata,False,XSD_SICI_20260116/XSD_SICI_20260116/Atti/sici/tipi-base.xsd
400260,Ammortamento titoli,Volontaria giurisdizione,400,curata,False,XSD_SICI_20260116/XSD_SICI_20260116/Atti/sici/tipi-base.xsd
400270,Nomina di amministratore della comunione (art. 1105 c.c.) (COLLEGIO),Volontaria giurisdizione,400,curata,False,XSD_SICI_20260116/XSD_SICI_20260116/Atti/sici/tipi-base.xsd
400271,"Nomina di amministratore di condominio (art. 1 1 29, 1 ' comma c.c.)",Volontaria giurisdizione,400,curata,False,XSD_SICI_20260116/XSD_SICI_20260116/Atti/sici/tipi-base.xsd
400272,"Revoca di amministratore di comunione o condominio (artt. 1105 e 1129, 3' comma c.c.) (COLLEGIO)",Volontaria giurisdizione,400,curata,False,XSD_SICI_20260116/XSD_SICI_20260116/Atti/sici/tipi-base.xsd
400280,Nomina degli arbitri (art. 810 c.p.c.),Volontaria giurisdizione,400,curata,False,XSD_SICI_20260116/XSD_SICI_20260116/Atti/sici/tipi-base.xsd
400281,Liquidazione delle spese e dell'onorario dell'arbitro (art. 814 c.p.c.),Volontaria giurisdizione,400,curata,False,XSD_SICI_20260116/XSD_SICI_20260116/Atti/sici/tipi-base.xsd
400282,Dichiarazione di esecutivita del lodo arbitrale (art. 825 c.p.c.),Volontaria giurisdizione,400,curata,False,XSD_SICI_20260116/XSD_SICI_20260116/Atti/sici/tipi-base.xsd
400290,Svincolo indennita L.686/1926 e L.2359/1865,Volontaria giurisdizione,400,curata,False,XSD_SICI_20260116/XSD_SICI_20260116/Atti/sici/tipi-base.xsd
400300,Ricevimento e verbalizzazione di dichiarazione giurata,Volontaria giurisdizione,400,curata,False,XSD_SICI_20260116/XSD_SICI_20260116/Atti/sici/tipi-base.xsd
400310,Apertura forzata di cassetta di sicurezza (art. 1841 c.c.),Volontaria giurisdizione,400,curata,False,XSD_SICI_20260116/XSD_SICI_20260116/Atti/sici/tipi-base.xsd
400320,Ricorso avverso provvedimenti C.R.A. (art. 7 L. 443/85),Volontaria giurisdizione,400,curata,False,XSD_SICI_20260116/XSD_SICI_20260116/Atti/sici/tipi-base.xsd
400330,N.O. trapianto tra viventi (art. 2 L. 26.6.1967 n. 458),Volontaria giurisdizione,400,curata,False,XSD_SICI_20260116/XSD_SICI_20260116/Atti/sici/tipi-base.xsd
400400,Procedimento disciplinare contro notaio (COLLEGIO),Volontaria giurisdizione,400,curata,False,XSD_SICI_20260116/XSD_SICI_20260116/Atti/sici/tipi-base.xsd
400401,Idoneita cauzione notarile (art. 22 L. 16.2.1913 n. 89),Volontaria giurisdizione,400,curata,False,XSD_SICI_20260116/XSD_SICI_20260116/Atti/sici/tipi-base.xsd
400402,Nomina interprete per sordomunti (artt. 56 e 57 L. 16.2.1913 n. 89),Volontaria giurisdizione,400,curata,False,XSD_SICI_20260116/XSD_SICI_20260116/Atti/sici/tipi-base.xsd
400403,Nomina professionista in luogo dell'OCC,Volontaria giurisdizione,400,curata,False,XSD_UNEP_20241106/XSD PLO118 FASE2 per SW House/schema/tipi-base.xsd
400404,Misure protettive e cautelari (risanamento aziendale),Volontaria giurisdizione,400,curata,False,XSD_SICI_20260116/XSD_SICI_20260116/Atti/sici/tipi-base.xsd
400405,Autorizzazioni del tribunale (risanamento aziendale),Volontaria giurisdizione,400,curata,False,XSD_SICI_20260116/XSD_SICI_20260116/Atti/sici/tipi-base.xsd
400410,"Procedimenti relativi agli ordini professionali (iscrizione, elezione, impugnazione contro provvedimento disciplinare, etc.)",Volontaria giurisdizione,400,curata,False,XSD_SICI_20260116/XSD_SICI_20260116/Atti/sici/tipi-base.xsd
400510,"Cancellazione di nome dall'elenco dei protesti (art. 12, L. n. 349/1973)",Volontaria giurisdizione,400,curata,False,XSD_SICI_20260116/XSD_SICI_20260116/Atti/sici/tipi-base.xsd
400511,Disposizioni in materia di riabilitazione civile del debitore protestato (art. 17 L. 108/96 - usura),Volontaria giurisdizione,400,curata,False,XSD_SICI_20260116/XSD_SICI_20260116/Atti/sici/tipi-base.xsd
400610,Reclamo avverso il rifiuto del conservatore di procedere alla cancellazione di ipoteca (artt. 2888 c.c. e 113 Disp. Att. c.p.c.) (COLLEGIO),Volontaria giurisdizione,400,curata,False,XSD_SICI_20260116/XSD_SICI_20260116/Atti/sici/tipi-base.xsd
400710,Impugnazione ex lege sulla privacy (L. n. 675/1996),Volontaria giurisdizione,400,curata,False,XSD_SICI_20260116/XSD_SICI_20260116/Atti/sici/tipi-base.xsd
400711,Opposizione al provvedimento del garante per la tutela delle persone e di altri soggetti rispetto al trattamento dei dati personali (art. 29 L. n. 675/1996),Volontaria giurisdizione,400,curata,False,XSD_SICI_20260116/XSD_SICI_20260116/Atti/sici/tipi-base.xsd
400801,"Titolo legale per le successioni aperte in Italia riguardanti i depositi iscritti presso la Cassa depositi e prestiti (art. 15, Libro II, T.U. n. 453/1913 come modificato dall'art. 7 L. 6.7.1949 n. 466)",Volontaria giurisdizione,400,curata,False,XSD_SICI_20260116/XSD_SICI_20260116/Atti/sici/tipi-base.xsd
400802,Richiesta documentazione per la successione aperta in Italia in titoli del debito pubblico (artt. 14 e 15 L. 12.8.1975 n. 752),Volontaria giurisdizione,400,curata,False,XSD_SICI_20260116/XSD_SICI_20260116/Atti/sici/tipi-base.xsd
400902,Opposizione ex. Art. 5 ter L89/2001,Volontaria giurisdizione,400,curata,False,XSD_SICI_20260116/XSD_SICI_20260116/Atti/sici/tipi-base.xsd
400999,Altri istituti camerali e di volontaria giurisdizione,Volontaria giurisdizione,400,curata,False,XSD_SICI_20260116/XSD_SICI_20260116/Atti/sici/tipi-base.xsd
401001,Notificazione per i pubblici proclami (art.150 cpc),Volontaria giurisdizione,401,curata,False,XSD_SICI_20260116/XSD_SICI_20260116/Atti/sici/tipi-base.xsd
401002,Rilascio seconda copia esecutiva (art. 476 cpc),Volontaria giurisdizione,401,curata,False,XSD_SICI_20260116/XSD_SICI_20260116/Atti/sici/tipi-base.xsd
401003,Ricerca con modalita' telematiche dei beni da pignorare - Art. 492 bis.,Volontaria giurisdizione,401,curata,False,XSD_SICI_20260116/XSD_SICI_20260116/Atti/sici/tipi-base.xsd
406001,Attuazione di sentenze e provvedimenti stranieri e autorizzazione assunzioni rogatorie (artt. 67 e 69 L. n. 218/95),Volontaria giurisdizione,406,curata,False,XSD_SICI_20260116/XSD_SICI_20260116/Atti/sici/tipi-base.xsd
406100,Iscrizione albo liquidatori di avaria,Volontaria giurisdizione,406,curata,False,XSD_SICI_20260116/XSD_SICI_20260116/Atti/sici/tipi-base.xsd
406200,Sanzioni amministrative comminate dalla Banca d'Italia (art. 145 D.L.vo n. 385/93 - solo Roma),Volontaria giurisdizione,406,curata,False,XSD_SICI_20260116/XSD_SICI_20260116/Atti/sici/tipi-base.xsd
406210,Sanzioni amministrative comminate dalla Consob (D.L.vo n. 58/98 - foro regionale),Volontaria giurisdizione,406,curata,False,XSD_SICI_20260116/XSD_SICI_20260116/Atti/sici/tipi-base.xsd
406220,"Azioni di nullita`, risarcimento danno e provvedimenti di urgenza legge anti trust (art. 33 L. 287/1990)",Volontaria giurisdizione,406,curata,False,XSD_Cassazione_20260227/parte/base_v7/tipi-base.xsd
406300,Dichiarazione di esecutivita di decisioni straniere in materia civile e commerciale (Reg. CE 44/01 e ss. mod. ed int.),Volontaria giurisdizione,406,curata,False,XSD_SICI_20260116/XSD_SICI_20260116/Atti/sici/tipi-base.xsd
406301,Esecutorieta lodo arbitrale straniero (Provv. Presidenziale),Volontaria giurisdizione,406,curata,False,XSD_SICI_20260116/XSD_SICI_20260116/Atti/sici/tipi-base.xsd
406302,Trasmissione in forma autentica sentenze in forza della convenzione con la Repubblica di S. Marino,Volontaria giurisdizione,406,curata,False,XSD_SICI_20260116/XSD_SICI_20260116/Atti/sici/tipi-base.xsd
406303,Dichiarazione di esecutivita' decisioni in materia matrimoniale e di potesta' dei genitori sui figli (Regolamento (CE) n. 1347/2000 del 29 maggio 2000),Volontaria giurisdizione,406,curata,False,XSD_SICI_20260116/XSD_SICI_20260116/Atti/sici/tipi-base.xsd
406401,Equa riparazione per violazione del termine ragionevole del processo (Ln89/2001) - vecchio rito,Volontaria giurisdizione,406,curata,False,XSD_SICI_20260116/XSD_SICI_20260116/Atti/sici/tipi-base.xsd
406402,Equa riparazione per violazione del termine ragionevole del processo (L89/2001) - nuovo rito,Volontaria giurisdizione,406,curata,False,XSD_SICI_20260116/XSD_SICI_20260116/Atti/sici/tipi-base.xsd
406801,"Titolo legale per le successioni aperte in Italia riguardanti i depositi iscritti presso la Cassa depositi e prestiti (art. 15, Libro II, T.U. n. 453/1913 come modificato dall'art. 7 L. 6.7.1949 n. 466)",Volontaria giurisdizione,406,curata,False,XSD_SICI_20260116/XSD_SICI_20260116/Atti/sici/tipi-base.xsd
406802,Richiesta documentazione per la successione aperta all'estero in titoli del debito pubblico (artt. 14 e 15 L. 12.8.1975 n. 752),Volontaria giurisdizione,406,curata,False,XSD_SICI_20260116/XSD_SICI_20260116/Atti/sici/tipi-base.xsd
406999,Altri istituti di competenza della Corte di Appello in 1^ grado,Volontaria giurisdizione,406,curata,False,XSD_SICI_20260116/XSD_SICI_20260116/Atti/sici/tipi-base.xsd
411001,Misure di protezione contro gli abusi familiari (art. 3 n.154),Volontaria giurisdizione,411,curata,False,XSD_Cassazione_20260227/parte/base_v7/tipi-base.xsd
411002,"Ricorso per violenza domestica o di genere ex artt. 473bis.40, 473bis.41, 473bis.42 cpc",Volontaria giurisdizione,411,curata,False,XSD_UNEP_20241106/XSD PLO118 FASE2 per SW House/schema/tipi-base.xsd
411003,Reclamo provvedimenti temporanei e urgenti ex art. 473bis.24 c.p.c.,Volontaria giurisdizione,411,curata,False,XSD_SICI_20260116/XSD_SICI_20260116/Atti/sici/tipi-base.xsd
411510,Esecutorieta sentenza Sacra Rota nullita di matrimonio - domanda congiunta (L. 121/85),Volontaria giurisdizione,411,curata,False,XSD_Cassazione_20260227/parte/base_v7/tipi-base.xsd
411601,Modifica delle condizioni di separazione,Volontaria giurisdizione,411,curata,False,XSD_Cassazione_20260227/parte/base_v7/tipi-base.xsd
411602,Modifica delle condizioni di divorzio,Volontaria giurisdizione,411,curata,False,XSD_Cassazione_20260227/parte/base_v7/tipi-base.xsd
411603,Attuazione dei provvedimenti sull'affidamento,Volontaria giurisdizione,411,curata,False,XSD_UNEP_20241106/XSD PLO118 FASE2 per SW House/schema/tipi-base.xsd
411610,Attribuzione di quota di pensione e di indennita di fine rapporto lavorativo,Volontaria giurisdizione,411,curata,False,XSD_Cassazione_20260227/parte/base_v7/tipi-base.xsd
411620,Adozione di maggiorenni,Volontaria giurisdizione,411,curata,False,XSD_Cassazione_20260227/parte/base_v7/tipi-base.xsd
411630,Dichiarazione giudiziale di paternita e maternita naturale -amissibilita,Volontaria giurisdizione,411,curata,False,XSD_Cassazione_20260227/parte/base_v7/tipi-base.xsd
411640,Fondo patrimoniale (artt. 167 e ss. c.c.),Volontaria giurisdizione,411,curata,False,XSD_Cassazione_20260227/parte/base_v7/tipi-base.xsd
411641,Sostituzione dell'amministratore del patrimonio familiare,Volontaria giurisdizione,411,curata,False,XSD_UNEP_20241106/XSD PLO118 FASE2 per SW House/schema/tipi-base.xsd
411650,"Matrimonio (pubblicazioni matrimoniali ex artt. 93 e ss. c.c., nulla osta al matrimonio dello straniero, etc.)",Volontaria giurisdizione,411,curata,False,XSD_Cassazione_20260227/parte/base_v7/tipi-base.xsd
411660,Sequestro dei beni del coniuge separato (art. 156 c.c.),Volontaria giurisdizione,411,curata,False,XSD_Cassazione_20260227/parte/base_v7/tipi-base.xsd
411670,Fondo solidarietà ex L. 208/2015,Volontaria giurisdizione,411,curata,False,XSD_SICI_20260116/XSD_SICI_20260116/Atti/sici/tipi-base.xsd
411671,Separazione consensuale e divorzio congiunto (Cessazione effetti civili),Volontaria giurisdizione,411,curata,False,XSD_SICI_20260116/XSD_SICI_20260116/Atti/sici/tipi-base.xsd
411672,Separazione consensuale e divorzio congiunto (Scioglimento matrimonio),Volontaria giurisdizione,411,curata,False,XSD_SICI_20260116/XSD_SICI_20260116/Atti/sici/tipi-base.xsd
411673,Modifica delle condizioni di separazione (ricorso congiunto),Volontaria giurisdizione,411,curata,False,XSD_SICI_20260116/XSD_SICI_20260116/Atti/sici/tipi-base.xsd
411674,Divorzio congiunto - Cessazione effetti civili,Volontaria giurisdizione,411,curata,False,XSD_SICI_20260116/XSD_SICI_20260116/Atti/sici/tipi-base.xsd
411675,Modifica delle condizioni di divorzio (ricorso congiunto),Volontaria giurisdizione,411,curata,False,XSD_SICI_20260116/XSD_SICI_20260116/Atti/sici/tipi-base.xsd
411676,Divorzio congiunto - Scioglimento matrimonio,Volontaria giurisdizione,411,curata,False,XSD_SICI_20260116/XSD_SICI_20260116/Atti/sici/tipi-base.xsd
411677,Regolamentazione dell'esercizio della responsabilita' genitoriale (ricorso congiunto),Volontaria giurisdizione,411,curata,False,XSD_SICI_20260116/XSD_SICI_20260116/Atti/sici/tipi-base.xsd
411678,Modifica condizioni regolamentaz. esercizio responsabilita' genitoriale (ricorso congiunto),Volontaria giurisdizione,411,curata,False,XSD_SICI_20260116/XSD_SICI_20260116/Atti/sici/tipi-base.xsd
411679,Fondo patrimoniale (artt. 167 e ss. c.c.),Volontaria giurisdizione,411,curata,False,XSD_SICI_20260116/XSD_SICI_20260116/Atti/sici/tipi-base.xsd
411680,Sostituzione dell'amministratore del patrimonio familiare,Volontaria giurisdizione,411,curata,False,XSD_SICI_20260116/XSD_SICI_20260116/Atti/sici/tipi-base.xsd
411681,Stato civile (rettifica del nome e altri atti dello Stato civile),Volontaria giurisdizione,411,curata,False,XSD_SICI_20260116/XSD_SICI_20260116/Atti/sici/tipi-base.xsd
411682,Dichiarazione di assenza o di morte presunta (COLLEGIO),Volontaria giurisdizione,411,curata,False,XSD_SICI_20260116/XSD_SICI_20260116/Atti/sici/tipi-base.xsd
411683,Adozione di maggiorenni,Volontaria giurisdizione,411,curata,False,XSD_SICI_20260116/XSD_SICI_20260116/Atti/sici/tipi-base.xsd
411684,Esecutorieta sentenza Sacra Rota nullita di matrimonio (L. 121/85),Volontaria giurisdizione,411,curata,False,XSD_SICI_20260116/XSD_SICI_20260116/Atti/sici/tipi-base.xsd
411685,Accertamento dei requisiti sentenza straniera di divorzio (art. 67 L. 218/95),Volontaria giurisdizione,411,curata,False,XSD_SICI_20260116/XSD_SICI_20260116/Atti/sici/tipi-base.xsd
411686,Esecutorieta sentenza Sacra Rota nullita di matrimonio - domanda congiunta,Volontaria giurisdizione,411,curata,False,XSD_SICI_20260116/XSD_SICI_20260116/Atti/sici/tipi-base.xsd
411687,"Matrimonio (pubbl.ni matrimoniali ex artt. 93 e ss. cc, nulla osta al matrim.)",Volontaria giurisdizione,411,curata,False,XSD_SICI_20260116/XSD_SICI_20260116/Atti/sici/tipi-base.xsd
411688,Istanza per la nomina del curatore speciale del minore,Volontaria giurisdizione,411,curata,False,XSD_SICI_20260116/XSD_SICI_20260116/Atti/sici/tipi-base.xsd
411689,Assunzione del cognome del genitore da parte del figlio naturale minorenne (art. 262 Cod. Civ.),Volontaria giurisdizione,411,curata,False,XSD_SICI_20260116/XSD_SICI_20260116/Atti/sici/tipi-base.xsd
411703,Accordi ex art. 6 d.l. n.132 del 2014,Volontaria giurisdizione,411,curata,False,XSD_SICI_20260116/XSD_SICI_20260116/Atti/sici/tipi-base.xsd
411706,Separazione consensuale,Volontaria giurisdizione,411,curata,False,XSD_SICI_20260116/XSD_SICI_20260116/Atti/sici/tipi-base.xsd
411999,Altri istituti di diritto di famiglia (es. mantenimento figli naturali e legittimi),Volontaria giurisdizione,411,curata,False,XSD_SICI_20260116/XSD_SICI_20260116/Atti/sici/tipi-base.xsd
412301,"Deprecato (Non Iscrivibile) - Procedimenti per la dichiarazione di adottabilita (artt. 8, 9, 11 e 12 L. n. 184/1983)",Volontaria giurisdizione,412,curata,False,XSD_SICI_20260116/XSD_SICI_20260116/Atti/sici/tipi-base.xsd
412302,Deprecato (Non Iscrivibile) - Dichiarazione di disponibilita all'adozione (art. 22 L. n. 184/1983),Volontaria giurisdizione,412,curata,False,XSD_SICI_20260116/XSD_SICI_20260116/Atti/sici/tipi-base.xsd
412303,Impugnazione decreto affidamento preadottivo (art. 24 L. n. 184/1983),Volontaria giurisdizione,412,curata,False,XSD_SICI_20260116/XSD_SICI_20260116/Atti/sici/tipi-base.xsd
412304,Opposizioni a dichiarazioni di adottabilita (art.17 L. n. 184/1983),Volontaria giurisdizione,412,curata,False,XSD_SICI_20260116/XSD_SICI_20260116/Atti/sici/tipi-base.xsd
412305,Adozione in casi particolari (art. 44 lett. a L. n. 184/1983 - vincolo di parentela),Volontaria giurisdizione,412,curata,False,XSD_SICI_20260116/XSD_SICI_20260116/Atti/sici/tipi-base.xsd
412306,Adozione in casi particolari (art. 44 lett. b L. n. 184/1983 - figlio adottivo dell'altro coniuge),Volontaria giurisdizione,412,curata,False,XSD_SICI_20260116/XSD_SICI_20260116/Atti/sici/tipi-base.xsd
412307,Deprecato (Non Iscrivibile) - Adozione in casi particolari (art. 44 lett. c L. n. 184/1983 - impossibilita affidamento preadottivo),Volontaria giurisdizione,412,curata,False,XSD_SICI_20260116/XSD_SICI_20260116/Atti/sici/tipi-base.xsd
412308,Idoneita all'adozione di minori stranieri (art.30 L. n. 184/1983),Volontaria giurisdizione,412,curata,False,XSD_SICI_20260116/XSD_SICI_20260116/Atti/sici/tipi-base.xsd
412309,Deprecato (Non Iscrivibile) - Dichiarazioni di efficacia di provvedimenti stranieri in materia di adozione (art.32 L. n. 184/1983),Volontaria giurisdizione,412,curata,False,XSD_SICI_20260116/XSD_SICI_20260116/Atti/sici/tipi-base.xsd
412310,Impugnazione sentenza di adozione (art. 26 L. n. 184/1983),Volontaria giurisdizione,412,curata,False,XSD_SICI_20260116/XSD_SICI_20260116/Atti/sici/tipi-base.xsd
412311,Adozione in casi particolari (art. 44 lett. d L. n. 184/1983 - impossibilita' affidamento preadottivo),Volontaria giurisdizione,412,curata,False,XSD_SICI_20260116/XSD_SICI_20260116/Atti/sici/tipi-base.xsd
412312,Adozione in casi particolari (art. 44 lett. c L. n. 184/1983 - minore orfano e portatore di handicap),Volontaria giurisdizione,412,curata,False,XSD_SICI_20260116/XSD_SICI_20260116/Atti/sici/tipi-base.xsd
412313,Procedimento di adozione ex art. 35 co. 2 L. 184/1983 (ratifica adozione estera),Volontaria giurisdizione,412,curata,False,XSD_SICI_20260116/XSD_SICI_20260116/Atti/sici/tipi-base.xsd
412314,Procedimento di adozione ex art. 35 co. 4 L. 184/1983 (ratifica adozione estera con affido preadottivo),Volontaria giurisdizione,412,curata,False,XSD_SICI_20260116/XSD_SICI_20260116/Atti/sici/tipi-base.xsd
412315,Procedimento di adozione ex art. 36 co. 2 L. 184/1983 (Paesi non Aja),Volontaria giurisdizione,412,curata,False,XSD_SICI_20260116/XSD_SICI_20260116/Atti/sici/tipi-base.xsd
412316,Procedimento di adozione ex art. 36 co. 4 L. 184/1983 (cittadini italiani residenti all'estero),Volontaria giurisdizione,412,curata,False,XSD_SICI_20260116/XSD_SICI_20260116/Atti/sici/tipi-base.xsd
412317,Revoca dello stato di adottabilita' (Art. 21 L. 184/1983),Volontaria giurisdizione,412,curata,False,XSD_SICI_20260116/XSD_SICI_20260116/Atti/sici/tipi-base.xsd
412318,Revoca adozione in casi particolari per fatto dell'adottato (Art. 51 L. n. 184/1983),Volontaria giurisdizione,412,curata,False,XSD_SICI_20260116/XSD_SICI_20260116/Atti/sici/tipi-base.xsd
412319,Revoca adozione in casi particolari per fatto dell'adottante (Art. 52 L. n. 184/1983),Volontaria giurisdizione,412,curata,False,XSD_SICI_20260116/XSD_SICI_20260116/Atti/sici/tipi-base.xsd
412320,Revoca decreto di idoneita' adozione internazionale (art. 30 co. 4 L. 184/1983),Volontaria giurisdizione,412,curata,False,XSD_SICI_20260116/XSD_SICI_20260116/Atti/sici/tipi-base.xsd
412321,Autorizzazione al rilascio degli atti di cui all'art. 28 L. 184/1983,Volontaria giurisdizione,412,curata,False,XSD_SICI_20260116/XSD_SICI_20260116/Atti/sici/tipi-base.xsd
412400,Deprecato (Non Iscrivibile) - Affidamento minori,Volontaria giurisdizione,412,curata,False,XSD_SICI_20260116/XSD_SICI_20260116/Atti/sici/tipi-base.xsd
412401,Deprecato (Non Iscrivibile) - Regolamentazione della potesta fra genitori (art. 317 bis),Volontaria giurisdizione,412,curata,False,XSD_SICI_20260116/XSD_SICI_20260116/Atti/sici/tipi-base.xsd
412420,Deprecato (Non Iscrivibile) - Regolamentazione visite,Volontaria giurisdizione,412,curata,False,XSD_SICI_20260116/XSD_SICI_20260116/Atti/sici/tipi-base.xsd
412421,Affidamento minori (ante Riforma Cartabia),Volontaria giurisdizione,412,curata,False,XSD_SICI_20260116/XSD_SICI_20260116/Atti/sici/tipi-base.xsd
412501,Ammissione al matrimonio del minore (art.84),Volontaria giurisdizione,412,curata,False,XSD_SICI_20260116/XSD_SICI_20260116/Atti/sici/tipi-base.xsd
412502,Deprecato (Non Iscrivibile) - Assunzione del cognome del genitore da parte del figlio naturale minorenne (art.262),Volontaria giurisdizione,412,curata,False,XSD_SICI_20260116/XSD_SICI_20260116/Atti/sici/tipi-base.xsd
412503,Deprecato (Non Iscrivibile) - Procedimenti per l'ammissibilita dell'azione di dichiarazione giudiziale di paternita' o maternita' riguardante minori (art.274) (contenzioso),Volontaria giurisdizione,412,curata,False,XSD_SICI_20260116/XSD_SICI_20260116/Atti/sici/tipi-base.xsd
412504,Deprecato (Non Iscrivibile) - Autorizzazione all'impugnazione di riconoscimento di paternita o maternita riguardante minori (artt.74 e 264) (contenzioso),Volontaria giurisdizione,412,curata,False,XSD_SICI_20260116/XSD_SICI_20260116/Atti/sici/tipi-base.xsd
412505,"Misure amministrative applicate ai minori (R.D. L.20/7/34 n. 1404, art 25)",Volontaria giurisdizione,412,curata,False,XSD_SICI_20260116/XSD_SICI_20260116/Atti/sici/tipi-base.xsd
412506,Costituzione di usufrutto,Volontaria giurisdizione,412,curata,False,XSD_SICI_20260116/XSD_SICI_20260116/Atti/sici/tipi-base.xsd
412507,Autorizzazione al riconoscimento (art. 251 Cod. Civ.),Volontaria giurisdizione,412,curata,False,XSD_SICI_20260116/XSD_SICI_20260116/Atti/sici/tipi-base.xsd
412601,Interdizione e inabilitazione ex art. 416 Cod. Civ.,Volontaria giurisdizione,412,curata,False,XSD_SICI_20260116/XSD_SICI_20260116/Atti/sici/tipi-base.xsd
412701,Autorizzazione per i genitori stranieri all'ingresso o alla permanenza in Italia a seguito del minore (art. 31 co.3 D. Lgs. 286/1998),Volontaria giurisdizione,412,curata,False,XSD_SICI_20260116/XSD_SICI_20260116/Atti/sici/tipi-base.xsd
412702,Accertamento dell'eta' del minore (art. 19-bis D. Lgs 142/2015),Volontaria giurisdizione,412,curata,False,XSD_SICI_20260116/XSD_SICI_20260116/Atti/sici/tipi-base.xsd
412999,Altri procedimenti,Volontaria giurisdizione,412,curata,False,XSD_SICI_20260116/XSD_SICI_20260116/Atti/sici/tipi-base.xsd
413001,Rappresentanza ed atti di amministrazione straordinaria di beni di figli minori (art. 320 c.c.),Volontaria giurisdizione,413,curata,False,XSD_SICI_20260116/XSD_SICI_20260116/Atti/sici/tipi-base.xsd
413002,"Nomina di curatore speciale (artt. 320, ult. comma e 321 c.c., art. 45 Disp. Att. C.C.)",Volontaria giurisdizione,413,curata,False,XSD_SICI_20260116/XSD_SICI_20260116/Atti/sici/tipi-base.xsd
413003,Vigilanza del giudice tutelare sull'osservanza delle condizioni stabilite dal Tribunale per l'esercizio della potesta e per l'amministrazione dei beni (art. 337 C.C.),Volontaria giurisdizione,413,curata,False,XSD_SICI_20260116/XSD_SICI_20260116/Atti/sici/tipi-base.xsd
413010,Apertura della tutela (art. 343 c.c.),Volontaria giurisdizione,413,curata,False,XSD_SICI_20260116/XSD_SICI_20260116/Atti/sici/tipi-base.xsd
413011,Provvedimenti urgenti prima dell'assunzione delle funzioni del tutore o del protutore (art. 361 c.c.),Volontaria giurisdizione,413,curata,False,XSD_SICI_20260116/XSD_SICI_20260116/Atti/sici/tipi-base.xsd
413012,Nomina del cancelliere o del notaio per la formazione dell'inventario (art. 363 c.c.),Volontaria giurisdizione,413,curata,False,XSD_SICI_20260116/XSD_SICI_20260116/Atti/sici/tipi-base.xsd
413013,Provvedimenti circa l'educazione e l'amministraz di beni del minore ex art. 371 C.C.,Volontaria giurisdizione,413,curata,False,XSD_SICI_20260116/XSD_SICI_20260116/Atti/sici/tipi-base.xsd
413014,"Autorizzazioni del giudice tutelare ex artt. 372, 373 e 374 c.c.",Volontaria giurisdizione,413,curata,False,XSD_SICI_20260116/XSD_SICI_20260116/Atti/sici/tipi-base.xsd
413015,"Autorizzazioni e pareri del giudice tutelare su atti del curatore dell'emancipato e dell'inabilitato, ex artt. 394, 424 e ss. c.c.",Volontaria giurisdizione,413,curata,False,XSD_SICI_20260116/XSD_SICI_20260116/Atti/sici/tipi-base.xsd
413016,Rifiuto del consenso da parte del curatore ex art. 395 c.c.,Volontaria giurisdizione,413,curata,False,XSD_SICI_20260116/XSD_SICI_20260116/Atti/sici/tipi-base.xsd
413017,Apertura della Curatela,Volontaria giurisdizione,413,curata,False,XSD_SICI_20260116/XSD_SICI_20260116/Atti/sici/tipi-base.xsd
413018,Apertura della Vigilanza sui Minori,Volontaria giurisdizione,413,curata,False,XSD_SICI_20260116/XSD_SICI_20260116/Atti/sici/tipi-base.xsd
413020,"Interruzione volontaria di gravidanza di minore (art. 12, L. n. 194/1978)",Volontaria giurisdizione,413,curata,False,XSD_SICI_20260116/XSD_SICI_20260116/Atti/sici/tipi-base.xsd
413030,"Affido familiare consensuale (art. 4, L. n. 184/1983)",Volontaria giurisdizione,413,curata,False,XSD_SICI_20260116/XSD_SICI_20260116/Atti/sici/tipi-base.xsd
413040,"Autorizzazione al rilascio di documento valido per l'espatrio (art. 3 lett. A-B, L. n. 1185/1967)",Volontaria giurisdizione,413,curata,False,XSD_SICI_20260116/XSD_SICI_20260116/Atti/sici/tipi-base.xsd
413050,Trattamento Sanitario Obbligatorio ed amministrazione provvisoria (L. n. 833/1978),Volontaria giurisdizione,413,curata,False,XSD_SICI_20260116/XSD_SICI_20260116/Atti/sici/tipi-base.xsd
413061,"Apertura amministrazione di sostegno (artt. 404 e segg., c.c.)",Volontaria giurisdizione,413,curata,False,XSD_SICI_20260116/XSD_SICI_20260116/Atti/sici/tipi-base.xsd
413062,Autorizzazioni del notaio ex art. art. 21 D.Lgs. 149/2022,Volontaria giurisdizione,413,curata,False,XSD_SICI_20260116/XSD_SICI_20260116/Atti/sici/tipi-base.xsd
413999,Altri istituti di competenza del giudice tutelare,Volontaria giurisdizione,413,curata,False,XSD_SICI_20260116/XSD_SICI_20260116/Atti/sici/tipi-base.xsd
418001,Ottemperanza sentenze TSAP,Tribunale Superiore delle Acque Pubbliche,418,curata,False,XSD_SICI_20260116/XSD_SICI_20260116/Atti/sici/tipi-base.xsd
418002,Declaratoria illegittimita' del silenzio della P.A.,Tribunale Superiore delle Acque Pubbliche,418,curata,False,XSD_SICI_20260116/XSD_SICI_20260116/Atti/sici/tipi-base.xsd
418099,Altre controversie di competenza del TSAP da trattare in camera di consiglio,Tribunale Superiore delle Acque Pubbliche,418,curata,False,XSD_SICI_20260116/XSD_SICI_20260116/Atti/sici/tipi-base.xsd
420300,Accettazione eredita con beneficio di inventario (art. 484 cc),Volontaria giurisdizione,420,curata,False,XSD_SICI_20260116/XSD_SICI_20260116/Atti/sici/tipi-base.xsd
420301,Nomina del curatore dell'eredita rilasciata ex art. 508 c.c.,Volontaria giurisdizione,420,curata,False,XSD_SICI_20260116/XSD_SICI_20260116/Atti/sici/tipi-base.xsd
420302,Nomina del curatore dell'eredita giacente (art. 528 c.c.),Volontaria giurisdizione,420,curata,False,XSD_SICI_20260116/XSD_SICI_20260116/Atti/sici/tipi-base.xsd
420303,Autorizzazioni al curatore dell'eredita giacente per gli atti eccedenti l'ordinaria amministrazione (artt. 782 c.p.c. e 530 c.c.),Volontaria giurisdizione,420,curata,False,XSD_SICI_20260116/XSD_SICI_20260116/Atti/sici/tipi-base.xsd
420304,Accettazione Esecutore Testamentario,Volontaria giurisdizione,420,curata,False,XSD_SICI_20260116/XSD_SICI_20260116/Atti/sici/tipi-base.xsd
420305,Rinuncia Esecutore Testamentario,Volontaria giurisdizione,420,curata,False,XSD_SICI_20260116/XSD_SICI_20260116/Atti/sici/tipi-base.xsd
420310,Proroga per la redazione dell'inventario dell'eredita accettata con beneficio di inventario ex art. 485 c.c.,Volontaria giurisdizione,420,curata,False,XSD_SICI_20260116/XSD_SICI_20260116/Atti/sici/tipi-base.xsd
420311,Autorizzazione all'alienazione di beni di eredita accettata con beneficio d'inventario (art. 493 c.c.),Volontaria giurisdizione,420,curata,False,XSD_SICI_20260116/XSD_SICI_20260116/Atti/sici/tipi-base.xsd
420320,Vendita di beni ereditari beni mobili,Volontaria giurisdizione,420,curata,False,XSD_SICI_20260116/XSD_SICI_20260116/Atti/sici/tipi-base.xsd
420321,Vendita di beni ereditari: beni immobili (COLLEGIO),Volontaria giurisdizione,420,curata,False,XSD_SICI_20260116/XSD_SICI_20260116/Atti/sici/tipi-base.xsd
420325,Vendita beni ereditari mobili ante accettazione ex art. 460 cc,Volontaria giurisdizione,420,curata,False,XSD_SICI_20260116/XSD_SICI_20260116/Atti/sici/tipi-base.xsd
420326,Vendita beni ereditari immobili ante accettazione ex art. 460 cc,Volontaria giurisdizione,420,curata,False,XSD_SICI_20260116/XSD_SICI_20260116/Atti/sici/tipi-base.xsd
420330,"Fissazione termini in materia successoria (artt. 749 c.p.c., 481 e 496 c.c.)",Volontaria giurisdizione,420,curata,False,XSD_SICI_20260116/XSD_SICI_20260116/Atti/sici/tipi-base.xsd
420331,Apposizione e rimozione sigilli in materia successoria (artt. 752-762 e ss. c.p.c.),Volontaria giurisdizione,420,curata,False,XSD_SICI_20260116/XSD_SICI_20260116/Atti/sici/tipi-base.xsd
420332,Nomina dell'ufficiale che procede all'inventario ex art. 769 c.p.c.,Volontaria giurisdizione,420,curata,False,XSD_SICI_20260116/XSD_SICI_20260116/Atti/sici/tipi-base.xsd
420340,Rinunzia all'eredita (art. 519 cc),Volontaria giurisdizione,420,curata,False,XSD_SICI_20260116/XSD_SICI_20260116/Atti/sici/tipi-base.xsd
420999,Altri istituti di volontaria giurisdizione e procedimenti camerali in materia di successioni,Volontaria giurisdizione,420,curata,False,XSD_SICI_20260116/XSD_SICI_20260116/Atti/sici/tipi-base.xsd
451301,Decreto di omologa degli atti di societa di capitali,Volontaria giurisdizione,451,curata,False,XSD_Cassazione_20260227/parte/base_v7/tipi-base.xsd
451310,"Nomina di liquidatore (artt. 2275, 2450 c.c.)",Volontaria giurisdizione,451,curata,False,XSD_Cassazione_20260227/parte/base_v7/tipi-base.xsd
451311,Convocazione di assemblea ex art. 2367 c.c.,Volontaria giurisdizione,451,curata,False,XSD_Cassazione_20260227/parte/base_v7/tipi-base.xsd
451312,"Nomina di esperto (artt. 2343, 2440, 2498, 2501 quinquies,2504 novies c.c., etc.)",Volontaria giurisdizione,451,curata,False,XSD_Cassazione_20260227/parte/base_v7/tipi-base.xsd
451313,Denunzia ex art. 2409 c.c. (COLLEGIO),Volontaria giurisdizione,451,curata,False,XSD_Cassazione_20260227/parte/base_v7/tipi-base.xsd
451314,Nomina del rappresentante comune degli obbligazionisti e dei possessori delle azioni di risparmio (art. 2417 c.c.),Volontaria giurisdizione,451,curata,False,XSD_Cassazione_20260227/parte/base_v7/tipi-base.xsd
451320,Riduzione del capitale per perdite (art. 2446 c.c.) (COLLEGIO),Volontaria giurisdizione,451,curata,False,XSD_SICI_20260116/XSD_SICI_20260116/Atti/sici/tipi-base.xsd
451330,Ricorso al Giudice del Registro,Volontaria giurisdizione,451,curata,False,XSD_Cassazione_20260227/parte/base_v7/tipi-base.xsd
451999,Altri istituti di volontaria giurisdizione e procedimenti camerali in materia di diritto societario,Volontaria giurisdizione,451,curata,False,XSD_Cassazione_20260227/parte/base_v7/tipi-base.xsd
452330,Ricorso al giudice del Registro in materia non soggetta al d.l.vo n. 5/2003,Catalogo PST ufficiale,452,curata,False,XSD_Cassazione_20260227/parte/base_v7/tipi-base.xsd
453301,Decreto di omologa degli atti di societa di capitali (art. 2436 c.c.),Catalogo PST ufficiale,453,curata,False,XSD_Cassazione_20260227/parte/base_v7/tipi-base.xsd
453312,"Nomina di esperto (artt. 2343, 2343-bis, 2437-ter; 2501-sexies, 2545-undecies c.c., etc.)",Catalogo PST ufficiale,453,curata,False,XSD_Cassazione_20260227/parte/base_v7/tipi-base.xsd
453314,Nomina del rappresentante comune degli obbligazionisti e dei possessori delle azioni di risparmio (art. 2417 c.c.),Catalogo PST ufficiale,453,curata,False,XSD_Cassazione_20260227/parte/base_v7/tipi-base.xsd
453315,Nomina del rappresentante comune dei comproprietari di azioni (art. 2347 c.c.) e di quote (art. 2468 c.c.)obbligazionisti e dei possessori delle azioni di risparmio (art. 2417 c.c.),Catalogo PST ufficiale,453,curata,False,XSD_Cassazione_20260227/parte/base_v7/tipi-base.xsd
453330,Ricorso al giudice del Registro in materia soggetta al d.l.vo n. 5/2003,Catalogo PST ufficiale,453,curata,False,XSD_Cassazione_20260227/parte/base_v7/tipi-base.xsd
453410,"Nomina e revoca di liquidatore (artt. 2275, 2487 c.c.)",Catalogo PST ufficiale,453,curata,False,XSD_Cassazione_20260227/parte/base_v7/tipi-base.xsd
453411,Convocazione di assemblea (art. 2367 c.c.),Catalogo PST ufficiale,453,curata,False,XSD_Cassazione_20260227/parte/base_v7/tipi-base.xsd
453413,"Denunzia al tribunale (art. 2409, 2545-quinquiesdecies c.c.)",Catalogo PST ufficiale,453,curata,False,XSD_Cassazione_20260227/parte/base_v7/tipi-base.xsd
453420,"Riduzione del capitale per perdite (art. 2446, 2482-bis c.c.) (COLLEGIO)",Catalogo PST ufficiale,453,curata,False,XSD_Cassazione_20260227/parte/base_v7/tipi-base.xsd
453421,Approvazione della revoca dei sindaci (art. 2400),Catalogo PST ufficiale,453,curata,False,XSD_Cassazione_20260227/parte/base_v7/tipi-base.xsd
453422,"Opposizione dei creditori alla riduzione del capitale per recesso del socio (art. 2437-quater c.c.), alla riduzione per esuberanza (artt. 2445, 2482 c.c.), alla costituzione del patrimonio destinato (art. 2447-quater c.c.), alla revoca dell",Catalogo PST ufficiale,453,curata,False,XSD_Cassazione_20260227/parte/base_v7/tipi-base.xsd
453423,Decreto di accertamento dello scioglimento della societa (art. 2485 c.c.),Catalogo PST ufficiale,453,curata,False,XSD_Cassazione_20260227/parte/base_v7/tipi-base.xsd
453424,Decreto di cancellazione della societa dal registro delle imprese su istanza dell'autorita competente al rilascio delle autorizzazioni (art. 223 quater att. C.c.),Catalogo PST ufficiale,453,curata,False,XSD_Cassazione_20260227/parte/base_v7/tipi-base.xsd
453999,Altre materie soggette al procedimento camerale ex artt. 28 e segg. D.l.vo n. 5/2003,Catalogo PST ufficiale,453,curata,False,XSD_Cassazione_20260227/parte/base_v7/tipi-base.xsd
454001,Ricorso al giudice del Registro ex art. 2190 e 2191 c.c.,Volontaria giurisdizione,454,curata,False,XSD_SICI_20260116/XSD_SICI_20260116/Atti/sici/tipi-base.xsd
454002,Ricorso al giudice del Registro ex art. 2189 c.c.,Volontaria giurisdizione,454,curata,False,XSD_SICI_20260116/XSD_SICI_20260116/Atti/sici/tipi-base.xsd
455001,Nomina di liquidatore (artt. 2309 c.c.; art. 2315 c.c.),Volontaria giurisdizione,455,curata,False,XSD_SICI_20260116/XSD_SICI_20260116/Atti/sici/tipi-base.xsd
455999,Altre materie soggette al procedimento camerale – societa' di persone,Volontaria giurisdizione,455,curata,False,XSD_SICI_20260116/XSD_SICI_20260116/Atti/sici/tipi-base.xsd
471400,Procedure Concorsuali,Volontaria giurisdizione,471,curata,False,XSD_SICI_20260116/XSD_SICI_20260116/Atti/sici/tipi-base.xsd
471401,Istanza e ricorso per la dichiarazione di fallimento e relativo reclamo (art. 6-22 del R.D. n. 267/1942),Volontaria giurisdizione,471,curata,False,XSD_Cassazione_20260227/parte/base_v7/tipi-base.xsd
471402,Istanza per estensione di fallimento (art. 147 del R.D. n. 267/1942,Volontaria giurisdizione,471,curata,False,XSD_Cassazione_20260227/parte/base_v7/tipi-base.xsd
471403,Accertamento dello stato di insolvenza nella Liquidazione coatta amministrativa o nella Amministrazione straordinaria e relativo reclamo,Volontaria giurisdizione,471,curata,False,XSD_Cassazione_20260227/parte/base_v7/tipi-base.xsd
471404,ESDEBITAZIONE DEL DEBITORE INCAPIENTE (CCI),Volontaria giurisdizione,471,curata,False,XSD_UNEP_20241106/XSD PLO118 FASE2 per SW House/schema/tipi-base.xsd
471405,LIQUIDAZIONE COATTA AMMINISTRATIVA (CCI),Volontaria giurisdizione,471,curata,False,XSD_UNEP_20241106/XSD PLO118 FASE2 per SW House/schema/tipi-base.xsd
471410,Istanza di ammissione alla procedura di Amministrazione controllata e relativo reclamo (artt. 187 del R.D. n. 267/1942),Volontaria giurisdizione,471,curata,False,XSD_SICI_20260116/XSD_SICI_20260116/Atti/sici/tipi-base.xsd
471411,Istanza di ammissione alla procedura di Concordato preventivo (artt. 160 del R.D. n. 267/1942),Volontaria giurisdizione,471,curata,False,XSD_SICI_20260116/XSD_SICI_20260116/Atti/sici/tipi-base.xsd
471412,AMMINISTRAZIONE STRAORDINARIA PRODI BIS (CCI),Volontaria giurisdizione,471,curata,False,XSD_UNEP_20241106/XSD PLO118 FASE2 per SW House/schema/tipi-base.xsd
471413,AMMINISTRAZIONE STRAORDINARIA L.166/2004 MARZANO (CCI),Volontaria giurisdizione,471,curata,False,XSD_UNEP_20241106/XSD PLO118 FASE2 per SW House/schema/tipi-base.xsd
471414,ACCORDI DI RISTRUTTURAZIONE (CCI),Volontaria giurisdizione,471,curata,False,XSD_UNEP_20241106/XSD PLO118 FASE2 per SW House/schema/tipi-base.xsd
471415,CONCORDATO PREVENTIVO OMOLOGATO (CCI),Volontaria giurisdizione,471,curata,False,XSD_UNEP_20241106/XSD PLO118 FASE2 per SW House/schema/tipi-base.xsd
471416,LIQUIDAZIONE GIUDIZIALE (CCI),Volontaria giurisdizione,471,curata,False,XSD_UNEP_20241106/XSD PLO118 FASE2 per SW House/schema/tipi-base.xsd
471417,RISTRUTTURAZIONE DEI DEBITI (CCI),Volontaria giurisdizione,471,curata,False,XSD_UNEP_20241106/XSD PLO118 FASE2 per SW House/schema/tipi-base.xsd
471418,CONCORDATO MINORE (CCI),Volontaria giurisdizione,471,curata,False,XSD_UNEP_20241106/XSD PLO118 FASE2 per SW House/schema/tipi-base.xsd
471419,LIQUIDAZIONE CONTROLLATA (CCI),Volontaria giurisdizione,471,curata,False,XSD_UNEP_20241106/XSD PLO118 FASE2 per SW House/schema/tipi-base.xsd
471420,Conversione da fallimento in liquidazione coatta amministrativa (COLLEGIO),Volontaria giurisdizione,471,curata,False,XSD_SICI_20260116/XSD_SICI_20260116/Atti/sici/tipi-base.xsd
471421,Conversione da fallimento in amministrazione straordinaria (COLLEGIO),Volontaria giurisdizione,471,curata,False,XSD_SICI_20260116/XSD_SICI_20260116/Atti/sici/tipi-base.xsd
471422,Conversione da amministrazione straordinaria in fallimento (COLLEGIO),Volontaria giurisdizione,471,curata,False,XSD_SICI_20260116/XSD_SICI_20260116/Atti/sici/tipi-base.xsd
471423,Concordato Semplificato,Volontaria giurisdizione,471,curata,False,XSD_SICI_20260116/XSD_SICI_20260116/Atti/sici/tipi-base.xsd
471424,Concordato Semplificato CCI,Volontaria giurisdizione,471,curata,False,XSD_SICI_20260116/XSD_SICI_20260116/Atti/sici/tipi-base.xsd
471425,Piano di Ristrutturazione Omologato CCI,Volontaria giurisdizione,471,curata,False,XSD_SICI_20260116/XSD_SICI_20260116/Atti/sici/tipi-base.xsd
471430,"Procedimento di riabilitazione civile del fallito (art. 142 e ss., R.D. n. 267/1942)",Volontaria giurisdizione,471,curata,False,XSD_SICI_20260116/XSD_SICI_20260116/Atti/sici/tipi-base.xsd
471440,Reclamo avverso la chiusura del fallimento (artt. 118 e 119 L.F.),Volontaria giurisdizione,471,curata,False,XSD_SICI_20260116/XSD_SICI_20260116/Atti/sici/tipi-base.xsd
471999,Altri istituti di volontaria giurisdizione e procedimenti camerali in materia di fallimento e procedure concorsuali,Volontaria giurisdizione,471,curata,False,XSD_SICI_20260116/XSD_SICI_20260116/Atti/sici/tipi-base.xsd
472001,Apposizione sigilli,Volontaria giurisdizione,472,curata,False,XSD_SICI_20260116/XSD_SICI_20260116/Atti/sici/tipi-base.xsd
473450,PROCEDIMENTO UNITARIO,Volontaria giurisdizione,473,curata,False,XSD_UNEP_20241106/XSD PLO118 FASE2 per SW House/schema/tipi-base.xsd
473451,Ricorso per liquidazione giudiziale,Volontaria giurisdizione,473,curata,False,XSD_SICI_20260116/XSD_SICI_20260116/Atti/sici/tipi-base.xsd
473452,Ricorso fissazione termine per deposito proposta cp o accordi,Volontaria giurisdizione,473,curata,False,XSD_SICI_20260116/XSD_SICI_20260116/Atti/sici/tipi-base.xsd
473453,Ricorso per ammissione concordato preventivo,Volontaria giurisdizione,473,curata,False,XSD_SICI_20260116/XSD_SICI_20260116/Atti/sici/tipi-base.xsd
473454,Ricorso per omologa accordi di ristrutturazione,Volontaria giurisdizione,473,curata,False,XSD_SICI_20260116/XSD_SICI_20260116/Atti/sici/tipi-base.xsd
473455,Ricorso per la dichiarazione stato insolvenza (lca),Volontaria giurisdizione,473,curata,False,XSD_SICI_20260116/XSD_SICI_20260116/Atti/sici/tipi-base.xsd
473456,Ricorso per la dichiarazione stato insolvenza (asp),Volontaria giurisdizione,473,curata,False,XSD_SICI_20260116/XSD_SICI_20260116/Atti/sici/tipi-base.xsd
473457,Ricorso per la dichiarazione stato insolvenza (asm),Volontaria giurisdizione,473,curata,False,XSD_SICI_20260116/XSD_SICI_20260116/Atti/sici/tipi-base.xsd
473458,Ricorso ristrutturazione debiti del consumatore,Volontaria giurisdizione,473,curata,False,XSD_SICI_20260116/XSD_SICI_20260116/Atti/sici/tipi-base.xsd
473459,Ricorso concordato minore,Volontaria giurisdizione,473,curata,False,XSD_SICI_20260116/XSD_SICI_20260116/Atti/sici/tipi-base.xsd
473460,Ricorso liquidazione controllata,Volontaria giurisdizione,473,curata,False,XSD_SICI_20260116/XSD_SICI_20260116/Atti/sici/tipi-base.xsd
473461,Ricorso per Omologazione Piano di Ristrutturazione,Volontaria giurisdizione,473,curata,False,XSD_SICI_20260116/XSD_SICI_20260116/Atti/sici/tipi-base.xsd
481310,Nomina di liquidatore - Sez. Spec. Impresa,Volontaria giurisdizione,481,curata,False,XSD_SICI_20260116/XSD_SICI_20260116/Atti/sici/tipi-base.xsd
481311,Convocazione di assemblea ex art. 2367 c.c.,Volontaria giurisdizione,481,curata,False,XSD_SICI_20260116/XSD_SICI_20260116/Atti/sici/tipi-base.xsd
481312,"Nomina di esperto (artt. 2343, 2440, 2498, 2501 quinquies,2504 novies c.c., etc)",Volontaria giurisdizione,481,curata,False,XSD_SICI_20260116/XSD_SICI_20260116/Atti/sici/tipi-base.xsd
481313,Denunzia ex art. 2409 c.c.,Volontaria giurisdizione,481,curata,False,XSD_SICI_20260116/XSD_SICI_20260116/Atti/sici/tipi-base.xsd
481314,Nomina del rappresentante comune degli obbligazionisti e dei possessori delle az,Volontaria giurisdizione,481,curata,False,XSD_SICI_20260116/XSD_SICI_20260116/Atti/sici/tipi-base.xsd
481320,Riduzione del capitale per perdite (art. 2446 c.c.),Volontaria giurisdizione,481,curata,False,XSD_SICI_20260116/XSD_SICI_20260116/Atti/sici/tipi-base.xsd
481401,Misure protettive,Volontaria giurisdizione,481,curata,False,XSD_SICI_20260116/XSD_SICI_20260116/Atti/sici/tipi-base.xsd
481402,"Nomina esperto ex art. 17, lett. a",Volontaria giurisdizione,481,curata,False,XSD_SICI_20260116/XSD_SICI_20260116/Atti/sici/tipi-base.xsd
481403,Liquidazione compensi OCRI,Volontaria giurisdizione,481,curata,False,XSD_SICI_20260116/XSD_SICI_20260116/Atti/sici/tipi-base.xsd
481421,Approvazione della revoca dei sindaci (art. 2400),Volontaria giurisdizione,481,curata,False,XSD_SICI_20260116/XSD_SICI_20260116/Atti/sici/tipi-base.xsd
481422,"Procedure ex artt. 2437quat,2445,2482,2447quat,2487ter,2500nov,2503 c.c.",Volontaria giurisdizione,481,curata,False,XSD_SICI_20260116/XSD_SICI_20260116/Atti/sici/tipi-base.xsd
481423,Decreto di accertamento dello scioglimento della societa' (art. 2485 c.c.),Volontaria giurisdizione,481,curata,False,XSD_SICI_20260116/XSD_SICI_20260116/Atti/sici/tipi-base.xsd
481999,Altre materie soggette al procedimento camerale - Sez. Spec. Impresa,Volontaria giurisdizione,481,curata,False,XSD_SICI_20260116/XSD_SICI_20260116/Atti/sici/tipi-base.xsd
490999,Altri procedimenti camerali,Volontaria giurisdizione,490,curata,False,XSD_SICI_20260116/XSD_SICI_20260116/Atti/sici/tipi-base.xsd
510001,Espropriazione mobiliare presso il debitore,Esecuzioni mobiliari / obblighi,510,curata,False,XSD_SICI_20260116/XSD_SICI_20260116/Atti/sici/tipi-base.xsd
510001_O,Espropriazione mobiliare presso il debitore (pre L. 80/2005),"Esecuzioni forzate - mobiliari, immobiliari, esattoriali, consegna e rilascio, obblighi di fare/non fare",510001,curata,False,
510002,Espropriazione mobiliare presso terzi,Esecuzioni mobiliari / obblighi,510,curata,False,XSD_SICI_20260116/XSD_SICI_20260116/Atti/sici/tipi-base.xsd
510002_O,Espropriazione mobiliare presso terzi (pre L. 80/2005),"Esecuzioni forzate - mobiliari, immobiliari, esattoriali, consegna e rilascio, obblighi di fare/non fare",510002,curata,False,
510011,"Conversione del sequestro in pignoramento (artt. 686,156 att. cpc)",Esecuzioni mobiliari / obblighi,510,curata,False,XSD_SICI_20260116/XSD_SICI_20260116/Atti/sici/tipi-base.xsd
510012,Espropriazione Mobiliare presso il debitore (CARTABIA),Esecuzioni mobiliari / obblighi,510,curata,False,XSD_SICI_20260116/XSD_SICI_20260116/Atti/sici/tipi-base.xsd
510100,Deposito verbale di pagamento a mani dell'Ufficiale Giudiziario,Esecuzioni mobiliari / obblighi,510,curata,False,XSD_SICI_20260116/XSD_SICI_20260116/Atti/sici/tipi-base.xsd
511010,"Istanza di rifissazione dello sfratto ex art. 6, L. n. 431/1998",Esecuzioni mobiliari / obblighi,511,curata,False,XSD_SICI_20260116/XSD_SICI_20260116/Atti/sici/tipi-base.xsd
511011,"Istanza di decadenza da sospensione dello sfratto ex art. 6, L. n. 431/1998",Esecuzioni mobiliari / obblighi,511,curata,False,XSD_SICI_20260116/XSD_SICI_20260116/Atti/sici/tipi-base.xsd
511012,Esecuzione ex artt. 605-611 c.p.c.,Esecuzioni mobiliari / obblighi,511,curata,False,XSD_SICI_20260116/XSD_SICI_20260116/Atti/sici/tipi-base.xsd
511013,Liquidazione delle spese di esecuzione ex art. 611 c.p.c,Esecuzioni mobiliari / obblighi,511,curata,False,XSD_SICI_20260116/XSD_SICI_20260116/Atti/sici/tipi-base.xsd
511100,"Deposito verbale adempimenti dell'Uff. Giudiziario in materia di sfratto o rilascio di immobile o di terreno, di riconsegna di cose mobili e reintegra nel possesso",Esecuzioni mobiliari / obblighi,511,curata,False,XSD_SICI_20260116/XSD_SICI_20260116/Atti/sici/tipi-base.xsd
511999,Altre ipotesi,Esecuzioni mobiliari / obblighi,511,curata,False,XSD_SICI_20260116/XSD_SICI_20260116/Atti/sici/tipi-base.xsd
512020,Esecuzione forzata di obblighi di fare e di non fare,Esecuzioni mobiliari / obblighi,512,curata,False,XSD_SICI_20260116/XSD_SICI_20260116/Atti/sici/tipi-base.xsd
512021,Rimborso spese di esecuzione (art. 614 c.p.c.),Esecuzioni mobiliari / obblighi,512,curata,False,XSD_SICI_20260116/XSD_SICI_20260116/Atti/sici/tipi-base.xsd
512022,Ricorso per misure di coercizione indiretta (art. 614-bis),Esecuzioni mobiliari / obblighi,512,curata,False,XSD_SICI_20260116/XSD_SICI_20260116/Atti/sici/tipi-base.xsd
520001,Ricorso all'esattore per l'autorizzazione a trattenere la somma ricavata dalla vendita (R.D. 639/1910),Esecuzioni mobiliari / obblighi,520,curata,False,XSD_SICI_20260116/XSD_SICI_20260116/Atti/sici/tipi-base.xsd
520002,Vendita del pegno,Esecuzioni mobiliari / obblighi,520,curata,False,XSD_SICI_20260116/XSD_SICI_20260116/Atti/sici/tipi-base.xsd
520003,Esecuzione forzata per l'espropriazione del marchio,Esecuzioni mobiliari / obblighi,520,curata,False,XSD_SICI_20260116/XSD_SICI_20260116/Atti/sici/tipi-base.xsd
520004,Vendita di navi e aeromobili,Esecuzioni mobiliari / obblighi,520,curata,False,XSD_SICI_20260116/XSD_SICI_20260116/Atti/sici/tipi-base.xsd
520005,Esecuzione esattoriale Mobiliare,Esecuzioni mobiliari / obblighi,520,curata,False,XSD_SICI_20260116/XSD_SICI_20260116/Atti/sici/tipi-base.xsd
520006,Esecuzione esattoriale Mobiliare presso terzi,Esecuzioni mobiliari / obblighi,520,curata,False,XSD_SICI_20260116/XSD_SICI_20260116/Atti/sici/tipi-base.xsd
520999,Altre ipotesi,Esecuzioni mobiliari / obblighi,520,curata,False,XSD_SICI_20260116/XSD_SICI_20260116/Atti/sici/tipi-base.xsd
530011,Opposizione all'esecuzione mobiliare,Esecuzioni mobiliari / obblighi,530,curata,False,XSD_SICI_20260116/XSD_SICI_20260116/Atti/sici/tipi-base.xsd
530021,Opposizione agli atti esecutivi mobiliari,Esecuzioni mobiliari / obblighi,530,curata,False,XSD_SICI_20260116/XSD_SICI_20260116/Atti/sici/tipi-base.xsd
530031,Opposizione di terzo all'esecuzione mobiliare,Esecuzioni mobiliari / obblighi,530,curata,False,XSD_SICI_20260116/XSD_SICI_20260116/Atti/sici/tipi-base.xsd
610001,Espropriazione immobiliare,Esecuzioni immobiliari,610,curata,False,XSD_SICI_20260116/XSD_SICI_20260116/Atti/sici/tipi-base.xsd
610001_O,Espropriazione immobiliare (pre L. 80/2005),"Esecuzioni forzate - mobiliari, immobiliari, esattoriali, consegna e rilascio, obblighi di fare/non fare",610001,curata,False,
610011,"Conversione del sequestro in pignoramento (artt.686, 156 att. c.p.c.)",Esecuzioni immobiliari,610,curata,False,XSD_SICI_20260116/XSD_SICI_20260116/Atti/sici/tipi-base.xsd
610012,Espropriazione Immobiliare (CARTABIA),Esecuzioni immobiliari,610,curata,False,XSD_SICI_20260116/XSD_SICI_20260116/Atti/sici/tipi-base.xsd
620001,Esecuzione esattoriale Immobiliare,Esecuzioni immobiliari,620,curata,False,XSD_SICI_20260116/XSD_SICI_20260116/Atti/sici/tipi-base.xsd
630012,Opposizione all'esecuzione immobiliare,Esecuzioni immobiliari,630,curata,False,XSD_SICI_20260116/XSD_SICI_20260116/Atti/sici/tipi-base.xsd
630022,Opposizione agli atti esecutivi immobiliari,Esecuzioni immobiliari,630,curata,False,XSD_SICI_20260116/XSD_SICI_20260116/Atti/sici/tipi-base.xsd
630032,Opposizione del terzo all'esecuzione immobiliare,Esecuzioni immobiliari,630,curata,False,XSD_SICI_20260116/XSD_SICI_20260116/Atti/sici/tipi-base.xsd
700001,Asseverazione di perizia,"Affari amministrativi, stragiudiziali e non contenziosi",700,curata,False,XSD_SICI_20260116/XSD_SICI_20260116/Atti/sici/tipi-base.xsd
700002,Asseverazione di traduzione,"Affari amministrativi, stragiudiziali e non contenziosi",700,curata,False,XSD_SICI_20260116/XSD_SICI_20260116/Atti/sici/tipi-base.xsd
700011,Atto notorio,"Affari amministrativi, stragiudiziali e non contenziosi",700,curata,False,XSD_SICI_20260116/XSD_SICI_20260116/Atti/sici/tipi-base.xsd
700012,Dichiarazione sostitutiva di atto notorio,"Affari amministrativi, stragiudiziali e non contenziosi",700,curata,False,XSD_SICI_20260116/XSD_SICI_20260116/Atti/sici/tipi-base.xsd
701001,Autenticazione di documento,"Affari amministrativi, stragiudiziali e non contenziosi",701,curata,False,XSD_SICI_20260116/XSD_SICI_20260116/Atti/sici/tipi-base.xsd
701002,Autenticazione di firma,"Affari amministrativi, stragiudiziali e non contenziosi",701,curata,False,XSD_SICI_20260116/XSD_SICI_20260116/Atti/sici/tipi-base.xsd
701003,Autenticazione di fotografia,"Affari amministrativi, stragiudiziali e non contenziosi",701,curata,False,XSD_SICI_20260116/XSD_SICI_20260116/Atti/sici/tipi-base.xsd
709999,Altri atti amministrativi,"Affari amministrativi, stragiudiziali e non contenziosi",709,curata,False,XSD_SICI_20260116/XSD_SICI_20260116/Atti/sici/tipi-base.xsd
710001,Istanza di Conciliazione,"Affari amministrativi, stragiudiziali e non contenziosi",710,curata,False,XSD_SICI_20260116/XSD_SICI_20260116/Atti/sici/tipi-base.xsd
B00000,Migrazione,Catalogo PST ufficiale,B00,curata,False,XSD_UNEP_20241106/XSD PLO118 FASE2 per SW House/schema/tipi-base.xsd
B01001,Autorizzazione al rilascio degli atti di cui all'art. 28 co.3 L. 184/1983 - Adottato minorenne,Catalogo PST ufficiale,B01,curata,False,XSD_SICI_20260116/XSD_SICI_20260116/Atti/sici/tipi-base.xsd
B01002,Autorizzazione al rilascio degli atti di cui all'art. 28 co.3 L. 184/1983 - Adottato maggiorenne,Catalogo PST ufficiale,B01,curata,False,XSD_SICI_20260116/XSD_SICI_20260116/Atti/sici/tipi-base.xsd
B01003,Istanza per l'accesso alle informazioni sulla famiglia d'origine (art. 28 co. 4 L. 184/1983) - Adottato minorenne,Catalogo PST ufficiale,B01,curata,False,XSD_SICI_20260116/XSD_SICI_20260116/Atti/sici/tipi-base.xsd
B01004,Istanza per l'accesso alle informazioni sulla famiglia d'origine (art. 28 co. 5 L. 184/1983) - Adottato maggiorenne (> 18 e < 25 anni),Catalogo PST ufficiale,B01,curata,False,XSD_SICI_20260116/XSD_SICI_20260116/Atti/sici/tipi-base.xsd
B01005,Istanza per l'accesso alle informazioni sulla famiglia d'origine (art. 28 co. 5 L. 184/1983) - Adottato maggiorenne (>= 25 anni),Catalogo PST ufficiale,B01,curata,False,XSD_SICI_20260116/XSD_SICI_20260116/Atti/sici/tipi-base.xsd
B02001,Interdizione e inabilitazione ex art. 416 Cod. Civ.,Catalogo PST ufficiale,B02,curata,False,XSD_SICI_20260116/XSD_SICI_20260116/Atti/sici/tipi-base.xsd
B02002,"Procedure per il rimpatrio dei minori sottratti ovvero dell'attuazione del diritto di visita del genitore non affidatario (Convenzione Aja 25.10.1980 ratificata con L. 64/1994, artt. 6 e 7)",Catalogo PST ufficiale,B02,curata,False,XSD_SICI_20260116/XSD_SICI_20260116/Atti/sici/tipi-base.xsd
B02003,Scambio di informazioni tra Stati membri (art. 80 Reg. UE 1111/2019),Catalogo PST ufficiale,B02,curata,False,XSD_SICI_20260116/XSD_SICI_20260116/Atti/sici/tipi-base.xsd
B02004,Cooperazione per attuazione tra Stati membri (art. 81 Reg. UE 1111/2019),Catalogo PST ufficiale,B02,curata,False,XSD_SICI_20260116/XSD_SICI_20260116/Atti/sici/tipi-base.xsd
B02005,Collocamento del minore in altro Stato membro (art. 82 Reg. UE 1111/2019),Catalogo PST ufficiale,B02,curata,False,XSD_SICI_20260116/XSD_SICI_20260116/Atti/sici/tipi-base.xsd
B02006,Provvedimenti cautelari a favore di minori per cui è competente un¿autorità estera (art. 15 Reg. UE 1111/2019),Catalogo PST ufficiale,B02,curata,False,XSD_SICI_20260116/XSD_SICI_20260116/Atti/sici/tipi-base.xsd
B02007,Collocamento del minore in altro Stato non UE (Art. 33 Convenzione Aja 19/10/1996),Catalogo PST ufficiale,B02,curata,False,XSD_SICI_20260116/XSD_SICI_20260116/Atti/sici/tipi-base.xsd
B02008,Altri procedimenti contenziosi,Catalogo PST ufficiale,B02,curata,False,XSD_SICI_20260116/XSD_SICI_20260116/Atti/sici/tipi-base.xsd
B02009,Segnalazione in merito all'ingresso di un minore in Italia (art. 33 co. 4 e 5 L. 184/1983),Catalogo PST ufficiale,B02,curata,False,XSD_SICI_20260116/XSD_SICI_20260116/Atti/sici/tipi-base.xsd
B02010,Procedimento per l'espatrio del minore a scopo di adozione (art. 40 L. 184/1983),Catalogo PST ufficiale,B02,curata,False,XSD_SICI_20260116/XSD_SICI_20260116/Atti/sici/tipi-base.xsd
B02011,Accertamento dell'età del minore (art. 19-bis D. Lgs 142/2015),Catalogo PST ufficiale,B02,curata,False,XSD_SICI_20260116/XSD_SICI_20260116/Atti/sici/tipi-base.xsd
B02012,Accoglienza minori non accompagnati (art. 19 D. Lgs. 142/2015),Catalogo PST ufficiale,B02,curata,False,XSD_SICI_20260116/XSD_SICI_20260116/Atti/sici/tipi-base.xsd
B02013,Autorizzazione per i genitori stranieri all'ingresso o alla permanenza in Italia a seguito del minore (art. 31 co.3 D. Lgs. 286/1998),Catalogo PST ufficiale,B02,curata,False,XSD_SICI_20260116/XSD_SICI_20260116/Atti/sici/tipi-base.xsd
B02014,Procedimento per espulsione del minore (art. 31 co.4 D. Lgs. 286/1998),Catalogo PST ufficiale,B02,curata,False,XSD_SICI_20260116/XSD_SICI_20260116/Atti/sici/tipi-base.xsd
B02015,Procedimento ex art. 33 D. Lgs. 286/1998,Catalogo PST ufficiale,B02,curata,False,XSD_SICI_20260116/XSD_SICI_20260116/Atti/sici/tipi-base.xsd
B02016,Affidamento minori (ante Riforma Cartabia),Catalogo PST ufficiale,B02,curata,False,XSD_SICI_20260116/XSD_SICI_20260116/Atti/sici/tipi-base.xsd
B02017,Proroga periodo di affidamento (ante Riforma Cartabia),Catalogo PST ufficiale,B02,curata,False,XSD_SICI_20260116/XSD_SICI_20260116/Atti/sici/tipi-base.xsd
B02018,Affidamento familiare (art.4 co.2 L. 184/1983),Catalogo PST ufficiale,B02,curata,False,XSD_SICI_20260116/XSD_SICI_20260116/Atti/sici/tipi-base.xsd
B02019,Proroga periodo di affidamento familiare (art. 4 co. 4 L. 184/1983),Catalogo PST ufficiale,B02,curata,False,XSD_SICI_20260116/XSD_SICI_20260116/Atti/sici/tipi-base.xsd
B02020,Affidamento ai servizi sociali (Art. 5-bis L. n. 184/1983),Catalogo PST ufficiale,B02,curata,False,XSD_SICI_20260116/XSD_SICI_20260116/Atti/sici/tipi-base.xsd
B02021,Proroga periodo di affidamento ai servizi (Art. 5-bis L. n. 184/1983),Catalogo PST ufficiale,B02,curata,False,XSD_SICI_20260116/XSD_SICI_20260116/Atti/sici/tipi-base.xsd
B02022,Proroga collocamento in comunità/casa famiglia (art. 4 co.7 L. 184/1983),Catalogo PST ufficiale,B02,curata,False,XSD_SICI_20260116/XSD_SICI_20260116/Atti/sici/tipi-base.xsd
B02023,Attuazione dei provvedimenti sull'affidamento (Art. 473 bis.38 Cpc),Catalogo PST ufficiale,B02,curata,False,XSD_SICI_20260116/XSD_SICI_20260116/Atti/sici/tipi-base.xsd
B02024,Provvedimenti in caso di inadempienze o violazioni (Art. 473 bis.39 C.p.c.),Catalogo PST ufficiale,B02,curata,False,XSD_SICI_20260116/XSD_SICI_20260116/Atti/sici/tipi-base.xsd
B02025,Ammissione al matrimonio del minore (art. 84 Cod. Civ.),Catalogo PST ufficiale,B02,curata,False,XSD_SICI_20260116/XSD_SICI_20260116/Atti/sici/tipi-base.xsd
B02026,Decadenza dalla responsabilità genitoriale sui figli (art. 330 Cod. Civ.),Catalogo PST ufficiale,B02,curata,False,XSD_SICI_20260116/XSD_SICI_20260116/Atti/sici/tipi-base.xsd
B02027,Reintegrazione nella responsabilità genitoriale (art. 332 Cod. Civ.),Catalogo PST ufficiale,B02,curata,False,XSD_SICI_20260116/XSD_SICI_20260116/Atti/sici/tipi-base.xsd
B02028,Procedimento ex art. 333 Cod. Civ. (Condotta del genitore pregiudizievole ai figli),Catalogo PST ufficiale,B02,curata,False,XSD_SICI_20260116/XSD_SICI_20260116/Atti/sici/tipi-base.xsd
B02029,Procedimento ex art. 334 Cod. Civ. (Rimozione dell'amministrazione),Catalogo PST ufficiale,B02,curata,False,XSD_SICI_20260116/XSD_SICI_20260116/Atti/sici/tipi-base.xsd
B02030,Procedimento ex art. 335 Cod. Civ. (Riammissione dell'amministrazione),Catalogo PST ufficiale,B02,curata,False,XSD_SICI_20260116/XSD_SICI_20260116/Atti/sici/tipi-base.xsd
B02031,Procedimento ex art. 371 Cod. Civ. co.2 (Autorizzazione del tutore alla continuazione di un'impresa commerciale nell'interesse del minore),Catalogo PST ufficiale,B02,curata,False,XSD_SICI_20260116/XSD_SICI_20260116/Atti/sici/tipi-base.xsd
B02032,Autorizzazione al riconoscimento (art. 251 Cod. Civ.),Catalogo PST ufficiale,B02,curata,False,XSD_SICI_20260116/XSD_SICI_20260116/Atti/sici/tipi-base.xsd
B02033,Autorizzazione al riconoscimento dei figli nati fuori dal matrimonio (Art. 250 co.5 CC),Catalogo PST ufficiale,B02,curata,False,XSD_SICI_20260116/XSD_SICI_20260116/Atti/sici/tipi-base.xsd
B02034,Regolamentazione rapporti con gli ascendenti (art. 317-bis Cod. Civ.),Catalogo PST ufficiale,B02,curata,False,XSD_SICI_20260116/XSD_SICI_20260116/Atti/sici/tipi-base.xsd
B02035,Procedimento per verifica veridicità del riconoscimento del figlio naturale (art. 74 L. 184/1983),Catalogo PST ufficiale,B02,curata,False,XSD_SICI_20260116/XSD_SICI_20260116/Atti/sici/tipi-base.xsd
B02036,Rettificazioni/formazioni relative agli atti dello stato civile (art. 100 DPR 396/2000),Catalogo PST ufficiale,B02,curata,False,XSD_SICI_20260116/XSD_SICI_20260116/Atti/sici/tipi-base.xsd
B02037,Istanza ex art. 473 bis.69 Cpc (Ordini di protezione contro gli abusi familiari ¿ soggetto minore),Catalogo PST ufficiale,B02,curata,False,XSD_SICI_20260116/XSD_SICI_20260116/Atti/sici/tipi-base.xsd
B02038,Convalida del provvedimento ex art. 403 CC,Catalogo PST ufficiale,B02,curata,False,XSD_SICI_20260116/XSD_SICI_20260116/Atti/sici/tipi-base.xsd
B02039,Reclamo avverso i decreti del Giudice tutelare (art. 45 Disp. Att. Cod. Civ.),Catalogo PST ufficiale,B02,curata,False,XSD_SICI_20260116/XSD_SICI_20260116/Atti/sici/tipi-base.xsd
B02040,Apertura della tutela parentale di minori stranieri non accompagnati,Catalogo PST ufficiale,B02,curata,False,XSD_SICI_20260116/XSD_SICI_20260116/Atti/sici/tipi-base.xsd
B02041,Apertura della tutela di minore privo di genitori (deceduti o decaduti o sospesi) - Art. 473 bis.7 Cpc,Catalogo PST ufficiale,B02,curata,False,XSD_SICI_20260116/XSD_SICI_20260116/Atti/sici/tipi-base.xsd
B02042,Apertura della tutela di minori stranieri non accompagnati,Catalogo PST ufficiale,B02,curata,False,XSD_SICI_20260116/XSD_SICI_20260116/Atti/sici/tipi-base.xsd
B02043,Altri procedimenti camerali,Catalogo PST ufficiale,B02,curata,False,XSD_SICI_20260116/XSD_SICI_20260116/Atti/sici/tipi-base.xsd
B02044,Misure applicabili ai minori per condotta o per carattere (Art. 25 R.D. 1404/1934),Catalogo PST ufficiale,B02,curata,False,XSD_SICI_20260116/XSD_SICI_20260116/Atti/sici/tipi-base.xsd
B02045,Procedimento ex art. 25 bis R.D. 1404/1934 (Minori che esercitano la prostituzione o vittime di reati a carattere sessuale),Catalogo PST ufficiale,B02,curata,False,XSD_SICI_20260116/XSD_SICI_20260116/Atti/sici/tipi-base.xsd
B02046,Prosieguo amministrativo ex art. 29 R.D. 1404/1934,Catalogo PST ufficiale,B02,curata,False,XSD_SICI_20260116/XSD_SICI_20260116/Atti/sici/tipi-base.xsd
B02047,Affidamento ai servizi sociali del minore straniero non accompagnato che ha raggiunto la maggiore età (art. 13 L. 47/2017),Catalogo PST ufficiale,B02,curata,False,XSD_SICI_20260116/XSD_SICI_20260116/Atti/sici/tipi-base.xsd
B03001,Procedimenti per la dichiarazione di adottabilità minori con genitore noto (artt. 8 e seg. L. 184/1983),Catalogo PST ufficiale,B03,curata,False,XSD_SICI_20260116/XSD_SICI_20260116/Atti/sici/tipi-base.xsd
B03002,Procedimenti per la dichiarazione di adottabilità minori con genitore ignoto (art. 11 co. 2 L. 184/1983),Catalogo PST ufficiale,B03,curata,False,XSD_SICI_20260116/XSD_SICI_20260116/Atti/sici/tipi-base.xsd
B03003,Revoca dello stato di adottabilità (Art. 21 L. 184/1983),Catalogo PST ufficiale,B03,curata,False,XSD_SICI_20260116/XSD_SICI_20260116/Atti/sici/tipi-base.xsd
B03004,Sospensione procedimento di adottabilità per minore non riconoscibile per difetto di età (art. 11 co. 3 L. 184/1983),Catalogo PST ufficiale,B03,curata,False,XSD_SICI_20260116/XSD_SICI_20260116/Atti/sici/tipi-base.xsd
B04001,Adozione in casi particolari (art. 44 lett. a L. n. 184/1983 - minore orfano),Catalogo PST ufficiale,B04,curata,False,XSD_SICI_20260116/XSD_SICI_20260116/Atti/sici/tipi-base.xsd
B04002,Adozione in casi particolari (art. 44 lett. b L. n. 184/1983 - figlio dell'altro coniuge),Catalogo PST ufficiale,B04,curata,False,XSD_SICI_20260116/XSD_SICI_20260116/Atti/sici/tipi-base.xsd
B04003,Adozione in casi particolari (art. 44 lett. c L. n. 184/1983 - minore orfano e portatore di handicap),Catalogo PST ufficiale,B04,curata,False,XSD_SICI_20260116/XSD_SICI_20260116/Atti/sici/tipi-base.xsd
B04004,Adozione in casi particolari (art. 44 lett. d L. n. 184/1983 - impossibilità affidamento preadottivo),Catalogo PST ufficiale,B04,curata,False,XSD_SICI_20260116/XSD_SICI_20260116/Atti/sici/tipi-base.xsd
B04005,Revoca adozione in casi particolari per fatto dell'adottato (Art. 51 L. n. 184/1983),Catalogo PST ufficiale,B04,curata,False,XSD_SICI_20260116/XSD_SICI_20260116/Atti/sici/tipi-base.xsd
B04006,Revoca adozione in casi particolari per fatto dell'adottante (Art. 52 L. n. 184/1983),Catalogo PST ufficiale,B04,curata,False,XSD_SICI_20260116/XSD_SICI_20260116/Atti/sici/tipi-base.xsd
B04007,Procedimento di adozione ex art. 35 co. 2 L. 184/1983 (ratifica adozione estera),Catalogo PST ufficiale,B04,curata,False,XSD_SICI_20260116/XSD_SICI_20260116/Atti/sici/tipi-base.xsd
B04008,Procedimento di adozione ex art. 35 co. 4 L. 184/1983 (ratifica adozione estera con affido preadottivo),Catalogo PST ufficiale,B04,curata,False,XSD_SICI_20260116/XSD_SICI_20260116/Atti/sici/tipi-base.xsd
B04009,Procedimento di adozione ex art. 36 co. 2 L. 184/1983 (Paesi non Aja),Catalogo PST ufficiale,B04,curata,False,XSD_SICI_20260116/XSD_SICI_20260116/Atti/sici/tipi-base.xsd
B04010,Procedimento di adozione ex art. 36 co. 4 L. 184/1983 (cittadini italiani residenti all¿estero),Catalogo PST ufficiale,B04,curata,False,XSD_SICI_20260116/XSD_SICI_20260116/Atti/sici/tipi-base.xsd
B04011,Abbinamento a scopo adottivo (art. 22 co. 5 L. 184/1983),Catalogo PST ufficiale,B04,curata,False,XSD_SICI_20260116/XSD_SICI_20260116/Atti/sici/tipi-base.xsd
B04012,Procedimento di adozione nazionale (art. 25 L. 184/1983),Catalogo PST ufficiale,B04,curata,False,XSD_SICI_20260116/XSD_SICI_20260116/Atti/sici/tipi-base.xsd
B05001,Dichiarazione di disponibilità all'adozione nazionale (artt. 22 e seg. L. 184/1983),Catalogo PST ufficiale,B05,curata,False,XSD_SICI_20260116/XSD_SICI_20260116/Atti/sici/tipi-base.xsd
B05002,Dichiarazione di disponibilità all'adozione internazionale (art. 29 bis 184/1983),Catalogo PST ufficiale,B05,curata,False,XSD_SICI_20260116/XSD_SICI_20260116/Atti/sici/tipi-base.xsd
B05003,Revoca decreto di idoneità adozione internazionale (art. 30 co. 4 L. 184/1983),Catalogo PST ufficiale,B05,curata,False,XSD_SICI_20260116/XSD_SICI_20260116/Atti/sici/tipi-base.xsd
B06001,"Opposizione al decreto di liquidazione al difensore, all'ausiliario e al consulente tecnico (artt. 84 e 170 TUSG)",Catalogo PST ufficiale,B06,curata,False,XSD_SICI_20260116/XSD_SICI_20260116/Atti/sici/tipi-base.xsd
B06002,Opposizione alla revoca dell'ammissione al P.S.S. (art. 170 TUSG),Catalogo PST ufficiale,B06,curata,False,XSD_SICI_20260116/XSD_SICI_20260116/Atti/sici/tipi-base.xsd
B06003,Opposizione avverso il decreto di liquidazione al difensore,Catalogo PST ufficiale,B06,curata,False,XSD_SICI_20260116/XSD_SICI_20260116/Atti/sici/tipi-base.xsd
B06004,Prove delegate art. 203 C.p.c.,Catalogo PST ufficiale,B06,curata,False,XSD_SICI_20260116/XSD_SICI_20260116/Atti/sici/tipi-base.xsd
B06005,Reclamo alla mancata ammissione al Gratuito patrocinio,Catalogo PST ufficiale,B06,curata,False,XSD_SICI_20260116/XSD_SICI_20260116/Atti/sici/tipi-base.xsd
C00000,Migrazione,Catalogo PST ufficiale,C00,curata,False,XSD_UNEP_20241106/XSD PLO118 FASE2 per SW House/schema/tipi-base.xsd
C01001,Richiesta apertura stato di adottabilita,Catalogo PST ufficiale,C01,curata,False,XSD_UNEP_20241106/XSD PLO118 FASE2 per SW House/schema/tipi-base.xsd
C01002,Abbandono minori,Catalogo PST ufficiale,C01,curata,False,XSD_UNEP_20241106/XSD PLO118 FASE2 per SW House/schema/tipi-base.xsd
C01003,Minore esposto - madre che non vuole essere nominata,Catalogo PST ufficiale,C01,curata,False,XSD_UNEP_20241106/XSD PLO118 FASE2 per SW House/schema/tipi-base.xsd
C01004,Dichiarazione di nascita di figlio naturale,Catalogo PST ufficiale,C01,curata,False,XSD_UNEP_20241106/XSD PLO118 FASE2 per SW House/schema/tipi-base.xsd
C01005,Nascita neonato da madre minorenne,Catalogo PST ufficiale,C01,curata,False,XSD_UNEP_20241106/XSD PLO118 FASE2 per SW House/schema/tipi-base.xsd
C01006,Nascituro - segnalazione,Catalogo PST ufficiale,C01,curata,False,XSD_UNEP_20241106/XSD PLO118 FASE2 per SW House/schema/tipi-base.xsd
C02001,Abbandono neonato non riconosciuto,Catalogo PST ufficiale,C02,curata,False,XSD_UNEP_20241106/XSD PLO118 FASE2 per SW House/schema/tipi-base.xsd
C03001,Abuso alcol minore,Catalogo PST ufficiale,C03,curata,False,XSD_UNEP_20241106/XSD PLO118 FASE2 per SW House/schema/tipi-base.xsd
C03002,Abuso stupefacenti minore,Catalogo PST ufficiale,C03,curata,False,XSD_UNEP_20241106/XSD PLO118 FASE2 per SW House/schema/tipi-base.xsd
C03003,Abuso alcol genitore/i,Catalogo PST ufficiale,C03,curata,False,XSD_UNEP_20241106/XSD PLO118 FASE2 per SW House/schema/tipi-base.xsd
C03004,Abuso stupefacenti genitore/i,Catalogo PST ufficiale,C03,curata,False,XSD_UNEP_20241106/XSD PLO118 FASE2 per SW House/schema/tipi-base.xsd
C04001,Abuso sessuale altra a.g. (art. 609 decies),Catalogo PST ufficiale,C04,curata,False,XSD_UNEP_20241106/XSD PLO118 FASE2 per SW House/schema/tipi-base.xsd
C04002,Abuso/molestia sessuale,Catalogo PST ufficiale,C04,curata,False,XSD_UNEP_20241106/XSD PLO118 FASE2 per SW House/schema/tipi-base.xsd
C04003,Abuso sessuale non in famiglia,Catalogo PST ufficiale,C04,curata,False,XSD_UNEP_20241106/XSD PLO118 FASE2 per SW House/schema/tipi-base.xsd
C04004,Abuso sessuale in famiglia,Catalogo PST ufficiale,C04,curata,False,XSD_UNEP_20241106/XSD PLO118 FASE2 per SW House/schema/tipi-base.xsd
C04005,Pornografia minorile,Catalogo PST ufficiale,C04,curata,False,XSD_UNEP_20241106/XSD PLO118 FASE2 per SW House/schema/tipi-base.xsd
C04006,Abuso sessuale - minore autore,Catalogo PST ufficiale,C04,curata,False,XSD_UNEP_20241106/XSD PLO118 FASE2 per SW House/schema/tipi-base.xsd
C05013,Ricerca delle origini,Catalogo PST ufficiale,C05,curata,False,XSD_UNEP_20241106/XSD PLO118 FASE2 per SW House/schema/tipi-base.xsd
C05014,Formazione atto di nascita,Catalogo PST ufficiale,C05,curata,False,XSD_UNEP_20241106/XSD PLO118 FASE2 per SW House/schema/tipi-base.xsd
C05015,Riconoscimento tardivo di minore,Catalogo PST ufficiale,C05,curata,False,XSD_UNEP_20241106/XSD PLO118 FASE2 per SW House/schema/tipi-base.xsd
C06001,Abuso di mezzi di correzione,Catalogo PST ufficiale,C06,curata,False,XSD_UNEP_20241106/XSD PLO118 FASE2 per SW House/schema/tipi-base.xsd
C06002,Accattonaggio genitore,Catalogo PST ufficiale,C06,curata,False,XSD_UNEP_20241106/XSD PLO118 FASE2 per SW House/schema/tipi-base.xsd
C06003,Accattonaggio minorile,Catalogo PST ufficiale,C06,curata,False,XSD_UNEP_20241106/XSD PLO118 FASE2 per SW House/schema/tipi-base.xsd
C06004,Affido familiare proroga,Catalogo PST ufficiale,C06,curata,False,XSD_UNEP_20241106/XSD PLO118 FASE2 per SW House/schema/tipi-base.xsd
C06005,Affido familiare,Catalogo PST ufficiale,C06,curata,False,XSD_UNEP_20241106/XSD PLO118 FASE2 per SW House/schema/tipi-base.xsd
C06006,Art. 4 dpr 448/88 segnalazione a pm tm reati minorenni residenti in altro distretto,Catalogo PST ufficiale,C06,curata,False,XSD_UNEP_20241106/XSD PLO118 FASE2 per SW House/schema/tipi-base.xsd
C06007,Conflittualita' familiare,Catalogo PST ufficiale,C06,curata,False,XSD_UNEP_20241106/XSD PLO118 FASE2 per SW House/schema/tipi-base.xsd
C06008,Crisi adottive,Catalogo PST ufficiale,C06,curata,False,XSD_UNEP_20241106/XSD PLO118 FASE2 per SW House/schema/tipi-base.xsd
C06009,Denunce tra genitori di minori,Catalogo PST ufficiale,C06,curata,False,XSD_UNEP_20241106/XSD PLO118 FASE2 per SW House/schema/tipi-base.xsd
C06010,Disagio abitativo -trascuratezza,Catalogo PST ufficiale,C06,curata,False,XSD_UNEP_20241106/XSD PLO118 FASE2 per SW House/schema/tipi-base.xsd
C06011,Disagio familiare,Catalogo PST ufficiale,C06,curata,False,XSD_UNEP_20241106/XSD PLO118 FASE2 per SW House/schema/tipi-base.xsd
C06012,Disagio personale genitore/i,Catalogo PST ufficiale,C06,curata,False,XSD_UNEP_20241106/XSD PLO118 FASE2 per SW House/schema/tipi-base.xsd
C06013,Pene accessorie genitori,Catalogo PST ufficiale,C06,curata,False,XSD_UNEP_20241106/XSD PLO118 FASE2 per SW House/schema/tipi-base.xsd
C06014,Disagio psichico/psicologico genitore/i,Catalogo PST ufficiale,C06,curata,False,XSD_UNEP_20241106/XSD PLO118 FASE2 per SW House/schema/tipi-base.xsd
C06015,Femminicidio,Catalogo PST ufficiale,C06,curata,False,XSD_UNEP_20241106/XSD PLO118 FASE2 per SW House/schema/tipi-base.xsd
C06016,Immigrazione clandestina,Catalogo PST ufficiale,C06,curata,False,XSD_UNEP_20241106/XSD PLO118 FASE2 per SW House/schema/tipi-base.xsd
C06017,Inadempienza obbligo vaccinale,Catalogo PST ufficiale,C06,curata,False,XSD_UNEP_20241106/XSD PLO118 FASE2 per SW House/schema/tipi-base.xsd
C06018,Incapacita' educativa,Catalogo PST ufficiale,C06,curata,False,XSD_UNEP_20241106/XSD PLO118 FASE2 per SW House/schema/tipi-base.xsd
C06019,Induzione al matrimonio,Catalogo PST ufficiale,C06,curata,False,XSD_UNEP_20241106/XSD PLO118 FASE2 per SW House/schema/tipi-base.xsd
C06020,Inosservanza di un provvedimento dell'a.g.,Catalogo PST ufficiale,C06,curata,False,XSD_UNEP_20241106/XSD PLO118 FASE2 per SW House/schema/tipi-base.xsd
C06021,Lesioni patite da minore,Catalogo PST ufficiale,C06,curata,False,XSD_UNEP_20241106/XSD PLO118 FASE2 per SW House/schema/tipi-base.xsd
C06022,Minore figlio di persona arrestata o detenuta,Catalogo PST ufficiale,C06,curata,False,XSD_UNEP_20241106/XSD PLO118 FASE2 per SW House/schema/tipi-base.xsd
C06023,Richiesta affidamento servizi sociali,Catalogo PST ufficiale,C06,curata,False,XSD_UNEP_20241106/XSD PLO118 FASE2 per SW House/schema/tipi-base.xsd
C06024,Ricovero ospedaliero,Catalogo PST ufficiale,C06,curata,False,XSD_UNEP_20241106/XSD PLO118 FASE2 per SW House/schema/tipi-base.xsd
C06025,Rifiuto di prestazioni sanitarie,Catalogo PST ufficiale,C06,curata,False,XSD_UNEP_20241106/XSD PLO118 FASE2 per SW House/schema/tipi-base.xsd
C06026,Rintraccio minore,Catalogo PST ufficiale,C06,curata,False,XSD_UNEP_20241106/XSD PLO118 FASE2 per SW House/schema/tipi-base.xsd
C06027,Segnalazione nascita da madre con problematiche,Catalogo PST ufficiale,C06,curata,False,XSD_UNEP_20241106/XSD PLO118 FASE2 per SW House/schema/tipi-base.xsd
C06028,Sfruttamento minore (lavoro),Catalogo PST ufficiale,C06,curata,False,XSD_UNEP_20241106/XSD PLO118 FASE2 per SW House/schema/tipi-base.xsd
C06029,Uccisione minore,Catalogo PST ufficiale,C06,curata,False,XSD_UNEP_20241106/XSD PLO118 FASE2 per SW House/schema/tipi-base.xsd
C06030,Violazione obblighi mantenimento (art. 570 cp),Catalogo PST ufficiale,C06,curata,False,XSD_UNEP_20241106/XSD PLO118 FASE2 per SW House/schema/tipi-base.xsd
C06031,Allontanamento minore (art. 403 cc),Catalogo PST ufficiale,C06,curata,False,XSD_UNEP_20241106/XSD PLO118 FASE2 per SW House/schema/tipi-base.xsd
C07001,Adescamento minori (art. 609 undecies cp),Catalogo PST ufficiale,C07,curata,False,XSD_UNEP_20241106/XSD PLO118 FASE2 per SW House/schema/tipi-base.xsd
C07002,Allontanamento dalla comunita',Catalogo PST ufficiale,C07,curata,False,XSD_UNEP_20241106/XSD PLO118 FASE2 per SW House/schema/tipi-base.xsd
C07003,Allontanamento/fuga abitazione,Catalogo PST ufficiale,C07,curata,False,XSD_UNEP_20241106/XSD PLO118 FASE2 per SW House/schema/tipi-base.xsd
C07004,Atti vandalici,Catalogo PST ufficiale,C07,curata,False,XSD_UNEP_20241106/XSD PLO118 FASE2 per SW House/schema/tipi-base.xsd
C07005,Giochi mortali in rete-adescamento tramite web,Catalogo PST ufficiale,C07,curata,False,XSD_UNEP_20241106/XSD PLO118 FASE2 per SW House/schema/tipi-base.xsd
C07006,Cyberbullismo,Catalogo PST ufficiale,C07,curata,False,XSD_UNEP_20241106/XSD PLO118 FASE2 per SW House/schema/tipi-base.xsd
C07007,Bullismo-minore autore,Catalogo PST ufficiale,C07,curata,False,XSD_UNEP_20241106/XSD PLO118 FASE2 per SW House/schema/tipi-base.xsd
C07008,Bullismo-minore vittima,Catalogo PST ufficiale,C07,curata,False,XSD_UNEP_20241106/XSD PLO118 FASE2 per SW House/schema/tipi-base.xsd
C07009,Disagio - problemi psichici del minore,Catalogo PST ufficiale,C07,curata,False,XSD_UNEP_20241106/XSD PLO118 FASE2 per SW House/schema/tipi-base.xsd
C07010,Devianza minore,Catalogo PST ufficiale,C07,curata,False,XSD_UNEP_20241106/XSD PLO118 FASE2 per SW House/schema/tipi-base.xsd
C07011,Dipendenze patologiche minore,Catalogo PST ufficiale,C07,curata,False,XSD_UNEP_20241106/XSD PLO118 FASE2 per SW House/schema/tipi-base.xsd
C07012,Disturbo alimentare,Catalogo PST ufficiale,C07,curata,False,XSD_UNEP_20241106/XSD PLO118 FASE2 per SW House/schema/tipi-base.xsd
C07013,Tentato suicidio e autolesionismo,Catalogo PST ufficiale,C07,curata,False,XSD_UNEP_20241106/XSD PLO118 FASE2 per SW House/schema/tipi-base.xsd
C07014,Dipendenza web minore,Catalogo PST ufficiale,C07,curata,False,XSD_UNEP_20241106/XSD PLO118 FASE2 per SW House/schema/tipi-base.xsd
C08001,Dispersione scolastica femmine,Catalogo PST ufficiale,C08,curata,False,XSD_UNEP_20241106/XSD PLO118 FASE2 per SW House/schema/tipi-base.xsd
C08002,Dispersione scolastica maschile,Catalogo PST ufficiale,C08,curata,False,XSD_UNEP_20241106/XSD PLO118 FASE2 per SW House/schema/tipi-base.xsd
C08003,Istruzione parentale,Catalogo PST ufficiale,C08,curata,False,XSD_UNEP_20241106/XSD PLO118 FASE2 per SW House/schema/tipi-base.xsd
C09001,Maltrattamenti familiari - vittima,Catalogo PST ufficiale,C09,curata,False,XSD_UNEP_20241106/XSD PLO118 FASE2 per SW House/schema/tipi-base.xsd
C09002,Maltrattamenti extrafamiliari - vittima,Catalogo PST ufficiale,C09,curata,False,XSD_UNEP_20241106/XSD PLO118 FASE2 per SW House/schema/tipi-base.xsd
C09003,Maltrattamenti violenza assistita,Catalogo PST ufficiale,C09,curata,False,XSD_UNEP_20241106/XSD PLO118 FASE2 per SW House/schema/tipi-base.xsd
C09004,Maltrattamenti - minore autore,Catalogo PST ufficiale,C09,curata,False,XSD_UNEP_20241106/XSD PLO118 FASE2 per SW House/schema/tipi-base.xsd
C10001,Minore autore di reati non infraquattordicenne,Catalogo PST ufficiale,C10,curata,False,XSD_UNEP_20241106/XSD PLO118 FASE2 per SW House/schema/tipi-base.xsd
C10002,Minore autore di reati infraquattordicenne,Catalogo PST ufficiale,C10,curata,False,XSD_UNEP_20241106/XSD PLO118 FASE2 per SW House/schema/tipi-base.xsd
C10003,Reclami avverso provvedimenti giudice tutelare,Catalogo PST ufficiale,C10,curata,False,XSD_UNEP_20241106/XSD PLO118 FASE2 per SW House/schema/tipi-base.xsd
C10004,Visti giudice tutelare,Catalogo PST ufficiale,C10,curata,False,XSD_UNEP_20241106/XSD PLO118 FASE2 per SW House/schema/tipi-base.xsd
C11001,Msna prosieguo amministrativo,Catalogo PST ufficiale,C11,curata,False,XSD_UNEP_20241106/XSD PLO118 FASE2 per SW House/schema/tipi-base.xsd
C11002,Msna accertamento eta',Catalogo PST ufficiale,C11,curata,False,XSD_UNEP_20241106/XSD PLO118 FASE2 per SW House/schema/tipi-base.xsd
C11003,Msna allontanamento in comunita',Catalogo PST ufficiale,C11,curata,False,XSD_UNEP_20241106/XSD PLO118 FASE2 per SW House/schema/tipi-base.xsd
C11004,Tutele minori stranieri c/o parenti,Catalogo PST ufficiale,C11,curata,False,XSD_UNEP_20241106/XSD PLO118 FASE2 per SW House/schema/tipi-base.xsd
C11005,Msna non collocato in comunita',Catalogo PST ufficiale,C11,curata,False,XSD_UNEP_20241106/XSD PLO118 FASE2 per SW House/schema/tipi-base.xsd
C11006,Msna vittime tratta,Catalogo PST ufficiale,C11,curata,False,XSD_UNEP_20241106/XSD PLO118 FASE2 per SW House/schema/tipi-base.xsd
C12001,Msna collocato in comunita',Catalogo PST ufficiale,C12,curata,False,XSD_UNEP_20241106/XSD PLO118 FASE2 per SW House/schema/tipi-base.xsd
C12002,Msna collocati presso privati,Catalogo PST ufficiale,C12,curata,False,XSD_UNEP_20241106/XSD PLO118 FASE2 per SW House/schema/tipi-base.xsd
C13001,Apertura proc. amministrativo - rieducazione/irregolarita' condotta,Catalogo PST ufficiale,C13,curata,False,XSD_UNEP_20241106/XSD PLO118 FASE2 per SW House/schema/tipi-base.xsd
C13002,Prosieguo amministrativo,Catalogo PST ufficiale,C13,curata,False,XSD_UNEP_20241106/XSD PLO118 FASE2 per SW House/schema/tipi-base.xsd
C13003,Prostituzione minorile,Catalogo PST ufficiale,C13,curata,False,XSD_UNEP_20241106/XSD PLO118 FASE2 per SW House/schema/tipi-base.xsd
C14001,Sottrazione internazionale di minore (art 7 l.64/1994),Catalogo PST ufficiale,C14,curata,False,XSD_UNEP_20241106/XSD PLO118 FASE2 per SW House/schema/tipi-base.xsd
C15001,Interdizione/inabilitazione,Catalogo PST ufficiale,C15,curata,False,XSD_UNEP_20241106/XSD PLO118 FASE2 per SW House/schema/tipi-base.xsd
C15002,Tutele,Catalogo PST ufficiale,C15,curata,False,XSD_UNEP_20241106/XSD PLO118 FASE2 per SW House/schema/tipi-base.xsd
C15003,Curatele,Catalogo PST ufficiale,C15,curata,False,XSD_UNEP_20241106/XSD PLO118 FASE2 per SW House/schema/tipi-base.xsd
C16001,Segnalazione ex art. 403 cc,Catalogo PST ufficiale,C16,curata,False,XSD_UNEP_20241106/XSD PLO118 FASE2 per SW House/schema/tipi-base.xsd
ESEC_AUTO_492BIS,Ricerca telematica beni - pignoramento via UNEP (art. 492-bis c.p.c.),"Esecuzioni forzate - mobiliari, immobiliari, presso terzi, consegna e rilascio, esecuzioni in forma specifica - alias logici mantenuti per retrocompatibilità fascicoli",,curata,False,
ESEC_AVVISO_ASTE_VENDITA,Avviso di vendita / pubblicità della vendita esecutiva,Completamento codici ufficiali PST/XSD,,curata,False,tipi-base.xsd
ESEC_CONSEGNA_001,Esecuzione per consegna o rilascio (art. 605-611 c.p.c.),"Esecuzioni forzate - mobiliari, immobiliari, presso terzi, consegna e rilascio, esecuzioni in forma specifica - alias logici mantenuti per retrocompatibilità fascicoli",,curata,False,
ESEC_CONVERSIONE_495,Conversione del pignoramento (art. 495 c.p.c.),"Esecuzioni forzate - mobiliari, immobiliari, presso terzi, consegna e rilascio, esecuzioni in forma specifica - alias logici mantenuti per retrocompatibilità fascicoli",,curata,False,
ESEC_DISTRIBUZIONE,Distribuzione del ricavato e progetto di distribuzione,Completamento codici ufficiali PST/XSD,,curata,False,tipi-base.xsd
ESEC_ESTINZIONE_629,Estinzione del processo esecutivo (artt. 629-632 c.p.c.),Completamento codici ufficiali PST/XSD,,curata,False,tipi-base.xsd
ESEC_IMM_001,Pignoramento immobiliare,"Esecuzioni forzate - mobiliari, immobiliari, presso terzi, consegna e rilascio, esecuzioni in forma specifica - alias logici mantenuti per retrocompatibilità fascicoli",,curata,False,
ESEC_INTERVENTO_499,"Intervento dei creditori (artt. 498-500, 525-526, 564, 566 c.p.c.)",Completamento codici ufficiali PST/XSD,,curata,False,tipi-base.xsd
ESEC_MOB_001,Pignoramento mobiliare presso il debitore,"Esecuzioni forzate - mobiliari, immobiliari, presso terzi, consegna e rilascio, esecuzioni in forma specifica - alias logici mantenuti per retrocompatibilità fascicoli",,curata,False,AttoEsecuzioneMobiliare.xsd
ESEC_OBBLIGHI_001,Esecuzione forzata degli obblighi di fare e di non fare (art. 612-614 c.p.c.),Completamento codici ufficiali PST/XSD,,curata,False,tipi-base.xsd
ESEC_RIDUZIONE_496,Riduzione del pignoramento (art. 496 c.p.c.),Completamento codici ufficiali PST/XSD,,curata,False,tipi-base.xsd
ESEC_SOSPENSIONE_624,Sospensione dell'esecuzione (art. 624 c.p.c.),Completamento codici ufficiali PST/XSD,,curata,False,tipi-base.xsd
ESEC_TERZI_001,Pignoramento presso terzi,"Esecuzioni forzate - mobiliari, immobiliari, presso terzi, consegna e rilascio, esecuzioni in forma specifica - alias logici mantenuti per retrocompatibilità fascicoli",,curata,False,
LAV_CONTRATTI_FLESSIBILI,"Contratti a termine, somministrazione, apprendistato (D.Lgs. 81/2015)",Completamento codici ufficiali PST/XSD,,curata,False,tipi-base.xsd
LAV_DIFF_001,Differenze retributive e rivendicazione crediti di lavoro,"Lavoro, previdenza e assistenza obbligatorie - alias logici mantenuti per retrocompatibilità fascicoli",,curata,False,
LAV_INFORTUNI_001,Infortuni sul lavoro e malattie professionali - prestazioni INAIL,"Lavoro, previdenza e assistenza obbligatorie - alias logici mantenuti per retrocompatibilità fascicoli",,curata,False,
LAV_INVCIV_001,"Invalidità civile, cecità, sordità - prestazioni assistenziali (L. 118/1971, L. 18/1980)","Lavoro, previdenza e assistenza obbligatorie - alias logici mantenuti per retrocompatibilità fascicoli",,curata,False,
LAV_LIC_001,Impugnazione di licenziamento individuale (art. 18 St.Lav. / Jobs Act),"Lavoro, previdenza e assistenza obbligatorie - alias logici mantenuti per retrocompatibilità fascicoli",,curata,False,AttoLavoro.xsd
LAV_LIC_COLLETTIVO,Licenziamenti collettivi (L. 223/1991),Completamento codici ufficiali PST/XSD,,curata,False,tipi-base.xsd
LAV_MOBBING_001,"Mobbing, straining, demansionamento e danni da illegittima condotta del datore",Completamento codici ufficiali PST/XSD,,curata,False,tipi-base.xsd
LAV_PREVID_001,Prestazioni INPS - pensioni e indennità (previdenza obbligatoria),Completamento codici ufficiali PST/XSD,,curata,False,tipi-base.xsd
LAV_PUBBLICO_IMPIEGO,Pubblico impiego privatizzato (controversie ex art. 63 D.Lgs. 165/2001),Completamento codici ufficiali PST/XSD,,curata,False,tipi-base.xsd
LAV_QUALIFICA_001,Accertamento natura del rapporto di lavoro / rivendicazione qualifica,Completamento codici ufficiali PST/XSD,,curata,False,tipi-base.xsd
LAV_REPRESSIONE_DISCRIM,"Repressione condotte discriminatorie (D.Lgs. 198/2006, D.Lgs. 215/2003)",Completamento codici ufficiali PST/XSD,,curata,False,tipi-base.xsd
LAV_SCIOPERO_ART28,Repressione condotta antisindacale (art. 28 L. 300/1970),"Lavoro, previdenza e assistenza obbligatorie - alias logici mantenuti per retrocompatibilità fascicoli",,curata,False,
LAV_TENTATIVO_CONCILIAZIONE,Tentativo facoltativo/obbligatorio di conciliazione e procedura ITL,Completamento codici ufficiali PST/XSD,,curata,False,tipi-base.xsd
LAV_TRASF_AZIENDA,Trasferimento d'azienda (art. 2112 c.c.),Completamento codici ufficiali PST/XSD,,curata,False,tipi-base.xsd
