codice,denominazione,official_catalog,internal_alias,depositabile,fonti_count,presidi_present,non_bloccante,deposit_rule_present,deposit_contaminated,status,error
010001,Procedimento di ingiunzione ante causam,True,False,True,66,True,True,True,False,ok,
010002,"Procedimento di ingiunzione ante causam (intermediazione finanziaria, bancaria e creditizia)",True,False,True,66,True,True,True,False,ok,
010003,DI ante causam (vendita),True,False,True,66,True,True,True,False,ok,
010004,DI ante causam (diritti reali e condominio),True,False,True,66,True,True,True,False,ok,
010005,DI ante causam (intermediazione finanziaria),True,False,True,66,True,True,True,False,ok,
010006,DI ante causam (rapporti bancari),True,False,True,66,True,True,True,False,ok,
010007,DI ante causam (titoli di credito),True,False,True,66,True,True,True,False,ok,
010008,DI ante causam (contratti di borsa),True,False,True,66,True,True,True,False,ok,
010009,DI ante causam (assicurazione),True,False,True,66,True,True,True,False,ok,
010010,DI ante causam (fideiussione e altre garanzie),True,False,True,66,True,True,True,False,ok,
010011,DI ante causam (somministrazione),True,False,True,66,True,True,True,False,ok,
010012,DI ante causam (rapporti con società finanziarie),True,False,True,66,True,True,True,False,ok,
010013,DI ante causam (factoring),True,False,True,69,True,True,True,False,ok,
010014,DI ante causam (leasing),True,False,True,69,True,True,True,False,ok,
010015,DI ante causam (altri contratti tipici),True,False,True,66,True,True,True,False,ok,
010016,DI ante causam (diritto societario non sez. impresa),True,False,True,66,True,True,True,False,ok,
010017,DI ante causam (diritto tributario e doganale),True,False,True,66,True,True,True,False,ok,
010018,DI ante causam (diritto amministrativo),True,False,True,66,True,True,True,False,ok,
010019,DI ante causam (in materia concorsuale),True,False,True,66,True,True,True,False,ok,
010020,"DI ante causam (associazioni, comitati, consorzi e fondazioni)",True,False,True,66,True,True,True,False,ok,
010021,DI ante causam (locazione di immobili),True,False,True,66,True,True,True,False,ok,
010022,DI ante causam (affitto di azienda),True,False,True,66,True,True,True,False,ok,
010023,DI ante causam (prestazione d'opera intellettuale),True,False,True,66,True,True,True,False,ok,
010024,DI ante causam (altri contratti d'opera),True,False,True,66,True,True,True,False,ok,
010025,DI ante causam (appalto privato),True,False,True,66,True,True,True,False,ok,
010026,DI ante causam (appalto opere pubbliche sottosoglia UE),True,False,True,66,True,True,True,False,ok,
010027,DI ante causam (altri rapporti con la PA),True,False,True,66,True,True,True,False,ok,
010028,DI ante causam - Sez. Spec. Impresa,True,False,True,66,True,True,True,False,ok,
010029,DI ante causam (rapporti familiari),True,False,True,66,True,True,True,False,ok,
010999,DI ante causam (altre ipotesi),True,False,True,66,True,True,True,False,ok,
011001,Sequestro conservativo (art. 671 c.p.c.),True,False,True,52,True,True,True,False,ok,
011002,Sequestro giudiziario ex art. 670 c.p.c.,True,False,True,52,True,True,True,False,ok,
011003,Sequestro liberatorio ex art. 687 c.p.c.,True,False,True,52,True,True,True,False,ok,
011011,"Sequestro da norme speciali (L. 633/1941 diritto d'autore, R.D. 1127/1939 invenzioni, R.D. 929/1942 marchi)",True,False,True,52,True,True,True,False,ok,
012001,Prova testimoniale e/o Accertamento tecnico preventivo (ATP),True,False,True,46,True,True,True,False,ok,
012002,Consulenza tecnica preventiva (art. 696-bis cpc.) - responsabilità sanitaria L. 24/2017,True,False,True,63,True,True,True,False,ok,
012003,Consulenza tecnica preventiva (art. 696-bis cpc) - altre ipotesi,True,False,True,63,True,True,True,False,ok,
012011,Ispezione preventiva,True,False,True,46,True,True,True,False,ok,
012021,"Descrizione (art. 161 L. 633/1941, artt. 81-82 R.D. 1127/1939, artt. 61-62 R.D. 929/1942)",True,False,True,49,True,True,True,False,ok,
013001,"Inibitoria (art. 63 R.D. 929/1942 marchi, art. 83 R.D. 1127/1939 brevetti, L. 52/1996)",True,False,True,48,True,True,True,False,ok,
014001,Istanza sospensione dell'esecuzione ex art. 373 c.p.c.,True,False,True,58,True,True,True,False,ok,
014002,Provvedimenti cautelari in materia di tutela della concorrenza e del mercato (art. 33 L. n. 287/90),True,False,True,67,True,True,True,False,ok,
014100,Reclamo alla Corte di Appello avverso Procedimenti Cautelari,True,False,True,56,True,True,True,False,ok,
015001,Denuncia di nuova opera o di danno temuto (art. 688 c.p.c.),True,False,True,46,True,True,True,False,ok,
015011,Provvedimento d'urgenza ex art. 700 c.p.c. (atipico),True,False,True,61,True,True,True,False,ok,
016001,Mantenimento figli naturali o legittimi (istanza ex art. 148 c.c.),True,False,True,49,True,True,True,False,ok,
016011,Assegno provvisorio per alimenti (art. 446 c.c.),True,False,True,48,True,True,True,False,ok,
017001,Sequestro conservativo ex art. 671 c.p.c. - Sez. Spec. Impresa,True,False,True,52,True,True,True,False,ok,
017002,Sequestro giudiziario ex art. 670 c.p.c. - Sez. Spec. Impresa,True,False,True,73,True,True,True,False,ok,
017003,Sequestro liberatorio ex art. 687 c.p.c. - Sez. Spec. Impresa,True,False,True,73,True,True,True,False,ok,
017004,Provvedimenti cautelari tutela concorrenza e mercato - Sez. Spec. Impresa,True,False,True,67,True,True,True,False,ok,
017005,Provvedimenti d'urgenza ex art. 700 c.p.c. - Sez. Spec. Impresa,True,False,True,61,True,True,True,False,ok,
017006,Inibitoria (art. 131 c.p.i.),True,False,True,49,True,True,True,False,ok,
017007,Sequestro (art. 129 c.p.i.),True,False,True,67,True,True,True,False,ok,
017008,Descrizione (art. 129 c.p.i.),True,False,True,67,True,True,True,False,ok,
017009,Inibitoria (art. 156 L. 633/1941 - Legge Autore),True,False,True,67,True,True,True,False,ok,
017010,Sequestro (art. 161 L. 633/1941 - Legge Autore),True,False,True,67,True,True,True,False,ok,
017011,Descrizione (art. 161 L. 633/1941 - Legge Autore),True,False,True,67,True,True,True,False,ok,
017012,Consulenza tecnica preventiva (art. 128 c.p.i.),True,False,True,63,True,True,True,False,ok,
017013,ATP/prova testimoniale (art. 696 c.p.c.) - Sez. Spec. Imprese,True,False,True,46,True,True,True,False,ok,
017014,CTU preventiva conciliativa (art. 696-bis) - Sez. Spec. Impresa,True,False,True,46,True,True,True,False,ok,
017999,Altri procedimenti cautelari - Sez. Spec. Impresa,True,False,True,67,True,True,True,False,ok,
018001,Istanza sospensione dell'esecuzione ex art. 373 c.p.c.,True,False,True,67,True,True,True,False,ok,
018002,Altri procedimenti cautelari,True,False,True,67,True,True,True,False,ok,
019999,Altri procedimenti cautelari,True,False,True,67,True,True,True,False,ok,
020001,"Azione di reintegrazione nel possesso (artt. 703 c.p.c., 1168-1169 c.c.)",True,False,True,45,True,True,True,False,ok,
020011,Azione di manutenzione nel possesso (artt. 703 c.p.c. e 1170 c.c.),True,False,True,46,True,True,True,False,ok,
030001,Intimazione di licenza o di sfratto per finita locazione (art. 657 c.p.c.) - uso abitativo,True,False,True,54,True,True,True,False,ok,
030002,Intimazione di licenza o di sfratto per finita locazione (art. 657 c.p.c.) - uso diverso,True,False,True,54,True,True,True,False,ok,
030011,Intimazione di sfratto per morosità (art. 658 c.p.c.) - uso abitativo,True,False,True,61,True,True,True,False,ok,
030012,Intimazione di licenza o di sfratto per morosità (art. 658 c.p.c.) - uso diverso,True,False,True,61,True,True,True,False,ok,
030021,Intimazione di licenza o di sfratto per cessazione del rapporto di locazione d'opera (art. 659 c.p.c.),True,False,True,71,True,True,True,False,ok,
050001,Procedimento di Ingiunzione Ante Causam,True,False,True,67,True,True,True,False,ok,
051001,Sequestro conservativo ex art. 671 c.p.c.,True,False,True,71,True,True,True,False,ok,
051002,Sequestro giudiziario ex art. 670 c.p.c.,True,False,True,71,True,True,True,False,ok,
051003,Sequestro (liberatorio) ex art. 687 c.p.c.,True,False,True,71,True,True,True,False,ok,
052001,Prova testimoniale e/o Accertamento tecnico preventivo,True,False,True,67,True,True,True,False,ok,
052011,Ispezione preventiva,True,False,True,71,True,True,True,False,ok,
053001,"Inibitoria(art.63R.D.n.929/1942,art.83R.D.n.1127/1939,L n.52/1996,d.lgs.30/2005)",True,False,True,71,True,True,True,False,ok,
055011,Provvedimenti d'urgenza ex art. 700 c.p.c,True,False,True,71,True,True,True,False,ok,
059999,Altri procedimenti cautelari in materia di diritto societario ecc.,True,False,True,71,True,True,True,False,ok,
100001,Opposizione a precetto (art. 615 c. 1 c.p.c.),True,False,True,57,True,True,True,False,ok,
100011,Opposizione all'esecuzione ex art. 615 c. 2 c.p.c. (dopo l'inizio dell'esecuzione),True,False,True,57,True,True,True,False,ok,
100012,"Opposizione all'esecuzione (art. 615, c. 2, c.p.c.) - immobiliare",True,False,True,57,True,True,True,False,ok,
100019,Opposizione all'esecuzione mobiliare e immobiliare riassunta davanti al Giudice di Pace,True,False,True,67,True,True,True,False,ok,
100021,Opposizione agli atti esecutivi (art. 617 c.p.c.) - mobiliare,True,False,True,45,True,True,True,False,ok,
100022,Opposizione agli atti esecutivi (art. 617 c.p.c.) - immobiliare,True,False,True,46,True,True,True,False,ok,
100031,Opposizione del terzo (art. 619 c.p.c.) - mobiliare,True,False,True,47,True,True,True,False,ok,
100032,Opposizione del terzo (art. 619 c.p.c.) - immobiliare,True,False,True,47,True,True,True,False,ok,
100039,Opposizione del terzo all'esecuzione mob. e immob. davanti al Giudice di Pace,True,False,True,47,True,True,True,False,ok,
100041,Accertamento dell'obbligo del terzo ex art. 548 c.p.c.,True,False,True,47,True,True,True,False,ok,
100999,PROVA,True,False,True,71,True,True,True,False,ok,
101001,Revocazione ordinaria della sentenza (art. 395 c.p.c.),True,False,True,60,True,True,True,False,ok,
101002,Revocazione della sentenza ex artt. 395 e ss. c.p.c.,True,False,True,47,True,True,True,False,ok,
101003,Opposizione di terzo ex artt. 404 e ss. c.p.c.,True,False,True,47,True,True,True,False,ok,
101004,Revocazione per contrarietà alla Convenzione europea dei diritti dell'uomo ex art. 391-quater,True,False,True,63,True,True,True,False,ok,
101005,"Ricorso al Presidente del Tribunale per ricusazione arbitro (art. 815, comma 3 cpc)",True,False,True,71,True,True,True,False,ok,
101011,Rogatorie civili,True,False,True,72,True,True,True,False,ok,
101012,Prova Delegata,True,False,True,71,True,True,True,False,ok,
102001,Azione surrogatoria ex art. 2900 c.c.,True,False,True,47,True,True,True,False,ok,
102002,Azione revocatoria ordinaria (art. 2901 c.c.),True,False,True,72,True,True,True,False,ok,
102011,Privilegio,True,False,True,67,True,True,True,False,ok,
103001,Azione di arricchimento senza causa (art. 2041 c.c.),True,False,True,75,True,True,True,False,ok,
104001,Controversie di competenza del Tribunale Regionale delle Acque Pubbliche,True,False,True,63,True,True,True,False,ok,
105001,Usi civici,True,False,True,63,True,True,True,False,ok,
106001,Opposizione alla esecutorietà dei lodi arbitrali stranieri (art. 840 c.p.c.),True,False,True,51,True,True,True,False,ok,
106002,Impugnazione di lodi nazionali (art. 828 c.p.c.),True,False,True,47,True,True,True,False,ok,
106003,Espropriazione,True,False,True,63,True,True,True,False,ok,
106004,Azione di nullita e risarcimento in materia di tutela della concorrenza e del mercato (art. 33 L. n. 287/90),True,False,True,63,True,True,True,False,ok,
106005,Opposizione avverso il decreto di esecutivita sentenze in materia civile e commerciale di cui alle convenzioni di Bruxelles e Lugano (L. 804/71),True,False,True,63,True,True,True,False,ok,
106007,Reclamo ex art. 818-bis cpc,True,False,True,63,True,True,True,False,ok,
106502,Accertamento requisiti sentenze straniere in materia diversa da quella matrimoniale (art. 67 L. n. 218/95),True,False,True,63,True,True,True,False,ok,
108001,Istanza di conciliazione,True,False,True,71,True,True,True,False,ok,
109999,Altri istituti e leggi speciali,True,False,True,71,True,True,True,False,ok,
110000,Altre ipotesi di cui al c. 3 art. 3 L. 46/2017,True,False,True,67,True,True,True,False,ok,
110001,Interdizione (COLLEGIO),True,False,True,47,True,True,True,False,ok,
110002,Inabilitazione (COLLEGIO),True,False,True,47,True,True,True,False,ok,
110011,"Diritti della personalita (anche della persona giuridica) (es.: identita personale, nome, immagine, onore e reputazione, riservatezza)",True,False,True,67,True,True,True,False,ok,
110021,Diritti di elettorato attivo e passivo,True,False,True,67,True,True,True,False,ok,
110022,Diritti della cittadinanza,True,False,True,67,True,True,True,False,ok,
110023,Riconoscimento dello stato di apolidia,True,False,True,67,True,True,True,False,ok,
110031,Diritti relativi al trattamento dei dati personali,True,False,True,49,True,True,True,False,ok,
110032,Impugnazione ex art. 35 D.Lgs. 25/2008 (protezione internazionale),True,False,True,48,True,True,True,False,ok,
110033,Riconoscimento diritto di soggiorno cittadini UE (art. 8 D.Lgs. 30/2007),True,False,True,67,True,True,True,False,ok,
110034,Impugnazione provvedimento di allontanamento ex artt. 20-21 D.Lgs. 30/2007,True,False,True,67,True,True,True,False,ok,
110035,Impugnazioni Unità Dublino (Reg. UE 604/2013),True,False,True,63,True,True,True,False,ok,
110036,Convalida del provvedimento di trattenimento o proroga del trattenimento,True,False,True,67,True,True,True,False,ok,
110037,Ricongiungimento familiare (art. 30 D.Lgs. 286/1998),True,False,True,67,True,True,True,False,ok,
110038,Impugnazione avverso diniego/revoca di rilascio/rinnovo permesso di soggiorno,True,False,True,63,True,True,True,False,ok,
110039,Impugnazione diniego visto per motivi di ricongiungimento da parte dell'autorità consolare,True,False,True,67,True,True,True,False,ok,
110040,Impugnazione diniego protezione umanitaria da parte del Questore,True,False,True,63,True,True,True,False,ok,
110041,Convalida del provvedimento del questore di accompagnamento immediato alla frontiera,True,False,True,67,True,True,True,False,ok,
110044,Reclamo avverso diniego sospensione provvedimento,True,False,True,63,True,True,True,False,ok,
110045,Convalida dei provvedimenti di trattenimento per i cittadini comunitari,True,False,True,67,True,True,True,False,ok,
110999,Altri istituti relativi allo stato della persona ed ai diritti della personalita,True,False,True,67,True,True,True,False,ok,
111001,Separazione consensuale,True,False,True,56,True,True,True,False,ok,
111002,Separazione giudiziale,True,False,True,62,True,True,True,False,ok,
111003,Separazione consensuale dei coniugi (omologa),True,False,True,76,True,True,True,False,ok,
111004,Separazione consensuale e divorzio congiunto (Scioglimento matrimonio),True,False,True,67,True,True,True,False,ok,
111005,Modifica delle condizioni di separazione (contenzioso),True,False,True,67,True,True,True,False,ok,
111010,Affidamento e mantenimento figli nati fuori dal matrimonio (art. 473-bis c.p.c.),True,False,True,68,True,True,True,False,ok,
111011,Divorzio congiunto,True,False,True,67,True,True,True,False,ok,
111012,Divorzio contenzioso - Cessazione effetti civili,True,False,True,62,True,True,True,False,ok,
111013,Modifica delle condizioni di divorzio (contenzioso),True,False,True,67,True,True,True,False,ok,
111014,Modifica delle condizioni di divorzio (ricorso congiunto),True,False,True,67,True,True,True,False,ok,
111021,Divorzio congiunto (su domanda di entrambi i coniugi),True,False,True,77,True,True,True,False,ok,
111022,Divorzio contenzioso - Scioglimento matrimonio,True,False,True,76,True,True,True,False,ok,
111023,Separazione giudiziale e divorzio congiunto (Cessazione effetti civili),True,False,True,67,True,True,True,False,ok,
111024,Separazione giudiziale e divorzio contenzioso (Cessazione effetti civili),True,False,True,67,True,True,True,False,ok,
111101,Filiazione legittima,True,False,True,67,True,True,True,False,ok,
111102,Filiazione naturale,True,False,True,67,True,True,True,False,ok,
111103,Dichiarazione giudiziale di paternità/maternità naturale di persona maggiorenne - merito,True,False,True,58,True,True,True,False,ok,
111104,Attuazione dei provvedimenti sull'affidamento,True,False,True,67,True,True,True,False,ok,
111105,Dichiarazione giudiziale di paternità e maternità naturale - ammissibilita',True,False,True,67,True,True,True,False,ok,
111106,Regolamentazione dell'esercizio della responsabilità genitoriale (contenzioso),True,False,True,67,True,True,True,False,ok,
111107,Regolamentazione dell'esercizio della responsabilità genitoriale (ricorso congiunto),True,False,True,67,True,True,True,False,ok,
111108,Modifica condizioni regolamentaz. esercizio responsabilità genitoriale (contenzioso),True,False,True,67,True,True,True,False,ok,
111109,Modifica condizioni regolamentaz. esercizio responsabilità genitoriale (ricorso congiunto),True,False,True,67,True,True,True,False,ok,
111110,Azione di dichiarazione giudiziale di paternità o maternità riguardante minori (art.274 Cod. Civ.) (contenzioso),True,False,True,67,True,True,True,False,ok,
111111,Impugnazione di riconoscimento di paternità o maternità riguardante minori (artt.74 e 264 Cod. Civ.) (contenzioso),True,False,True,64,True,True,True,False,ok,
111201,Matrimonio (promessa di matrimonio ex artt. 79-81 c.c. - opposizione al matrimonio ex artt. 102 - 104 c.c. - impugnazione del matrimonio ex artt. 117 e ss. c.c.),True,False,True,64,True,True,True,False,ok,
111211,Regime Patrimoniale: della famiglia ex artt. 159 e ss. c.c.,True,False,True,67,True,True,True,False,ok,
111212,Regime Patrimoniale della famiglia di fatto,True,False,True,67,True,True,True,False,ok,
111213,Attribuzione di quota di pensione e di indennità di fine rapporto lavorativo,True,False,True,66,True,True,True,False,ok,
111214,Fondo patrimoniale (artt. 167 e ss. c.c.),True,False,True,67,True,True,True,False,ok,
111215,Sostituzione dell'amministratore del patrimonio familiare,True,False,True,67,True,True,True,False,ok,
111216,Sequestro dei beni del coniuge separato (art. 156 c.c.),True,False,True,67,True,True,True,False,ok,
111217,Fondo di solidarietà a tutela del coniuge in stato di bisogno,True,False,True,67,True,True,True,False,ok,
111301,Alimenti,True,False,True,48,True,True,True,False,ok,
111401,Mutamento di sesso,True,False,True,74,True,True,True,False,ok,
111402,Stato civile (rettifica del nome e altri atti dello Stato civile),True,False,True,74,True,True,True,False,ok,
111403,Dichiarazione di assenza o di morte presunta (COLLEGIO),True,False,True,67,True,True,True,False,ok,
111404,Adozione di maggiorenni,True,False,True,67,True,True,True,False,ok,
111501,Esecutorieta sentenza Sacra Rota nullita di matrimonio (L. 121/85),True,False,True,67,True,True,True,False,ok,
111502,Accertamento dei requisiti sentenza straniera di divorzio (art. 67 L. 218/95),True,False,True,68,True,True,True,False,ok,
111503,Istanza per la nomina del curatore speciale del minore,True,False,True,67,True,True,True,False,ok,
111504,"Matrimonio (pubbl.ni matrimoniali ex artt. 93 e ss. cc, nulla osta al matrim.)",True,False,True,67,True,True,True,False,ok,
111601,Misure di protezione contro gli abusi familiari (art. 473 bis.71 c.p.c.),True,False,True,67,True,True,True,False,ok,
111602,"Ricorso per violenza domestica o di genere ex artt. 473 bis.40, 473 bis. 41, 73 bis.42",True,False,True,67,True,True,True,False,ok,
111604,Istanza per la nomina del curatore speciale del minore,True,False,True,67,True,True,True,False,ok,
111999,"Altri istituti di diritto di famiglia (es.: mantenimento figli naturali e legittimi, etc.)",True,False,True,67,True,True,True,False,ok,
112001,Deprecato per iscrizione in secondo grado - Interdizione di minori,True,False,True,67,True,True,True,False,ok,
112002,Deprecato per iscrizione in secondo grado - Inabilitazione di minori,True,False,True,67,True,True,True,False,ok,
112102,Riconoscimento di figlio naturale (art. 250 c.c.),True,False,True,67,True,True,True,False,ok,
112103,Dichiarazione giudiziale di paternità/maternità naturale di minorenne - merito (art. 269 c.p.c.),True,False,True,58,True,True,True,False,ok,
112104,Regolamentazione rapporti con gli ascendenti (art. 317-bis Cod. Civ.),True,False,True,67,True,True,True,False,ok,
112105,Controllo della responsabilità genitoriale sui figli (art. 330 - 333 Cod. Civ.),True,False,True,67,True,True,True,False,ok,
112106,Convalida del provvedimento ex art. 403 CC,True,False,True,67,True,True,True,False,ok,
112107,Affidamento minori (post Riforma Cartabia),True,False,True,67,True,True,True,False,ok,
112108,Istanza ex art. 473 bis.69 Cpc (Ordini di protezione contro gli abusi familiari su soggetto minore),True,False,True,67,True,True,True,False,ok,
112109,Provvedimenti indifferibili (Art. 473 bis.15 C.p.c.),True,False,True,67,True,True,True,False,ok,
112110,Attuazione dei provvedimenti sull'affidamento (Art. 473 bis.38 Cpc),True,False,True,67,True,True,True,False,ok,
112111,Provvedimenti in caso di inadempienze o violazioni (Art. 473 bis.39 C.p.c.),True,False,True,67,True,True,True,False,ok,
112202,"Disconoscimento di figlio naturale (art. 250, 233, 244 c.c.)",True,False,True,67,True,True,True,False,ok,
112999,Altri procedimenti in materia minorile,True,False,True,67,True,True,True,False,ok,
118001,Controversie di competenza del TSAP ex art. 142 R.D. 1775/1933,True,False,True,71,True,True,True,False,ok,
118002,Controversie di competenza del TSAP ex art. 143 R.D. 1775/1933,True,False,True,71,True,True,True,False,ok,
118003,Revocazione ex art. 199 R.D. 1775/1933,True,False,True,71,True,True,True,False,ok,
118004,Rettificazione sentenza ex art. 204 R.D. 1775/1933,True,False,True,79,True,True,True,False,ok,
118099,Altre controversie di competenza del TSAP,True,False,True,71,True,True,True,False,ok,
120001,Cause di impugnazione dei testamenti e di riduzione per lesione di legittima,True,False,True,45,True,True,True,False,ok,
120011,Divisione di beni caduti in successione,True,False,True,47,True,True,True,False,ok,
129999,Altri istituti relativi alle successioni,True,False,True,71,True,True,True,False,ok,
130001,Azione di rivendicazione (immobiliare),True,False,True,47,True,True,True,False,ok,
130011,Superficie,True,False,True,71,True,True,True,False,ok,
130021,Enfiteusi,True,False,True,71,True,True,True,False,ok,
130031,Usufrutto,True,False,True,71,True,True,True,False,ok,
130032,Abitazione - Uso,True,False,True,71,True,True,True,False,ok,
130041,Costituzione di servitù coattiva (passaggio coattivo ex art. 1051 c.c. e altre servitù coattive),True,False,True,53,True,True,True,False,ok,
130051,Comunione e Condominio - impugnazione di delibera assembleare e spese condominiali,True,False,True,56,True,True,True,False,ok,
130052,tabelle millesimali,True,False,True,71,True,True,True,False,ok,
130099,altri rapporti condominiali,True,False,True,71,True,True,True,False,ok,
130111,Apposizione di termini,True,False,True,71,True,True,True,False,ok,
130121,Controversia in materia di immissioni,True,False,True,48,True,True,True,False,ok,
130131,Osservanza distanze riguardo alberi/siepi,True,False,True,71,True,True,True,False,ok,
131001,Usucapione di beni mobili (art. 1161 c.c.) e mobili registrati (art. 1162 c.c.),True,False,True,76,True,True,True,False,ok,
131002,Usucapione (art. 1159 c.c. - usucapione decennale),True,False,True,47,True,True,True,False,ok,
131003,Usucapione (art. 1159-bis c.c. - usucapione speciale),True,False,True,47,True,True,True,False,ok,
131011,Divisione di beni non caduti in successione,True,False,True,71,True,True,True,False,ok,
131101,Diritti ed obblighi del possessore non riconducibili alle azioni di reintegrazione e manutenzione),True,False,True,71,True,True,True,False,ok,
132001,Azione di rivendicazione della proprietà (rei vindicatio - art. 948 c.c.),True,False,True,69,True,True,True,False,ok,
139999,Altri istituti in materia di diritti reali possesso e trascrizioni,True,False,True,71,True,True,True,False,ok,
140001,Cessione dei crediti,True,False,True,71,True,True,True,False,ok,
140002,Arbitraggio - Perizia contrattuale,True,False,True,71,True,True,True,False,ok,
140011,Vendita di cose immobili,True,False,True,54,True,True,True,False,ok,
140012,Vendita di cose mobili,True,False,True,64,True,True,True,False,ok,
140021,Appalto di opere pubbliche,True,False,True,71,True,True,True,False,ok,
140022,"Appalto: altre ipotesi (artt. 1655 e ss. c.c., azione ex 1669 c.c.)",True,False,True,46,True,True,True,False,ok,
140031,Somministrazione,True,False,True,71,True,True,True,False,ok,
140032,Locazione di beni mobili,True,False,True,71,True,True,True,False,ok,
140033,"Spedizione - Trasporto (nazionale, internazionale, terrestre, aereo, marittimo, misto)",True,False,True,71,True,True,True,False,ok,
140034,Mandato,True,False,True,71,True,True,True,False,ok,
140035,Agenzia,True,False,True,71,True,True,True,False,ok,
140036,Mediazione,True,False,True,71,True,True,True,False,ok,
140037,Deposito,True,False,True,71,True,True,True,False,ok,
140038,Mutuo,True,False,True,71,True,True,True,False,ok,
140039,Transazione,True,False,True,71,True,True,True,False,ok,
140041,"Bancari (deposito bancario, cassetta di sicurezza, apertura di credito bancario)",True,False,True,50,True,True,True,False,ok,
140051,Assicurazione contro i danni,True,False,True,71,True,True,True,False,ok,
140052,Assicurazione sulla vita,True,False,True,71,True,True,True,False,ok,
140061,Fideiussione - Polizza fideiussoria,True,False,True,71,True,True,True,False,ok,
140101,Promessa di pagamento - Ricognizione di debito,True,False,True,71,True,True,True,False,ok,
140102,Titoli di credito,True,False,True,71,True,True,True,False,ok,
140111,Indebito soggettivo - Indebito oggettivo,True,False,True,71,True,True,True,False,ok,
140112,Arricchimento senza causa,True,False,True,71,True,True,True,False,ok,
140999,Altri contratti tipici ed obbligazioni non rientranti nelle altre materie,True,False,True,71,True,True,True,False,ok,
141001,Donazione,True,False,True,71,True,True,True,False,ok,
142001,Prestazione d'opera intellettuale,True,False,True,71,True,True,True,False,ok,
142002,Responsabilità professionale,True,False,True,48,True,True,True,False,ok,
142999,Altri contratti d'opera,True,False,True,71,True,True,True,False,ok,
143101,Cessione di azienda,True,False,True,71,True,True,True,False,ok,
143102,Concessione di vendita,True,False,True,63,True,True,True,False,ok,
143103,Distribuzione,True,False,True,63,True,True,True,False,ok,
143104,Licenza d'uso,True,False,True,71,True,True,True,False,ok,
143105,Noleggio,True,False,True,74,True,True,True,False,ok,
143106,Subfomitura,True,False,True,74,True,True,True,False,ok,
143111,Factoring,True,False,True,74,True,True,True,False,ok,
143112,Franchising,True,False,True,74,True,True,True,False,ok,
143121,Leasing,True,False,True,74,True,True,True,False,ok,
143131,Intermediazione finanziaria (S.I.M.) - Contratti di Borsa,True,False,True,71,True,True,True,False,ok,
143999,Altri contratti atipici,True,False,True,71,True,True,True,False,ok,
144001,"Cessazione del contratto di locazione alla scadenza, uso abitativo",True,False,True,71,True,True,True,False,ok,
144002,"Cessazione del contratto di locazione alla scadenza, uso diverso",True,False,True,71,True,True,True,False,ok,
144011,Recesso dal contratto del Conduttore uso abitativo,True,False,True,71,True,True,True,False,ok,
144012,Recesso dal contratto del Conduttore uso diverso,True,False,True,71,True,True,True,False,ok,
144021,Risoluzione del contratto di locazione per inadempimento - uso abitativo,True,False,True,52,True,True,True,False,ok,
144022,Risoluzione del contratto di locazione per inadempimento uso diverso,True,False,True,52,True,True,True,False,ok,
144031,"Cause relative alla validita o efficacia del contratto o di singole clausole (azione di simulazione, nullita, annullamento, etc.)",True,False,True,71,True,True,True,False,ok,
144032,Pagamento del corrispettivo - Indennita di avviamento - Ripetizione di indebito - Risarcimento del danno,True,False,True,71,True,True,True,False,ok,
144033,"Diritto di prelazione - diritto di riscatto del conduttore (ex L. n. 392/1978, ex L. n.431/1998 e altre leggi speciali)",True,False,True,71,True,True,True,False,ok,
144101,Affitto di azienda,True,False,True,71,True,True,True,False,ok,
144201,"Opposizione al decreto di graduazione dello sfratto ex art. 6, L. n. 431/1998",True,False,True,58,True,True,True,False,ok,
144301,Comodato di immobile urbano,True,False,True,71,True,True,True,False,ok,
144401,Occupazione senza titolo di immobile,True,False,True,50,True,True,True,False,ok,
144999,Altri istituti del diritto delle locazioni,True,False,True,71,True,True,True,False,ok,
145001,Solo danni a cose - responsabilità extracontrattuale,True,False,True,47,True,True,True,False,ok,
145002,Risarcimento del danno - lesione personale (responsabilità extracontrattuale),True,False,True,61,True,True,True,False,ok,
145003,Morte - responsabilità extracontrattuale,True,False,True,47,True,True,True,False,ok,
145009,Azioni di competenza del Giudice di Pace in materia di risarcimento danno,True,False,True,71,True,True,True,False,ok,
145011,"Responsabilita dei genitori, dei tutori e dei maestri (art. 2048 c.c.)",True,False,True,71,True,True,True,False,ok,
145012,Responsabilita per l'esercizio di attivita pericolose (art. 2050 c.c.),True,False,True,71,True,True,True,False,ok,
145013,Responsabilita ex artt. 2049 - 2051 - 2052 c.c.,True,False,True,71,True,True,True,False,ok,
145014,Rovina di edificio (art. 2053c.c.),True,False,True,71,True,True,True,False,ok,
145021,Responsabilita del produttore,True,False,True,71,True,True,True,False,ok,
145111,Responsabilita civile dei magistrati (cause di cui alla legge n. 117/1988),True,False,True,71,True,True,True,False,ok,
145999,Altre ipotesi di responsabilita Extracontrattuale non ricomprese nelle altre materie (art. 2043 c.c. e norme speciali),True,False,True,71,True,True,True,False,ok,
146041,"Contratti bancari (deposito bancario, cassetta di sicurezza, apertura di credito bancario, anticipazione bancaria, conto corrente bancario, sconto bancario) cui non si applica il d.l.vo n. 5/2003",True,False,True,71,True,True,True,False,ok,
146231,"Intermed. mobiliare (servizi e contratti di invest.,servizi accessori,fondi di invest., gestione collettiva del risparmio,gestione accentrata di strumenti finan.,vendita di prodotti finanz.,cartolarizzazione di crediti,contratti di borsa)",True,False,True,65,True,True,True,False,ok,
146232,Credito per le opere pubbliche (lett. f art. 1 d.l.vo n. 5/2003),True,False,True,71,True,True,True,False,ok,
146239,Altri contratti bancari e controversie in genere di cui alla lettera e) art. 1 d.l.vo n. 5/2003,True,False,True,71,True,True,True,False,ok,
146331,"Pagamento di somma di danaro o consegna di cosa mobile in materia di controversie promosse da una banca nei confronti di altra banca e di cui alle lettere e), f) art. 1 d.l.vo n. 5/2003",True,False,True,71,True,True,True,False,ok,
150001,Associazione - Comitato,True,False,True,72,True,True,True,False,ok,
150002,Associazione in partecipazione,True,False,True,72,True,True,True,False,ok,
150003,Consorzio,True,False,True,72,True,True,True,False,ok,
150004,Fondazione,True,False,True,72,True,True,True,False,ok,
150999,Altri istituti relativi alle persone giuridiche,True,False,True,72,True,True,True,False,ok,
151110,Azione di responsabilità contro gli amministratori di S.r.l. (artt. 2476 c.c.),True,False,True,56,True,True,True,False,ok,
151111,"Cause di responsabilita proposte dalla L.CA. in societa fiduciarie e di revisione ex art. 2, L. n. 430/1986 (COLLEGIO E RITO DEL LAVORO)",True,False,True,65,True,True,True,False,ok,
151112,Impugnazione delle deliberazioni dell'assemblea e del CdA,True,False,True,56,True,True,True,False,ok,
151120,"Rapporti sociali e cessione di partecipazione nelle societa di fatto, di persone, di capitali, di cooperative e mutue assicuratrici",True,False,True,72,True,True,True,False,ok,
151121,Cause in materia di trasferimento di partecipazioni sociali etc.,True,False,True,71,True,True,True,False,ok,
151122,Cause in materia di patti parasociali,True,False,True,71,True,True,True,False,ok,
151123,Cause in materia di offerte pubbliche etc.,True,False,True,71,True,True,True,False,ok,
151130,Opposizione dei creditori alla fusione delle societa (art. 2503 c.c.),True,False,True,63,True,True,True,False,ok,
151999,Altri istituti di diritto societario,True,False,True,71,True,True,True,False,ok,
152001,Responsabilità dell'amministratore di condominio e impugnazione delibere (artt. 1130-1137 c.c.),True,False,True,75,True,True,True,False,ok,
152003,Impugnazione delle delibere di assemblea – società di persone,True,False,True,63,True,True,True,False,ok,
152004,Cause in materia di rapporti societari – società di persone,True,False,True,72,True,True,True,False,ok,
152005,Cause in materia di trasferimento di partecipazioni sociali etc. – società di persone,True,False,True,72,True,True,True,False,ok,
152006,Cause in materia di patti parasociali – società di persone,True,False,True,72,True,True,True,False,ok,
152110,"Cause di responsabilita contro gli organi amministrativi e di controllo, i direttori generali e i liquidatori delle associazioni in partecipazione e dei consorzi (COLLEGIO)",True,False,True,72,True,True,True,False,ok,
152112,Impugnazione delle deliberazioni dell'assemblea e del consiglio di amministrazione delle associazioni in partecipazione e dei consorzi (COLLEGIO),True,False,True,63,True,True,True,False,ok,
152999,Altre controversie in materia di società di persone,True,False,True,72,True,True,True,False,ok,
153110,Cause di responsabilità contro organi amministrativi e controllo - liquidatori,True,False,True,56,True,True,True,False,ok,
153112,Impugnazione deliberazioni assemblea e CdA - società cooperative,True,False,True,56,True,True,True,False,ok,
153120,"Cause in materia di rapporti societari, ivi compresi quelli concernenti le societa di fatto nonche l'accertamento, la costituzione, la modificazione o l'estinzione del rapporto societario",True,False,True,71,True,True,True,False,ok,
153121,Cause in materia di trasferimento di partecipazioni sociali e di negozi o diritti inerenti,True,False,True,71,True,True,True,False,ok,
153122,Cause in materia di patti parasociali,True,False,True,71,True,True,True,False,ok,
153123,"Cause in materia di offerte pubbliche di acquisto, di scambio e di vendita (O.P.A., O.P.S., O.P.V.)",True,False,True,63,True,True,True,False,ok,
153999,Altri istituti di diritto societario soggetti al d.l.vo n. 5/2003,True,False,True,71,True,True,True,False,ok,
154112,"Pagamento di somma di danaro o di consegna di cosa mobile in cause di impugnazione delle deliberazioni dell'assemblea e del c.d.a. delle societa, delle mutue assicuratrici e delle societa cooperative",True,False,True,63,True,True,True,False,ok,
154120,"Pagamento di somma di danaro o di consegna di cosa mobile in materia di rapporti societari, ivi compresi quelli concernenti le societa di fatto",True,False,True,71,True,True,True,False,ok,
154121,Pagamento di somma di danaro o di consegna di cosa mobile in cause in materia di trasferimento di partecipazioni sociali e di negozi o diritti inerenti,True,False,True,71,True,True,True,False,ok,
154122,Pagamento di somma di danaro o di consegna di cosa mobile in cause in materia di patti parasociali,True,False,True,71,True,True,True,False,ok,
154123,"Pagamento di somma di danaro o di consegna di cosa mobile in cause in materia di offerte pubbliche di acquisto, di scambio e di vendita (O.P.A., O.P.S., O.P.V.)",True,False,True,63,True,True,True,False,ok,
154999,Pagamento di somma di danaro o di consegna di cosa mobile in cause residuali in materia di dirtto societario soggette al d.l.vo n. 5/2003,True,False,True,71,True,True,True,False,ok,
170001,Azione di nullità o decadenza di marchio (CPI artt. 19-28),True,False,True,70,True,True,True,False,ok,
170002,Azione di nullità o decadenza del brevetto (CPI artt. 45-81),True,False,True,53,True,True,True,False,ok,
170003,Brevetto di modello di utilità,True,False,True,53,True,True,True,False,ok,
170004,Marchio,True,False,True,68,True,True,True,False,ok,
170009,Brevetto (invenzione e modello) - Marchio: altre ipotesi,True,False,True,53,True,True,True,False,ok,
170011,Concorrenza sleale,True,False,True,67,True,True,True,False,ok,
170013,Concorrenza sleale interferente,True,False,True,67,True,True,True,False,ok,
170014,Marchi di fatto,True,False,True,69,True,True,True,False,ok,
170015,Nome a dominio,True,False,True,67,True,True,True,False,ok,
170021,Diritto di autore,True,False,True,67,True,True,True,False,ok,
170031,Ditta - Insegna - Denominazione sociale - Ragione sociale,True,False,True,67,True,True,True,False,ok,
170041,Antitrust afferente diritti di proprietà industriale,True,False,True,68,True,True,True,False,ok,
170042,Antitrust,True,False,True,67,True,True,True,False,ok,
170999,Altri istituti di diritto industriale,True,False,True,71,True,True,True,False,ok,
171001,Opposizione alla sentenza dichiarativa di fallimento (art. 18 L.F.),True,False,True,58,True,True,True,False,ok,
171002,Opposizione all'accertamento dello stato di insolvenza,True,False,True,66,True,True,True,False,ok,
171101,azione di inefficacia ex art. 44,True,False,True,71,True,True,True,False,ok,
171102,azione di inefficacia ex art. 64,True,False,True,71,True,True,True,False,ok,
171103,azione ex artt. 72 e ss.,True,False,True,71,True,True,True,False,ok,
171104,azione di inefficacia ex art. 167,True,False,True,71,True,True,True,False,ok,
171105,Azione revocatoria fallimentare (artt. 67 e ss. L.F.),True,False,True,47,True,True,True,False,ok,
171201,Opposizione allo stato passivo (art. 98 L.F.),True,False,True,46,True,True,True,False,ok,
171202,Impugnazione dei crediti ammessi (art. 100 L.F.),True,False,True,46,True,True,True,False,ok,
171203,Insinuazione tardiva di credito (art. 101 L.F.),True,False,True,47,True,True,True,False,ok,
171204,Istanza di revocazione contro crediti ammessi (art. 102),True,False,True,63,True,True,True,False,ok,
171205,"Domande di rivendicazione,, restituzione e separazione di cose mobili (art. 103)",True,False,True,72,True,True,True,False,ok,
171301,Contestazione avverso il rendiconto del curatore (art. 116),True,False,True,71,True,True,True,False,ok,
171311,Cause di omologazione di concordato fallimentare (artt. 124 e ss.),True,False,True,71,True,True,True,False,ok,
171321,Cause di omologazione di concordato preventivo (art. 160 e ss.),True,False,True,71,True,True,True,False,ok,
171401,Istanza e ricorso per la dichiarazione di fallimento e relativo reclamo (art. 6-22 del R.D. n. 267/1942),True,False,True,63,True,True,True,False,ok,
171402,Istanza per estensione di fallimento (art. 147 del R.D. n. 267/1942,True,False,True,71,True,True,True,False,ok,
171403,Accertamento dello stato di insolvenza nella Liquidazione coatta amministrativa o nella Amministrazione straordinaria e relativo reclamo,True,False,True,66,True,True,True,False,ok,
171404,Esdebitazione del Debitore Incapiente (CCI),True,False,True,71,True,True,True,False,ok,
171405,Reclamo avverso il rigetto della dichiarazione dello stato di insolvenza (LCA),True,False,True,66,True,True,True,False,ok,
171406,Opposizione all'omologazione del piano di ristrutturazione,True,False,True,63,True,True,True,False,ok,
171999,Altri istituti di diritto fallimentare,True,False,True,71,True,True,True,False,ok,
172001,Brevetto (invenzione e modello) - Marchio,True,False,True,69,True,True,True,False,ok,
172011,Concorrenza sleale,True,False,True,69,True,True,True,False,ok,
172012,Concorrenza sleale interferente- marchio di fatto - nome a dominio,True,False,True,70,True,True,True,False,ok,
172021,Diritto di autore,True,False,True,71,True,True,True,False,ok,
172031,Ditta - Insegna - Denominazione sociale,True,False,True,71,True,True,True,False,ok,
172999,Altri istituti di diritto industriale,True,False,True,71,True,True,True,False,ok,
173001,Brevetto (invenzione e modello) - Marchio,True,False,True,69,True,True,True,False,ok,
173011,Concorrenza sleale,True,False,True,69,True,True,True,False,ok,
173012,Concorrenza sleale interferente- marchio di fatto - nome a dominio,True,False,True,70,True,True,True,False,ok,
173021,Diritto di autore,True,False,True,71,True,True,True,False,ok,
173031,Ditta - Insegna - Denominazione sociale,True,False,True,71,True,True,True,False,ok,
173999,Altri istituti di diritto industriale,True,False,True,71,True,True,True,False,ok,
174101,Azione di inefficacia ex art. 144 CCI,True,False,True,71,True,True,True,False,ok,
174102,Azione di inefficacia ex art. 163 CCI,True,False,True,71,True,True,True,False,ok,
174103,Azione di inefficacia ex art. 94 CCI,True,False,True,71,True,True,True,False,ok,
174104,Azione revocatoria ex art. 166 CCI,True,False,True,71,True,True,True,False,ok,
174201,Opposizione sentenza di apertura della liquidazione giudiziale,True,False,True,64,True,True,True,False,ok,
174202,Opposizione all'accertamento dello stato di insolvenza,True,False,True,66,True,True,True,False,ok,
174203,Opposizione omologazione concordato preventivo,True,False,True,63,True,True,True,False,ok,
174204,Opposizione omologazione accordo di ristrutturazione,True,False,True,63,True,True,True,False,ok,
174999,Altri istituti di diritto concorsuale,True,False,True,71,True,True,True,False,ok,
180001,Opposizione all'ordinanza-ingiunzione ex artt. 22 e ss. L. 689/1981 (escluso lavoro),True,False,True,58,True,True,True,False,ok,
180002,Opposizione ord. ingiunzione ex art. 22 L. 689/1981 (esclusi assegni e lavoro),True,False,True,58,True,True,True,False,ok,
180003,Opposizione ordinanza prefettizia di cui all'art. 75 c.4 DPR 309/1990 (stupefacenti),True,False,True,63,True,True,True,False,ok,
180004,Opposizione ordinanza/decreto prefettizio di cui all'art. di cui all'art. 75 c.9 DPR 309/1990 (stupefacenti),True,False,True,63,True,True,True,False,ok,
180011,Risarcimento danni da occupazione illegittima ed accessione invertita,True,False,True,71,True,True,True,False,ok,
180021,Contenzioso di diritto tributario e doganale,True,False,True,71,True,True,True,False,ok,
180031,Contenzioso di diritto valutario,True,False,True,71,True,True,True,False,ok,
180041,Contenzioso relativo a beni demaniali,True,False,True,71,True,True,True,False,ok,
180051,Risarcimento danni da provvedimento illegittimo della P-A.,True,False,True,71,True,True,True,False,ok,
180099,Opposizione ord. ingiunzione L. 689/81 (residuali),True,False,True,58,True,True,True,False,ok,
180999,Altre controversie di diritto amministrativo,True,False,True,71,True,True,True,False,ok,
181003,"Cause di respons. vs gli organi amministrativi e di controllo,etc - Sez. Spec. Impresa",True,False,True,77,True,True,True,False,ok,
181004,"Impugn delle deliber. dell'assem. e del CdA,etc. - Sez. Spec. Impresa",True,False,True,64,True,True,True,False,ok,
181005,Cause in materia di rapporti societari - Sez. Spec. Impresa,True,False,True,71,True,True,True,False,ok,
181006,Brevetto di invenzione,True,False,True,75,True,True,True,False,ok,
181007,Brevetto di modello di utilita',True,False,True,75,True,True,True,False,ok,
181008,Marchio,True,False,True,71,True,True,True,False,ok,
181009,Concorrenza sleale interferente,True,False,True,74,True,True,True,False,ok,
181010,Marchi di fatto,True,False,True,72,True,True,True,False,ok,
181011,Nome a dominio,True,False,True,71,True,True,True,False,ok,
181012,Diritto di autore e diritti connessi,True,False,True,71,True,True,True,False,ok,
181013,Ditta - Insegna - Denominazione sociale - Ragione sociale,True,False,True,71,True,True,True,False,ok,
181014,Disegni e modelli comunitari registrati,True,False,True,71,True,True,True,False,ok,
181015,Disegni e modelli comunitari non registrati,True,False,True,71,True,True,True,False,ok,
181016,Disegni e modelli nazionali,True,False,True,71,True,True,True,False,ok,
181017,Controversie in materia di proprietà industriale per violazione della normativa antitrust nazionale,True,False,True,71,True,True,True,False,ok,
181018,Controversie in materia di proprietà industriale per violazione della normativa antitrust dell’Unione Europea,True,False,True,71,True,True,True,False,ok,
181019,Controversie in materia di operazioni di concentrazione societarie,True,False,True,71,True,True,True,False,ok,
181020,Intese e abuso di posizione dominante per violazione antitrust nazionale,True,False,True,49,True,True,True,False,ok,
181021,Intese e abuso di posizione dominante per violazione antitrust UE,True,False,True,49,True,True,True,False,ok,
181022,Marchio Europeo,True,False,True,71,True,True,True,False,ok,
181023,Brevetto Europeo,True,False,True,71,True,True,True,False,ok,
181024,Marchio collettivo (art. 11 c.p.i.),True,False,True,71,True,True,True,False,ok,
181025,Tutela indicazioni geografiche (art. 29 c.p.i.),True,False,True,70,True,True,True,False,ok,
181026,Tutela segreti commerciali (art. 98 c.p.i.),True,False,True,70,True,True,True,False,ok,
181027,Tutela delle informazioni segrete – Know how (art. 99 c.p.i.),True,False,True,70,True,True,True,False,ok,
181028,Appalti pubblici sopra soglia di rilevanza comunitaria,True,False,True,71,True,True,True,False,ok,
181029,Cause in materia di trasferimento di partecipazioni sociali etc. - Sez. Spec. imprese,True,False,True,75,True,True,True,False,ok,
181030,Cause in materia di patti parasociali - Sez. Spec. Impresa,True,False,True,75,True,True,True,False,ok,
181031,Cause in materia di offerte pubbliche etc. - Sez. Spec. Impresa,True,False,True,71,True,True,True,False,ok,
181032,Revocazione ex art. 395 c.p.c. - Sez. Spec. Impresa,True,False,True,63,True,True,True,False,ok,
181033,Opposizione di terzo ex artt. 404 e ss. c.p.c. - Sez. Spec. Impresa,True,False,True,63,True,True,True,False,ok,
181034,Controversie in materia di indennità di espropriazione dei diritti di proprietà industriale,True,False,True,71,True,True,True,False,ok,
181035,"Controversie contro i provvedimenti del Consiglio dell’ordine di cui al capo VI del D.Lgs. 30/2005,",True,False,True,71,True,True,True,False,ok,
181036,"Cause in materia di rapporti tra società di cui agli artt. 2359, co. 1, n. 3, 2497septies c.c. e 2545septies c.c.",True,False,True,71,True,True,True,False,ok,
181037,Azione revocatoria (art. 2901 c.c.) - Sez. Spec. Impresa,True,False,True,79,True,True,True,False,ok,
181040,Azione di classe (art. 840-bis e ss. c.p.c.),True,False,True,48,True,True,True,False,ok,
181041,Reclamo avverso ordinanza su ammissibilità azione collettiva,True,False,True,48,True,True,True,False,ok,
181042,Azione inibitoria collettiva,True,False,True,68,True,True,True,False,ok,
181044,Impugnazione ex art. 840-undecies c.p.c.,True,False,True,48,True,True,True,False,ok,
181099,Altre controversie di competenza della Sez. Spec. dell’Impresa in materia di propr. Industriale e diritto d’autore,True,False,True,71,True,True,True,False,ok,
181999,Altre controversie di competenza della Sez. Spec. dell’Impresa in materia societaria,True,False,True,71,True,True,True,False,ok,
201002,Revocazione della sentenza ex artt. 395 e ss. c.p.c. (in materia di lavoro),True,False,True,50,True,True,True,False,ok,
210001,Ingiunzione in materia di lavoro,True,False,True,63,True,True,True,False,ok,
210002,Ingiunzione in materia di previdenza obbligatoria,True,False,True,63,True,True,True,False,ok,
210003,Ingiunzione in materia di assistenza obbligatoria,True,False,True,63,True,True,True,False,ok,
210010,Procedimento ex art. 28 Statuto dei lavoratori - fase sommaria,True,False,True,51,True,True,True,False,ok,
210011,Procedimento ex art. 28 Statuto dei lavoratori - fase di opposizione,True,False,True,51,True,True,True,False,ok,
210012,"ex art. 18, 7' comma, Statuto lavoratori",True,False,True,63,True,True,True,False,ok,
210013,"ex art. 15, L. n. 903/1977 (parita uomo-donna)",True,False,True,63,True,True,True,False,ok,
210014,Accertamento Tecnico Preventivo ex art. 445-bis c.p.c. (ATPO previdenziale),True,False,True,60,True,True,True,False,ok,
210015,Ricorso art. 1 c. 47 e seguenti L. 92/2012 (rito Fornero - fase sommaria),True,False,True,49,True,True,True,False,ok,
210016,Opposizione L. 92/2012 (Rito Fornero - fase di opposizione),True,False,True,50,True,True,True,False,ok,
210017,"Reclamo ex art. 1, comma 58, L. 92/2012",True,False,True,63,True,True,True,False,ok,
210999,altre ipotesi,True,False,True,63,True,True,True,False,ok,
211001,sequestro conservativo,True,False,True,67,True,True,True,False,ok,
211002,Sequestro giudiziario ex art. 670 c.p.c.,True,False,True,67,True,True,True,False,ok,
211010,Provvedimento d'urgenza ex art. 700 c.p.c. - per licenziamento,True,False,True,50,True,True,True,False,ok,
211011,Provvedimento d'urgenza ex art. 700 c.p.c. - per dequalificazione/demansionamento,True,False,True,59,True,True,True,False,ok,
211012,Provvedimento d'urgenza ex art. 700 c.p.c. - per altre ragioni,True,False,True,50,True,True,True,False,ok,
211999,altre ipotesi,True,False,True,67,True,True,True,False,ok,
220001,Qualificazione del rapporto di lavoro (dipendente privato),True,False,True,50,True,True,True,False,ok,
220002,appalto di manodopera,True,False,True,65,True,True,True,False,ok,
220003,lavoro interinale,True,False,True,65,True,True,True,False,ok,
220004,avviamento obbligatorio,True,False,True,67,True,True,True,False,ok,
220010,Licenziamento per giusta causa (art. 2119 c.c.) - impugnazione,True,False,True,70,True,True,True,False,ok,
220011,apprendistato,True,False,True,65,True,True,True,False,ok,
220012,patto di prova,True,False,True,65,True,True,True,False,ok,
220020,Differenze retributive e riconoscimento qualifica superiore (mansioni superiori - art. 2103 c.c.),True,False,True,69,True,True,True,False,ok,
220021,mansione e jus variandi,True,False,True,65,True,True,True,False,ok,
220030,trasferimento del lavoratore,True,False,True,65,True,True,True,False,ok,
220031,trasferimento di azienda,True,False,True,65,True,True,True,False,ok,
220040,Distacco del lavoratore - contestazioni e nullità (art. 30 D.Lgs. 276/2003),True,False,True,68,True,True,True,False,ok,
220050,Retribuzione (differenze retributive),True,False,True,49,True,True,True,False,ok,
220060,sospensione con intervento della Cassa integrazione guadagni,True,False,True,65,True,True,True,False,ok,
220070,Risarcimento danni da infortunio sul lavoro / malattia professionale,True,False,True,73,True,True,True,False,ok,
220071,Risarcimento danni da dequalificazione,True,False,True,65,True,True,True,False,ok,
220072,Risarcimento danni:altre ipotesi,True,False,True,73,True,True,True,False,ok,
220100,Licenziamento individuale per giustificato motivo soggettivo,True,False,True,64,True,True,True,False,ok,
220101,Licenziamento individuale per giustificato motivo oggettivo (gmo),True,False,True,67,True,True,True,False,ok,
220102,Licenziamento individuale per giusta causa,True,False,True,64,True,True,True,False,ok,
220103,Licenziamento individuale del dirigente,True,False,True,64,True,True,True,False,ok,
220104,Licenziamento del socio della cooperativa,True,False,True,65,True,True,True,False,ok,
220105,Licenziamento discriminatorio,True,False,True,65,True,True,True,False,ok,
220110,Trasferimento del lavoratore per comprovate ragioni tecnico-organizzative (art. 2103 c.c.),True,False,True,56,True,True,True,False,ok,
220111,Impugnazione licenziamento con domanda di reintegrazione,True,False,True,63,True,True,True,False,ok,
220120,Dimissioni,True,False,True,65,True,True,True,False,ok,
220999,Altre ipotesi,True,False,True,65,True,True,True,False,ok,
221001,qualificazione,True,False,True,65,True,True,True,False,ok,
221002,appalto di manodopera,True,False,True,65,True,True,True,False,ok,
221003,lavoro interinale,True,False,True,65,True,True,True,False,ok,
221004,avviamento obbligatorio,True,False,True,67,True,True,True,False,ok,
221010,contratto a termine e di formazione e lavoro,True,False,True,65,True,True,True,False,ok,
221011,apprendistato,True,False,True,65,True,True,True,False,ok,
221012,patto di prova,True,False,True,65,True,True,True,False,ok,
221020,categoria e qualifica,True,False,True,65,True,True,True,False,ok,
221021,mansione e jus variandi,True,False,True,65,True,True,True,False,ok,
221030,trasferimento del lavoratore,True,False,True,65,True,True,True,False,ok,
221031,trasferimento di azienda,True,False,True,65,True,True,True,False,ok,
221040,sanzione disciplinare conservativa,True,False,True,65,True,True,True,False,ok,
221050,retribuzione,True,False,True,65,True,True,True,False,ok,
221060,sospensione con intervento della Cassa integrazione guadagni,True,False,True,65,True,True,True,False,ok,
221070,Risarcimento danni da infortunio,True,False,True,65,True,True,True,False,ok,
221071,Risarcimento danni da dequalificazione,True,False,True,65,True,True,True,False,ok,
221072,Risarcimento danni:altre ipotesi,True,False,True,65,True,True,True,False,ok,
221099,Altre ipotesi,True,False,True,65,True,True,True,False,ok,
221100,Pubblico impiego pregiudiziale - licenziamento giustificato motivo soggettivo,True,False,True,64,True,True,True,False,ok,
221101,Licenziamento individuale per giust. motivo oggettivo,True,False,True,71,True,True,True,False,ok,
221102,Licenziamento individuale per giusta causa,True,False,True,69,True,True,True,False,ok,
221103,Licenziamento individuale del dirigente,True,False,True,69,True,True,True,False,ok,
221105,Licenziamento discriminatorio,True,False,True,65,True,True,True,False,ok,
221110,Pubblico impiego pregiudiziale - licenziamento collettivo e mobilità,True,False,True,56,True,True,True,False,ok,
221111,Impugnazione licenziamento con domanda di reintegrazione,True,False,True,63,True,True,True,False,ok,
221120,Dimissioni,True,False,True,65,True,True,True,False,ok,
221999,Altre ipotesi,True,False,True,65,True,True,True,False,ok,
222001,Pubblico impiego - qualificazione,True,False,True,50,True,True,True,False,ok,
222002,Pubblico impiego - appalto di manodopera,True,False,True,50,True,True,True,False,ok,
222003,Pubblico impiego - lavoro interinale,True,False,True,50,True,True,True,False,ok,
222004,Pubblico impiego - avviamento obbligatorio,True,False,True,52,True,True,True,False,ok,
222010,Pubblico impiego - contratto a termine e formazione lavoro,True,False,True,50,True,True,True,False,ok,
222011,Pubblico impiego - apprendistato,True,False,True,50,True,True,True,False,ok,
222012,Pubblico impiego - patto di prova,True,False,True,50,True,True,True,False,ok,
222020,Pubblico impiego - categoria e qualifica,True,False,True,50,True,True,True,False,ok,
222021,Pubblico impiego - mansione e jus variandi,True,False,True,50,True,True,True,False,ok,
222030,Pubblico impiego - trasferimento lavoratore,True,False,True,50,True,True,True,False,ok,
222031,Pubblico impiego - trasferimento azienda,True,False,True,59,True,True,True,False,ok,
222040,Pubblico impiego - sanzione disciplinare conservativa,True,False,True,50,True,True,True,False,ok,
222050,Pubblico impiego - retribuzione,True,False,True,50,True,True,True,False,ok,
222060,Pubblico impiego - sospensione con CIG,True,False,True,59,True,True,True,False,ok,
222070,Pubblico impiego - risarcimento danni da infortunio,True,False,True,53,True,True,True,False,ok,
222071,Pubblico impiego - risarcimento danni da dequalificazione,True,False,True,51,True,True,True,False,ok,
222072,Pubblico impiego - risarcimento danni altre ipotesi,True,False,True,51,True,True,True,False,ok,
222099,Pubblico impiego - altre ipotesi,True,False,True,50,True,True,True,False,ok,
222100,Pubblico impiego - licenziamento giustificato motivo soggettivo,True,False,True,64,True,True,True,False,ok,
222101,Licenziamento individuale per giust. motivo oggettivo,True,False,True,71,True,True,True,False,ok,
222102,Licenziamento individuale per giusta causa,True,False,True,69,True,True,True,False,ok,
222103,Licenziamento individuale del dirigente,True,False,True,69,True,True,True,False,ok,
222105,Licenziamento discriminatorio,True,False,True,65,True,True,True,False,ok,
222110,Pubblico impiego - licenziamento collettivo e mobilità,True,False,True,56,True,True,True,False,ok,
222111,Impugnazione licenziamento con domanda di reintegrazione,True,False,True,63,True,True,True,False,ok,
222120,Dimissioni,True,False,True,65,True,True,True,False,ok,
222999,Altre ipotesi,True,False,True,65,True,True,True,False,ok,
223001,"Rapporto di agenzia e altri rapporti di collaborazione ex art. 409, n. 3 c.p.c.",True,False,True,65,True,True,True,False,ok,
223999,Altre controversie in materia di lavoro parasubordinato,True,False,True,65,True,True,True,False,ok,
230001,Previdenza obbligatoria - prestazione: malattia,True,False,True,50,True,True,True,False,ok,
230002,"Previdenza obbligatoria - prestazione: pensione/assegno di invalidità (INPS, INPDAI, ENPALS, ecc.)",True,False,True,59,True,True,True,False,ok,
230003,Previdenza obbligatoria - prestazione: indennità/rendita vitalizia INAIL o equivalente,True,False,True,61,True,True,True,False,ok,
230010,Obbligo contributivo del datore di lavoro,True,False,True,65,True,True,True,False,ok,
230020,Ripetizione di indebito,True,False,True,65,True,True,True,False,ok,
230999,Altre controversie in materia di previdenza obbligatoria,True,False,True,65,True,True,True,False,ok,
231001,Assistenza obbligatoria - assegno/pensione (invalidità civile),True,False,True,59,True,True,True,False,ok,
231002,Assistenza obbligatoria - indennità di accompagnamento,True,False,True,59,True,True,True,False,ok,
231999,Altre controversie in materia di assistenza obbligatoria,True,False,True,65,True,True,True,False,ok,
232100,Opposizione all'ordinanza-ingiunzione ex artt. 22 e ss. L. 689/1981 in materia di lavoro e previdenza/assistenza obbligatorie,True,False,True,50,True,True,True,False,ok,
310001,Procedimento cautelare ante causam,True,False,True,67,True,True,True,False,ok,
320001,Azione di condanna al rilascio del fondo per scadenza del contratto,True,False,True,49,True,True,True,False,ok,
320002,Azione di condanna al rilascio del fondo per altri motivi,True,False,True,50,True,True,True,False,ok,
320003,Azione di condanna al pagamento di somme dovute per legge o per contratto,True,False,True,50,True,True,True,False,ok,
320999,Altri istituti di diritto agrario,True,False,True,71,True,True,True,False,ok,
400000,Iscrizione Registro Stampa,True,False,True,67,True,True,True,False,ok,
400100,Reclamo avverso decreto inammissibilita responsabilita civile magistrati,True,False,True,64,True,True,True,False,ok,
400201,Ricorso avverso il decreto di espulsione del prefetto (art. 13 c.8),True,False,True,67,True,True,True,False,ok,
400202,Convalida del provvedimento del questore di trattenimento presso centro permanenza temporanea (art. 14 c. 4 Dl. vo 286/98),True,False,True,67,True,True,True,False,ok,
400203,Ricongiungimento familiare (art. 30),True,False,True,67,True,True,True,False,ok,
400204,"Atti discriminatori (art. 43, 44 )",True,False,True,67,True,True,True,False,ok,
400205,Convalida del Provvedimento del questore di accompagnamento alla frontiera (art. 13 c.5 bis D.L. 286/98),True,False,True,67,True,True,True,False,ok,
400206,Convalida del Provvedimento del questore di accompagnamento alla frontiera e trattenimento presso centro di permanenza temporaneo (art. 13 c.5 bis e art. 14 c. 4 D.L. 286/98),True,False,True,67,True,True,True,False,ok,
400209,Altri procedimenti in materia di espulsione immigrati,True,False,True,67,True,True,True,False,ok,
400210,"Ricorso per la liquidazione degli onorari e dei diritti dell'avvocato (artt. 28 e 29, L. 794/1942) (COLLEGIO)",True,False,True,72,True,True,True,False,ok,
400211,Ricorso avverso il decreto di liquidazione di compensi agli ausiliari del magistrato e ai collaboratori ex art. 170 T.U. n. 115/2002,True,False,True,72,True,True,True,False,ok,
400212,Iscrizione Albo consulenti,True,False,True,67,True,True,True,False,ok,
400220,Dichiarazione di assenza o di morte presunta (COLLEGIO),True,False,True,52,True,True,True,False,ok,
400230,Autorizzazione del Tribunale ex art. 375 e 397 c.c. (COLLEGIO),True,False,True,67,True,True,True,False,ok,
400240,Stato civile (rettifica del nome e altri atti dello Stato civile),True,False,True,59,True,True,True,False,ok,
400250,Procedimento ammissione patrocinio a spese dello Stato - civile - art. 126 T.U. n. 115/2002,True,False,True,75,True,True,True,False,ok,
400251,Procedimento ammissione patrocinio a spese dello Stato - penale - art. 99 T.U. n. 115/2002,True,False,True,68,True,True,True,False,ok,
400252,Ricorso avverso il rigetto dell'istanza per l'ammissione anticipata (P.S.S.),True,False,True,66,True,True,True,False,ok,
400253,Revoca del provvedimento di ammissione e ricorso avverso il relativo decreto (P.S.S.),True,False,True,66,True,True,True,False,ok,
400260,Ammortamento titoli,True,False,True,67,True,True,True,False,ok,
400270,Nomina di amministratore della comunione (art. 1105 c.c.) (COLLEGIO),True,False,True,67,True,True,True,False,ok,
400271,Nomina di amministratore di condominio (art. 1129 c.c.),True,False,True,52,True,True,True,False,ok,
400272,"Revoca di amministratore di comunione o condominio (artt. 1105 e 1129, 3' comma c.c.) (COLLEGIO)",True,False,True,67,True,True,True,False,ok,
400280,Nomina degli arbitri (art. 810 c.p.c.),True,False,True,67,True,True,True,False,ok,
400281,Liquidazione delle spese e dell'onorario dell'arbitro (art. 814 c.p.c.),True,False,True,72,True,True,True,False,ok,
400282,Dichiarazione di esecutivita del lodo arbitrale (art. 825 c.p.c.),True,False,True,67,True,True,True,False,ok,
400290,Svincolo indennita L.686/1926 e L.2359/1865,True,False,True,67,True,True,True,False,ok,
400300,Ricevimento e verbalizzazione di dichiarazione giurata,True,False,True,67,True,True,True,False,ok,
400310,Apertura forzata di cassetta di sicurezza (art. 1841 c.c.),True,False,True,67,True,True,True,False,ok,
400320,Ricorso avverso provvedimenti C.R.A. (art. 7 L. 443/85),True,False,True,67,True,True,True,False,ok,
400330,N.O. trapianto tra viventi (art. 2 L. 26.6.1967 n. 458),True,False,True,67,True,True,True,False,ok,
400400,Procedimento disciplinare contro notaio (COLLEGIO),True,False,True,67,True,True,True,False,ok,
400401,Idoneita cauzione notarile (art. 22 L. 16.2.1913 n. 89),True,False,True,67,True,True,True,False,ok,
400402,Nomina interprete per sordomunti (artt. 56 e 57 L. 16.2.1913 n. 89),True,False,True,67,True,True,True,False,ok,
400403,Nomina professionista in luogo dell'OCC,True,False,True,66,True,True,True,False,ok,
400404,Misure protettive e cautelari (risanamento aziendale),True,False,True,70,True,True,True,False,ok,
400405,Autorizzazioni del tribunale (risanamento aziendale),True,False,True,69,True,True,True,False,ok,
400410,"Procedimenti relativi agli ordini professionali (iscrizione, elezione, impugnazione contro provvedimento disciplinare, etc.)",True,False,True,64,True,True,True,False,ok,
400510,"Cancellazione di nome dall'elenco dei protesti (art. 12, L. n. 349/1973)",True,False,True,67,True,True,True,False,ok,
400511,Disposizioni in materia di riabilitazione civile del debitore protestato (art. 17 L. 108/96 - usura),True,False,True,69,True,True,True,False,ok,
400610,Reclamo avverso il rifiuto del conservatore di procedere alla cancellazione di ipoteca (artt. 2888 c.c. e 113 Disp. Att. c.p.c.) (COLLEGIO),True,False,True,64,True,True,True,False,ok,
400710,Impugnazione ex lege sulla privacy (L. n. 675/1996),True,False,True,64,True,True,True,False,ok,
400711,Opposizione al provvedimento del garante per la tutela delle persone e di altri soggetti rispetto al trattamento dei dati personali (art. 29 L. n. 675/1996),True,False,True,64,True,True,True,False,ok,
400801,"Titolo legale per le successioni aperte in Italia riguardanti i depositi iscritti presso la Cassa depositi e prestiti (art. 15, Libro II, T.U. n. 453/1913 come modificato dall'art. 7 L. 6.7.1949 n. 466)",True,False,True,67,True,True,True,False,ok,
400802,Richiesta documentazione per la successione aperta in Italia in titoli del debito pubblico (artt. 14 e 15 L. 12.8.1975 n. 752),True,False,True,67,True,True,True,False,ok,
400902,Opposizione ex art. 5-ter L. 89/2001 (rimedi preventivi equa riparazione),True,False,True,65,True,True,True,False,ok,
400999,Altri istituti camerali e di volontaria giurisdizione,True,False,True,67,True,True,True,False,ok,
401001,Notificazione per i pubblici proclami (art.150 cpc),True,False,True,67,True,True,True,False,ok,
401002,Rilascio seconda copia esecutiva (art. 476 cpc),True,False,True,64,True,True,True,False,ok,
401003,Ricerca con modalità telematiche dei beni da pignorare (art. 492-bis c.p.c.),True,False,True,64,True,True,True,False,ok,
406001,Attuazione di sentenze e provvedimenti stranieri e autorizzazione assunzioni rogatorie (artt. 67 e 69 L. n. 218/95),True,False,True,64,True,True,True,False,ok,
406100,Iscrizione albo liquidatori di avaria,True,False,True,64,True,True,True,False,ok,
406200,Sanzioni amministrative comminate dalla Banca d'Italia (art. 145 D.L.vo n. 385/93 - solo Roma),True,False,True,64,True,True,True,False,ok,
406210,Sanzioni amministrative comminate dalla Consob (D.L.vo n. 58/98 - foro regionale),True,False,True,66,True,True,True,False,ok,
406220,"Azioni di nullita`, risarcimento danno e provvedimenti di urgenza legge anti trust (art. 33 L. 287/1990)",True,False,True,68,True,True,True,False,ok,
406300,Dichiarazione di esecutivita di decisioni straniere in materia civile e commerciale (Reg. CE 44/01 e ss. mod. ed int.),True,False,True,64,True,True,True,False,ok,
406301,Esecutorieta lodo arbitrale straniero (Provv. Presidenziale),True,False,True,68,True,True,True,False,ok,
406302,Trasmissione in forma autentica sentenze in forza della convenzione con la Repubblica di S. Marino,True,False,True,64,True,True,True,False,ok,
406303,Dichiarazione di esecutivita' decisioni in materia matrimoniale e di potesta' dei genitori sui figli (Regolamento (CE) n. 1347/2000 del 29 maggio 2000),True,False,True,64,True,True,True,False,ok,
406401,Equa riparazione per violazione del termine ragionevole del processo (L. 89/2001),True,False,True,56,True,True,True,False,ok,
406402,Equa riparazione termine ragionevole processo - nuovo rito,True,False,True,56,True,True,True,False,ok,
406801,"Titolo legale per le successioni aperte in Italia riguardanti i depositi iscritti presso la Cassa depositi e prestiti (art. 15, Libro II, T.U. n. 453/1913 come modificato dall'art. 7 L. 6.7.1949 n. 466)",True,False,True,64,True,True,True,False,ok,
406802,Richiesta documentazione per la successione aperta all'estero in titoli del debito pubblico (artt. 14 e 15 L. 12.8.1975 n. 752),True,False,True,64,True,True,True,False,ok,
406999,Altri istituti di competenza della Corte di Appello in 1^ grado,True,False,True,64,True,True,True,False,ok,
411001,Adozione nazionale del minore – procedimento (L. 184/1983 artt. 22-32),True,False,True,55,True,True,True,False,ok,
411002,"Ricorso per violenza domestica o di genere ex artt. 473bis.40, 473bis.41, 473bis.42 cpc",True,False,True,67,True,True,True,False,ok,
411003,Reclamo provvedimenti temporanei e urgenti ex art. 473bis.24 c.p.c.,True,False,True,64,True,True,True,False,ok,
411510,Esecutorieta sentenza Sacra Rota nullita di matrimonio - domanda congiunta (L. 121/85),True,False,True,67,True,True,True,False,ok,
411601,Modifica delle condizioni di separazione/divorzio (art. 473-bis.29 c.p.c.),True,False,True,56,True,True,True,False,ok,
411602,Ordine di protezione contro gli abusi familiari (artt. 342-bis e 342-ter c.c.),True,False,True,56,True,True,True,False,ok,
411603,Attuazione dei provvedimenti sull'affidamento,True,False,True,67,True,True,True,False,ok,
411610,Attribuzione di quota di pensione e di indennita di fine rapporto lavorativo,True,False,True,66,True,True,True,False,ok,
411620,Adozione di maggiorenni,True,False,True,67,True,True,True,False,ok,
411630,Dichiarazione giudiziale di paternita e maternita naturale -amissibilita,True,False,True,67,True,True,True,False,ok,
411640,Fondo patrimoniale (artt. 167 e ss. c.c.),True,False,True,67,True,True,True,False,ok,
411641,Sostituzione dell'amministratore del patrimonio familiare,True,False,True,67,True,True,True,False,ok,
411650,"Matrimonio (pubblicazioni matrimoniali ex artt. 93 e ss. c.c., nulla osta al matrimonio dello straniero, etc.)",True,False,True,67,True,True,True,False,ok,
411660,Sequestro dei beni del coniuge separato (art. 156 c.c.),True,False,True,68,True,True,True,False,ok,
411670,Fondo di solidarietà a tutela del coniuge in stato di bisogno,True,False,True,68,True,True,True,False,ok,
411671,Separazione consensuale e divorzio congiunto (Cessazione effetti civili),True,False,True,67,True,True,True,False,ok,
411672,Separazione consensuale e divorzio congiunto (Scioglimento matrimonio),True,False,True,67,True,True,True,False,ok,
411673,Modifica delle condizioni di separazione (ricorso congiunto),True,False,True,67,True,True,True,False,ok,
411674,Divorzio congiunto - Cessazione effetti civili,True,False,True,67,True,True,True,False,ok,
411675,Modifica delle condizioni di divorzio (ricorso congiunto),True,False,True,67,True,True,True,False,ok,
411676,Divorzio congiunto - Scioglimento matrimonio,True,False,True,67,True,True,True,False,ok,
411677,Regolamentazione dell'esercizio della responsabilità genitoriale (ricorso congiunto),True,False,True,67,True,True,True,False,ok,
411678,Modifica condizioni regolamentaz. esercizio responsabilità genitoriale (ricorso congiunto),True,False,True,67,True,True,True,False,ok,
411679,Fondo patrimoniale (artt. 167 e ss. c.c.),True,False,True,67,True,True,True,False,ok,
411680,Sostituzione dell'amministratore del patrimonio familiare,True,False,True,67,True,True,True,False,ok,
411681,Stato civile (rettifica del nome e altri atti dello Stato civile),True,False,True,74,True,True,True,False,ok,
411682,Dichiarazione di assenza o di morte presunta (COLLEGIO),True,False,True,67,True,True,True,False,ok,
411683,Adozione di maggiorenni,True,False,True,67,True,True,True,False,ok,
411684,Esecutorieta sentenza Sacra Rota nullita di matrimonio (L. 121/85),True,False,True,67,True,True,True,False,ok,
411685,Accertamento dei requisiti sentenza straniera di divorzio (art. 67 L. 218/95),True,False,True,68,True,True,True,False,ok,
411686,Esecutorieta sentenza Sacra Rota nullita di matrimonio - domanda congiunta,True,False,True,67,True,True,True,False,ok,
411687,"Matrimonio (pubbl.ni matrimoniali ex artt. 93 e ss. cc, nulla osta al matrim.)",True,False,True,67,True,True,True,False,ok,
411688,Istanza per la nomina del curatore speciale del minore,True,False,True,67,True,True,True,False,ok,
411689,Assunzione del cognome del genitore da parte del figlio naturale minorenne (art. 262 Cod. Civ.),True,False,True,67,True,True,True,False,ok,
411703,Accordi ex art. 6 d.l. n.132 del 2014,True,False,True,67,True,True,True,False,ok,
411706,Separazione consensuale,True,False,True,67,True,True,True,False,ok,
411999,Altri istituti di diritto di famiglia (es. mantenimento figli naturali e legittimi),True,False,True,67,True,True,True,False,ok,
412301,"Deprecato (Non Iscrivibile) - Procedimenti per la dichiarazione di adottabilita (artt. 8, 9, 11 e 12 L. n. 184/1983)",True,False,True,74,True,True,True,False,ok,
412302,Deprecato (Non Iscrivibile) - Dichiarazione di disponibilita all'adozione (art. 22 L. n. 184/1983),True,False,True,67,True,True,True,False,ok,
412303,Impugnazione decreto affidamento preadottivo (art. 24 L. n. 184/1983),True,False,True,64,True,True,True,False,ok,
412304,Opposizioni a dichiarazioni di adottabilita (art.17 L. n. 184/1983),True,False,True,74,True,True,True,False,ok,
412305,Adozione in casi particolari (art. 44 lett. a L. n. 184/1983 - vincolo di parentela),True,False,True,67,True,True,True,False,ok,
412306,Adozione in casi particolari (art. 44 lett. b L. n. 184/1983 - figlio adottivo dell'altro coniuge),True,False,True,67,True,True,True,False,ok,
412307,Deprecato (Non Iscrivibile) - Adozione in casi particolari (art. 44 lett. c L. n. 184/1983 - impossibilita affidamento preadottivo),True,False,True,67,True,True,True,False,ok,
412308,Idoneita all'adozione di minori stranieri (art.30 L. n. 184/1983),True,False,True,74,True,True,True,False,ok,
412309,Deprecato (Non Iscrivibile) - Dichiarazioni di efficacia di provvedimenti stranieri in materia di adozione (art.32 L. n. 184/1983),True,False,True,67,True,True,True,False,ok,
412310,Impugnazione sentenza di adozione (art. 26 L. n. 184/1983),True,False,True,64,True,True,True,False,ok,
412311,Adozione in casi particolari (art. 44 lett. d L. n. 184/1983 - impossibilita' affidamento preadottivo),True,False,True,67,True,True,True,False,ok,
412312,Adozione in casi particolari (art. 44 lett. c L. n. 184/1983 - minore orfano e portatore di handicap),True,False,True,67,True,True,True,False,ok,
412313,Procedimento di adozione ex art. 35 co. 2 L. 184/1983 (ratifica adozione estera),True,False,True,67,True,True,True,False,ok,
412314,Procedimento di adozione ex art. 35 co. 4 L. 184/1983 (ratifica adozione estera con affido preadottivo),True,False,True,67,True,True,True,False,ok,
412315,Procedimento di adozione ex art. 36 co. 2 L. 184/1983 (Paesi non Aja),True,False,True,67,True,True,True,False,ok,
412316,Procedimento di adozione ex art. 36 co. 4 L. 184/1983 (cittadini italiani residenti all'estero),True,False,True,67,True,True,True,False,ok,
412317,Revoca dello stato di adottabilita' (Art. 21 L. 184/1983),True,False,True,74,True,True,True,False,ok,
412318,Revoca adozione in casi particolari per fatto dell'adottato (Art. 51 L. n. 184/1983),True,False,True,67,True,True,True,False,ok,
412319,Revoca adozione in casi particolari per fatto dell'adottante (Art. 52 L. n. 184/1983),True,False,True,67,True,True,True,False,ok,
412320,Revoca decreto di idoneita' adozione internazionale (art. 30 co. 4 L. 184/1983),True,False,True,74,True,True,True,False,ok,
412321,Autorizzazione al rilascio degli atti di cui all'art. 28 L. 184/1983,True,False,True,64,True,True,True,False,ok,
412400,Deprecato (Non Iscrivibile) - Affidamento minori,True,False,True,68,True,True,True,False,ok,
412401,Deprecato (Non Iscrivibile) - Regolamentazione della potesta fra genitori (art. 317 bis),True,False,True,67,True,True,True,False,ok,
412420,Deprecato (Non Iscrivibile) - Regolamentazione visite,True,False,True,67,True,True,True,False,ok,
412421,Affidamento minori (ante Riforma Cartabia),True,False,True,67,True,True,True,False,ok,
412501,Ammissione al matrimonio del minore (art.84),True,False,True,67,True,True,True,False,ok,
412502,Deprecato (Non Iscrivibile) - Assunzione del cognome del genitore da parte del figlio naturale minorenne (art.262),True,False,True,67,True,True,True,False,ok,
412503,Deprecato (Non Iscrivibile) - Procedimenti per l'ammissibilita dell'azione di dichiarazione giudiziale di paternità o maternità riguardante minori (art.274) (contenzioso),True,False,True,67,True,True,True,False,ok,
412504,Deprecato (Non Iscrivibile) - Autorizzazione all'impugnazione di riconoscimento di paternita o maternita riguardante minori (artt.74 e 264) (contenzioso),True,False,True,64,True,True,True,False,ok,
412505,"Misure amministrative applicate ai minori (R.D. L.20/7/34 n. 1404, art 25)",True,False,True,67,True,True,True,False,ok,
412506,Costituzione di usufrutto,True,False,True,67,True,True,True,False,ok,
412507,Autorizzazione al riconoscimento (art. 251 Cod. Civ.),True,False,True,67,True,True,True,False,ok,
412601,Interdizione e inabilitazione ex art. 416 Cod. Civ.,True,False,True,67,True,True,True,False,ok,
412701,Autorizzazione per i genitori stranieri all'ingresso o alla permanenza in Italia a seguito del minore (art. 31 co.3 D. Lgs. 286/1998),True,False,True,67,True,True,True,False,ok,
412702,Accertamento dell'età del minore (art. 19-bis D. Lgs 142/2015),True,False,True,67,True,True,True,False,ok,
412999,Altri procedimenti,True,False,True,67,True,True,True,False,ok,
413001,Rappresentanza ed atti di amministrazione straordinaria di beni di figli minori (art. 320 c.c.),True,False,True,67,True,True,True,False,ok,
413002,"Nomina di curatore speciale (artt. 320, ult. comma e 321 c.c., art. 45 Disp. Att. C.C.)",True,False,True,67,True,True,True,False,ok,
413003,Vigilanza del giudice tutelare sull'osservanza delle condizioni stabilite dal Tribunale per l'esercizio della potesta e per l'amministrazione dei beni (art. 337 C.C.),True,False,True,67,True,True,True,False,ok,
413010,Apertura della tutela (art. 343 c.c.),True,False,True,67,True,True,True,False,ok,
413011,Provvedimenti urgenti prima dell'assunzione delle funzioni del tutore o del protutore (art. 361 c.c.),True,False,True,67,True,True,True,False,ok,
413012,Nomina del cancelliere o del notaio per la formazione dell'inventario (art. 363 c.c.),True,False,True,67,True,True,True,False,ok,
413013,Provvedimenti circa l'educazione e l'amministraz di beni del minore ex art. 371 C.C.,True,False,True,67,True,True,True,False,ok,
413014,"Autorizzazioni del giudice tutelare ex artt. 372, 373 e 374 c.c.",True,False,True,67,True,True,True,False,ok,
413015,"Autorizzazioni e pareri del giudice tutelare su atti del curatore dell'emancipato e dell'inabilitato, ex artt. 394, 424 e ss. c.c.",True,False,True,67,True,True,True,False,ok,
413016,Rifiuto del consenso da parte del curatore ex art. 395 c.c.,True,False,True,67,True,True,True,False,ok,
413017,Apertura della Curatela,True,False,True,67,True,True,True,False,ok,
413018,Apertura della Vigilanza sui Minori,True,False,True,67,True,True,True,False,ok,
413020,"Interruzione volontaria di gravidanza di minore (art. 12, L. n. 194/1978)",True,False,True,67,True,True,True,False,ok,
413030,"Affido familiare consensuale (art. 4, L. n. 184/1983)",True,False,True,67,True,True,True,False,ok,
413040,"Autorizzazione al rilascio di documento valido per l'espatrio (art. 3 lett. A-B, L. n. 1185/1967)",True,False,True,64,True,True,True,False,ok,
413050,Trattamento Sanitario Obbligatorio ed amministrazione provvisoria (L. n. 833/1978),True,False,True,67,True,True,True,False,ok,
413061,Apertura amministrazione di sostegno,True,False,True,68,True,True,True,False,ok,
413062,Autorizzazioni del notaio ex art. art. 21 D.Lgs. 149/2022,True,False,True,67,True,True,True,False,ok,
413999,Altri istituti di competenza del giudice tutelare,True,False,True,67,True,True,True,False,ok,
418001,Ottemperanza sentenze TSAP,True,False,True,71,True,True,True,False,ok,
418002,Declaratoria illegittimita' del silenzio della P.A.,True,False,True,71,True,True,True,False,ok,
418099,Altre controversie di competenza del TSAP da trattare in camera di consiglio,True,False,True,71,True,True,True,False,ok,
420300,Accettazione eredità con beneficio di inventario (art. 484 c.c.),True,False,True,52,True,True,True,False,ok,
420301,Nomina del curatore dell'eredita rilasciata ex art. 508 c.c.,True,False,True,66,True,True,True,False,ok,
420302,Nomina del curatore dell'eredità giacente (art. 528 c.c.),True,False,True,51,True,True,True,False,ok,
420303,Autorizzazioni al curatore dell'eredita giacente per gli atti eccedenti l'ordinaria amministrazione (artt. 782 c.p.c. e 530 c.c.),True,False,True,66,True,True,True,False,ok,
420304,Accettazione Esecutore Testamentario,True,False,True,66,True,True,True,False,ok,
420305,Rinuncia Esecutore Testamentario,True,False,True,66,True,True,True,False,ok,
420310,Proroga per la redazione dell'inventario dell'eredita accettata con beneficio di inventario ex art. 485 c.c.,True,False,True,66,True,True,True,False,ok,
420311,Autorizzazione all'alienazione di beni di eredita accettata con beneficio d'inventario (art. 493 c.c.),True,False,True,66,True,True,True,False,ok,
420320,Vendita di beni ereditari beni mobili,True,False,True,63,True,True,True,False,ok,
420321,Vendita di beni ereditari: beni immobili (COLLEGIO),True,False,True,63,True,True,True,False,ok,
420325,Vendita beni ereditari mobili ante accettazione ex art. 460 cc,True,False,True,63,True,True,True,False,ok,
420326,Vendita beni ereditari immobili ante accettazione ex art. 460 cc,True,False,True,63,True,True,True,False,ok,
420330,"Fissazione termini in materia successoria (artt. 749 c.p.c., 481 e 496 c.c.)",True,False,True,66,True,True,True,False,ok,
420331,Apposizione e rimozione sigilli in materia successoria (artt. 752-762 e ss. c.p.c.),True,False,True,66,True,True,True,False,ok,
420332,Nomina dell'ufficiale che procede all'inventario ex art. 769 c.p.c.,True,False,True,66,True,True,True,False,ok,
420340,Rinunzia all'eredità (art. 519 c.c.),True,False,True,51,True,True,True,False,ok,
420999,Altri istituti di volontaria giurisdizione e procedimenti camerali in materia di successioni,True,False,True,66,True,True,True,False,ok,
451301,Decreto di omologa degli atti di societa di capitali,True,False,True,69,True,True,True,False,ok,
451310,"Nomina di liquidatore (artt. 2275, 2450 c.c.)",True,False,True,51,True,True,True,False,ok,
451311,Convocazione di assemblea ex art. 2367 c.c.,True,False,True,51,True,True,True,False,ok,
451312,"Nomina di esperto (artt. 2343, 2440, 2498, 2501 quinquies,2504 novies c.c., etc.)",True,False,True,66,True,True,True,False,ok,
451313,Denunzia ex art. 2409 c.c. (COLLEGIO),True,False,True,51,True,True,True,False,ok,
451314,Nomina del rappresentante comune degli obbligazionisti e dei possessori delle azioni di risparmio (art. 2417 c.c.),True,False,True,66,True,True,True,False,ok,
451320,Riduzione del capitale per perdite (art. 2446 c.c.) (COLLEGIO),True,False,True,66,True,True,True,False,ok,
451330,Ricorso al Giudice del Registro,True,False,True,67,True,True,True,False,ok,
451999,Altri istituti di volontaria giurisdizione e procedimenti camerali in materia di diritto societario,True,False,True,69,True,True,True,False,ok,
452330,Ricorso al giudice del Registro in materia non soggetta al d.l.vo n. 5/2003,True,False,True,75,True,True,True,False,ok,
453301,Decreto di omologa degli atti di societa di capitali (art. 2436 c.c.),True,False,True,71,True,True,True,False,ok,
453312,"Nomina di esperto (artt. 2343, 2343-bis, 2437-ter; 2501-sexies, 2545-undecies c.c., etc.)",True,False,True,74,True,True,True,False,ok,
453314,Nomina del rappresentante comune degli obbligazionisti e dei possessori delle azioni di risparmio (art. 2417 c.c.),True,False,True,74,True,True,True,False,ok,
453315,Nomina del rappresentante comune dei comproprietari di azioni (art. 2347 c.c.) e di quote (art. 2468 c.c.)obbligazionisti e dei possessori delle azioni di risparmio (art. 2417 c.c.),True,False,True,71,True,True,True,False,ok,
453330,Ricorso al giudice del Registro in materia soggetta al d.l.vo n. 5/2003,True,False,True,75,True,True,True,False,ok,
453410,"Nomina e revoca di liquidatore (artt. 2275, 2487 c.c.) plurilaterali",True,False,True,51,True,True,True,False,ok,
453411,Convocazione di assemblea (art. 2367 c.c.) plurilaterali,True,False,True,51,True,True,True,False,ok,
453413,"Denunzia al tribunale (art. 2409, 2545-quinquiesdecies c.c.) plurilaterali",True,False,True,51,True,True,True,False,ok,
453420,"Riduzione del capitale per perdite (art. 2446, 2482-bis c.c.) (COLLEGIO)",True,False,True,74,True,True,True,False,ok,
453421,Approvazione della revoca dei sindaci (art. 2400),True,False,True,71,True,True,True,False,ok,
453422,"Opposizione dei creditori alla riduzione del capitale per recesso del socio (art. 2437-quater c.c.), alla riduzione per esuberanza (artt. 2445, 2482 c.c.), alla costituzione del patrimonio destinato (art. 2447-quater c.c.), alla revoca dell",True,False,True,63,True,True,True,False,ok,
453423,Decreto di accertamento dello scioglimento della societa (art. 2485 c.c.),True,False,True,71,True,True,True,False,ok,
453424,Decreto di cancellazione della societa dal registro delle imprese su istanza dell'autorita competente al rilascio delle autorizzazioni (art. 223 quater att. C.c.),True,False,True,63,True,True,True,False,ok,
453999,Altre materie soggette al procedimento camerale ex artt. 28 e segg. D.l.vo n. 5/2003,True,False,True,71,True,True,True,False,ok,
454001,Ricorso al giudice del Registro ex artt. 2190 e 2191 c.c.,True,False,True,67,True,True,True,False,ok,
454002,Ricorso al giudice del Registro ex art. 2189 c.c.,True,False,True,67,True,True,True,False,ok,
455001,Nomina di liquidatore (artt. 2309 e 2315 c.c.) - società di persone,True,False,True,70,True,True,True,False,ok,
455999,Altre materie soggette al procedimento camerale - società di persone,True,False,True,70,True,True,True,False,ok,
471400,Procedure Concorsuali,True,False,True,72,True,True,True,False,ok,
471401,Istanza e ricorso per la dichiarazione di fallimento e relativo reclamo,True,False,True,52,True,True,True,False,ok,
471402,Istanza per estensione di fallimento (art. 147 del R.D. n. 267/1942,True,False,True,71,True,True,True,False,ok,
471403,Accertamento dello stato di insolvenza nella Liquidazione coatta amministrativa o nella Amministrazione straordinaria e relativo reclamo,True,False,True,66,True,True,True,False,ok,
471404,ESDEBITAZIONE DEL DEBITORE INCAPIENTE (CCI),True,False,True,71,True,True,True,False,ok,
471405,LIQUIDAZIONE COATTA AMMINISTRATIVA (CCI),True,False,True,71,True,True,True,False,ok,
471410,Istanza di ammissione alla procedura di Amministrazione controllata e relativo reclamo (artt. 187 del R.D. n. 267/1942),True,False,True,63,True,True,True,False,ok,
471411,Istanza di ammissione alla procedura di Concordato preventivo,True,False,True,55,True,True,True,False,ok,
471412,AMMINISTRAZIONE STRAORDINARIA PRODI BIS (CCI),True,False,True,71,True,True,True,False,ok,
471413,AMMINISTRAZIONE STRAORDINARIA L.166/2004 MARZANO (CCI),True,False,True,71,True,True,True,False,ok,
471414,ACCORDI DI RISTRUTTURAZIONE (CCI),True,False,True,71,True,True,True,False,ok,
471415,CONCORDATO PREVENTIVO OMOLOGATO (CCI),True,False,True,71,True,True,True,False,ok,
471416,LIQUIDAZIONE GIUDIZIALE (CCI),True,False,True,71,True,True,True,False,ok,
471417,RISTRUTTURAZIONE DEI DEBITI (CCI),True,False,True,71,True,True,True,False,ok,
471418,CONCORDATO MINORE (CCI),True,False,True,72,True,True,True,False,ok,
471419,LIQUIDAZIONE CONTROLLATA (CCI),True,False,True,71,True,True,True,False,ok,
471420,Conversione da fallimento in liquidazione coatta amministrativa (COLLEGIO),True,False,True,71,True,True,True,False,ok,
471421,Conversione da fallimento in amministrazione straordinaria (COLLEGIO),True,False,True,71,True,True,True,False,ok,
471422,Conversione da amministrazione straordinaria in fallimento (COLLEGIO),True,False,True,71,True,True,True,False,ok,
471423,Concordato Semplificato,True,False,True,71,True,True,True,False,ok,
471424,Concordato Semplificato CCI,True,False,True,71,True,True,True,False,ok,
471425,Piano di Ristrutturazione Omologato CCI,True,False,True,71,True,True,True,False,ok,
471430,"Procedimento di riabilitazione civile del fallito (art. 142 e ss., R.D. n. 267/1942)",True,False,True,71,True,True,True,False,ok,
471440,Reclamo avverso la chiusura del fallimento (artt. 118 e 119 L.F.),True,False,True,65,True,True,True,False,ok,
471999,Altri istituti di volontaria giurisdizione e procedimenti camerali in materia di fallimento e procedure concorsuali,True,False,True,73,True,True,True,False,ok,
472001,Apposizione sigilli,True,False,True,71,True,True,True,False,ok,
473450,PROCEDIMENTO UNITARIO,True,False,True,66,True,True,True,False,ok,
473451,Ricorso per liquidazione giudiziale,True,False,True,71,True,True,True,False,ok,
473452,Ricorso fissazione termine per deposito proposta cp o accordi,True,False,True,66,True,True,True,False,ok,
473453,Ricorso per ammissione concordato preventivo,True,False,True,71,True,True,True,False,ok,
473454,Ricorso per omologa accordi di ristrutturazione,True,False,True,66,True,True,True,False,ok,
473455,Ricorso per la dichiarazione stato insolvenza (lca),True,False,True,71,True,True,True,False,ok,
473456,Ricorso per la dichiarazione stato insolvenza (asp),True,False,True,71,True,True,True,False,ok,
473457,Ricorso per la dichiarazione stato insolvenza (asm),True,False,True,71,True,True,True,False,ok,
473458,Ricorso ristrutturazione debiti del consumatore,True,False,True,67,True,True,True,False,ok,
473459,Ricorso concordato minore,True,False,True,72,True,True,True,False,ok,
473460,Ricorso liquidazione controllata,True,False,True,71,True,True,True,False,ok,
473461,Ricorso per Omologazione Piano di Ristrutturazione,True,False,True,66,True,True,True,False,ok,
481310,Nomina di liquidatore - Sez. Spec. Impresa,True,False,True,69,True,True,True,False,ok,
481311,Convocazione di assemblea ex art. 2367 c.c. - Sez. Spec. Impresa,True,False,True,67,True,True,True,False,ok,
481312,"Nomina di esperto (artt. 2343, 2440, 2498, 2501-quinquies, 2504-novies c.c.) - Sez. Spec. Impresa",True,False,True,67,True,True,True,False,ok,
481313,Denunzia ex art. 2409 c.c. - Sez. Spec. Impresa,True,False,True,67,True,True,True,False,ok,
481314,Nomina rappresentante comune obbligazionisti - Sez. Spec. Impresa,True,False,True,67,True,True,True,False,ok,
481320,Riduzione del capitale per perdite (art. 2446 c.c.) - Sez. Spec. Impresa,True,False,True,67,True,True,True,False,ok,
481401,Misure protettive,True,False,True,66,True,True,True,False,ok,
481402,"Nomina esperto ex art. 17, lett. a",True,False,True,66,True,True,True,False,ok,
481403,Liquidazione compensi OCRI,True,False,True,71,True,True,True,False,ok,
481421,Approvazione della revoca dei sindaci (art. 2400 c.c.) - Sez. Spec. Impresa,True,False,True,75,True,True,True,False,ok,
481422,"Procedure ex artt. 2437-quater, 2445, 2482, 2447-quater, 2487-ter, 2500-novies, 2503 c.c. - Sez. Spec. Impresa",True,False,True,67,True,True,True,False,ok,
481423,Decreto di accertamento dello scioglimento della società (art. 2485 c.c.) - Sez. Spec. Impresa,True,False,True,71,True,True,True,False,ok,
481999,Altre materie soggette al procedimento camerale - Sez. Spec. Impresa,True,False,True,69,True,True,True,False,ok,
490999,Altri procedimenti camerali,True,False,True,66,True,True,True,False,ok,
510001,Espropriazione mobiliare presso il debitore (artt. 513-542 c.p.c.),True,False,True,52,True,True,True,False,ok,
510002,Espropriazione mobiliare presso terzi (post L. 80/2005),True,False,True,66,True,True,True,False,ok,
510011,Conversione del sequestro in pignoramento (mobiliare),True,False,True,48,True,True,True,False,ok,
510012,Espropriazione Mobiliare presso il debitore (CARTABIA),True,False,True,63,True,True,True,False,ok,
510100,Deposito verbale di pagamento a mani dell'Ufficiale Giudiziario,True,False,True,63,True,True,True,False,ok,
511010,"Istanza di rifissazione dello sfratto ex art. 6, L. n. 431/1998",True,False,True,66,True,True,True,False,ok,
511011,"Istanza di decadenza da sospensione dello sfratto ex art. 6, L. n. 431/1998",True,False,True,66,True,True,True,False,ok,
511012,Esecuzione per consegna o rilascio (artt. 605-611 c.p.c.),True,False,True,59,True,True,True,False,ok,
511013,Liquidazione delle spese di esecuzione ex art. 611 c.p.c,True,False,True,64,True,True,True,False,ok,
511100,"Deposito verbale adempimenti dell'Uff. Giudiziario in materia di sfratto o rilascio di immobile o di terreno, di riconsegna di cose mobili e reintegra nel possesso",True,False,True,49,True,True,True,False,ok,
511999,Altre ipotesi,True,False,True,66,True,True,True,False,ok,
512020,Opposizione all'esecuzione immobiliare / contestazioni in corso di espropriazione ipotecaria,True,False,True,57,True,True,True,False,ok,
512021,Rimborso spese di esecuzione (art. 614 c.p.c.),True,False,True,63,True,True,True,False,ok,
512022,Ricorso per misure di coercizione indiretta (art. 614-bis),True,False,True,64,True,True,True,False,ok,
520001,Ricorso all'esattore per l'autorizzazione a trattenere la somma ricavata dalla vendita (R.D. 639/1910),True,False,True,63,True,True,True,False,ok,
520002,Vendita del pegno,True,False,True,63,True,True,True,False,ok,
520003,Esecuzione forzata per l'espropriazione del marchio,True,False,True,64,True,True,True,False,ok,
520004,Vendita di navi e aeromobili,True,False,True,63,True,True,True,False,ok,
520005,Esecuzione esattoriale Mobiliare,True,False,True,64,True,True,True,False,ok,
520006,Esecuzione esattoriale Mobiliare presso terzi,True,False,True,64,True,True,True,False,ok,
520999,Altre ipotesi,True,False,True,63,True,True,True,False,ok,
530011,Opposizione all'esecuzione mobiliare,True,False,True,63,True,True,True,False,ok,
530021,Opposizione agli atti esecutivi mobiliari,True,False,True,63,True,True,True,False,ok,
530031,Opposizione di terzo all'esecuzione mobiliare,True,False,True,63,True,True,True,False,ok,
610001,Espropriazione immobiliare (post L. 80/2005),True,False,True,59,True,True,True,False,ok,
610011,Conversione del sequestro in pignoramento (immobiliare),True,False,True,48,True,True,True,False,ok,
610012,Espropriazione Immobiliare (CARTABIA),True,False,True,63,True,True,True,False,ok,
620001,Esecuzione esattoriale immobiliare / Espropriazione immobiliare ordinaria,True,False,True,71,True,True,True,False,ok,
630012,Opposizione all'esecuzione immobiliare,True,False,True,63,True,True,True,False,ok,
630022,Opposizione agli atti esecutivi immobiliari,True,False,True,63,True,True,True,False,ok,
630032,Opposizione del terzo all'esecuzione immobiliare,True,False,True,63,True,True,True,False,ok,
700001,Asseverazione di perizia,True,False,True,67,True,True,True,False,ok,
700002,Asseverazione di traduzione,True,False,True,67,True,True,True,False,ok,
700011,Atto notorio,True,False,True,67,True,True,True,False,ok,
700012,Dichiarazione sostitutiva di atto notorio,True,False,True,67,True,True,True,False,ok,
701001,Autenticazione di documento,True,False,True,71,True,True,True,False,ok,
701002,Autenticazione di firma,True,False,True,71,True,True,True,False,ok,
701003,Autenticazione di fotografia,True,False,True,71,True,True,True,False,ok,
709999,Altri atti amministrativi,True,False,True,71,True,True,True,False,ok,
710001,Istanza di Conciliazione,True,False,True,71,True,True,True,False,ok,
B00000,Migrazione,True,False,True,71,True,True,True,False,ok,
B01001,Autorizzazione al rilascio degli atti di cui all'art. 28 co.3 L. 184/1983 - Adottato minorenne,True,False,True,64,True,True,True,False,ok,
B01002,Autorizzazione al rilascio degli atti di cui all'art. 28 co.3 L. 184/1983 - Adottato maggiorenne,True,False,True,63,True,True,True,False,ok,
B01003,Istanza per l'accesso alle informazioni sulla famiglia d'origine (art. 28 co. 4 L. 184/1983) - Adottato minorenne,True,False,True,67,True,True,True,False,ok,
B01004,Istanza per l'accesso alle informazioni sulla famiglia d'origine (art. 28 co. 5 L. 184/1983) - Adottato maggiorenne (> 18 e < 25 anni),True,False,True,67,True,True,True,False,ok,
B01005,Istanza per l'accesso alle informazioni sulla famiglia d'origine (art. 28 co. 5 L. 184/1983) - Adottato maggiorenne (>= 25 anni),True,False,True,67,True,True,True,False,ok,
B02001,Interdizione e inabilitazione ex art. 416 Cod. Civ.,True,False,True,66,True,True,True,False,ok,
B02002,"Procedure per il rimpatrio dei minori sottratti ovvero dell'attuazione del diritto di visita del genitore non affidatario (Convenzione Aja 25.10.1980 ratificata con L. 64/1994, artt. 6 e 7)",True,False,True,67,True,True,True,False,ok,
B02003,Scambio di informazioni tra Stati membri (art. 80 Reg. UE 1111/2019),True,False,True,71,True,True,True,False,ok,
B02004,Cooperazione per attuazione tra Stati membri (art. 81 Reg. UE 1111/2019),True,False,True,71,True,True,True,False,ok,
B02005,Collocamento del minore in altro Stato membro (art. 82 Reg. UE 1111/2019),True,False,True,67,True,True,True,False,ok,
B02006,Provvedimenti cautelari a favore di minori per cui è competente un¿autorità estera (art. 15 Reg. UE 1111/2019),True,False,True,68,True,True,True,False,ok,
B02007,Collocamento del minore in altro Stato non UE (Art. 33 Convenzione Aja 19/10/1996),True,False,True,67,True,True,True,False,ok,
B02008,Altri procedimenti contenziosi,True,False,True,71,True,True,True,False,ok,
B02009,Segnalazione in merito all'ingresso di un minore in Italia (art. 33 co. 4 e 5 L. 184/1983),True,False,True,67,True,True,True,False,ok,
B02010,Procedimento per l'espatrio del minore a scopo di adozione (art. 40 L. 184/1983),True,False,True,67,True,True,True,False,ok,
B02011,Accertamento dell'età del minore (art. 19-bis D. Lgs 142/2015),True,False,True,67,True,True,True,False,ok,
B02012,Accoglienza minori non accompagnati (art. 19 D. Lgs. 142/2015),True,False,True,67,True,True,True,False,ok,
B02013,Autorizzazione per i genitori stranieri all'ingresso o alla permanenza in Italia a seguito del minore (art. 31 co.3 D. Lgs. 286/1998),True,False,True,67,True,True,True,False,ok,
B02014,Procedimento per espulsione del minore (art. 31 co.4 D. Lgs. 286/1998),True,False,True,67,True,True,True,False,ok,
B02015,Procedimento ex art. 33 D. Lgs. 286/1998,True,False,True,71,True,True,True,False,ok,
B02016,Affidamento minori (ante Riforma Cartabia),True,False,True,67,True,True,True,False,ok,
B02017,Proroga periodo di affidamento (ante Riforma Cartabia),True,False,True,71,True,True,True,False,ok,
B02018,Affidamento familiare (art.4 co.2 L. 184/1983),True,False,True,71,True,True,True,False,ok,
B02019,Proroga periodo di affidamento familiare (art. 4 co. 4 L. 184/1983),True,False,True,71,True,True,True,False,ok,
B02020,Affidamento ai servizi sociali (Art. 5-bis L. n. 184/1983),True,False,True,71,True,True,True,False,ok,
B02021,Proroga periodo di affidamento ai servizi (Art. 5-bis L. n. 184/1983),True,False,True,71,True,True,True,False,ok,
B02022,Proroga collocamento in comunità/casa famiglia (art. 4 co.7 L. 184/1983),True,False,True,67,True,True,True,False,ok,
B02023,Attuazione dei provvedimenti sull'affidamento (Art. 473 bis.38 Cpc),True,False,True,71,True,True,True,False,ok,
B02024,Provvedimenti in caso di inadempienze o violazioni (Art. 473 bis.39 C.p.c.),True,False,True,71,True,True,True,False,ok,
B02025,Ammissione al matrimonio del minore (art. 84 Cod. Civ.),True,False,True,67,True,True,True,False,ok,
B02026,Decadenza dalla responsabilità genitoriale sui figli (art. 330 Cod. Civ.),True,False,True,67,True,True,True,False,ok,
B02027,Reintegrazione nella responsabilità genitoriale (art. 332 Cod. Civ.),True,False,True,67,True,True,True,False,ok,
B02028,Procedimento ex art. 333 Cod. Civ. (Condotta del genitore pregiudizievole ai figli),True,False,True,67,True,True,True,False,ok,
B02029,Procedimento ex art. 334 Cod. Civ. (Rimozione dell'amministrazione),True,False,True,71,True,True,True,False,ok,
B02030,Procedimento ex art. 335 Cod. Civ. (Riammissione dell'amministrazione),True,False,True,71,True,True,True,False,ok,
B02031,Procedimento ex art. 371 Cod. Civ. co.2 (Autorizzazione del tutore alla continuazione di un'impresa commerciale nell'interesse del minore),True,False,True,70,True,True,True,False,ok,
B02032,Autorizzazione al riconoscimento (art. 251 Cod. Civ.),True,False,True,71,True,True,True,False,ok,
B02033,Autorizzazione al riconoscimento dei figli nati fuori dal matrimonio (Art. 250 co.5 CC),True,False,True,67,True,True,True,False,ok,
B02034,Regolamentazione rapporti con gli ascendenti (art. 317-bis Cod. Civ.),True,False,True,71,True,True,True,False,ok,
B02035,Procedimento per verifica veridicità del riconoscimento del figlio naturale (art. 74 L. 184/1983),True,False,True,67,True,True,True,False,ok,
B02036,Rettificazioni/formazioni relative agli atti dello stato civile (art. 100 DPR 396/2000),True,False,True,79,True,True,True,False,ok,
B02037,Istanza ex art. 473 bis.69 Cpc (Ordini di protezione contro gli abusi familiari ¿ soggetto minore),True,False,True,67,True,True,True,False,ok,
B02038,Convalida del provvedimento ex art. 403 CC,True,False,True,71,True,True,True,False,ok,
B02039,Reclamo avverso i decreti del Giudice tutelare (art. 45 Disp. Att. Cod. Civ.),True,False,True,63,True,True,True,False,ok,
B02040,Apertura della tutela parentale di minori stranieri non accompagnati,True,False,True,74,True,True,True,False,ok,
B02041,Apertura della tutela di minore privo di genitori (deceduti o decaduti o sospesi) - Art. 473 bis.7 Cpc,True,False,True,67,True,True,True,False,ok,
B02042,Apertura della tutela di minori stranieri non accompagnati,True,False,True,74,True,True,True,False,ok,
B02043,Altri procedimenti camerali,True,False,True,71,True,True,True,False,ok,
B02044,Misure applicabili ai minori per condotta o per carattere (Art. 25 R.D. 1404/1934),True,False,True,67,True,True,True,False,ok,
B02045,Procedimento ex art. 25 bis R.D. 1404/1934 (Minori che esercitano la prostituzione o vittime di reati a carattere sessuale),True,False,True,67,True,True,True,False,ok,
B02046,Prosieguo amministrativo ex art. 29 R.D. 1404/1934,True,False,True,71,True,True,True,False,ok,
B02047,Affidamento ai servizi sociali del minore straniero non accompagnato che ha raggiunto la maggiore età (art. 13 L. 47/2017),True,False,True,74,True,True,True,False,ok,
B03001,Procedimenti per la dichiarazione di adottabilità minori con genitore noto (artt. 8 e seg. L. 184/1983),True,False,True,74,True,True,True,False,ok,
B03002,Procedimenti per la dichiarazione di adottabilità minori con genitore ignoto (art. 11 co. 2 L. 184/1983),True,False,True,74,True,True,True,False,ok,
B03003,Revoca dello stato di adottabilità (Art. 21 L. 184/1983),True,False,True,79,True,True,True,False,ok,
B03004,Sospensione procedimento di adottabilità per minore non riconoscibile per difetto di età (art. 11 co. 3 L. 184/1983),True,False,True,74,True,True,True,False,ok,
B04001,Adozione in casi particolari (art. 44 lett. a L. n. 184/1983 - minore orfano),True,False,True,67,True,True,True,False,ok,
B04002,Adozione in casi particolari (art. 44 lett. b L. n. 184/1983 - figlio dell'altro coniuge),True,False,True,67,True,True,True,False,ok,
B04003,Adozione in casi particolari (art. 44 lett. c L. n. 184/1983 - minore orfano e portatore di handicap),True,False,True,67,True,True,True,False,ok,
B04004,Adozione in casi particolari (art. 44 lett. d L. n. 184/1983 - impossibilità affidamento preadottivo),True,False,True,67,True,True,True,False,ok,
B04005,Revoca adozione in casi particolari per fatto dell'adottato (Art. 51 L. n. 184/1983),True,False,True,67,True,True,True,False,ok,
B04006,Revoca adozione in casi particolari per fatto dell'adottante (Art. 52 L. n. 184/1983),True,False,True,67,True,True,True,False,ok,
B04007,Procedimento di adozione ex art. 35 co. 2 L. 184/1983 (ratifica adozione estera),True,False,True,67,True,True,True,False,ok,
B04008,Procedimento di adozione ex art. 35 co. 4 L. 184/1983 (ratifica adozione estera con affido preadottivo),True,False,True,67,True,True,True,False,ok,
B04009,Procedimento di adozione ex art. 36 co. 2 L. 184/1983 (Paesi non Aja),True,False,True,67,True,True,True,False,ok,
B04010,Procedimento di adozione ex art. 36 co. 4 L. 184/1983 (cittadini italiani residenti all¿estero),True,False,True,67,True,True,True,False,ok,
B04011,Abbinamento a scopo adottivo (art. 22 co. 5 L. 184/1983),True,False,True,71,True,True,True,False,ok,
B04012,Procedimento di adozione nazionale (art. 25 L. 184/1983),True,False,True,67,True,True,True,False,ok,
B05001,Dichiarazione di disponibilità all'adozione nazionale (artt. 22 e seg. L. 184/1983),True,False,True,67,True,True,True,False,ok,
B05002,Dichiarazione di disponibilità all'adozione internazionale (art. 29 bis 184/1983),True,False,True,74,True,True,True,False,ok,
B05003,Revoca decreto di idoneità adozione internazionale (art. 30 co. 4 L. 184/1983),True,False,True,74,True,True,True,False,ok,
B06001,"Opposizione al decreto di liquidazione al difensore, all'ausiliario e al consulente tecnico (artt. 84 e 170 TUSG)",True,False,True,64,True,True,True,False,ok,
B06002,Opposizione alla revoca dell'ammissione al P.S.S. (art. 170 TUSG),True,False,True,63,True,True,True,False,ok,
B06003,Opposizione avverso il decreto di liquidazione al difensore,True,False,True,64,True,True,True,False,ok,
B06004,Prove delegate art. 203 C.p.c.,True,False,True,71,True,True,True,False,ok,
B06005,Reclamo alla mancata ammissione al Gratuito patrocinio,True,False,True,64,True,True,True,False,ok,
C00000,Migrazione,True,False,True,71,True,True,True,False,ok,
C01001,Richiesta apertura stato di adottabilita,True,False,True,79,True,True,True,False,ok,
C01002,Abbandono minori,True,False,True,67,True,True,True,False,ok,
C01003,Minore esposto - madre che non vuole essere nominata,True,False,True,67,True,True,True,False,ok,
C01004,Dichiarazione di nascita di figlio naturale,True,False,True,67,True,True,True,False,ok,
C01005,Nascita neonato da madre minorenne,True,False,True,67,True,True,True,False,ok,
C01006,Nascituro - segnalazione,True,False,True,71,True,True,True,False,ok,
C02001,Abbandono neonato non riconosciuto,True,False,True,71,True,True,True,False,ok,
C03001,Abuso alcol minore,True,False,True,67,True,True,True,False,ok,
C03002,Abuso stupefacenti minore,True,False,True,67,True,True,True,False,ok,
C03003,Abuso alcol genitore/i,True,False,True,71,True,True,True,False,ok,
C03004,Abuso stupefacenti genitore/i,True,False,True,71,True,True,True,False,ok,
C04001,Abuso sessuale altra a.g. (art. 609 decies),True,False,True,71,True,True,True,False,ok,
C04002,Abuso/molestia sessuale,True,False,True,71,True,True,True,False,ok,
C04003,Abuso sessuale non in famiglia,True,False,True,67,True,True,True,False,ok,
C04004,Abuso sessuale in famiglia,True,False,True,67,True,True,True,False,ok,
C04005,Pornografia minorile,True,False,True,67,True,True,True,False,ok,
C04006,Abuso sessuale - minore autore,True,False,True,67,True,True,True,False,ok,
C05013,Ricerca delle origini,True,False,True,71,True,True,True,False,ok,
C05014,Formazione atto di nascita,True,False,True,71,True,True,True,False,ok,
C05015,Riconoscimento tardivo di minore,True,False,True,67,True,True,True,False,ok,
C06001,Abuso di mezzi di correzione,True,False,True,71,True,True,True,False,ok,
C06002,Accattonaggio genitore,True,False,True,71,True,True,True,False,ok,
C06003,Accattonaggio minorile,True,False,True,67,True,True,True,False,ok,
C06004,Affido familiare proroga,True,False,True,71,True,True,True,False,ok,
C06005,Affido familiare,True,False,True,71,True,True,True,False,ok,
C06006,Art. 4 dpr 448/88 segnalazione a pm tm reati minorenni residenti in altro distretto,True,False,True,67,True,True,True,False,ok,
C06007,Conflittualita' familiare,True,False,True,71,True,True,True,False,ok,
C06008,Crisi adottive,True,False,True,71,True,True,True,False,ok,
C06009,Denunce tra genitori di minori,True,False,True,67,True,True,True,False,ok,
C06010,Disagio abitativo -trascuratezza,True,False,True,71,True,True,True,False,ok,
C06011,Disagio familiare,True,False,True,71,True,True,True,False,ok,
C06012,Disagio personale genitore/i,True,False,True,71,True,True,True,False,ok,
C06013,Pene accessorie genitori,True,False,True,71,True,True,True,False,ok,
C06014,Disagio psichico/psicologico genitore/i,True,False,True,71,True,True,True,False,ok,
C06015,Femminicidio,True,False,True,71,True,True,True,False,ok,
C06016,Immigrazione clandestina,True,False,True,63,True,True,True,False,ok,
C06017,Inadempienza obbligo vaccinale,True,False,True,71,True,True,True,False,ok,
C06018,Incapacità educativa,True,False,True,71,True,True,True,False,ok,
C06019,Induzione al matrimonio,True,False,True,67,True,True,True,False,ok,
C06020,Inosservanza di un provvedimento dell'a.g.,True,False,True,71,True,True,True,False,ok,
C06021,Lesioni patite da minore,True,False,True,67,True,True,True,False,ok,
C06022,Minore figlio di persona arrestata o detenuta,True,False,True,67,True,True,True,False,ok,
C06023,Richiesta affidamento servizi sociali,True,False,True,71,True,True,True,False,ok,
C06024,Ricovero ospedaliero,True,False,True,71,True,True,True,False,ok,
C06025,Rifiuto di prestazioni sanitarie,True,False,True,71,True,True,True,False,ok,
C06026,Rintraccio minore,True,False,True,67,True,True,True,False,ok,
C06027,Segnalazione nascita da madre con problematiche,True,False,True,71,True,True,True,False,ok,
C06028,Sfruttamento minore (lavoro),True,False,True,66,True,True,True,False,ok,
C06029,Uccisione minore,True,False,True,67,True,True,True,False,ok,
C06030,Violazione obblighi mantenimento (art. 570 cp),True,False,True,71,True,True,True,False,ok,
C06031,Allontanamento minore (art. 403 cc),True,False,True,67,True,True,True,False,ok,
C07001,Adescamento minori (art. 609 undecies cp),True,False,True,68,True,True,True,False,ok,
C07002,Allontanamento dalla comunita',True,False,True,67,True,True,True,False,ok,
C07003,Allontanamento/fuga abitazione,True,False,True,67,True,True,True,False,ok,
C07004,Atti vandalici,True,False,True,67,True,True,True,False,ok,
C07005,Giochi mortali in rete-adescamento tramite web,True,False,True,67,True,True,True,False,ok,
C07006,Cyberbullismo,True,False,True,67,True,True,True,False,ok,
C07007,Bullismo-minore autore,True,False,True,68,True,True,True,False,ok,
C07008,Bullismo-minore vittima,True,False,True,68,True,True,True,False,ok,
C07009,Disagio - problemi psichici del minore,True,False,True,68,True,True,True,False,ok,
C07010,Devianza minore,True,False,True,67,True,True,True,False,ok,
C07011,Dipendenze patologiche minore,True,False,True,67,True,True,True,False,ok,
C07012,Disturbo alimentare,True,False,True,71,True,True,True,False,ok,
C07013,Tentato suicidio e autolesionismo,True,False,True,71,True,True,True,False,ok,
C07014,Dipendenza web minore,True,False,True,67,True,True,True,False,ok,
C08001,Dispersione scolastica femmine,True,False,True,71,True,True,True,False,ok,
C08002,Dispersione scolastica maschile,True,False,True,71,True,True,True,False,ok,
C08003,Istruzione parentale,True,False,True,71,True,True,True,False,ok,
C09001,Maltrattamenti familiari - vittima,True,False,True,71,True,True,True,False,ok,
C09002,Maltrattamenti extrafamiliari - vittima,True,False,True,71,True,True,True,False,ok,
C09003,Maltrattamenti violenza assistita,True,False,True,71,True,True,True,False,ok,
C09004,Maltrattamenti - minore autore,True,False,True,67,True,True,True,False,ok,
C10001,Minore autore di reati non infraquattordicenne,True,False,True,67,True,True,True,False,ok,
C10002,Minore autore di reati infraquattordicenne,True,False,True,67,True,True,True,False,ok,
C10003,Reclami avverso provvedimenti giudice tutelare,True,False,True,67,True,True,True,False,ok,
C10004,Visti giudice tutelare,True,False,True,67,True,True,True,False,ok,
C11001,Msna prosieguo amministrativo,True,False,True,71,True,True,True,False,ok,
C11002,Msna accertamento età,True,False,True,71,True,True,True,False,ok,
C11003,Msna allontanamento in comunita',True,False,True,71,True,True,True,False,ok,
C11004,Tutele minori stranieri c/o parenti,True,False,True,74,True,True,True,False,ok,
C11005,Msna non collocato in comunita',True,False,True,71,True,True,True,False,ok,
C11006,Msna vittime tratta,True,False,True,71,True,True,True,False,ok,
C12001,Msna collocato in comunita',True,False,True,71,True,True,True,False,ok,
C12002,Msna collocati presso privati,True,False,True,71,True,True,True,False,ok,
C13001,Apertura proc. amministrativo - rieducazione/irregolarita' condotta,True,False,True,71,True,True,True,False,ok,
C13002,Prosieguo amministrativo,True,False,True,71,True,True,True,False,ok,
C13003,Prostituzione minorile,True,False,True,67,True,True,True,False,ok,
C14001,Sottrazione internazionale di minore (art 7 l.64/1994),True,False,True,67,True,True,True,False,ok,
C15001,Interdizione/inabilitazione,True,False,True,66,True,True,True,False,ok,
C15002,Tutele,True,False,True,71,True,True,True,False,ok,
C15003,Curatele,True,False,True,71,True,True,True,False,ok,
C16001,Segnalazione ex art. 403 cc,True,False,True,71,True,True,True,False,ok,
100002,Opposizione a decreto ingiuntivo (art. 645 c.p.c.),False,True,False,67,True,True,True,False,ok,
111006,Affidamento e mantenimento dei figli nati fuori dal matrimonio,False,True,False,61,True,True,True,False,ok,
120010,Petizione di eredità (art. 533 c.c.),False,True,False,49,True,True,True,False,ok,
120030,Azione di riduzione per lesione della quota di legittima,False,True,False,53,True,True,True,False,ok,
121003,Divisione di comunione ereditaria (divisione giudiziale),False,True,False,60,True,True,True,False,ok,
130033,Accertamento dell'acquisto della proprietà per usucapione,False,True,False,62,True,True,True,False,ok,
143001,Responsabilità professionale dell'avvocato,False,True,False,53,True,True,True,False,ok,
143002,Responsabilità professionale del personale sanitario e della struttura sanitaria (Legge Gelli-Bianco),False,True,False,50,True,True,True,False,ok,
170006,Concorrenza sleale (art. 2598 c.c.),False,True,False,53,True,True,True,False,ok,
413071,Apertura della tutela ordinaria (interdizione di maggiorenne),False,True,False,62,True,True,True,False,ok,
510001_O,Espropriazione mobiliare presso il debitore (pre L. 80/2005),False,True,False,54,True,True,True,False,ok,
510002_O,Espropriazione mobiliare presso terzi (pre L. 80/2005),False,True,False,66,True,True,True,False,ok,
610001_O,Espropriazione immobiliare (pre L. 80/2005),False,True,False,61,True,True,True,False,ok,
ESEC_AUTO_492BIS,Ricerca telematica beni - pignoramento via UNEP (art. 492-bis c.p.c.),False,True,False,49,True,True,True,False,ok,
ESEC_AVVISO_ASTE_VENDITA,Avviso di vendita / pubblicità della vendita esecutiva,False,True,False,63,True,True,True,False,ok,
ESEC_CONSEGNA_001,Esecuzione per consegna o rilascio (art. 605-611 c.p.c.),False,True,False,52,True,True,True,False,ok,
ESEC_CONVERSIONE_495,Conversione del pignoramento (art. 495 c.p.c.),False,True,False,50,True,True,True,False,ok,
ESEC_DISTRIBUZIONE,Distribuzione del ricavato e progetto di distribuzione,False,True,False,63,True,True,True,False,ok,
ESEC_ESTINZIONE_629,Estinzione del processo esecutivo (artt. 629-632 c.p.c.),False,True,False,63,True,True,True,False,ok,
ESEC_IMM_001,Pignoramento immobiliare,False,True,False,60,True,True,True,False,ok,
ESEC_INTERVENTO_499,"Intervento dei creditori (artt. 498-500, 525-526, 564, 566 c.p.c.)",False,True,False,63,True,True,True,False,ok,
ESEC_MOB_001,Pignoramento mobiliare presso il debitore,False,True,False,47,True,True,True,False,ok,
ESEC_OBBLIGHI_001,Esecuzione forzata degli obblighi di fare e di non fare (art. 612-614 c.p.c.),False,True,False,64,True,True,True,False,ok,
ESEC_RIDUZIONE_496,Riduzione del pignoramento (art. 496 c.p.c.),False,True,False,63,True,True,True,False,ok,
ESEC_SOSPENSIONE_624,Sospensione dell'esecuzione (art. 624 c.p.c.),False,True,False,63,True,True,True,False,ok,
ESEC_TERZI_001,Pignoramento presso terzi,False,True,False,51,True,True,True,False,ok,
GUIDA_ACCERTAMENTO_DA_OPERAZIONI_SOGGETTIVAMENTE_INESISTENTI_FATTURE_FALSE_IVA_512125,Accertamento da operazioni soggettivamente inesistenti (fatture false IVA): contestazione e difesa (art. 54 DPR 633/1972),False,True,False,64,True,True,True,False,ok,
GUIDA_ACCERTAMENTO_DEL_RAPPORTO_DI_LAVORO_SUBORDINATO_FALSO_AUTONOMO_COLLABORA_220035,Accertamento del rapporto di lavoro subordinato – falso autonomo/collaborazione (art. 2094 c.c.),False,True,False,57,True,True,True,False,ok,
GUIDA_ACCERTAMENTO_GIUDIZIALE_DELLA_PATERNIT_NATURALE_ARTT_269_279_C_C_120070,Accertamento giudiziale della paternità naturale (artt. 269-279 c.c.),False,True,False,62,True,True,True,False,ok,
GUIDA_ACCERTAMENTO_GIUDIZIALE_DELLA_SUBORDINAZIONE_FINTO_LAVORO_AUTONOMO_ARTT__220165,Accertamento giudiziale della subordinazione – finto lavoro autonomo (artt. 2094-2096 c.c.),False,True,False,46,True,True,True,False,ok,
GUIDA_ACCERTAMENTO_TECNICO_PREVENTIVO_ART_696_C_P_C_E_CONSULENZA_TECNICA_PREVE_190025,Accertamento tecnico preventivo (art. 696 c.p.c.) e consulenza tecnica preventiva ai fini della conciliazione (art. 696-bis c.p.c.),False,True,False,43,True,True,True,False,ok,
GUIDA_ACCESSIONE_COSTRUZIONE_SU_SUOLO_ALTRUI_INDENNIT_E_RIPETIZIONE_ARTT_934_9_130175,"Accessione: costruzione su suolo altrui, indennità e ripetizione (artt. 934-938 c.c.)",False,True,False,66,True,True,True,False,ok,
GUIDA_ACCESSO_AGLI_ATTI_AMMINISTRATIVI_RICORSO_PER_DINIEGO_ARTT_22_28_L_241_19_240030,Accesso agli atti amministrativi: ricorso per diniego (artt. 22-28 L. 241/1990 + accesso civico FOIA),False,True,False,47,True,True,True,False,ok,
GUIDA_ACCORDO_DI_RISTRUTTURAZIONE_DEI_DEBITI_ARTT_57_64_D_LGS_14_2019_CCII_512075,Accordo di ristrutturazione dei debiti (artt. 57-64 D.Lgs. 14/2019 CCII),False,True,False,46,True,True,True,False,ok,
GUIDA_ADOZIONE_DEL_MAGGIORENNE_ARTT_291_314_C_C_PROCEDIMENTO_E_REVOCA_120065,Adozione del maggiorenne (artt. 291-314 c.c.) – procedimento e revoca,False,True,False,44,True,True,True,False,ok,
GUIDA_ADOZIONE_INTERNAZIONALE_PROCEDIMENTO_IDONEIT_E_RICONOSCIMENTO_IN_ITALIA__121022,"Adozione internazionale: procedimento, idoneità e riconoscimento in Italia (L. 184/1983 + Conv. Aja 1993)",False,True,False,60,True,True,True,False,ok,
GUIDA_ADOZIONE_MAGGIORENNE_412001,Adozione di maggiorenne (artt. 291-314 c.c.),False,True,False,59,True,True,True,False,ok,
GUIDA_ADS_MODIFICA_REVOCA_413062,Modifica o revoca del decreto di nomina dell'amministratore di sostegno,False,True,False,51,True,True,True,False,ok,
GUIDA_AFFITTO_D_AZIENDA_INADEMPIMENTO_RESTITUZIONE_E_INDENNIT_DI_AVVIAMENTO_AR_143080,"Affitto d'azienda: inadempimento, restituzione e indennità di avviamento (art. 2562 c.c.)",False,True,False,49,True,True,True,False,ok,
GUIDA_AMMINISTRAZIONE_DI_SOSTEGNO_APERTURA_E_GESTIONE_ARTT_404_413_C_C_413080,Amministrazione di sostegno: apertura e gestione (artt. 404-413 c.c.),False,True,False,45,True,True,True,False,ok,
GUIDA_AMMONIMENTO_QUESTORE_VIOLENZA_DOMESTICA_411603,Ammonimento del questore per atti persecutori e violenza domestica (D.L. 93/2013 art. 8 + c.p. 612-bis),False,True,False,39,True,True,True,False,ok,
GUIDA_ANNULLAMENTO_CONTRATTO_VIZI_CONSENSO_140035,"Annullamento del contratto per dolo, errore o violenza (artt. 1427-1440 c.c.)",False,True,False,47,True,True,True,False,ok,
GUIDA_APERTURA_DELLA_LIQUIDAZIONE_GIUDIZIALE_EX_FALLIMENTO_SU_ISTANZA_DEL_CRED_101010,Apertura della liquidazione giudiziale (ex fallimento) su istanza del creditore (D.Lgs. 14/2019 CCII),False,True,False,50,True,True,True,False,ok,
GUIDA_APERTURA_DEL_PROCEDIMENTO_DI_INTERDIZIONE_E_INABILITAZIONE_ARTT_414_432__410001,Apertura del procedimento di interdizione e inabilitazione (artt. 414-432 c.c.),False,True,False,50,True,True,True,False,ok,
GUIDA_APPALTO_PUBBLICO_CONTESTAZIONI_DELL_APPALTATORE_RECESSO_REVISIONE_PREZZI_143030,"Appalto pubblico – contestazioni dell'appaltatore: recesso, revisione prezzi, riserve (D.Lgs. 36/2023)",False,True,False,43,True,True,True,False,ok,
GUIDA_APPALTO_VIZI_DIFFORMITA_GARANZIA_143005,Risoluzione contratto di appalto per vizi/difformità + garanzia (artt. 1667-1669 c.c.),False,True,False,51,True,True,True,False,ok,
GUIDA_APPRENDISTATO_RISOLUZIONE_CONVERSIONE_220120,Contratto di apprendistato: risoluzione illegittima e conversione a tempo indeterminato (D.Lgs. 81/2015 artt. 41-47),False,True,False,44,True,True,True,False,ok,
GUIDA_ASSEGNAZIONE_DELLA_CASA_CONIUGALE_IN_SEPARAZIONE_E_DIVORZIO_ART_337_SEXI_511045,Assegnazione della casa coniugale in separazione e divorzio (art. 337-sexies c.c.),False,True,False,69,True,True,True,False,ok,
GUIDA_ASSICURAZIONE_INDENNIZZO_RISOLUZIONE_140030,Risoluzione contratto di assicurazione e azione per indennizzo (artt. 1882-1932 c.c.),False,True,False,62,True,True,True,False,ok,
GUIDA_ASSOCIAZIONE_IN_PARTECIPAZIONE_SCIOGLIMENTO_RENDICONTO_E_PARTECIPAZIONE__151115,"Associazione in partecipazione: scioglimento, rendiconto e partecipazione agli utili (artt. 2549-2554 c.c.)",False,True,False,40,True,True,True,False,ok,
GUIDA_AUTORIZZAZIONE_GIUDIZIALE_ALLA_VENDITA_O_AD_ATTI_STRAORDINARI_SU_BENI_DI_413095,Autorizzazione giudiziale alla vendita o ad atti straordinari su beni di minori o incapaci (art. 374 c.c.),False,True,False,49,True,True,True,False,ok,
GUIDA_AUTORIZZAZIONE_GIUDIZIALE_PER_ATTI_DI_STRAORDINARIA_AMMINISTRAZIONE_DEL__413125,Autorizzazione giudiziale per atti di straordinaria amministrazione del minore (art. 320 c.c.),False,True,False,65,True,True,True,False,ok,
GUIDA_AUTOTUTELA_AMMINISTRATIVA_REVOCA_E_ANNULLAMENTO_D_UFFICIO_DI_PROVVEDIMEN_240050,Autotutela amministrativa: revoca e annullamento d'ufficio di provvedimenti illegittimi (artt. 21-quinquies e 21-nonies L. 241/1990),False,True,False,66,True,True,True,False,ok,
GUIDA_AZIONE_CONFESSORIA_DI_SERVIT_ART_1079_C_C_TUTELA_DEL_TITOLARE_DI_SERVIT__130100,Azione confessoria di servitù (art. 1079 c.c.) – tutela del titolare di servitù osteggiata,False,True,False,40,True,True,True,False,ok,
GUIDA_AZIONE_CUMULATA_PER_MOBBING_SISTEMICO_STRAINING_DEMANSIONAMENTO_PROGRESS_160090,Azione cumulata per mobbing sistemico + straining + demansionamento progressivo (art. 2087 c.c.),False,True,False,61,True,True,True,False,ok,
GUIDA_AZIONE_DI_CLASSE_ART_840_BIS_C_P_C_E_AZIONE_INIBITORIA_COLLETTIVA_180020,Azione di classe (art. 840-bis c.p.c.) e azione inibitoria collettiva,False,True,False,47,True,True,True,False,ok,
GUIDA_AZIONE_DI_MANUTENZIONE_DEL_POSSESSO_E_SPOGLIO_ARTT_1168_1170_C_C_130185,Azione di manutenzione del possesso e spoglio (artt. 1168-1170 c.c.),False,True,False,64,True,True,True,False,ok,
GUIDA_AZIONE_DI_REGOLAMENTO_DI_CONFINI_IMMOBILIARI_COMPLEMENTO_E_PROCEDURE_ACC_130020,Azione di regolamento di confini immobiliari – complemento e procedure accessorie (art. 950 c.c.),False,True,False,40,True,True,True,False,ok,
GUIDA_AZIONE_DI_RIDUZIONE_PER_LESIONE_DELLA_QUOTA_DI_LEGITTIMA_ARTT_553_564_C__120050,Azione di riduzione per lesione della quota di legittima (artt. 553-564 c.c.),False,True,False,40,True,True,True,False,ok,
GUIDA_AZIONE_DI_SIMULAZIONE_CONTRATTUALE_ARTT_1414_1417_C_C_102010,Azione di simulazione contrattuale (artt. 1414-1417 c.c.),False,True,False,57,True,True,True,False,ok,
GUIDA_AZIONE_INIBITORIA_COLLETTIVA_CONTRO_CLAUSOLE_ABUSIVE_NEI_CONTRATTI_DEI_C_180035,Azione inibitoria collettiva contro clausole abusive nei contratti dei consumatori (art. 37 Cod. Consumo + D.Lgs. 206/2005),False,True,False,41,True,True,True,False,ok,
GUIDA_AZIONE_NEGATORIA_SERVITU_POSSESSORIA_130031,Azione negatoria di servitù (art. 949 c.c.) o azioni possessorie (artt. 1168-1170 c.c.),False,True,False,55,True,True,True,False,ok,
GUIDA_AZIONE_REVOCATORIA_NEL_CONTESTO_DELLA_LIQUIDAZIONE_GIUDIZIALE_ARTT_163_1_512065,Azione revocatoria nel contesto della liquidazione giudiziale (artt. 163-176 D.Lgs. 14/2019 CCII),False,True,False,42,True,True,True,False,ok,
GUIDA_AZIONE_REVOCATORIA_ORDINARIA_ACTIO_PAULIANA_REVOCA_DEGLI_ATTI_IN_FRODE_A_191030,Azione revocatoria ordinaria (actio pauliana): revoca degli atti in frode ai creditori (art. 2901 c.c.),False,True,False,67,True,True,True,False,ok,
GUIDA_CAMBIO_APPALTO_E_TRASFERIMENTO_DEI_LAVORATORI_TUTELE_E_CLAUSOLE_SOCIALI__220245,Cambio appalto e trasferimento dei lavoratori: tutele e clausole sociali (art. 29 D.Lgs. 276/2003),False,True,False,62,True,True,True,False,ok,
GUIDA_CARTA_DI_CREDITO_E_SERVIZI_DI_PAGAMENTO_CONTESTAZIONE_ADDEBITI_E_RIMBORS_143075,Carta di credito e servizi di pagamento: contestazione addebiti e rimborso (D.Lgs. 11/2010 PSD2),False,True,False,53,True,True,True,False,ok,
GUIDA_CESSIONE_DI_RAMO_D_AZIENDA_CONTESTAZIONI_DEI_LAVORATORI_TRASFERITI_ART_2_220015,Cessione di ramo d'azienda - contestazioni dei lavoratori trasferiti (art. 2112 c.c. + art. 47 L. 428/1990),False,True,False,57,True,True,True,False,ok,
GUIDA_CLAUSOLA_COMPROMISSORIA_ARBITRATO_IRRITUALE_E_PATTO_COMPROMISSORIO_ARTT__211005,"Clausola compromissoria, arbitrato irrituale e patto compromissorio (artt. 806-808-ter c.p.c.)",False,True,False,44,True,True,True,False,ok,
GUIDA_COLLAZIONE_EREDITARIA_121005,Collazione ereditaria (art. 737 c.c.),False,True,False,48,True,True,True,False,ok,
GUIDA_COLLAZIONE_EREDITARIA_ARTT_737_751_C_C_CONFERIMENTO_DI_DONAZIONI_E_ANTIC_121010,Collazione ereditaria (artt. 737-751 c.c.) – conferimento di donazioni e anticipazioni nel patrimonio ereditario,False,True,False,40,True,True,True,False,ok,
GUIDA_COLLOCAMENTO_OBBLIGATORIO_DEI_DISABILI_TUTELE_E_CONTROVERSIE_L_68_1999_220215,Collocamento obbligatorio dei disabili: tutele e controversie (L. 68/1999),False,True,False,64,True,True,True,False,ok,
GUIDA_COMODATO_RISOLUZIONE_RILASCIO_ANTICIPATO_E_INDENNIT_ARTT_1803_1812_C_C_140050,"Comodato: risoluzione, rilascio anticipato e indennità (artt. 1803-1812 c.c.)",False,True,False,45,True,True,True,False,ok,
GUIDA_COMPOSIZIONE_NEGOZIATA_DELLA_CRISI_D_IMPRESA_ARTT_12_25_UNDECIES_D_LGS_1_152020,Composizione negoziata della crisi d'impresa (artt. 12-25-undecies D.Lgs. 14/2019 CCII),False,True,False,66,True,True,True,False,ok,
GUIDA_COMPRAVENDITA_IMMOBILIARE_INADEMPIMENTO_DEL_PROMISSARIO_ACQUIRENTE_E_CAP_142010,Compravendita immobiliare: inadempimento del promissario acquirente e caparra confirmatoria (art. 1385 c.c.),False,True,False,46,True,True,True,False,ok,
GUIDA_COMPRAVENDITA_IMMOBILIARE_RISOLUZIONE,Risoluzione del contratto di compravendita immobiliare per inadempimento,False,True,False,50,True,True,True,False,ok,
GUIDA_COMUNIONE_FORZOSA_DEL_MURO_SOPRAELEVAZIONE_E_LUCI_ARTT_874_884_C_C_131005,"Comunione forzosa del muro, sopraelevazione e luci (artt. 874-884 c.c.)",False,True,False,64,True,True,True,False,ok,
GUIDA_COMUNIONE_ORDINARIA_SCIOGLIMENTO_E_DIVISIONE_GIUDIZIALE_ARTT_1111_1116_C_130170,Comunione ordinaria: scioglimento e divisione giudiziale (artt. 1111-1116 c.c.),False,True,False,64,True,True,True,False,ok,
GUIDA_CONCESSIONE_DEMANIALE_MARITTIMA_E_LACUALE_RINNOVO_DECADENZA_E_CONTROVERS_240060,"Concessione demaniale marittima e lacuale: rinnovo, decadenza e controversie (Cod. Nav. + D.Lgs. 59/2010)",False,True,False,66,True,True,True,False,ok,
GUIDA_CONCORDATO_PREVENTIVO_IN_CONTINUIT_AZIENDALE_ARTT_84_120_D_LGS_14_2019_C_152015,Concordato preventivo in continuità aziendale (artt. 84-120 D.Lgs. 14/2019 CCII),False,True,False,51,True,True,True,False,ok,
GUIDA_CONCORDATO_PREVENTIVO_OPPOSIZIONE_DEL_CREDITORE_E_CONTESTAZIONI_ARTT_90__152010,Concordato preventivo – opposizione del creditore e contestazioni (artt. 90-116 D.Lgs. 14/2019 CCII),False,True,False,59,True,True,True,False,ok,
GUIDA_CONCORRENZA_SLEALE_NON_CONFUSORIA_DENIGRAZIONE_APPROPRIAZIONE_PREGI_E_AT_170030,"Concorrenza sleale non confusoria – denigrazione, appropriazione pregi e atti contrari a correttezza (art. 2598 c.c.)",False,True,False,46,True,True,True,False,ok,
GUIDA_CONDOMINIO_IMPUGNAZIONE_DELIBERA_ASSEMBLEARE_ART_1137_C_C_130115,Condominio: impugnazione delibera assembleare (art. 1137 c.c.),False,True,False,39,True,True,True,False,ok,
GUIDA_CONDOMINIO_RIPARTIZIONE_DELLE_SPESE_E_CONTROVERSIE_SUL_RENDICONTO_ARTT_1_130120,Condominio: ripartizione delle spese e controversie sul rendiconto (artt. 1123-1126 c.c.),False,True,False,42,True,True,True,False,ok,
GUIDA_CONGEDO_PARENTALE_MATERNIT_E_PATERNIT_TUTELE_E_CONTROVERSIE_D_LGS_151_20_220225,"Congedo parentale, maternità e paternità: tutele e controversie (D.Lgs. 151/2001)",False,True,False,62,True,True,True,False,ok,
GUIDA_CONSUMATORE_CLAUSOLE_VESSATORIE_180001,Tutela del consumatore - clausole vessatorie e nullità contrattuali (D.Lgs. 206/2005 Codice del Consumo),False,True,False,56,True,True,True,False,ok,
GUIDA_CONTO_CORRENTE_ORDINARIO_CONTESTAZIONE_DEL_SALDO_APPROVAZIONE_DEL_RENDIC_143065,"Conto corrente ordinario: contestazione del saldo, approvazione del rendiconto e pagamento (artt. 1832-1833 c.c.)",False,True,False,42,True,True,True,False,ok,
GUIDA_CONTRAFFAZIONE_DI_MARCHIO_E_CONCORRENZA_SLEALE_CONFUSORIA_ARTT_20_28_COD_170020,Contraffazione di marchio e concorrenza sleale confusoria (artt. 20-28 Cod. PI + 2598 c.c.),False,True,False,46,True,True,True,False,ok,
GUIDA_CONTRATTI_A_DISTANZA_E_CONTRATTI_ONLINE_DIRITTO_DI_RECESSO_E_PRATICHE_CO_180040,Contratti a distanza e contratti online: diritto di recesso e pratiche commerciali scorrette (artt. 50-68 Cod. Consumo),False,True,False,63,True,True,True,False,ok,
GUIDA_CONTRATTI_DERIVATI_E_SWAP_NULLIT_PER_MANCANZA_DI_CAUSA_ASIMMETRIA_INFORM_143120,"Contratti derivati e swap: nullità per mancanza di causa, asimmetria informativa e conseguenze (D.Lgs. 58/1998 TUF)",False,True,False,69,True,True,True,False,ok,
GUIDA_CONTRATTO_A_TEMPO_DETERMINATO_CONVERSIONE_PER_VIOLAZIONE_DEI_LIMITI_E_DI_220200,Contratto a tempo determinato: conversione per violazione dei limiti e diritti del lavoratore (D.Lgs. 81/2015 artt. 19-29),False,True,False,48,True,True,True,False,ok,
GUIDA_CONTRATTO_DI_AGENZIA_RECESSO_INDENNIT_DI_FINE_RAPPORTO_E_PATTO_DI_NON_CO_141045,"Contratto di agenzia: recesso, indennità di fine rapporto e patto di non concorrenza (artt. 1742-1753 c.c.)",False,True,False,49,True,True,True,False,ok,
GUIDA_CONTRATTO_DI_APPALTO_DI_SERVIZI_INFORMATICI_IT_OUTSOURCING_INADEMPIMENTO_140090,Contratto di appalto di servizi informatici (IT outsourcing): inadempimento e SLA (artt. 1655-1677 c.c.),False,True,False,64,True,True,True,False,ok,
GUIDA_CONTRATTO_DI_ASSICURAZIONE_SULLA_VITA_CONTROVERSIE_TRA_EREDI_BENEFICIARI_143095,"Contratto di assicurazione sulla vita: controversie tra eredi, beneficiari e compagnia (artt. 1919-1927 c.c.)",False,True,False,64,True,True,True,False,ok,
GUIDA_CONTRATTO_DI_COMMISSIONE_RESPONSABILIT_DEL_COMMISSIONARIO_E_RENDICONTO_A_141050,Contratto di commissione: responsabilità del commissionario e rendiconto (artt. 1731-1736 c.c.),False,True,False,44,True,True,True,False,ok,
GUIDA_CONTRATTO_DI_COMODATO_TERMINE_RESTITUZIONE_ANTICIPATA_E_RIMBORSO_SPESE_A_140095,"Contratto di comodato: termine, restituzione anticipata e rimborso spese (artt. 1803-1812 c.c.)",False,True,False,66,True,True,True,False,ok,
GUIDA_CONTRATTO_DI_CONTO_CORRENTE_BANCARIO_CONTESTAZIONE_DEL_SALDO_ANATOCISMO__143055,"Contratto di conto corrente bancario: contestazione del saldo, anatocismo e commissioni (artt. 1823-1833 c.c.)",False,True,False,44,True,True,True,False,ok,
GUIDA_CONTRATTO_DI_FACTORING_CESSIONE_DEI_CREDITI_D_IMPRESA_E_RIVALSA_L_52_199_143085,Contratto di factoring: cessione dei crediti d'impresa e rivalsa (L. 52/1991),False,True,False,66,True,True,True,False,ok,
GUIDA_CONTRATTO_DI_FRANCHISING_INADEMPIMENTO_SCIOGLIMENTO_E_TUTELA_DEL_FRANCHI_143100,"Contratto di franchising: inadempimento, scioglimento e tutela del franchisor/franchisee (L. 129/2004)",False,True,False,71,True,True,True,False,ok,
GUIDA_CONTRATTO_DI_LAVORO_A_TEMPO_PARZIALE_PART_TIME_CONTROVERSIE_TRASFORMAZIO_220255,"Contratto di lavoro a tempo parziale (part-time): controversie, trasformazione e diritti (D.Lgs. 81/2015 artt. 4-12)",False,True,False,66,True,True,True,False,ok,
GUIDA_CONTRATTO_DI_MANDATO_REVOCA_RINUNCIA_E_RESPONSABILIT_DEL_MANDATARIO_ARTT_141040,"Contratto di mandato: revoca, rinuncia e responsabilità del mandatario (artt. 1709-1730 c.c.)",False,True,False,45,True,True,True,False,ok,
GUIDA_CONTRATTO_DI_MEDIAZIONE_IMMOBILIARE_DIRITTO_ALLA_PROVVIGIONE_RESPONSABIL_141090,"Contratto di mediazione immobiliare: diritto alla provvigione, responsabilità e revoca dell'incarico (artt. 1754-1765 c.c.)",False,True,False,64,True,True,True,False,ok,
GUIDA_CONTRATTO_DI_NOLEGGIO_RESPONSABILIT_PER_DANNI_AL_VEICOLO_NOLEGGIATO_E_CO_143050,Contratto di noleggio: responsabilità per danni al veicolo noleggiato e controversie (artt. 1571 e ss. c.c.),False,True,False,53,True,True,True,False,ok,
GUIDA_CONTRATTO_DI_RENDITA_VITALIZIA_INADEMPIMENTO_RISOLUZIONE_E_VITALIZIO_ALI_143125,"Contratto di rendita vitalizia: inadempimento, risoluzione e vitalizio alimentare (artt. 1872-1881 c.c.)",False,True,False,52,True,True,True,False,ok,
GUIDA_CONTRATTO_DI_SOMMINISTRAZIONE_INADEMPIMENTO_CLAUSOLA_DI_ESCLUSIVA_E_RECE_143110,"Contratto di somministrazione: inadempimento, clausola di esclusiva e recesso (artt. 1559-1570 c.c.)",False,True,False,66,True,True,True,False,ok,
GUIDA_CONTRATTO_DI_SPEDIZIONE_RESPONSABILIT_DELLO_SPEDIZIONIERE_E_PERDITA_DELL_141055,Contratto di spedizione: responsabilità dello spedizioniere e perdita della merce (artt. 1737-1741 c.c.),False,True,False,43,True,True,True,False,ok,
GUIDA_CONTRATTO_D_OPERA_INTELLETTUALE_RESPONSABILIT_PROFESSIONALE_ARTT_2229_22_143020,Contratto d'opera intellettuale - responsabilità professionale (artt. 2229-2238 c.c.),False,True,False,50,True,True,True,False,ok,
GUIDA_CONTRATTO_SUBFORNITURA_ABUSO_DIPENDENZA_ECONOMICA_143105,Contratto di subfornitura: abuso di dipendenza economica e nullità delle clausole (L. 192/1998),False,True,False,68,True,True,True,False,ok,
GUIDA_CONTRIBUTI_PREVIDENZIALI_INPS_CONTESTAZIONE_OMISSIONE_PRESCRIZIONE_E_OPP_512090,"Contributi previdenziali INPS: contestazione omissione, prescrizione e opposizione al verbale (art. 2946 c.c.)",False,True,False,64,True,True,True,False,ok,
GUIDA_CONVERSIONE_DEL_PIGNORAMENTO_IN_SOMMA_DI_DENARO_SOSTITUZIONE_DEL_BENE_PI_510020,Conversione del pignoramento in somma di denaro: sostituzione del bene pignorato (art. 495 c.p.c.),False,True,False,55,True,True,True,False,ok,
GUIDA_COOPERATIVE_ESCLUSIONE_DEL_SOCIO_LAVORATORE_E_CONTESTAZIONI_ARTT_2533_25_154015,Cooperative: esclusione del socio lavoratore e contestazioni (artt. 2533-2534 c.c. + L. 142/2001),False,True,False,40,True,True,True,False,ok,
GUIDA_COSTITUZIONE_DI_PARTE_CIVILE_NEL_PROCESSO_PENALE_E_LIQUIDAZIONE_DEL_DANN_160195,Costituzione di parte civile nel processo penale e liquidazione del danno (artt. 74-89 c.p.p.),False,True,False,54,True,True,True,False,ok,
GUIDA_DANNI_DA_VEICOLO_NON_ASSICURATO_O_NON_IDENTIFICATO_FONDO_VITTIME_DELLA_S_160235,Danni da veicolo non assicurato o non identificato: Fondo Vittime della Strada (art. 283 D.Lgs. 209/2005),False,True,False,67,True,True,True,False,ok,
GUIDA_DANNO_DA_CADUTA_SU_SUOLO_PUBBLICO_BUCA_STRADALE_ART_2051_C_C_COSE_IN_CUS_160015,Danno da caduta su suolo pubblico / buca stradale (art. 2051 c.c. – cose in custodia P.A.),False,True,False,46,True,True,True,False,ok,
GUIDA_DANNO_DA_IMMISSIONI_MOLESTE_RUMORE_FUMI_ODORI_VIBRAZIONI_ART_844_C_C_160170,"Danno da immissioni moleste: rumore, fumi, odori, vibrazioni (art. 844 c.c.)",False,True,False,43,True,True,True,False,ok,
GUIDA_DANNO_DA_TRATTAMENTO_ILLECITO_DI_DATI_PERSONALI_GDPR_D_LGS_196_2003_CODI_180030,Danno da trattamento illecito di dati personali (GDPR + D.Lgs. 196/2003 Codice Privacy),False,True,False,45,True,True,True,False,ok,
GUIDA_DECADENZA_LIMITAZIONE_DELLA_RESPONSABILIT_GENITORIALE_E_AFFIDAMENTO_FAMI_113001,Decadenza/limitazione della responsabilità genitoriale e affidamento familiare (artt. 330-336 c.c.),False,True,False,57,True,True,True,False,ok,
GUIDA_DECRETO_INGIUNTIVO_SU_TITOLO_DI_CREDITO_CAMBIALE_E_ASSEGNO_PROTESTATO_AR_191020,Decreto ingiuntivo su titolo di credito – cambiale e assegno protestato (artt. 641-642 c.p.c.),False,True,False,47,True,True,True,False,ok,
GUIDA_DEFINIZIONE_AGEVOLATA_DELLE_LITI_FISCALI_PENDENTI_E_CONDONI_FISCALI_L_19_512130,Definizione agevolata delle liti fiscali pendenti e condoni fiscali (L. 197/2022 + L. 130/2022),False,True,False,65,True,True,True,False,ok,
GUIDA_DEMANSIONAMENTO_DEQUALIFICAZIONE_220030,Demansionamento / dequalificazione professionale (art. 2103 c.c. - lato passivo),False,True,False,64,True,True,True,False,ok,
GUIDA_DEMANSIONAMENTO_E_MODIFICA_UNILATERALE_DELLE_MANSIONI_ART_2103_C_C_RIFOR_220270,Demansionamento e modifica unilaterale delle mansioni (art. 2103 c.c. riformato D.Lgs. 81/2015),False,True,False,64,True,True,True,False,ok,
GUIDA_DENUNCIA_DI_NUOVA_OPERA_E_DANNO_TEMUTO_AZIONE_POSSESSORIA_ANTICIPATORIA__130140,Denuncia di nuova opera e danno temuto – azione possessoria anticipatoria (artt. 1171-1172 c.c.),False,True,False,57,True,True,True,False,ok,
GUIDA_DEPOSITO_BANCARIO_DI_TITOLI_E_CUSTODIA_CONTROVERSIE_E_RESPONSABILIT_ARTT_141075,Deposito bancario di titoli e custodia: controversie e responsabilità (artt. 1838-1840 c.c.),False,True,False,68,True,True,True,False,ok,
GUIDA_DICHIARAZIONE_DI_ADOTTABILIT_DEL_MINORE_IN_STATO_DI_ABBANDONO_ARTT_8_21__413130,Dichiarazione di adottabilità del minore in stato di abbandono (artt. 8-21 L. 184/1983),False,True,False,72,True,True,True,False,ok,
GUIDA_DICHIARAZIONE_DI_ESECUTIVIT_DEL_LODO_ARBITRALE_ART_825_C_P_C_E_IMPUGNAZI_191025,Dichiarazione di esecutività del lodo arbitrale (art. 825 c.p.c.) e impugnazione del lodo,False,True,False,58,True,True,True,False,ok,
GUIDA_DICHIARAZIONE_GIUDIZIALE_DI_PATERNIT_MATERNIT_FUORI_MATRIMONIO_ART_269_C_120040,Dichiarazione giudiziale di paternità/maternità fuori matrimonio (art. 269 c.c.),False,True,False,54,True,True,True,False,ok,
GUIDA_DIFETTO_CONFORMITA_BENI_CONSUMO_140005,Difetto di conformità nella vendita di beni di consumo (artt. 128-135 Cod. Consumo),False,True,False,63,True,True,True,False,ok,
GUIDA_DIFFAMAZIONE_A_MEZZO_INTERNET_SOCIAL_MEDIA_E_STAMPA_ONLINE_RISARCIMENTO__160240,"Diffamazione a mezzo internet, social media e stampa online: risarcimento civile (art. 595 c.p. + art. 2043 c.c.)",False,True,False,64,True,True,True,False,ok,
GUIDA_DIMISSIONI_PER_GIUSTA_CAUSA_E_DIRITTI_DEL_LAVORATORE_ART_2119_C_C_MOBBIN_220095,Dimissioni per giusta causa e diritti del lavoratore (art. 2119 c.c.) + mobbing come causa delle dimissioni,False,True,False,55,True,True,True,False,ok,
GUIDA_DIRITTO_DI_SUPERFICIE_ACQUISTO_COSTITUZIONE_CONTROVERSIE_ED_ESTINZIONE_A_130125,"Diritto di superficie: acquisto, costituzione, controversie ed estinzione (artt. 952-956 c.c.)",False,True,False,39,True,True,True,False,ok,
GUIDA_DIRITTO_DI_USO_E_DIRITTO_DI_ABITAZIONE_CONTESTAZIONI_E_TUTELA_ARTT_1021__130150,Diritto di uso e diritto di abitazione: contestazioni e tutela (artt. 1021-1026 c.c.),False,True,False,39,True,True,True,False,ok,
GUIDA_DISCONOSCIMENTO_DI_PATERNIT_ARTT_235_244_C_C_E_RETTIFICAZIONE_DELLO_STAT_412005,Disconoscimento di paternità (artt. 235-244 c.c.) e rettificazione dello stato civile,False,True,False,63,True,True,True,False,ok,
GUIDA_DISCRIMINAZIONE_SUL_LAVORO_PER_ET_RELIGIONE_DISABILIT_ORIENTAMENTO_SESSU_220085,"Discriminazione sul lavoro per età, religione, disabilità, orientamento sessuale (D.Lgs. 216/2003 + D.Lgs. 215/2003)",False,True,False,48,True,True,True,False,ok,
GUIDA_DISTACCO_DEL_LAVORATORE_CONDIZIONI_DI_LEGITTIMIT_CONSENSO_E_CONTROVERSIE_220265,"Distacco del lavoratore: condizioni di legittimità, consenso e controversie (art. 30 D.Lgs. 276/2003)",False,True,False,64,True,True,True,False,ok,
GUIDA_DISTACCO_TRANSNAZIONALE_DI_LAVORATORI_DIRITTI_E_TUTELE_DEL_LAVORATORE_DI_220180,Distacco transnazionale di lavoratori: diritti e tutele del lavoratore distaccato in Italia (D.Lgs. 136/2016),False,True,False,54,True,True,True,False,ok,
GUIDA_DISTANZE_LEGALI_COSTRUZIONI_130011,Distanze legali tra costruzioni (artt. 873 e ss. c.c.),False,True,False,57,True,True,True,False,ok,
GUIDA_DISTANZE_LEGALI_TRA_COSTRUZIONI_E_VIOLAZIONE_DELLE_NORME_URBANISTICHE_AR_130025,Distanze legali tra costruzioni e violazione delle norme urbanistiche (art. 873 c.c.),False,True,False,40,True,True,True,False,ok,
GUIDA_DISTANZE_NELLE_COSTRUZIONI_TRA_FONDI_PRIVATI_ARTT_873_879_C_C_REGOLAMENT_130160,Distanze nelle costruzioni tra fondi privati (artt. 873-879 c.c. + regolamenti edilizi),False,True,False,61,True,True,True,False,ok,
GUIDA_DISTRIBUZIONE_E_PIANO_DI_RIPARTO_NELL_ESECUZIONE_IMMOBILIARE_ARTT_596_59_512030,Distribuzione e piano di riparto nell'esecuzione immobiliare (artt. 596-598 c.p.c.),False,True,False,55,True,True,True,False,ok,
GUIDA_DIVISIONE_COMUNIONE_ORDINARIA_130070,Divisione giudiziale di comunione ordinaria (artt. 1111-1116 c.c. + 784-791 c.p.c.),False,True,False,54,True,True,True,False,ok,
GUIDA_DIVISIONE_GIUDIZIALE_DELL_EREDIT_ARTT_713_768_C_C_E_SCIOGLIMENTO_COMUNIO_413005,Divisione giudiziale dell'eredità (artt. 713-768 c.c.) e scioglimento comunione ereditaria,False,True,False,43,True,True,True,False,ok,
GUIDA_DIVORZIO_CONGIUNTO_E_CESSAZIONE_DEGLI_EFFETTI_CIVILI_DEL_MATRIMONIO_ART__111050,Divorzio congiunto e cessazione degli effetti civili del matrimonio (art. 473-bis.49 c.p.c. + L. 898/1970),False,True,False,51,True,True,True,False,ok,
GUIDA_ENFITEUSI_AFFRANCAZIONE_CONVERSIONE_E_CONTROVERSIE_ARTT_959_972_C_C_130130,"Enfiteusi: affrancazione, conversione e controversie (artt. 959-972 c.c.)",False,True,False,42,True,True,True,False,ok,
GUIDA_EREDITA_GIACENTE_413021,Eredità giacente (art. 528 c.c.) - nomina curatore e amministrazione,False,True,False,51,True,True,True,False,ok,
GUIDA_ESCLUSIONE_SOCIO_SOCIETA_PERSONE_150010,Esclusione del socio di società di persone (art. 2286 c.c.),False,True,False,62,True,True,True,False,ok,
GUIDA_ESDEBITAZIONE_DEL_DEBITORE_PERSONA_FISICA_POST_LIQUIDAZIONE_CONTROLLATA__512070,Esdebitazione del debitore persona fisica post liquidazione controllata (artt. 278-283 D.Lgs. 14/2019 CCII),False,True,False,50,True,True,True,False,ok,
GUIDA_ESECUZIONE_OBBLIGHI_FARE_NON_FARE_511020,Esecuzione di obblighi di fare e di non fare (artt. 612-614 c.p.c.),False,True,False,50,True,True,True,False,ok,
GUIDA_ESIBIZIONE_DI_DOCUMENTI_IN_GIUDIZIO_E_ORDINE_DI_ESIBIZIONE_ART_210_C_P_C_190035,Esibizione di documenti in giudizio e ordine di esibizione (art. 210 c.p.c.),False,True,False,60,True,True,True,False,ok,
GUIDA_ESPROPRIAZIONE_FORZATA_PRESSO_TERZI_CONTROVERSIE_ARTT_548_554_C_P_C_512010,Espropriazione forzata presso terzi - controversie (artt. 548-554 c.p.c.),False,True,False,43,True,True,True,False,ok,
GUIDA_ESPROPRIAZIONE_MOBILIARE_PRESSO_IL_DEBITORE_PIGNORAMENTO_E_VENDITA_ARTT__510005,Espropriazione mobiliare presso il debitore – pignoramento e vendita (artt. 513-542 c.p.c.),False,True,False,39,True,True,True,False,ok,
GUIDA_ESPROPRIAZIONE_PER_PUBBLICA_UTILIT_INDENNIT_ESPROPRIATIVA_E_OPPOSIZIONE__130135,Espropriazione per pubblica utilità: indennità espropriativa e opposizione (DPR 327/2001),False,True,False,43,True,True,True,False,ok,
GUIDA_ESPROPRIAZIONE_PRESSO_TERZI_DICHIARAZIONE_DEL_TERZO_E_CONTESTAZIONI_ARTT_510010,Espropriazione presso terzi: dichiarazione del terzo e contestazioni (artt. 547-549 c.p.c.),False,True,False,42,True,True,True,False,ok,
GUIDA_ESPULSIONE_ESCLUSIONE_DEL_SOCIO_DA_S_R_L_PER_GIUSTA_CAUSA_ART_2473_BIS_C_150020,Espulsione/esclusione del socio da S.r.l. per giusta causa (art. 2473-bis c.c.),False,True,False,61,True,True,True,False,ok,
GUIDA_EXEQUATUR_DI_LODO_ARBITRALE_STRANIERO_E_RICONOSCIMENTO_IN_ITALIA_ARTT_83_199020,Exequatur di lodo arbitrale straniero e riconoscimento in Italia (artt. 839-840 c.p.c. + Conv. New York 1958),False,True,False,68,True,True,True,False,ok,
GUIDA_FERIE_NON_GODUTE_DIRITTO_ALLA_MONETIZZAZIONE_PRESCRIZIONE_E_RILIQUIDAZIO_220185,"Ferie non godute: diritto alla monetizzazione, prescrizione e riliquidazione (art. 2109 c.c. + D.Lgs. 66/2003)",False,True,False,45,True,True,True,False,ok,
GUIDA_FIDEIUSSIONE_ESCUSSIONE_REGRESSO_E_NULLIT_DELLA_FIDEIUSSIONE_OMNIBUS_ART_140080,"Fideiussione: escussione, regresso e nullità della fideiussione omnibus (artt. 1936-1957 c.c.)",False,True,False,44,True,True,True,False,ok,
GUIDA_FONDO_PATRIMONIALE_REVOCATORIA_112001,"Fondo patrimoniale: costituzione, opponibilità ai creditori e azione revocatoria (artt. 167-171 c.c.)",False,True,False,56,True,True,True,False,ok,
GUIDA_FORZA_MAGGIORE_E_IMPOSSIBILIT_SOPRAVVENUTA_SCIOGLIMENTO_DEL_CONTRATTO_E__160230,Forza maggiore e impossibilità sopravvenuta: scioglimento del contratto e responsabilità (artt. 1256-1258 c.c.),False,True,False,64,True,True,True,False,ok,
GUIDA_FUSIONE_DI_SOCIET_OPPOSIZIONE_DEI_CREDITORI_E_TUTELA_ARTT_2503_2503_BIS__150085,Fusione di società: opposizione dei creditori e tutela (artt. 2503-2503-bis c.c.),False,True,False,45,True,True,True,False,ok,
GUIDA_FUSIONE_E_SCISSIONE_SOCIETARIA_IMPUGNAZIONE_DELIBERA_E_RESPONSABILIT_ART_150040,Fusione e scissione societaria: impugnazione delibera e responsabilità (artt. 2501-2505 c.c.),False,True,False,52,True,True,True,False,ok,
GUIDA_GARANZIA_VIZI_COSA_VENDUTA_140011,Garanzia per i vizi della cosa venduta (artt. 1490-1495 c.c.),False,True,False,53,True,True,True,False,ok,
GUIDA_IMMISSIONI_INTOLLERABILI_130012,Immissioni intollerabili (art. 844 c.c.),False,True,False,51,True,True,True,False,ok,
GUIDA_IMPOSTA_DI_REGISTRO_RIQUALIFICAZIONE_DI_CONTRATTI_E_AVVISO_DI_LIQUIDAZIO_512110,Imposta di registro: riqualificazione di contratti e avviso di liquidazione (DPR 131/1986),False,True,False,64,True,True,True,False,ok,
GUIDA_IMPOSTA_DI_SUCCESSIONE_E_DONAZIONE_ACCERTAMENTO_LIQUIDAZIONE_E_CONTESTAZ_512080,"Imposta di successione e donazione: accertamento, liquidazione e contestazione (D.Lgs. 346/1990)",False,True,False,64,True,True,True,False,ok,
GUIDA_IMPRENDITORE_INDIVIDUALE_RESPONSABILIT_PATRIMONIALE_ILLIMITATA_E_STRUMEN_156010,Imprenditore individuale: responsabilità patrimoniale illimitata e strumenti di tutela (artt. 2740-2742 c.c.),False,True,False,65,True,True,True,False,ok,
GUIDA_IMPUGNAZIONE_DELIBERA_ASSEMBLEARE_DI_S_P_A_NULLIT_E_ANNULLABILIT_ARTT_23_150060,Impugnazione delibera assembleare di S.p.A. – nullità e annullabilità (artt. 2377-2379 c.c.),False,True,False,49,True,True,True,False,ok,
GUIDA_IMPUGNAZIONE_DELIBERE_ASSEMBLEARI_155001,Impugnazione di delibere assembleari di S.r.l. o S.p.a. (artt. 2377-2379 c.c.),False,True,False,61,True,True,True,False,ok,
GUIDA_IMPUGNAZIONE_DELLA_SANZIONE_ACCESSORIA_SOSPENSIONE_PATENTE_CONFISCA_ECC__240020,"Impugnazione della sanzione accessoria (sospensione patente, confisca, ecc.) – art. 204-bis C.d.S.",False,True,False,50,True,True,True,False,ok,
GUIDA_IMPUGNAZIONE_DELL_AGGIUDICAZIONE_IN_APPALTO_PUBBLICO_D_LGS_36_2023_ARTT__240040,Impugnazione dell'aggiudicazione in appalto pubblico (D.Lgs. 36/2023 + artt. 119-125 CPA),False,True,False,64,True,True,True,False,ok,
GUIDA_IMPUGNAZIONE_DEL_RICONOSCIMENTO_DI_PATERNIT_DA_PARTE_DI_TERZI_INTERESSAT_412010,Impugnazione del riconoscimento di paternità da parte di terzi interessati (art. 263 c.c.),False,True,False,66,True,True,True,False,ok,
GUIDA_IMPUGNAZIONE_DEL_SILENZIO_INADEMPIMENTO_DELLA_P_A_ART_31_D_LGS_104_2010__240025,Impugnazione del silenzio-inadempimento della P.A. (art. 31 D.Lgs. 104/2010 CPA),False,True,False,42,True,True,True,False,ok,
GUIDA_IMPUGNAZIONE_TESTAMENTO_120020,"Impugnazione del testamento (nullità, annullabilità)",False,True,False,55,True,True,True,False,ok,
GUIDA_IMU_CONTESTAZIONE_AVVISO_DI_ACCERTAMENTO_COMUNALE_D_LGS_23_2011_L_160_20_512085,IMU: contestazione avviso di accertamento comunale (D.Lgs. 23/2011 + L. 160/2019),False,True,False,64,True,True,True,False,ok,
GUIDA_IMU_E_TRIBUTI_LOCALI_RIMBORSO_PER_PAGAMENTI_IN_ECCESSO_O_INDEBITO_L_160__512095,IMU e tributi locali: rimborso per pagamenti in eccesso o indebito (L. 160/2019 art. 1 c. 779),False,True,False,64,True,True,True,False,ok,
GUIDA_INDENNIZZO_PER_DANNI_DA_VACCINAZIONE_OBBLIGATORIA_O_RACCOMANDATA_L_210_1_160110,Indennizzo per danni da vaccinazione obbligatoria o raccomandata (L. 210/1992),False,True,False,58,True,True,True,False,ok,
GUIDA_INFORTUNIO_SUL_LAVORO_E_MALATTIA_PROFESSIONALE_AZIONE_CIVILE_DEL_LAVORAT_220090,Infortunio sul lavoro e malattia professionale – azione civile del lavoratore verso il datore (art. 2087 c.c.),False,True,False,51,True,True,True,False,ok,
GUIDA_INFORTUNI_SUL_LAVORO_AZIONE_CIVILE_DEL_LAVORATORE_E_RIVALSA_INAIL_VERSO__220250,Infortuni sul lavoro: azione civile del lavoratore e rivalsa INAIL verso il datore (artt. 10-11 T.U. 1124/1965),False,True,False,66,True,True,True,False,ok,
GUIDA_INIBITORIA_PER_PRATICHE_COMMERCIALI_SCORRETTE_D_LGS_206_2005_ARTT_18_27__180010,Inibitoria per pratiche commerciali scorrette (D.Lgs. 206/2005 artt. 18-27-ter),False,True,False,60,True,True,True,False,ok,
GUIDA_INVENZIONI_DEL_DIPENDENTE_E_DIRITTO_AL_BREVETTO_ARTT_64_65_D_LGS_30_2005_220155,Invenzioni del dipendente e diritto al brevetto (artt. 64-65 D.Lgs. 30/2005 Cod. PI),False,True,False,55,True,True,True,False,ok,
GUIDA_IRPEF_ACCERTAMENTO_SINTETICO_E_REDDITOMETRO_CONTESTAZIONE_ART_38_DPR_600_512100,IRPEF: accertamento sintetico e redditometro – contestazione (art. 38 DPR 600/1973),False,True,False,64,True,True,True,False,ok,
GUIDA_ISTANZA_URGENTE_DI_PROTEZIONE_PROVVISORIA_NEL_PROCEDIMENTO_DI_AMMINISTRA_413115,Istanza urgente di protezione provvisoria nel procedimento di Amministrazione di Sostegno (art. 405 c.c.),False,True,False,57,True,True,True,False,ok,
GUIDA_ISTRUZIONE_PREVENTIVA_PRODUZIONE_ANTICIPATA_DI_PROVE_E_INTERROGATORIO_FO_190030,Istruzione preventiva: produzione anticipata di prove e interrogatorio formale (artt. 692-699 c.p.c.),False,True,False,49,True,True,True,False,ok,
GUIDA_IVA_ACCERTAMENTO_INDUTTIVO_DA_ISA_STUDI_DI_SETTORE_CONTESTAZIONE_DPR_633_512105,IVA: accertamento induttivo da ISA/studi di settore – contestazione (DPR 633/1972 + art. 39 DPR 600/1973),False,True,False,64,True,True,True,False,ok,
GUIDA_IVIE_E_IVAFE_IMPOSTA_SU_IMMOBILI_E_ATTIVIT_FINANZIARIE_ALL_ESTERO_ACCERT_512135,IVIE e IVAFE: imposta su immobili e attività finanziarie all'estero – accertamento e contestazione (D.L. 201/2011),False,True,False,67,True,True,True,False,ok,
GUIDA_LAVORO_A_CHIAMATA_INTERMITTENTE_DIRITTI_DEL_LAVORATORE_E_INDENNIT_DI_DIS_220195,Lavoro a chiamata (intermittente): diritti del lavoratore e indennità di disponibilità (D.Lgs. 81/2015 artt. 13-18),False,True,False,46,True,True,True,False,ok,
GUIDA_LAVORO_A_TERMINE_ILLEGITTIMO_CONVERSIONE_A_TEMPO_INDETERMINATO_D_LGS_81__220080,Lavoro a termine illegittimo - conversione a tempo indeterminato (D.Lgs. 81/2015 artt. 19-29),False,True,False,50,True,True,True,False,ok,
GUIDA_LEASING_IMMOBILIARE_ABITATIVO_INADEMPIMENTO_RISOLUZIONE_E_TUTELE_L_124_2_143090,"Leasing immobiliare abitativo: inadempimento, risoluzione e tutele (L. 124/2017 art. 1 c. 76-84)",False,True,False,68,True,True,True,False,ok,
GUIDA_LEGATO_TESTAMENTARIO_AZIONE_PER_L_ADEMPIMENTO_CONTESTAZIONE_E_RINUNCIA_A_121015,"Legato testamentario: azione per l'adempimento, contestazione e rinuncia (artt. 649-673 c.c.)",False,True,False,40,True,True,True,False,ok,
GUIDA_LEGGE_PINTO_INDENNIZZO_PER_IRRAGIONEVOLE_DURATA_DEL_PROCESSO_L_89_2001_240065,Legge Pinto: indennizzo per irragionevole durata del processo (L. 89/2001),False,True,False,67,True,True,True,False,ok,
GUIDA_LICENZIAMENTO_DISCIPLINARE_220003,Impugnazione del licenziamento disciplinare,False,True,False,65,True,True,True,False,ok,
GUIDA_LICENZIAMENTO_GMO_220005,Licenziamento per giustificato motivo oggettivo (GMO economico/organizzativo),False,True,False,52,True,True,True,False,ok,
GUIDA_LIQUIDAZIONE_DELLA_S_R_L_OBBLIGHI_DEI_LIQUIDATORI_RESPONSABILIT_E_CONTRO_155020,"Liquidazione della S.r.l.: obblighi dei liquidatori, responsabilità e controversie (artt. 2484-2496 c.c.)",False,True,False,45,True,True,True,False,ok,
GUIDA_LIQUIDAZIONE_GIUDIZIALE_DEL_COMPENSO_DEL_PROFESSIONISTA_ART_14_D_LGS_150_413090,Liquidazione giudiziale del compenso del professionista (art. 14 D.Lgs. 150/2011),False,True,False,42,True,True,True,False,ok,
GUIDA_LOCAZIONE_ABITATIVA_4_4_SFRATTO_PER_MOROSIT_E_INTIMAZIONE_DI_LICENZA_L_4_145015,Locazione abitativa 4+4: sfratto per morosità e intimazione di licenza (L. 431/1998 art. 2),False,True,False,66,True,True,True,False,ok,
GUIDA_LOCAZIONE_ABITATIVA_A_USO_TRANSITORIO_E_PER_STUDENTI_UNIVERSITARI_L_431__140070,Locazione abitativa a uso transitorio e per studenti universitari (L. 431/1998 artt. 5-6),False,True,False,51,True,True,True,False,ok,
GUIDA_LOCAZIONE_COMMERCIALE_DISDETTA_PER_SCADENZA_RINNOVO_E_INDENNIT_DI_AVVIAM_145020,"Locazione commerciale: disdetta per scadenza, rinnovo e indennità di avviamento (L. 392/1978 artt. 28-36)",False,True,False,66,True,True,True,False,ok,
GUIDA_LOCAZIONE_COMMERCIALE_SFRATTO_PER_MOROSIT_DINIEGO_DI_RINNOVO_E_INDENNIT__145010,"Locazione commerciale – sfratto per morosità, diniego di rinnovo e indennità di avviamento (L. 392/1978)",False,True,False,41,True,True,True,False,ok,
GUIDA_LOCAZIONE_DI_IMMOBILE_AD_USO_PROFESSIONALE_STUDI_MEDICI_LEGALI_NOTARILI__145025,"Locazione di immobile ad uso professionale (studi medici, legali, notarili): durata e tutele (L. 392/1978 artt. 42-46)",False,True,False,66,True,True,True,False,ok,
GUIDA_LOCAZIONE_PER_FINALIT_TURISTICHE_E_AFFITTI_BREVI_L_431_1998_ART_4_D_L_50_140075,Locazione per finalità turistiche e affitti brevi (L. 431/1998 art. 4 + D.L. 50/2017),False,True,False,43,True,True,True,False,ok,
GUIDA_LUCI_E_VEDUTE_TRA_FONDI_CONTIGUI_APERTURA_DISTANZE_E_TUTELA_ARTT_900_907_130055,"Luci e vedute tra fondi contigui – apertura, distanze e tutela (artt. 900-907 c.c.)",False,True,False,43,True,True,True,False,ok,
GUIDA_MALATTIA_PROFESSIONALE_DA_ESPOSIZIONE_AD_AMIANTO_RESPONSABILIT_DEL_DATOR_160210,Malattia professionale da esposizione ad amianto: responsabilità del datore (art. 2087 c.c. + D.Lgs. 81/2008),False,True,False,64,True,True,True,False,ok,
GUIDA_MANTENIMENTO_DEI_FIGLI_MAGGIORENNI_NON_AUTOSUFFICIENTI_ART_337_SEPTIES_C_111085,Mantenimento dei figli maggiorenni non autosufficienti (art. 337-septies c.c.),False,True,False,61,True,True,True,False,ok,
GUIDA_MEDIAZIONE_IMMOBILIARE_DIRITTO_ALLA_PROVVIGIONE_DEL_MEDIATORE_ARTT_1754__141025,Mediazione immobiliare: diritto alla provvigione del mediatore (artt. 1754-1765 c.c.),False,True,False,55,True,True,True,False,ok,
GUIDA_MINORE_STRANIERO_NON_ACCOMPAGNATO_NOMINA_TUTORE_E_PROTEZIONE_L_47_2017_D_120075,Minore straniero non accompagnato: nomina tutore e protezione (L. 47/2017 + D.Lgs. 142/2015),False,True,False,74,True,True,True,False,ok,
GUIDA_MOBBING_AZIONE_RISARCITORIA_DEL_LAVORATORE_VITTIMA_DI_CONDOTTE_PERSECUTO_220210,Mobbing: azione risarcitoria del lavoratore vittima di condotte persecutorie (art. 2087 c.c.),False,True,False,63,True,True,True,False,ok,
GUIDA_MOBBING_STRAINING_DANNO_LAVORATORE_220050,Mobbing e straining - danni al lavoratore da condotte vessatorie,False,True,False,66,True,True,True,False,ok,
GUIDA_MODIFICA_DELLE_CONDIZIONI_DI_DIVORZIO_PER_SOPRAVVENIENZE_ART_9_L_898_197_111070,Modifica delle condizioni di divorzio per sopravvenienze (art. 9 L. 898/1970),False,True,False,42,True,True,True,False,ok,
GUIDA_MODIFICA_DELLE_CONDIZIONI_DI_SEPARAZIONE_O_DIVORZIO_PER_SOPRAVVENIENZE_A_111030,Modifica delle condizioni di separazione o divorzio per sopravvenienze (art. 337-quinquies c.c.),False,True,False,43,True,True,True,False,ok,
GUIDA_MUTUO_FONDIARIO_E_IPOTECARIO_CONTROVERSIE_USURA_E_RISOLUZIONE_ARTT_1813__143060,"Mutuo fondiario e ipotecario: controversie, usura e risoluzione (artt. 1813-1822 c.c. + TUB artt. 38-42)",False,True,False,53,True,True,True,False,ok,
GUIDA_MUTUO_TRA_PRIVATI_RESTITUZIONE_INTERESSI_E_INTERESSI_USURARI_ARTT_1813_1_143070,"Mutuo tra privati: restituzione, interessi e interessi usurari (artt. 1813-1822 c.c.)",False,True,False,42,True,True,True,False,ok,
GUIDA_NOMINA_DEL_CURATORE_SPECIALE_DEL_MINORE_IN_CONFLITTO_DI_INTERESSI_CON_I__411604,Nomina del curatore speciale del minore in conflitto di interessi con i genitori (art. 78 c.p.c. + art. 321 c.c.),False,True,False,41,True,True,True,False,ok,
GUIDA_NOMINA_DEL_TUTORE_DEL_MINORE_PRIVO_DI_GENITORI_O_IN_CONFLITTO_DI_INTERES_410010,Nomina del tutore del minore privo di genitori o in conflitto di interessi (artt. 343-395 c.c.),False,True,False,41,True,True,True,False,ok,
GUIDA_NULLITA_CLAUSOLE_BANCARIE_ANATOCISMO_USURA_142005,Nullità clausole bancarie / anatocismo / usura / azione restitutoria,False,True,False,58,True,True,True,False,ok,
GUIDA_NULLIT_DI_CLAUSOLE_ABUSIVE_NEI_CONTRATTI_DEL_CONSUMATORE_ARTT_33_38_COD__140040,Nullità di clausole abusive nei contratti del consumatore (artt. 33-38 Cod. Consumo),False,True,False,44,True,True,True,False,ok,
GUIDA_ONORARI_PROFESSIONALI_L794,Procedimento sommario per onorari professionali ex L. 794/1942 (art. 14 D.Lgs. 150/2011),False,True,False,49,True,True,True,False,ok,
GUIDA_OPPOSIZIONE_ALL_ISCRIZIONE_IPOTECARIA_E_CANCELLAZIONE_IPOTECA_ARTT_2808__199010,Opposizione all'iscrizione ipotecaria e cancellazione ipoteca (artt. 2808-2887 c.c. + art. 617 c.p.c.),False,True,False,65,True,True,True,False,ok,
GUIDA_OPPOSIZIONE_AL_PROCEDIMENTO_ESPROPRIATIVO_PER_PUBBLICA_UTILIT_D_P_R_327__512040,Opposizione al procedimento espropriativo per pubblica utilità (D.P.R. 327/2001 - Testo Unico Espropri),False,True,False,56,True,True,True,False,ok,
GUIDA_OPPOSIZIONE_A_CARTELLA_DI_PAGAMENTO_INTIMAZIONE_DI_PAGAMENTO_AGENZIA_ENT_512005,Opposizione a cartella di pagamento / intimazione di pagamento Agenzia Entrate Riscossione,False,True,False,55,True,True,True,False,ok,
GUIDA_OPPOSIZIONE_A_ORDINANZA_INGIUNZIONE_PER_SANZIONE_AMMINISTRATIVA_ARTT_22__240010,Opposizione a ordinanza-ingiunzione per sanzione amministrativa (artt. 22-23 L. 689/1981),False,True,False,39,True,True,True,False,ok,
GUIDA_OPPOSIZIONE_CARTELLA_ESATTORIALE_191001,Opposizione alla cartella di pagamento esattoriale,False,True,False,58,True,True,True,False,ok,
GUIDA_OPPOSIZIONE_PRECETTO_199001,Opposizione a precetto (art. 615 c. 1 c.p.c.),False,True,False,61,True,True,True,False,ok,
GUIDA_OPPOSIZIONE_SANZIONE_AMMINISTRATIVA_240001,Opposizione a sanzione amministrativa (L. 689/1981),False,True,False,59,True,True,True,False,ok,
GUIDA_OPPOSIZIONE_TARDIVA_A_DECRETO_INGIUNTIVO_PER_CASO_FORTUITO_O_FORZA_MAGGI_199015,Opposizione tardiva a decreto ingiuntivo per caso fortuito o forza maggiore (art. 650 c.p.c.),False,True,False,64,True,True,True,False,ok,
GUIDA_ORARIO_DI_LAVORO_STRAORDINARIO_NON_PAGATO_TURNI_E_VIOLAZIONI_D_LGS_66_20_220190,"Orario di lavoro: straordinario non pagato, turni e violazioni (D.Lgs. 66/2003)",False,True,False,45,True,True,True,False,ok,
GUIDA_ORARIO_DI_LAVORO_STRAORDINARI_NON_RETRIBUITI_FERIE_E_RIPOSI_NON_GODUTI_220025,"Orario di lavoro, straordinari non retribuiti, ferie e riposi non goduti",False,True,False,44,True,True,True,False,ok,
GUIDA_ORGANO_DI_CONTROLLO_DELLA_S_R_L_NOMINA_REVOCA_E_RESPONSABILIT_ARTT_2477__155025,"Organo di controllo della S.r.l.: nomina, revoca e responsabilità (artt. 2477-2478-bis c.c.)",False,True,False,61,True,True,True,False,ok,
GUIDA_PATTI_PARASOCIALI_E_SINDACATI_DI_VOTO_NELLE_S_P_A_ARTT_2341_BIS_E_2341_T_154025,Patti parasociali e sindacati di voto nelle S.p.A. (artt. 2341-bis e 2341-ter c.c.),False,True,False,66,True,True,True,False,ok,
GUIDA_PATTO_DI_NON_CONCORRENZA_POST_RAPPORTO_DI_LAVORO_VALIDIT_CORRISPETTIVO_E_220235,"Patto di non concorrenza post-rapporto di lavoro: validità, corrispettivo e violazione (art. 2125 c.c.)",False,True,False,64,True,True,True,False,ok,
GUIDA_PENSIONE_ANTICIPATA_CONTROVERSIE_CON_INPS_SU_REQUISITI_FINESTRE_E_BLOCCO_220260,"Pensione anticipata: controversie con INPS su requisiti, finestre e blocco pensionistico (L. 335/1995 + L. 214/2011)",False,True,False,68,True,True,True,False,ok,
GUIDA_PENSIONE_DI_INVALIDIT_CIVILE_E_ASSEGNO_DI_INVALIDIT_INPS_RICORSO_AVVERSO_220230,Pensione di invalidità civile e assegno di invalidità INPS: ricorso avverso il diniego (D.Lgs. 509/1988),False,True,False,64,True,True,True,False,ok,
GUIDA_PERDITA_DI_CHANCE_AZIONE_RISARCITORIA_PER_MANCATA_OPPORTUNIT_TEORIA_GENE_160035,Perdita di chance – azione risarcitoria per mancata opportunità (teoria generale),False,True,False,45,True,True,True,False,ok,
GUIDA_PERMESSO_DI_COSTRUIRE_IMPUGNAZIONE_AL_TAR_E_SCIA_EDILIZIA_DPR_380_2001_A_240035,Permesso di costruire: impugnazione al TAR e SCIA edilizia (DPR 380/2001 + artt. 29-34 CPA),False,True,False,64,True,True,True,False,ok,
GUIDA_PETIZIONE_DI_EREDIT_ART_533_C_C_AZIONE_DELL_EREDE_PER_LA_RESTITUZIONE_DE_130005,Petizione di eredità (art. 533 c.c.) – azione dell'erede per la restituzione dei beni ereditari,False,True,False,40,True,True,True,False,ok,
GUIDA_PETIZIONE_RECLAMO_STATO_FAMILIARE_123001,Petizione di stato / reclamo di stato familiare (artt. 239-249 c.c.),False,True,False,70,True,True,True,False,ok,
GUIDA_PIANO_ATTESTATO_DI_RISANAMENTO_ART_56_D_LGS_14_2019_CCII_TUTELE_E_BENEFI_152025,Piano attestato di risanamento (art. 56 D.Lgs. 14/2019 CCII) – tutele e benefici,False,True,False,66,True,True,True,False,ok,
GUIDA_PIANO_DEL_CONSUMATORE_ACCORDO_DI_COMPOSIZIONE_DELLA_CRISI_DA_SOVRAINDEBI_620010,Piano del consumatore / accordo di composizione della crisi da sovraindebitamento (D.Lgs. 14/2019 CCII),False,True,False,41,True,True,True,False,ok,
GUIDA_PIGNORAMENTO_DI_QUOTA_DI_S_R_L_E_VENDITA_FORZATA_ART_2471_C_C_511030,Pignoramento di quota di S.r.l. e vendita forzata (art. 2471 c.c.),False,True,False,43,True,True,True,False,ok,
GUIDA_PLUSVALENZE_IMMOBILIARI_IRPEF_SULLA_CESSIONE_ENTRO_5_ANNI_DALL_ACQUISTO__512120,Plusvalenze immobiliari: IRPEF sulla cessione entro 5 anni dall'acquisto (art. 67 c. 1 lett. b TUIR),False,True,False,64,True,True,True,False,ok,
GUIDA_PRATICHE_COMMERCIALI_SCORRETTE_AZIONE_INDIVIDUALE_DEL_CONSUMATORE_E_SEGN_180045,Pratiche commerciali scorrette: azione individuale del consumatore e segnalazione AGCM (artt. 18-27-quinquies Cod. Consumo),False,True,False,68,True,True,True,False,ok,
GUIDA_PRELAZIONE_DEL_CONDUTTORE_NELLA_VENDITA_DELL_IMMOBILE_LOCATO_A_USO_NON_A_130155,Prelazione del conduttore nella vendita dell'immobile locato a uso non abitativo (L. 392/1978 art. 38),False,True,False,63,True,True,True,False,ok,
GUIDA_PRELIMINARE_COMPRAVENDITA_2932_140002,Risoluzione del contratto preliminare di compravendita immobiliare + esecuzione specifica ex art. 2932 c.c.,False,True,False,50,True,True,True,False,ok,
GUIDA_PROCEDIMENTO_DI_ADOTTABILIT_E_STATO_DI_ABBANDONO_DEL_MINORE_L_184_1983_A_414010,Procedimento di adottabilità e stato di abbandono del minore (L. 184/1983 artt. 8-21),False,True,False,58,True,True,True,False,ok,
GUIDA_PROVVEDIMENTO_D_URGENZA_ATIPICO_INIBITORIA_CAUTELARE_ART_700_C_P_C_190015,Provvedimento d'urgenza atipico – inibitoria cautelare (art. 700 c.p.c.),False,True,False,58,True,True,True,False,ok,
GUIDA_RC_AUTO_RISARCIMENTO_DIRETTO_E_AZIONE_DIRETTA_VERSO_LA_COMPAGNIA_ARTT_14_143115,RC auto: risarcimento diretto e azione diretta verso la compagnia (artt. 148-150 D.Lgs. 209/2005),False,True,False,67,True,True,True,False,ok,
GUIDA_RC_DA_CIRCOLAZIONE_VEICOLI_SCONTRO_TRA_VEICOLI_ART_2054_C_C_REGIME_ORDIN_160001,RC da circolazione veicoli – scontro tra veicoli (art. 2054 c.c.) – regime ordinario,False,True,False,44,True,True,True,False,ok,
GUIDA_RECESSO_DEL_SOCIO_DALLA_S_P_A_E_LIQUIDAZIONE_DELL_AZIONE_ARTT_2437_2437__150080,Recesso del socio dalla S.p.A. e liquidazione dell'azione (artt. 2437-2437-sexies c.c.),False,True,False,48,True,True,True,False,ok,
GUIDA_RECESSO_SOCIO_SRL_150003,Recesso del socio di S.r.l. e liquidazione della quota (artt. 2473 c.c.),False,True,False,54,True,True,True,False,ok,
GUIDA_REGIME_DELLE_ACQUE_NEI_RAPPORTI_DI_VICINATO_SCOLO_GRONDA_ACQUE_PIOVANE_A_130080,"Regime delle acque nei rapporti di vicinato - scolo, gronda, acque piovane (artt. 913-921 c.c.)",False,True,False,49,True,True,True,False,ok,
GUIDA_REGOLAMENTO_CONFINI_130032,Azione di regolamento dei confini (art. 950 c.c.),False,True,False,52,True,True,True,False,ok,
GUIDA_REGOLAMENTO_DEI_CONFINI_E_APPOSIZIONE_DEI_TERMINI_ARTT_950_951_C_C_130180,Regolamento dei confini e apposizione dei termini (artt. 950-951 c.c.),False,True,False,64,True,True,True,False,ok,
GUIDA_REGOLAMENTO_DI_CONFINI_TRA_FONDI_CONTIGUI_ART_950_C_C_130060,Regolamento di confini tra fondi contigui (art. 950 c.c.),False,True,False,48,True,True,True,False,ok,
GUIDA_RESCISSIONE_DEL_CONTRATTO_PER_LESIONE_ULTRA_DIMIDIUM_ART_1448_C_C_140025,Rescissione del contratto per lesione ultra dimidium (art. 1448 c.c.),False,True,False,47,True,True,True,False,ok,
GUIDA_RESPONSABILITA_COSE_CUSTODIA_160021,Responsabilità da cose in custodia (art. 2051 c.c.),False,True,False,57,True,True,True,False,ok,
GUIDA_RESPONSABILITA_MEDICO_SANITARIA_160040,Responsabilità medico-sanitaria (L. 24/2017 Gelli-Bianco),False,True,False,63,True,True,True,False,ok,
GUIDA_RESPONSABILITA_NOTAIO_COMMERCIALISTA_143003,Responsabilità professionale del notaio o del commercialista,False,True,False,54,True,True,True,False,ok,
GUIDA_RESPONSABILIT_AMBIENTALE_E_DANNO_ALL_AMBIENTE_D_LGS_152_2006_TUA_L_349_1_160180,Responsabilità ambientale e danno all'ambiente (D.Lgs. 152/2006 TUA + L. 349/1986),False,True,False,41,True,True,True,False,ok,
GUIDA_RESPONSABILIT_CIVILE_PER_DANNI_DA_SPORT_INVERNALI_L_363_2003_E_ATTIVIT_S_160245,Responsabilità civile per danni da sport invernali (L. 363/2003) e attività sportive rischiose,False,True,False,65,True,True,True,False,ok,
GUIDA_RESPONSABILIT_DA_CIRCOLAZIONE_STRADALE_SINISTRO_CON_VEICOLO_NON_ASSICURA_160030,Responsabilità da circolazione stradale - sinistro con veicolo non assicurato/non identificato (Fondo di Garanzia Vittime della Strada),False,True,False,64,True,True,True,False,ok,
GUIDA_RESPONSABILIT_DA_COSE_IN_CUSTODIA_PRIVATA_CADUTE_SU_AREE_PRIVATE_APERTE__160025,Responsabilità da cose in custodia privata – cadute su aree private aperte al pubblico (art. 2051 c.c.),False,True,False,46,True,True,True,False,ok,
GUIDA_RESPONSABILIT_DA_ILLECITO_ANTITRUST_E_ABUSO_DI_POSIZIONE_DOMINANTE_ARTT__160100,Responsabilità da illecito antitrust e abuso di posizione dominante (artt. 101-102 TFUE + L. 287/1990),False,True,False,51,True,True,True,False,ok,
GUIDA_RESPONSABILIT_DA_INFILTRAZIONI_DI_ACQUA_TRA_IMMOBILI_E_DANNI_CONDOMINIAL_160005,Responsabilità da infiltrazioni di acqua tra immobili e danni condominiali (art. 2051 c.c.),False,True,False,40,True,True,True,False,ok,
GUIDA_RESPONSABILIT_DA_PRODOTTO_DIFETTOSO_D_LGS_206_2005_ARTT_114_127_COD_CONS_160050,Responsabilità da prodotto difettoso (D.Lgs. 206/2005 artt. 114-127 Cod. Consumo),False,True,False,51,True,True,True,False,ok,
GUIDA_RESPONSABILIT_DA_PRODOTTO_DIFETTOSO_D_LGS_206_2005_ARTT_114_127_D_P_R_22_160003,Responsabilità da prodotto difettoso (D.Lgs. 206/2005 artt. 114-127 + D.P.R. 224/1988),False,True,False,43,True,True,True,False,ok,
GUIDA_RESPONSABILIT_DEGLI_AMMINISTRATORI_DI_S_R_L_VERSO_LA_SOCIET_E_I_CREDITOR_154010,Responsabilità degli amministratori di S.r.l. verso la società e i creditori (artt. 2476-2476-bis c.c.),False,True,False,54,True,True,True,False,ok,
GUIDA_RESPONSABILIT_DEGLI_AMMINISTRATORI_VERSO_I_CREDITORI_SOCIALI_ARTT_2394_2_150095,Responsabilità degli amministratori verso i creditori sociali (artt. 2394-2395 c.c.),False,True,False,61,True,True,True,False,ok,
GUIDA_RESPONSABILIT_DELLA_BANCA_PER_OPERAZIONI_NON_AUTORIZZATE_FRODI_INFORMATI_160175,"Responsabilità della banca per operazioni non autorizzate, frodi informatiche e phishing (D.Lgs. 11/2010)",False,True,False,54,True,True,True,False,ok,
GUIDA_RESPONSABILIT_DELLA_PUBBLICA_AMMINISTRAZIONE_PER_FATTO_ILLECITO_ART_2043_160060,Responsabilità della Pubblica Amministrazione per fatto illecito (art. 2043 c.c. + D.Lgs. 104/2010),False,True,False,49,True,True,True,False,ok,
GUIDA_RESPONSABILIT_DELLA_SOCIET_CAPOGRUPPO_PER_DIREZIONE_E_COORDINAMENTO_ABUS_150100,Responsabilità della società capogruppo per direzione e coordinamento abusivi (artt. 2497-2497-ter c.c.),False,True,False,63,True,True,True,False,ok,
GUIDA_RESPONSABILIT_DELL_ORGANIZZATORE_DI_EVENTI_E_DELLA_PA_PER_DANNI_AI_PARTE_160270,Responsabilità dell'organizzatore di eventi e della PA per danni ai partecipanti (artt. 2050-2051 c.c.),False,True,False,66,True,True,True,False,ok,
GUIDA_RESPONSABILIT_DELL_ORGANIZZATORE_DI_VIAGGI_E_PACCHETTI_TURISTICI_D_LGS_6_160215,Responsabilità dell'organizzatore di viaggi e pacchetti turistici (D.Lgs. 62/2018 + Dir. UE 2015/2302),False,True,False,63,True,True,True,False,ok,
GUIDA_RESPONSABILIT_DEL_COMMITTENTE_PER_INFORTUNI_NELL_APPALTO_ART_26_D_LGS_81_160185,Responsabilità del committente per infortuni nell'appalto (art. 26 D.Lgs. 81/2008 – DUVRI),False,True,False,56,True,True,True,False,ok,
GUIDA_RESPONSABILIT_DEL_COMUNE_PER_BUCHE_STRADALI_E_MANUTENZIONE_DELLA_SEDE_ST_160200,Responsabilità del Comune per buche stradali e manutenzione della sede stradale (artt. 2051-2043 c.c. + C.d.S.),False,True,False,50,True,True,True,False,ok,
GUIDA_RESPONSABILIT_DEL_GESTORE_DI_PIATTAFORMA_ONLINE_PER_CONTENUTI_ILLECITI_D_160190,Responsabilità del gestore di piattaforma online per contenuti illeciti di terzi (Reg. UE 2022/2065 DSA),False,True,False,41,True,True,True,False,ok,
GUIDA_RESPONSABILIT_DEL_MEDICO_DI_MEDICINA_GENERALE_PER_OMESSA_DIAGNOSI_E_RITA_160220,Responsabilità del medico di medicina generale per omessa diagnosi e ritardo terapeutico (L. 24/2017),False,True,False,62,True,True,True,False,ok,
GUIDA_RESPONSABILIT_DEL_PREPONENTE_PER_FATTO_DEL_DIPENDENTE_PREPOSTO_ART_2049__160011,Responsabilità del preponente per fatto del dipendente/preposto (art. 2049 c.c.),False,True,False,64,True,True,True,False,ok,
GUIDA_RESPONSABILIT_DEL_PRODUTTORE_FARMACEUTICO_PER_EFFETTI_COLLATERALI_NON_AD_160225,Responsabilità del produttore farmaceutico per effetti collaterali non adeguatamente comunicati (D.Lgs. 219/2006),False,True,False,66,True,True,True,False,ok,
GUIDA_RESPONSABILIT_DEL_PROFESSIONISTA_PER_ERRORE_PROFESSIONALE_AVVOCATO_COMME_160205,"Responsabilità del professionista per errore professionale: avvocato, commercialista, notaio (artt. 1218-2043 c.c.)",False,True,False,41,True,True,True,False,ok,
GUIDA_RESPONSABILIT_DEL_PROPRIETARIO_O_DETENTORE_DI_ANIMALI_ART_2052_C_C_160130,Responsabilità del proprietario o detentore di animali (art. 2052 c.c.),False,True,False,41,True,True,True,False,ok,
GUIDA_RESPONSABILIT_DEL_VETTORE_AEREO_PER_DANNI_A_PASSEGGERI_E_BAGAGLI_CONV_MO_141060,Responsabilità del vettore aereo per danni a passeggeri e bagagli (Conv. Montreal 1999 + Reg. UE 261/2004),False,True,False,61,True,True,True,False,ok,
GUIDA_RESPONSABILIT_DEL_VETTORE_MARITTIMO_PER_DANNI_ALLE_MERCI_E_AI_PASSEGGERI_141070,Responsabilità del vettore marittimo per danni alle merci e ai passeggeri (Cod. Nav. + Conv. Atene + Reg. UE 392/2009),False,True,False,66,True,True,True,False,ok,
GUIDA_RESPONSABILIT_DEL_VETTORE_TERRESTRE_PER_PERDITA_AVARIA_E_RITARDO_NEL_TRA_141065,"Responsabilità del vettore terrestre per perdita, avaria e ritardo nel trasporto di cose (artt. 1678-1702 c.c.)",False,True,False,63,True,True,True,False,ok,
GUIDA_RESPONSABILIT_PER_MANCATO_CONSENSO_INFORMATO_IN_AMBITO_SANITARIO_L_219_2_160255,Responsabilità per mancato consenso informato in ambito sanitario (L. 219/2017 + L. 24/2017),False,True,False,65,True,True,True,False,ok,
GUIDA_RESPONSABILIT_PER_VIOLAZIONE_DEI_DATI_PERSONALI_GDPR_ART_82_REG_UE_679_2_160250,Responsabilità per violazione dei dati personali (GDPR art. 82 Reg. UE 679/2016),False,True,False,64,True,True,True,False,ok,
GUIDA_RESPONSABILIT_SANITARIA_DA_INFEZIONE_NOSOCOMIALE_L_24_2017_GELLI_BIANCO_160165,Responsabilità sanitaria da infezione nosocomiale (L. 24/2017 Gelli-Bianco),False,True,False,49,True,True,True,False,ok,
GUIDA_RESPONSABILIT_SANITARIA_PER_ERRATA_PRESCRIZIONE_O_SOMMINISTRAZIONE_DI_FA_160120,Responsabilità sanitaria per errata prescrizione o somministrazione di farmaci (L. 24/2017 Gelli-Bianco),False,True,False,57,True,True,True,False,ok,
GUIDA_RETRIBUZIONE_VARIABILE_MBO_E_PREMI_AZIENDALI_CONTROVERSIE_E_DIRITTO_AL_P_220220,"Retribuzione variabile, MBO e premi aziendali: controversie e diritto al pagamento (art. 2099 c.c.)",False,True,False,64,True,True,True,False,ok,
GUIDA_RETTIFICAZIONE_DI_ATTI_DI_STATO_CIVILE_ERRORI_OMISSIONI_E_RICONOSCIMENTO_413135,"Rettificazione di atti di stato civile: errori, omissioni e riconoscimento di gender identity (DPR 396/2000)",False,True,False,61,True,True,True,False,ok,
GUIDA_REVISIONE_DELL_ASSEGNO_DI_MANTENIMENTO_NELLA_SEPARAZIONE_PER_SOPRAVVENIE_111090,Revisione dell'assegno di mantenimento nella separazione per sopravvenienze (art. 156 c.c.),False,True,False,66,True,True,True,False,ok,
GUIDA_REVISIONE_E_CESSAZIONE_DELL_ASSEGNO_DIVORZILE_ARTT_5_9_L_898_1970_111080,Revisione e cessazione dell'assegno divorzile (artt. 5-9 L. 898/1970),False,True,False,51,True,True,True,False,ok,
GUIDA_REVOCA_DELLA_SEPARAZIONE_PERSONALE_E_RICONCILIAZIONE_CONIUGALE_ART_157_C_113010,Revoca della separazione personale e riconciliazione coniugale (art. 157 c.c.),False,True,False,53,True,True,True,False,ok,
GUIDA_RICONOSCIMENTO_IN_ITALIA_DI_SENTENZA_STRANIERA_DI_DIVORZIO_SEPARAZIONE_O_413120,"Riconoscimento in Italia di sentenza straniera di divorzio, separazione o filiazione (artt. 64-71 L. 218/1995)",False,True,False,74,True,True,True,False,ok,
GUIDA_RICONOSCIMENTO_PATERNITA_MATERNITA_111007,Riconoscimento giudiziale della paternità o della maternità,False,True,False,63,True,True,True,False,ok,
GUIDA_RIDUZIONE_E_AUMENTO_DEL_CAPITALE_NELLE_S_R_L_CONTESTAZIONI_E_TUTELA_DEI__150090,Riduzione e aumento del capitale nelle S.r.l. – contestazioni e tutela dei soci (artt. 2480-2482-ter c.c.),False,True,False,49,True,True,True,False,ok,
GUIDA_RIMBORSO_IVA_CONTESTAZIONE_DEL_RIGETTO_E_AZIONE_GIUDIZIARIA_ART_30_DPR_6_512060,Rimborso IVA: contestazione del rigetto e azione giudiziaria (art. 30 DPR 633/1972 + D.Lgs. 546/1992),False,True,False,54,True,True,True,False,ok,
GUIDA_RISARCIMENTO_DANNI_DA_SINISTRO_STRADALE_PEDONE_O_CICLISTA_INVESTITO_DA_V_144010,Risarcimento danni da sinistro stradale - pedone o ciclista investito da veicolo (art. 2054 c.c.),False,True,False,72,True,True,True,False,ok,
GUIDA_RISARCIMENTO_DEL_DANNO_DA_PROVVEDIMENTO_AMMINISTRATIVO_ILLEGITTIMO_ART_3_240055,Risarcimento del danno da provvedimento amministrativo illegittimo (art. 30 D.Lgs. 104/2010 CPA),False,True,False,64,True,True,True,False,ok,
GUIDA_RISOLUZIONE_APPALTO_140001,Risoluzione del contratto di appalto,False,True,False,50,True,True,True,False,ok,
GUIDA_RISOLUZIONE_CONTRATTO_DI_FACTORING_E_CESSIONE_DI_CREDITI_L_52_1991_ARTT__143015,Risoluzione contratto di factoring e cessione di crediti (L. 52/1991 + artt. 1260-1267 c.c.),False,True,False,59,True,True,True,False,ok,
GUIDA_RISOLUZIONE_CONTRATTO_DI_LEASING_FINANZIARIO_PER_INADEMPIMENTO_141005,Risoluzione contratto di leasing finanziario per inadempimento,False,True,False,68,True,True,True,False,ok,
GUIDA_RISOLUZIONE_CONTRATTO_DI_MUTUO_PER_INADEMPIMENTO_E_RECUPERO_DEL_CAPITALE_143025,Risoluzione contratto di mutuo per inadempimento e recupero del capitale (artt. 1813-1822 c.c.),False,True,False,57,True,True,True,False,ok,
GUIDA_RISOLUZIONE_CONTRATTO_DI_SOMMINISTRAZIONE_PER_INADEMPIMENTO_ARTT_1559_15_141010,Risoluzione contratto di somministrazione per inadempimento (artt. 1559-1570 c.c.),False,True,False,61,True,True,True,False,ok,
GUIDA_RISOLUZIONE_CONTRATTO_DI_TRASPORTO_E_RESPONSABILIT_DEL_VETTORE_PER_PERDI_143010,Risoluzione contratto di trasporto e responsabilità del vettore per perdita/avaria (artt. 1693-1702 c.c.),False,True,False,58,True,True,True,False,ok,
GUIDA_RISOLUZIONE_MUTUO_DECADENZA_TERMINE_142001,Risoluzione contratto di mutuo + decadenza dal beneficio del termine (art. 1186 c.c.),False,True,False,66,True,True,True,False,ok,
GUIDA_RISOLUZIONE_PER_ECCESSIVA_ONEROSIT_SOPRAVVENUTA_ART_1467_C_C_140020,Risoluzione per eccessiva onerosità sopravvenuta (art. 1467 c.c.),False,True,False,40,True,True,True,False,ok,
GUIDA_RISTRUTTURAZIONE_DEI_DEBITI_DEL_DEBITORE_CIVILE_NON_IMPRENDITORE_PIANO_D_620015,Ristrutturazione dei debiti del debitore civile (non imprenditore) – piano del consumatore rifinanziato (artt. 67-83 CCII),False,True,False,47,True,True,True,False,ok,
GUIDA_SCIA_COMMERCIALE_E_AUTORIZZAZIONE_AMMINISTRATIVA_DINIEGO_DECADENZA_E_CON_240045,"SCIA commerciale e autorizzazione amministrativa: diniego, decadenza e controversie (D.Lgs. 59/2010)",False,True,False,64,True,True,True,False,ok,
GUIDA_SCIOGLIMENTO_DELLA_COMUNIONE_LEGALE_TRA_CONIUGI_E_DIVISIONE_DEI_BENI_ART_130145,Scioglimento della comunione legale tra coniugi e divisione dei beni (artt. 159-230-bis c.c.),False,True,False,55,True,True,True,False,ok,
GUIDA_SCIOGLIMENTO_E_LIQUIDAZIONE_DI_SOCIET_DI_PERSONE_ARTT_2272_2312_C_C_155005,Scioglimento e liquidazione di società di persone (artt. 2272-2312 c.c.),False,True,False,52,True,True,True,False,ok,
GUIDA_SCIOGLIMENTO_E_LIQUIDAZIONE_DI_S_R_L_ARTT_2484_2496_C_C_154001,Scioglimento e liquidazione di S.r.l. (artt. 2484-2496 c.c.),False,True,False,50,True,True,True,False,ok,
GUIDA_SCIOGLIMENTO_SOCIETA_PERSONE_211001,Scioglimento giudiziale della società di persone (artt. 2272 e ss. c.c.),False,True,False,55,True,True,True,False,ok,
GUIDA_SEPARAZIONE_CONSENSUALE_E_OMOLOGAZIONE_ART_158_C_C_473_BIS_51_C_P_C_111040,Separazione consensuale e omologazione (art. 158 c.c. + 473-bis.51 c.p.c.),False,True,False,52,True,True,True,False,ok,
GUIDA_SEQUESTRO_CONSERVATIVO_ANTE_CAUSAM_E_IN_CORSO_DI_CAUSA_ART_671_C_P_C_190010,Sequestro conservativo ante causam e in corso di causa (art. 671 c.p.c.),False,True,False,46,True,True,True,False,ok,
GUIDA_SEQUESTRO_GIUDIZIARIO_DI_BENI_CONTROVERSI_ART_670_C_P_C_190020,Sequestro giudiziario di beni controversi (art. 670 c.p.c.),False,True,False,49,True,True,True,False,ok,
GUIDA_SERVITU_PREDIALI_130013,"Servitù prediali - costituzione, accertamento, modifiche (artt. 1027-1099 c.c.)",False,True,False,53,True,True,True,False,ok,
GUIDA_SERVIT_COATTIVA_DI_PASSAGGIO_PER_FONDO_INTERCLUSO_ART_1051_C_C_130165,Servitù coattiva di passaggio per fondo intercluso (art. 1051 c.c.),False,True,False,61,True,True,True,False,ok,
GUIDA_SOCIET_DI_PERSONE_RECESSO_DEL_SOCIO_SCIOGLIMENTO_E_LIQUIDAZIONE_ARTT_227_154020,"Società di persone: recesso del socio, scioglimento e liquidazione (artt. 2272-2305 c.c.)",False,True,False,64,True,True,True,False,ok,
GUIDA_SOCIET_IRREGOLARE_RESPONSABILIT_SOLIDALE_DEI_SOCI_VERSO_I_TERZI_ARTT_229_156005,Società irregolare: responsabilità solidale dei soci verso i terzi (artt. 2297-2299 c.c.),False,True,False,61,True,True,True,False,ok,
GUIDA_SOMMINISTRAZIONE_DI_LAVORO_ILLECITA_E_CONSEGUENZE_PER_IL_LAVORATORE_ARTT_220175,Somministrazione di lavoro illecita e conseguenze per il lavoratore (artt. 30-40 D.Lgs. 276/2003),False,True,False,54,True,True,True,False,ok,
GUIDA_SOSPENSIONE_DELL_ESECUTIVIT_DELLA_SENTENZA_DI_PRIMO_GRADO_IN_APPELLO_ART_500010,Sospensione dell'esecutività della sentenza di primo grado in appello (art. 283 c.p.c.),False,True,False,60,True,True,True,False,ok,
GUIDA_SOSPENSIONE_DELL_ESECUZIONE_IMMOBILIARE_PER_ACCORDO_TRA_LE_PARTI_ART_624_510015,Sospensione dell'esecuzione immobiliare per accordo tra le parti (art. 624-bis c.p.c.),False,True,False,64,True,True,True,False,ok,
GUIDA_STRESS_LAVORO_CORRELATO_E_BURN_OUT_RESPONSABILIT_DEL_DATORE_E_RISARCIMEN_160260,Stress lavoro-correlato e burn-out: responsabilità del datore e risarcimento (art. 2087 c.c. + D.Lgs. 81/2008),False,True,False,66,True,True,True,False,ok,
GUIDA_SURROGAZIONE_DELL_ASSICURATORE_E_RIVALSA_VERSO_IL_RESPONSABILE_DEL_SINIS_140085,Surrogazione dell'assicuratore e rivalsa verso il responsabile del sinistro (art. 1916 c.c.),False,True,False,63,True,True,True,False,ok,
GUIDA_S_P_A_DIRITTI_DEGLI_AZIONISTI_DI_MINORANZA_ISPEZIONE_DENUNCIA_AL_TRIBUNA_150075,"S.p.A.: diritti degli azionisti di minoranza – ispezione, denuncia al tribunale e recesso (artt. 2408-2409 c.c.)",False,True,False,46,True,True,True,False,ok,
GUIDA_S_P_A_RIDUZIONE_DEL_CAPITALE_PER_PERDITE_E_MISURE_DI_EMERGENZA_ARTT_2446_150105,S.p.A.: riduzione del capitale per perdite e misure di emergenza (artt. 2446-2447 c.c.),False,True,False,64,True,True,True,False,ok,
GUIDA_S_R_L_CESSIONE_DI_QUOTE_DIRITTI_DI_PRELAZIONE_STATUTARI_E_LIMITAZIONI_AL_150110,"S.r.l.: cessione di quote, diritti di prelazione statutari e limitazioni al trasferimento (artt. 2469-2471 c.c.)",False,True,False,66,True,True,True,False,ok,
GUIDA_TARI_TASSA_RIFIUTI_ACCERTAMENTO_DEL_COMUNE_E_CONTESTAZIONE_L_147_2013_AR_512115,TARI – Tassa Rifiuti: accertamento del Comune e contestazione (L. 147/2013 art. 1 c. 641-668),False,True,False,64,True,True,True,False,ok,
GUIDA_TFR_CALCOLO_CONTESTATO_LIQUIDAZIONE_E_RICHIESTA_DI_PAGAMENTO_ART_2120_C__220160,"TFR: calcolo contestato, liquidazione e richiesta di pagamento (art. 2120 c.c.)",False,True,False,57,True,True,True,False,ok,
GUIDA_TIROCINIO_E_STAGE_IRREGOLARIT_TRASFORMAZIONE_IN_RAPPORTO_DI_LAVORO_E_CON_220170,"Tirocinio e stage: irregolarità, trasformazione in rapporto di lavoro e controversie (D.M. 142/1998 + L. 92/2012)",False,True,False,40,True,True,True,False,ok,
GUIDA_TITOLO_ESECUTIVO_EUROPEO_E_PROCEDURA_EUROPEA_PER_CREDITI_NON_CONTESTATI__190040,Titolo esecutivo europeo e procedura europea per crediti non contestati (Reg. UE 805/2004 + 1896/2006),False,True,False,57,True,True,True,False,ok,
GUIDA_TRASFERIMENTO_DI_PARTECIPAZIONI_IN_S_R_L_E_CLAUSOLE_DI_PRELAZIONE_GRADIM_150030,Trasferimento di partecipazioni in S.r.l. e clausole di prelazione/gradimento (art. 2469 c.c.),False,True,False,52,True,True,True,False,ok,
GUIDA_TRASFERIMENTO_D_AZIENDA_E_TUTELA_DEL_LAVORATORE_MANTENIMENTO_DEL_RAPPORT_220240,Trasferimento d'azienda e tutela del lavoratore: mantenimento del rapporto e condizioni (art. 2112 c.c. + D.Lgs. 18/2001),False,True,False,64,True,True,True,False,ok,
GUIDA_TRASPORTO_FERROVIARIO_DI_PERSONE_RITARDI_CANCELLAZIONI_E_DIRITTI_DEI_PAS_141080,"Trasporto ferroviario di persone: ritardi, cancellazioni e diritti dei passeggeri (Reg. UE 1371/2007 + 2021/782)",False,True,False,65,True,True,True,False,ok,
GUIDA_TUTELA_DELLA_DITTA_DEL_NOME_COMMERCIALE_E_DELL_INSEGNA_ARTT_2563_2567_C__170040,"Tutela della ditta, del nome commerciale e dell'insegna (artt. 2563-2567 c.c. + artt. 22-24 Cod. PI)",False,True,False,46,True,True,True,False,ok,
GUIDA_TUTELA_DEL_MARCHIO_DI_FATTO_USO_ANTERIORE_E_CONTESTAZIONE_DI_REGISTRAZIO_170045,Tutela del marchio di fatto (uso anteriore) e contestazione di registrazione (artt. 12-20 D.Lgs. 30/2005 Cod. PI),False,True,False,66,True,True,True,False,ok,
GUIDA_TUTELA_MAGGIORE_GRAVE_HANDICAP_413051,Procedimenti di tutela del maggiore d'età con grave handicap (interdizione/inabilitazione - controversie),False,True,False,49,True,True,True,False,ok,
GUIDA_TUTELA_MINORI_ORDINARIA,"Apertura della tutela ordinaria - minori (per genitori deceduti, decaduti o impossibilitati)",False,True,False,66,True,True,True,False,ok,
GUIDA_UNIONE_CIVILE_E_CONVIVENZA_DI_FATTO_DIRITTI_SCIOGLIMENTO_E_CONTROVERSIE__411605,"Unione civile e convivenza di fatto: diritti, scioglimento e controversie (L. 76/2016 Cirinnà)",False,True,False,76,True,True,True,False,ok,
GUIDA_USUCAPIONE_ABBREVIATA_DECENNALE_ART_1159_C_C_E_USUCAPIONE_DI_BENI_MOBILI_130095,Usucapione abbreviata decennale (art. 1159 c.c.) e usucapione di beni mobili (art. 1161 c.c.),False,True,False,45,True,True,True,False,ok,
GUIDA_VENDITA_FORZATA_IMMOBILIARE_CANCELLAZIONE_DELLE_ISCRIZIONI_IPOTECARIE_PO_511040,Vendita forzata immobiliare: cancellazione delle iscrizioni ipotecarie post-vendita (art. 586 c.p.c.),False,True,False,64,True,True,True,False,ok,
GUIDA_VIOLAZIONE_DEL_DIRITTO_D_AUTORE_E_RISARCIMENTO_DEL_DANNO_L_633_1941_170025,Violazione del diritto d'autore e risarcimento del danno (L. 633/1941),False,True,False,59,True,True,True,False,ok,
GUIDA_VIOLAZIONE_MARCHIO_BREVETTO_170011,Risarcimento danni da violazione di marchio o brevetto,False,True,False,65,True,True,True,False,ok,
GUIDA_VIZI_E_DIFETTI_NELL_APPALTO_PRIVATO_RESPONSABILIT_DELL_APPALTATORE_ARTT__140045,Vizi e difetti nell'appalto privato – responsabilità dell'appaltatore (artt. 1655-1670 c.c.),False,True,False,46,True,True,True,False,ok,
GUIDA_VOLONTARIA_GIURISDIZIONE_MINORI_AUTORIZZAZIONI_414001,Volontaria giurisdizione su minori - autorizzazioni atti rappresentanti legali,False,True,False,55,True,True,True,False,ok,
GUIDA_WHISTLEBLOWING_TUTELA_DEL_SEGNALANTE_NEL_SETTORE_PRIVATO_D_LGS_24_2023_220205,Whistleblowing: tutela del segnalante nel settore privato (D.Lgs. 24/2023),False,True,False,63,True,True,True,False,ok,
LAV_CONTRATTI_FLESSIBILI,"Contratti a termine, somministrazione, apprendistato (D.Lgs. 81/2015)",False,True,False,65,True,True,True,False,ok,
LAV_DIFF_001,Differenze retributive e rivendicazione crediti di lavoro,False,True,False,58,True,True,True,False,ok,
LAV_INFORTUNI_001,Infortuni sul lavoro e malattie professionali - prestazioni INAIL,False,True,False,61,True,True,True,False,ok,
LAV_INVCIV_001,"Invalidità civile, cecità, sordità - prestazioni assistenziali (L. 118/1971, L. 18/1980)",False,True,False,59,True,True,True,False,ok,
LAV_LIC_001,Impugnazione di licenziamento individuale (art. 18 St.Lav. / Jobs Act),False,True,False,58,True,True,True,False,ok,
LAV_LIC_COLLETTIVO,Licenziamenti collettivi (L. 223/1991),False,True,False,65,True,True,True,False,ok,
LAV_MOBBING_001,"Mobbing, straining, demansionamento e danni da illegittima condotta del datore",False,True,False,65,True,True,True,False,ok,
LAV_PREVID_001,Prestazioni INPS - pensioni e indennità (previdenza obbligatoria),False,True,False,65,True,True,True,False,ok,
LAV_PUBBLICO_IMPIEGO,Pubblico impiego privatizzato (controversie ex art. 63 D.Lgs. 165/2001),False,True,False,65,True,True,True,False,ok,
LAV_QUALIFICA_001,Accertamento natura del rapporto di lavoro / rivendicazione qualifica,False,True,False,65,True,True,True,False,ok,
LAV_REPRESSIONE_DISCRIM,"Repressione condotte discriminatorie (D.Lgs. 198/2006, D.Lgs. 215/2003)",False,True,False,65,True,True,True,False,ok,
LAV_SCIOPERO_ART28,Repressione condotta antisindacale (art. 28 L. 300/1970),False,True,False,50,True,True,True,False,ok,
LAV_TENTATIVO_CONCILIAZIONE,Tentativo facoltativo/obbligatorio di conciliazione e procedura ITL,False,True,False,65,True,True,True,False,ok,
LAV_TRASF_AZIENDA,Trasferimento d'azienda (art. 2112 c.c.),False,True,False,65,True,True,True,False,ok,
