module,macro_area,codice,denominazione,field,source_path,full_path,service_path,source_present,full_kb_present,service_present,ui_supported,lex_supported,source_steps,service_steps,missing_steps_in_service,source_value,service_value,value_changed_in_service,service_error,status
kb_98_top9_codici_frequenti_dettaglio_massimo.json,TOP9_CODICI_FREQUENTI,010001,Procedimento di ingiunzione ante causam,denominazione,denominazione,denominazione,denominazione,True,True,True,True,True,,,,Procedimento di ingiunzione ante causam,Procedimento di ingiunzione ante causam,False,,ok
kb_98_top9_codici_frequenti_dettaglio_massimo.json,TOP9_CODICI_FREQUENTI,010001,Procedimento di ingiunzione ante causam,categoria,categoria,categoria,categoria,True,True,True,True,True,,,,Procedimenti speciali sommari,Procedimenti speciali sommari,False,,ok
kb_98_top9_codici_frequenti_dettaglio_massimo.json,TOP9_CODICI_FREQUENTI,010001,Procedimento di ingiunzione ante causam,sottocategoria,sottocategoria,sottocategoria,sottocategoria,True,True,True,True,True,,,,Procedimento di ingiunzione (rito monitorio),Procedimento di ingiunzione (rito monitorio),False,,ok
kb_98_top9_codici_frequenti_dettaglio_massimo.json,TOP9_CODICI_FREQUENTI,010001,Procedimento di ingiunzione ante causam,rito,rito,rito,rito,True,True,True,True,True,,,,Procedimento monitorio ex artt. 633-656 c.p.c.,Procedimento monitorio ex artt. 633-656 c.p.c.,False,,ok
kb_98_top9_codici_frequenti_dettaglio_massimo.json,TOP9_CODICI_FREQUENTI,010001,Procedimento di ingiunzione ante causam,competenza,competenza,competenza,competenza,True,True,True,True,True,,,,Giudice competente per la causa nel merito secondo le regole ordinarie - Tribunale o Giudice di Pace in base al valore (art. 637 c.p.c.); Sezione Specializzata in materia di Impresa per controversie societarie/industriali; foro speciale dell'art. 33 D.Lgs. 206/2005 per consumatore,Giudice competente per la causa nel merito secondo le regole ordinarie - Tribunale o Giudice di Pace in base al valore (art. 637 c.p.c.); Sezione Specializzata in materia di Impresa per controversie societarie/industriali; foro speciale dell'art. 33 D.Lgs. 206/2005 per consumatore,False,,ok
kb_98_top9_codici_frequenti_dettaglio_massimo.json,TOP9_CODICI_FREQUENTI,010001,Procedimento di ingiunzione ante causam,uffici_destinatari,uffici_destinatari,uffici_destinatari,uffici_destinatari,True,True,True,True,True,,,,,,False,,ok
kb_98_top9_codici_frequenti_dettaglio_massimo.json,TOP9_CODICI_FREQUENTI,010001,Procedimento di ingiunzione ante causam,tipologie_di_intervento,tipologie_di_intervento,tipologie_di_intervento,tipologie_di_intervento,False,False,False,True,False,,,,,,False,,ok
kb_98_top9_codici_frequenti_dettaglio_massimo.json,TOP9_CODICI_FREQUENTI,010001,Procedimento di ingiunzione ante causam,presupposti_sostanziali,presupposti_sostanziali,presupposti_sostanziali,presupposti_sostanziali,True,True,True,True,True,,,,,,False,,ok
kb_98_top9_codici_frequenti_dettaglio_massimo.json,TOP9_CODICI_FREQUENTI,010001,Procedimento di ingiunzione ante causam,legittimati_attivi,legittimati_attivi,legittimati_attivi,legittimati_attivi,False,False,False,True,False,,,,,,False,,ok
kb_98_top9_codici_frequenti_dettaglio_massimo.json,TOP9_CODICI_FREQUENTI,010001,Procedimento di ingiunzione ante causam,obbligo_mediazione,obbligo_mediazione,obbligo_mediazione,obbligo_mediazione,True,True,True,True,True,,,,,,False,,ok
kb_98_top9_codici_frequenti_dettaglio_massimo.json,TOP9_CODICI_FREQUENTI,010001,Procedimento di ingiunzione ante causam,adempimenti_propedeutici,adempimenti_propedeutici,adempimenti_propedeutici,adempimenti_propedeutici,True,True,True,True,True,"1,2,3,4,5,6","1,2,3,4,5,6",,,,False,,ok
kb_98_top9_codici_frequenti_dettaglio_massimo.json,TOP9_CODICI_FREQUENTI,010001,Procedimento di ingiunzione ante causam,richiesta_provvedimenti_urgenti,richiesta_provvedimenti_urgenti,richiesta_provvedimenti_urgenti,richiesta_provvedimenti_urgenti,False,False,False,True,False,,,,,,False,,ok
kb_98_top9_codici_frequenti_dettaglio_massimo.json,TOP9_CODICI_FREQUENTI,010001,Procedimento di ingiunzione ante causam,avvertimenti_obbligatori,atto_principale.avvertimenti_obbligatori,atto_principale.avvertimenti_obbligatori,atto_principale.avvertimenti_obbligatori,True,True,True,True,True,,,,,,False,,ok
kb_98_top9_codici_frequenti_dettaglio_massimo.json,TOP9_CODICI_FREQUENTI,010001,Procedimento di ingiunzione ante causam,allegati_obbligatori,allegati_obbligatori,allegati_obbligatori,allegati_obbligatori,True,True,True,True,True,,,,,,False,,ok
kb_98_top9_codici_frequenti_dettaglio_massimo.json,TOP9_CODICI_FREQUENTI,010001,Procedimento di ingiunzione ante causam,termini_processuali,termini_processuali,termini_processuali,termini_processuali,True,True,True,True,True,,,,,,False,,ok
kb_98_top9_codici_frequenti_dettaglio_massimo.json,TOP9_CODICI_FREQUENTI,010001,Procedimento di ingiunzione ante causam,esiti_processuali_tipici,esiti_processuali_tipici,esiti_processuali_tipici,esiti_processuali_tipici,True,True,True,True,True,,,,,,False,,ok
kb_98_top9_codici_frequenti_dettaglio_massimo.json,TOP9_CODICI_FREQUENTI,010001,Procedimento di ingiunzione ante causam,normativa,normativa,normativa,normativa,True,True,True,True,True,,,,,,False,,ok
kb_98_top9_codici_frequenti_dettaglio_massimo.json,TOP9_CODICI_FREQUENTI,010001,Procedimento di ingiunzione ante causam,atto_principale,atto_principale,atto_principale,atto_principale,True,True,True,True,True,,,,,,False,,ok
kb_98_top9_codici_frequenti_dettaglio_massimo.json,TOP9_CODICI_FREQUENTI,010001,Procedimento di ingiunzione ante causam,specialistica:registro_sgr,registro_sgr,registro_sgr,registro_sgr,True,True,True,True,True,,,,,,False,,ok
kb_98_top9_codici_frequenti_dettaglio_massimo.json,TOP9_CODICI_FREQUENTI,010001,Procedimento di ingiunzione ante causam,specialistica:controlli_qualita_input,controlli_qualita_input,controlli_qualita_input,controlli_qualita_input,True,True,True,True,True,,,,,,False,,ok
kb_98_top9_codici_frequenti_dettaglio_massimo.json,TOP9_CODICI_FREQUENTI,100001,Opposizione a precetto (art. 615 c. 1 c.p.c.),denominazione,denominazione,denominazione,denominazione,True,True,True,True,True,,,,Opposizione a precetto (art. 615 c. 1 c.p.c.),Opposizione a precetto (art. 615 c. 1 c.p.c.),False,,ok
kb_98_top9_codici_frequenti_dettaglio_massimo.json,TOP9_CODICI_FREQUENTI,100001,Opposizione a precetto (art. 615 c. 1 c.p.c.),categoria,categoria,categoria,categoria,True,True,True,True,True,,,,Opposizioni all'esecuzione,Opposizioni all'esecuzione,False,,ok
kb_98_top9_codici_frequenti_dettaglio_massimo.json,TOP9_CODICI_FREQUENTI,100001,Opposizione a precetto (art. 615 c. 1 c.p.c.),sottocategoria,sottocategoria,sottocategoria,sottocategoria,True,True,True,True,True,,,,Opposizione pre-esecutiva (contestazione del diritto a procedere),Opposizione pre-esecutiva (contestazione del diritto a procedere),False,,ok
kb_98_top9_codici_frequenti_dettaglio_massimo.json,TOP9_CODICI_FREQUENTI,100001,Opposizione a precetto (art. 615 c. 1 c.p.c.),rito,rito,rito,rito,True,True,True,True,True,,,,Rito ordinario di cognizione (anche con profili cautelari per sospensione efficacia precetto),Rito ordinario di cognizione (anche con profili cautelari per sospensione efficacia precetto),False,,ok
kb_98_top9_codici_frequenti_dettaglio_massimo.json,TOP9_CODICI_FREQUENTI,100001,Opposizione a precetto (art. 615 c. 1 c.p.c.),competenza,competenza,competenza,competenza,True,True,True,True,True,,,,Giudice competente per valore e materia secondo le regole ordinarie (art. 27 c.p.c.) - solo per opposizione ex art. 615 c. 1 (ante esecuzione); diversa la competenza per opposizione c. 2 (G.E.),Giudice competente per valore e materia secondo le regole ordinarie (art. 27 c.p.c.) - solo per opposizione ex art. 615 c. 1 (ante esecuzione); diversa la competenza per opposizione c. 2 (G.E.),False,,ok
kb_98_top9_codici_frequenti_dettaglio_massimo.json,TOP9_CODICI_FREQUENTI,100001,Opposizione a precetto (art. 615 c. 1 c.p.c.),uffici_destinatari,uffici_destinatari,uffici_destinatari,uffici_destinatari,True,True,True,True,True,,,,,,False,,ok
kb_98_top9_codici_frequenti_dettaglio_massimo.json,TOP9_CODICI_FREQUENTI,100001,Opposizione a precetto (art. 615 c. 1 c.p.c.),tipologie_di_intervento,tipologie_di_intervento,tipologie_di_intervento,tipologie_di_intervento,False,False,False,True,False,,,,,,False,,ok
kb_98_top9_codici_frequenti_dettaglio_massimo.json,TOP9_CODICI_FREQUENTI,100001,Opposizione a precetto (art. 615 c. 1 c.p.c.),presupposti_sostanziali,presupposti_sostanziali,presupposti_sostanziali,presupposti_sostanziali,True,True,True,True,True,,,,,,False,,ok
kb_98_top9_codici_frequenti_dettaglio_massimo.json,TOP9_CODICI_FREQUENTI,100001,Opposizione a precetto (art. 615 c. 1 c.p.c.),legittimati_attivi,legittimati_attivi,legittimati_attivi,legittimati_attivi,False,False,False,True,False,,,,,,False,,ok
kb_98_top9_codici_frequenti_dettaglio_massimo.json,TOP9_CODICI_FREQUENTI,100001,Opposizione a precetto (art. 615 c. 1 c.p.c.),obbligo_mediazione,obbligo_mediazione,obbligo_mediazione,obbligo_mediazione,True,True,True,True,True,,,,,,False,,ok
kb_98_top9_codici_frequenti_dettaglio_massimo.json,TOP9_CODICI_FREQUENTI,100001,Opposizione a precetto (art. 615 c. 1 c.p.c.),adempimenti_propedeutici,adempimenti_propedeutici,adempimenti_propedeutici,adempimenti_propedeutici,True,True,True,True,True,"1,2,3,4,5,6","1,2,3,4,5,6",,,,False,,ok
kb_98_top9_codici_frequenti_dettaglio_massimo.json,TOP9_CODICI_FREQUENTI,100001,Opposizione a precetto (art. 615 c. 1 c.p.c.),richiesta_provvedimenti_urgenti,richiesta_provvedimenti_urgenti,richiesta_provvedimenti_urgenti,richiesta_provvedimenti_urgenti,False,False,False,True,False,,,,,,False,,ok
kb_98_top9_codici_frequenti_dettaglio_massimo.json,TOP9_CODICI_FREQUENTI,100001,Opposizione a precetto (art. 615 c. 1 c.p.c.),avvertimenti_obbligatori,atto_principale.avvertimenti_obbligatori,atto_principale.avvertimenti_obbligatori,atto_principale.avvertimenti_obbligatori,True,True,True,True,True,,,,,,False,,ok
kb_98_top9_codici_frequenti_dettaglio_massimo.json,TOP9_CODICI_FREQUENTI,100001,Opposizione a precetto (art. 615 c. 1 c.p.c.),allegati_obbligatori,allegati_obbligatori,allegati_obbligatori,allegati_obbligatori,True,True,True,True,True,,,,,,False,,ok
kb_98_top9_codici_frequenti_dettaglio_massimo.json,TOP9_CODICI_FREQUENTI,100001,Opposizione a precetto (art. 615 c. 1 c.p.c.),termini_processuali,termini_processuali,termini_processuali,termini_processuali,True,True,True,True,True,,,,,,False,,ok
kb_98_top9_codici_frequenti_dettaglio_massimo.json,TOP9_CODICI_FREQUENTI,100001,Opposizione a precetto (art. 615 c. 1 c.p.c.),esiti_processuali_tipici,esiti_processuali_tipici,esiti_processuali_tipici,esiti_processuali_tipici,True,True,True,True,True,,,,,,False,,ok
kb_98_top9_codici_frequenti_dettaglio_massimo.json,TOP9_CODICI_FREQUENTI,100001,Opposizione a precetto (art. 615 c. 1 c.p.c.),normativa,normativa,normativa,normativa,True,True,True,True,True,,,,,,False,,ok
kb_98_top9_codici_frequenti_dettaglio_massimo.json,TOP9_CODICI_FREQUENTI,100001,Opposizione a precetto (art. 615 c. 1 c.p.c.),atto_principale,atto_principale,atto_principale,atto_principale,True,True,True,True,True,,,,,,False,,ok
kb_98_top9_codici_frequenti_dettaglio_massimo.json,TOP9_CODICI_FREQUENTI,111002,Separazione giudiziale,denominazione,denominazione,denominazione,denominazione,True,True,True,True,True,,,,Separazione giudiziale,Separazione giudiziale,False,,ok
kb_98_top9_codici_frequenti_dettaglio_massimo.json,TOP9_CODICI_FREQUENTI,111002,Separazione giudiziale,categoria,categoria,categoria,categoria,True,True,True,True,True,,,,Separazione coniugale contenziosa,Separazione coniugale contenziosa,False,,ok
kb_98_top9_codici_frequenti_dettaglio_massimo.json,TOP9_CODICI_FREQUENTI,111002,Separazione giudiziale,sottocategoria,sottocategoria,sottocategoria,sottocategoria,True,True,True,True,True,,,,Separazione personale dei coniugi - rito unificato persone e famiglia (post-Cartabia),Separazione personale dei coniugi - rito unificato persone e famiglia (post-Cartabia),False,,ok
kb_98_top9_codici_frequenti_dettaglio_massimo.json,TOP9_CODICI_FREQUENTI,111002,Separazione giudiziale,rito,rito,rito,rito,True,True,True,True,True,,,,Rito unificato persone e famiglia ex artt. 473-bis e ss. c.p.c. (in vigore dal 28/2/2023),Rito unificato persone e famiglia ex artt. 473-bis e ss. c.p.c. (in vigore dal 28/2/2023),False,,ok
kb_98_top9_codici_frequenti_dettaglio_massimo.json,TOP9_CODICI_FREQUENTI,111002,Separazione giudiziale,competenza,competenza,competenza,competenza,True,True,True,True,True,,,,"Tribunale ordinario - sezione famiglia (Tribunale per le persone, per i minorenni e per le famiglie quando istituito ai sensi del D.Lgs. 149/2022, sostanzialmente operativo dal 17/10/2024)","Tribunale ordinario - sezione famiglia (Tribunale per le persone, per i minorenni e per le famiglie quando istituito ai sensi del D.Lgs. 149/2022, sostanzialmente operativo dal 17/10/2024)",False,,ok
kb_98_top9_codici_frequenti_dettaglio_massimo.json,TOP9_CODICI_FREQUENTI,111002,Separazione giudiziale,uffici_destinatari,uffici_destinatari,uffici_destinatari,uffici_destinatari,True,True,True,True,True,,,,,,False,,ok
kb_98_top9_codici_frequenti_dettaglio_massimo.json,TOP9_CODICI_FREQUENTI,111002,Separazione giudiziale,tipologie_di_intervento,tipologie_di_intervento,tipologie_di_intervento,tipologie_di_intervento,False,False,False,True,False,,,,,,False,,ok
kb_98_top9_codici_frequenti_dettaglio_massimo.json,TOP9_CODICI_FREQUENTI,111002,Separazione giudiziale,presupposti_sostanziali,presupposti_sostanziali,presupposti_sostanziali,presupposti_sostanziali,True,True,True,True,True,,,,,,False,,ok
kb_98_top9_codici_frequenti_dettaglio_massimo.json,TOP9_CODICI_FREQUENTI,111002,Separazione giudiziale,legittimati_attivi,legittimati_attivi,legittimati_attivi,legittimati_attivi,False,False,False,True,False,,,,,,False,,ok
kb_98_top9_codici_frequenti_dettaglio_massimo.json,TOP9_CODICI_FREQUENTI,111002,Separazione giudiziale,obbligo_mediazione,obbligo_mediazione,obbligo_mediazione,obbligo_mediazione,True,True,True,True,True,,,,,,False,,ok
kb_98_top9_codici_frequenti_dettaglio_massimo.json,TOP9_CODICI_FREQUENTI,111002,Separazione giudiziale,adempimenti_propedeutici,adempimenti_propedeutici,adempimenti_propedeutici,adempimenti_propedeutici,True,True,True,True,True,"1,2,3,4,5,6,7","1,2,3,4,5,6,7",,,,False,,ok
kb_98_top9_codici_frequenti_dettaglio_massimo.json,TOP9_CODICI_FREQUENTI,111002,Separazione giudiziale,richiesta_provvedimenti_urgenti,richiesta_provvedimenti_urgenti,richiesta_provvedimenti_urgenti,richiesta_provvedimenti_urgenti,False,False,False,True,False,,,,,,False,,ok
kb_98_top9_codici_frequenti_dettaglio_massimo.json,TOP9_CODICI_FREQUENTI,111002,Separazione giudiziale,avvertimenti_obbligatori,atto_principale.avvertimenti_obbligatori,atto_principale.avvertimenti_obbligatori,atto_principale.avvertimenti_obbligatori,True,True,True,True,True,,,,,,False,,ok
kb_98_top9_codici_frequenti_dettaglio_massimo.json,TOP9_CODICI_FREQUENTI,111002,Separazione giudiziale,allegati_obbligatori,allegati_obbligatori,allegati_obbligatori,allegati_obbligatori,True,True,True,True,True,,,,,,False,,ok
kb_98_top9_codici_frequenti_dettaglio_massimo.json,TOP9_CODICI_FREQUENTI,111002,Separazione giudiziale,termini_processuali,termini_processuali,termini_processuali,termini_processuali,True,True,True,True,True,,,,,,False,,ok
kb_98_top9_codici_frequenti_dettaglio_massimo.json,TOP9_CODICI_FREQUENTI,111002,Separazione giudiziale,esiti_processuali_tipici,esiti_processuali_tipici,esiti_processuali_tipici,esiti_processuali_tipici,True,True,True,True,True,,,,,,False,,ok
kb_98_top9_codici_frequenti_dettaglio_massimo.json,TOP9_CODICI_FREQUENTI,111002,Separazione giudiziale,normativa,normativa,normativa,normativa,True,True,True,True,True,,,,,,False,,ok
kb_98_top9_codici_frequenti_dettaglio_massimo.json,TOP9_CODICI_FREQUENTI,111002,Separazione giudiziale,atto_principale,atto_principale,atto_principale,atto_principale,True,True,True,True,True,,,,,,False,,ok
kb_98_top9_codici_frequenti_dettaglio_massimo.json,TOP9_CODICI_FREQUENTI,111002,Separazione giudiziale,specialistica:competenza_territoriale,competenza_territoriale,competenza_territoriale,competenza_territoriale,True,True,True,True,True,,,,,,False,,ok
kb_98_top9_codici_frequenti_dettaglio_massimo.json,TOP9_CODICI_FREQUENTI,130051,Comunione e Condominio - impugnazione di delibera assembleare e spese condominiali,denominazione,denominazione,denominazione,denominazione,True,True,True,True,True,,,,Comunione e Condominio - impugnazione di delibera assembleare e spese condominiali,Comunione e Condominio - impugnazione di delibera assembleare e spese condominiali,False,,ok
kb_98_top9_codici_frequenti_dettaglio_massimo.json,TOP9_CODICI_FREQUENTI,130051,Comunione e Condominio - impugnazione di delibera assembleare e spese condominiali,categoria,categoria,categoria,categoria,True,True,True,True,True,,,,Condominio - contenzioso,Condominio - contenzioso,False,,ok
kb_98_top9_codici_frequenti_dettaglio_massimo.json,TOP9_CODICI_FREQUENTI,130051,Comunione e Condominio - impugnazione di delibera assembleare e spese condominiali,sottocategoria,sottocategoria,sottocategoria,sottocategoria,True,True,True,True,True,,,,"Impugnazione delibere assembleari, recupero spese condominiali, responsabilità amministratore","Impugnazione delibere assembleari, recupero spese condominiali, responsabilità amministratore",False,,ok
kb_98_top9_codici_frequenti_dettaglio_massimo.json,TOP9_CODICI_FREQUENTI,130051,Comunione e Condominio - impugnazione di delibera assembleare e spese condominiali,rito,rito,rito,rito,True,True,True,True,True,,,,Rito ordinario di cognizione (o sommario di cognizione ex art. 281-decies c.p.c. se valore o materia lo consente),Rito ordinario di cognizione (o sommario di cognizione ex art. 281-decies c.p.c. se valore o materia lo consente),False,,ok
kb_98_top9_codici_frequenti_dettaglio_massimo.json,TOP9_CODICI_FREQUENTI,130051,Comunione e Condominio - impugnazione di delibera assembleare e spese condominiali,competenza,competenza,competenza,competenza,True,True,True,True,True,,,,Tribunale per valore > 5.000 € o per causa di impugnazione delibera (sempre Tribunale); Giudice di Pace per cause di valore ≤ 5.000 € su rimborso/quantum spese ordinarie (art. 7 c.p.c.),Tribunale per valore > 5.000 € o per causa di impugnazione delibera (sempre Tribunale); Giudice di Pace per cause di valore ≤ 5.000 € su rimborso/quantum spese ordinarie (art. 7 c.p.c.),False,,ok
kb_98_top9_codici_frequenti_dettaglio_massimo.json,TOP9_CODICI_FREQUENTI,130051,Comunione e Condominio - impugnazione di delibera assembleare e spese condominiali,uffici_destinatari,uffici_destinatari,uffici_destinatari,uffici_destinatari,True,True,True,True,True,,,,,,False,,ok
kb_98_top9_codici_frequenti_dettaglio_massimo.json,TOP9_CODICI_FREQUENTI,130051,Comunione e Condominio - impugnazione di delibera assembleare e spese condominiali,tipologie_di_intervento,tipologie_di_intervento,tipologie_di_intervento,tipologie_di_intervento,False,False,False,True,False,,,,,,False,,ok
kb_98_top9_codici_frequenti_dettaglio_massimo.json,TOP9_CODICI_FREQUENTI,130051,Comunione e Condominio - impugnazione di delibera assembleare e spese condominiali,presupposti_sostanziali,presupposti_sostanziali,presupposti_sostanziali,presupposti_sostanziali,False,False,False,True,False,,,,,,False,,ok
kb_98_top9_codici_frequenti_dettaglio_massimo.json,TOP9_CODICI_FREQUENTI,130051,Comunione e Condominio - impugnazione di delibera assembleare e spese condominiali,legittimati_attivi,legittimati_attivi,legittimati_attivi,legittimati_attivi,False,False,False,True,False,,,,,,False,,ok
kb_98_top9_codici_frequenti_dettaglio_massimo.json,TOP9_CODICI_FREQUENTI,130051,Comunione e Condominio - impugnazione di delibera assembleare e spese condominiali,obbligo_mediazione,obbligo_mediazione,obbligo_mediazione,obbligo_mediazione,True,True,True,True,True,,,,,,False,,ok
kb_98_top9_codici_frequenti_dettaglio_massimo.json,TOP9_CODICI_FREQUENTI,130051,Comunione e Condominio - impugnazione di delibera assembleare e spese condominiali,adempimenti_propedeutici,adempimenti_propedeutici,adempimenti_propedeutici,adempimenti_propedeutici,True,True,True,True,True,"1,2,3,4,5,6","1,2,3,4,5,6",,,,False,,ok
kb_98_top9_codici_frequenti_dettaglio_massimo.json,TOP9_CODICI_FREQUENTI,130051,Comunione e Condominio - impugnazione di delibera assembleare e spese condominiali,richiesta_provvedimenti_urgenti,richiesta_provvedimenti_urgenti,richiesta_provvedimenti_urgenti,richiesta_provvedimenti_urgenti,False,False,False,True,False,,,,,,False,,ok
kb_98_top9_codici_frequenti_dettaglio_massimo.json,TOP9_CODICI_FREQUENTI,130051,Comunione e Condominio - impugnazione di delibera assembleare e spese condominiali,avvertimenti_obbligatori,atto_principale.avvertimenti_obbligatori,atto_principale.avvertimenti_obbligatori,atto_principale.avvertimenti_obbligatori,True,True,True,True,True,,,,,,False,,ok
kb_98_top9_codici_frequenti_dettaglio_massimo.json,TOP9_CODICI_FREQUENTI,130051,Comunione e Condominio - impugnazione di delibera assembleare e spese condominiali,allegati_obbligatori,allegati_obbligatori,allegati_obbligatori,allegati_obbligatori,True,True,True,True,True,,,,,,False,,ok
kb_98_top9_codici_frequenti_dettaglio_massimo.json,TOP9_CODICI_FREQUENTI,130051,Comunione e Condominio - impugnazione di delibera assembleare e spese condominiali,termini_processuali,termini_processuali,termini_processuali,termini_processuali,True,True,True,True,True,,,,,,False,,ok
kb_98_top9_codici_frequenti_dettaglio_massimo.json,TOP9_CODICI_FREQUENTI,130051,Comunione e Condominio - impugnazione di delibera assembleare e spese condominiali,esiti_processuali_tipici,esiti_processuali_tipici,esiti_processuali_tipici,esiti_processuali_tipici,True,True,True,True,True,,,,,,False,,ok
kb_98_top9_codici_frequenti_dettaglio_massimo.json,TOP9_CODICI_FREQUENTI,130051,Comunione e Condominio - impugnazione di delibera assembleare e spese condominiali,normativa,normativa,normativa,normativa,True,True,True,True,True,,,,,,False,,ok
kb_98_top9_codici_frequenti_dettaglio_massimo.json,TOP9_CODICI_FREQUENTI,130051,Comunione e Condominio - impugnazione di delibera assembleare e spese condominiali,atto_principale,atto_principale,atto_principale,atto_principale,True,True,True,True,True,,,,,,False,,ok
kb_98_top9_codici_frequenti_dettaglio_massimo.json,TOP9_CODICI_FREQUENTI,130051,Comunione e Condominio - impugnazione di delibera assembleare e spese condominiali,specialistica:competenza_territoriale,competenza_territoriale,competenza_territoriale,competenza_territoriale,True,True,True,True,True,,,,,,False,,ok
kb_98_top9_codici_frequenti_dettaglio_massimo.json,TOP9_CODICI_FREQUENTI,130051,Comunione e Condominio - impugnazione di delibera assembleare e spese condominiali,specialistica:presupposti_sostanziali_impugnazione_delibera,presupposti_sostanziali_impugnazione_delibera,presupposti_sostanziali_impugnazione_delibera,presupposti_sostanziali_impugnazione_delibera,True,True,True,True,True,,,,,,False,,ok
kb_98_top9_codici_frequenti_dettaglio_massimo.json,TOP9_CODICI_FREQUENTI,130051,Comunione e Condominio - impugnazione di delibera assembleare e spese condominiali,specialistica:presupposti_sostanziali_recupero_spese,presupposti_sostanziali_recupero_spese,presupposti_sostanziali_recupero_spese,presupposti_sostanziali_recupero_spese,True,True,True,True,True,,,,,,False,,ok
kb_98_top9_codici_frequenti_dettaglio_massimo.json,TOP9_CODICI_FREQUENTI,144021,Risoluzione del contratto di locazione per inadempimento - uso abitativo,denominazione,denominazione,denominazione,denominazione,True,True,True,True,True,,,,Risoluzione del contratto di locazione per inadempimento - uso abitativo,Risoluzione del contratto di locazione per inadempimento - uso abitativo,False,,ok
kb_98_top9_codici_frequenti_dettaglio_massimo.json,TOP9_CODICI_FREQUENTI,144021,Risoluzione del contratto di locazione per inadempimento - uso abitativo,categoria,categoria,categoria,categoria,True,True,True,True,True,,,,Locazioni - merito,Locazioni - merito,False,,ok
kb_98_top9_codici_frequenti_dettaglio_massimo.json,TOP9_CODICI_FREQUENTI,144021,Risoluzione del contratto di locazione per inadempimento - uso abitativo,sottocategoria,sottocategoria,sottocategoria,sottocategoria,True,True,True,True,True,,,,"Risoluzione per inadempimento (morosità, danni all'immobile, mutamento di destinazione)","Risoluzione per inadempimento (morosità, danni all'immobile, mutamento di destinazione)",False,,ok
kb_98_top9_codici_frequenti_dettaglio_massimo.json,TOP9_CODICI_FREQUENTI,144021,Risoluzione del contratto di locazione per inadempimento - uso abitativo,rito,rito,rito,rito,True,True,True,True,True,,,,Rito locatizio ex art. 447-bis c.p.c. (rito del lavoro adattato alle locazioni),Rito locatizio ex art. 447-bis c.p.c. (rito del lavoro adattato alle locazioni),False,,ok
kb_98_top9_codici_frequenti_dettaglio_massimo.json,TOP9_CODICI_FREQUENTI,144021,Risoluzione del contratto di locazione per inadempimento - uso abitativo,competenza,competenza,competenza,competenza,True,True,True,True,True,,,,Tribunale del luogo in cui è situato l'immobile (art. 21 c.p.c. - foro esclusivo),Tribunale del luogo in cui è situato l'immobile (art. 21 c.p.c. - foro esclusivo),False,,ok
kb_98_top9_codici_frequenti_dettaglio_massimo.json,TOP9_CODICI_FREQUENTI,144021,Risoluzione del contratto di locazione per inadempimento - uso abitativo,uffici_destinatari,uffici_destinatari,uffici_destinatari,uffici_destinatari,True,True,True,True,True,,,,,,False,,ok
kb_98_top9_codici_frequenti_dettaglio_massimo.json,TOP9_CODICI_FREQUENTI,144021,Risoluzione del contratto di locazione per inadempimento - uso abitativo,tipologie_di_intervento,tipologie_di_intervento,tipologie_di_intervento,tipologie_di_intervento,False,False,False,True,False,,,,,,False,,ok
kb_98_top9_codici_frequenti_dettaglio_massimo.json,TOP9_CODICI_FREQUENTI,144021,Risoluzione del contratto di locazione per inadempimento - uso abitativo,presupposti_sostanziali,presupposti_sostanziali,presupposti_sostanziali,presupposti_sostanziali,True,True,True,True,True,,,,,,False,,ok
kb_98_top9_codici_frequenti_dettaglio_massimo.json,TOP9_CODICI_FREQUENTI,144021,Risoluzione del contratto di locazione per inadempimento - uso abitativo,legittimati_attivi,legittimati_attivi,legittimati_attivi,legittimati_attivi,False,False,False,True,False,,,,,,False,,ok
kb_98_top9_codici_frequenti_dettaglio_massimo.json,TOP9_CODICI_FREQUENTI,144021,Risoluzione del contratto di locazione per inadempimento - uso abitativo,obbligo_mediazione,obbligo_mediazione,obbligo_mediazione,obbligo_mediazione,True,True,True,True,True,,,,,,False,,ok
kb_98_top9_codici_frequenti_dettaglio_massimo.json,TOP9_CODICI_FREQUENTI,144021,Risoluzione del contratto di locazione per inadempimento - uso abitativo,adempimenti_propedeutici,adempimenti_propedeutici,adempimenti_propedeutici,adempimenti_propedeutici,True,True,True,True,True,"1,2,3,4,5,6","1,2,3,4,5,6",,,,False,,ok
kb_98_top9_codici_frequenti_dettaglio_massimo.json,TOP9_CODICI_FREQUENTI,144021,Risoluzione del contratto di locazione per inadempimento - uso abitativo,richiesta_provvedimenti_urgenti,richiesta_provvedimenti_urgenti,richiesta_provvedimenti_urgenti,richiesta_provvedimenti_urgenti,False,False,False,True,False,,,,,,False,,ok
kb_98_top9_codici_frequenti_dettaglio_massimo.json,TOP9_CODICI_FREQUENTI,144021,Risoluzione del contratto di locazione per inadempimento - uso abitativo,avvertimenti_obbligatori,atto_principale.avvertimenti_obbligatori,atto_principale.avvertimenti_obbligatori,atto_principale.avvertimenti_obbligatori,True,True,True,True,True,,,,,,False,,ok
kb_98_top9_codici_frequenti_dettaglio_massimo.json,TOP9_CODICI_FREQUENTI,144021,Risoluzione del contratto di locazione per inadempimento - uso abitativo,allegati_obbligatori,allegati_obbligatori,allegati_obbligatori,allegati_obbligatori,True,True,True,True,True,,,,,,False,,ok
kb_98_top9_codici_frequenti_dettaglio_massimo.json,TOP9_CODICI_FREQUENTI,144021,Risoluzione del contratto di locazione per inadempimento - uso abitativo,termini_processuali,termini_processuali,termini_processuali,termini_processuali,True,True,True,True,True,,,,,,False,,ok
kb_98_top9_codici_frequenti_dettaglio_massimo.json,TOP9_CODICI_FREQUENTI,144021,Risoluzione del contratto di locazione per inadempimento - uso abitativo,esiti_processuali_tipici,esiti_processuali_tipici,esiti_processuali_tipici,esiti_processuali_tipici,True,True,True,True,True,,,,,,False,,ok
kb_98_top9_codici_frequenti_dettaglio_massimo.json,TOP9_CODICI_FREQUENTI,144021,Risoluzione del contratto di locazione per inadempimento - uso abitativo,normativa,normativa,normativa,normativa,True,True,True,True,True,,,,,,False,,ok
kb_98_top9_codici_frequenti_dettaglio_massimo.json,TOP9_CODICI_FREQUENTI,144021,Risoluzione del contratto di locazione per inadempimento - uso abitativo,atto_principale,atto_principale,atto_principale,atto_principale,True,True,True,True,True,,,,,,False,,ok
kb_98_top9_codici_frequenti_dettaglio_massimo.json,TOP9_CODICI_FREQUENTI,144021,Risoluzione del contratto di locazione per inadempimento - uso abitativo,specialistica:alternativa_processuale_sfratto,alternativa_processuale_sfratto,alternativa_processuale_sfratto,alternativa_processuale_sfratto,True,True,True,True,True,,,,,,False,,ok
kb_98_top9_codici_frequenti_dettaglio_massimo.json,TOP9_CODICI_FREQUENTI,220100,Licenziamento individuale per giustificato motivo soggettivo,denominazione,denominazione,denominazione,denominazione,True,True,True,True,True,,,,Licenziamento individuale per giustificato motivo soggettivo,Licenziamento individuale per giustificato motivo soggettivo,False,,ok
kb_98_top9_codici_frequenti_dettaglio_massimo.json,TOP9_CODICI_FREQUENTI,220100,Licenziamento individuale per giustificato motivo soggettivo,categoria,categoria,categoria,categoria,True,True,True,True,True,,,,Lavoro - licenziamenti individuali,Lavoro - licenziamenti individuali,False,,ok
kb_98_top9_codici_frequenti_dettaglio_massimo.json,TOP9_CODICI_FREQUENTI,220100,Licenziamento individuale per giustificato motivo soggettivo,sottocategoria,sottocategoria,sottocategoria,sottocategoria,True,True,True,True,True,,,,Impugnazione licenziamento disciplinare per giustificato motivo soggettivo (g.m.s.),Impugnazione licenziamento disciplinare per giustificato motivo soggettivo (g.m.s.),False,,ok
kb_98_top9_codici_frequenti_dettaglio_massimo.json,TOP9_CODICI_FREQUENTI,220100,Licenziamento individuale per giustificato motivo soggettivo,rito,rito,rito,rito,True,True,True,True,True,,,,Rito ordinario del lavoro ex artt. 409 e ss. c.p.c. (per assunti dal 7/3/2015 - tutele crescenti) OR Rito Fornero ex L. 92/2012 c. 47-69 (per assunti ante 7/3/2015 con tutela ex art. 18 St.Lav.),Rito ordinario del lavoro ex artt. 409 e ss. c.p.c. (per assunti dal 7/3/2015 - tutele crescenti) OR Rito Fornero ex L. 92/2012 c. 47-69 (per assunti ante 7/3/2015 con tutela ex art. 18 St.Lav.),False,,ok
kb_98_top9_codici_frequenti_dettaglio_massimo.json,TOP9_CODICI_FREQUENTI,220100,Licenziamento individuale per giustificato motivo soggettivo,competenza,competenza,competenza,competenza,True,True,True,True,True,,,,Tribunale del lavoro - giudice del lavoro - foro: luogo della sede di lavoro (art. 413 c.p.c.),Tribunale del lavoro - giudice del lavoro - foro: luogo della sede di lavoro (art. 413 c.p.c.),False,,ok
kb_98_top9_codici_frequenti_dettaglio_massimo.json,TOP9_CODICI_FREQUENTI,220100,Licenziamento individuale per giustificato motivo soggettivo,uffici_destinatari,uffici_destinatari,uffici_destinatari,uffici_destinatari,True,True,True,True,True,,,,,,False,,ok
kb_98_top9_codici_frequenti_dettaglio_massimo.json,TOP9_CODICI_FREQUENTI,220100,Licenziamento individuale per giustificato motivo soggettivo,tipologie_di_intervento,tipologie_di_intervento,tipologie_di_intervento,tipologie_di_intervento,False,False,False,True,False,,,,,,False,,ok
kb_98_top9_codici_frequenti_dettaglio_massimo.json,TOP9_CODICI_FREQUENTI,220100,Licenziamento individuale per giustificato motivo soggettivo,presupposti_sostanziali,presupposti_sostanziali,presupposti_sostanziali,presupposti_sostanziali,False,True,True,True,True,,,,,,False,,ok
kb_98_top9_codici_frequenti_dettaglio_massimo.json,TOP9_CODICI_FREQUENTI,220100,Licenziamento individuale per giustificato motivo soggettivo,legittimati_attivi,legittimati_attivi,legittimati_attivi,legittimati_attivi,False,False,False,True,False,,,,,,False,,ok
kb_98_top9_codici_frequenti_dettaglio_massimo.json,TOP9_CODICI_FREQUENTI,220100,Licenziamento individuale per giustificato motivo soggettivo,obbligo_mediazione,obbligo_mediazione,obbligo_mediazione,obbligo_mediazione,True,True,True,True,True,,,,,,False,,ok
kb_98_top9_codici_frequenti_dettaglio_massimo.json,TOP9_CODICI_FREQUENTI,220100,Licenziamento individuale per giustificato motivo soggettivo,adempimenti_propedeutici,adempimenti_propedeutici,adempimenti_propedeutici,adempimenti_propedeutici,True,True,True,True,True,"1,2,3,4,5,6,7","1,2,3,4,5,6,7",,,,False,,ok
kb_98_top9_codici_frequenti_dettaglio_massimo.json,TOP9_CODICI_FREQUENTI,220100,Licenziamento individuale per giustificato motivo soggettivo,richiesta_provvedimenti_urgenti,richiesta_provvedimenti_urgenti,richiesta_provvedimenti_urgenti,richiesta_provvedimenti_urgenti,False,False,False,True,False,,,,,,False,,ok
kb_98_top9_codici_frequenti_dettaglio_massimo.json,TOP9_CODICI_FREQUENTI,220100,Licenziamento individuale per giustificato motivo soggettivo,avvertimenti_obbligatori,atto_principale.avvertimenti_obbligatori,atto_principale.avvertimenti_obbligatori,atto_principale.avvertimenti_obbligatori,True,True,True,True,True,,,,,,False,,ok
kb_98_top9_codici_frequenti_dettaglio_massimo.json,TOP9_CODICI_FREQUENTI,220100,Licenziamento individuale per giustificato motivo soggettivo,allegati_obbligatori,allegati_obbligatori,allegati_obbligatori,allegati_obbligatori,True,True,True,True,True,,,,,,False,,ok
kb_98_top9_codici_frequenti_dettaglio_massimo.json,TOP9_CODICI_FREQUENTI,220100,Licenziamento individuale per giustificato motivo soggettivo,termini_processuali,termini_processuali,termini_processuali,termini_processuali,True,True,True,True,True,,,,,,False,,ok
kb_98_top9_codici_frequenti_dettaglio_massimo.json,TOP9_CODICI_FREQUENTI,220100,Licenziamento individuale per giustificato motivo soggettivo,esiti_processuali_tipici,esiti_processuali_tipici,esiti_processuali_tipici,esiti_processuali_tipici,True,True,True,True,True,,,,,,False,,ok
kb_98_top9_codici_frequenti_dettaglio_massimo.json,TOP9_CODICI_FREQUENTI,220100,Licenziamento individuale per giustificato motivo soggettivo,normativa,normativa,normativa,normativa,True,True,True,True,True,,,,,,False,,ok
kb_98_top9_codici_frequenti_dettaglio_massimo.json,TOP9_CODICI_FREQUENTI,220100,Licenziamento individuale per giustificato motivo soggettivo,atto_principale,atto_principale,atto_principale,atto_principale,True,True,True,True,True,,,,,,False,,ok
kb_98_top9_codici_frequenti_dettaglio_massimo.json,TOP9_CODICI_FREQUENTI,220100,Licenziamento individuale per giustificato motivo soggettivo,specialistica:presupposti_sostanziali_giustificato_motivo_soggettivo,presupposti_sostanziali_giustificato_motivo_soggettivo,presupposti_sostanziali_giustificato_motivo_soggettivo,presupposti_sostanziali_giustificato_motivo_soggettivo,True,True,True,True,True,,,,,,False,,ok
kb_98_top9_codici_frequenti_dettaglio_massimo.json,TOP9_CODICI_FREQUENTI,220100,Licenziamento individuale per giustificato motivo soggettivo,specialistica:vizi_dedotti_dal_lavoratore_tipici,vizi_dedotti_dal_lavoratore_tipici,vizi_dedotti_dal_lavoratore_tipici,vizi_dedotti_dal_lavoratore_tipici,True,True,True,True,True,,,,,,False,,ok
kb_98_top9_codici_frequenti_dettaglio_massimo.json,TOP9_CODICI_FREQUENTI,145002,Risarcimento del danno - lesione personale (responsabilità extracontrattuale),denominazione,denominazione,denominazione,denominazione,True,True,True,True,True,,,,Risarcimento del danno - lesione personale (responsabilità extracontrattuale),Risarcimento del danno - lesione personale (responsabilità extracontrattuale),False,,ok
kb_98_top9_codici_frequenti_dettaglio_massimo.json,TOP9_CODICI_FREQUENTI,145002,Risarcimento del danno - lesione personale (responsabilità extracontrattuale),categoria,categoria,categoria,categoria,True,True,True,True,True,,,,Responsabilità civile - danni alla persona,Responsabilità civile - danni alla persona,False,,ok
kb_98_top9_codici_frequenti_dettaglio_massimo.json,TOP9_CODICI_FREQUENTI,145002,Risarcimento del danno - lesione personale (responsabilità extracontrattuale),sottocategoria,sottocategoria,sottocategoria,sottocategoria,True,True,True,True,True,,,,"Lesione personale da fatto illecito (sinistri stradali, infortuni, ecc.)","Lesione personale da fatto illecito (sinistri stradali, infortuni, ecc.)",False,,ok
kb_98_top9_codici_frequenti_dettaglio_massimo.json,TOP9_CODICI_FREQUENTI,145002,Risarcimento del danno - lesione personale (responsabilità extracontrattuale),rito,rito,rito,rito,True,True,True,True,True,,,,Rito ordinario di cognizione (o rito sommario ex art. 281-decies se valore consente); Procedura indennizzo diretto per sinistri stradali ex D.Lgs. 209/2005 (CdA),Rito ordinario di cognizione (o rito sommario ex art. 281-decies se valore consente); Procedura indennizzo diretto per sinistri stradali ex D.Lgs. 209/2005 (CdA),False,,ok
kb_98_top9_codici_frequenti_dettaglio_massimo.json,TOP9_CODICI_FREQUENTI,145002,Risarcimento del danno - lesione personale (responsabilità extracontrattuale),competenza,competenza,competenza,competenza,True,True,True,True,True,,,,"Tribunale per valore >5.000 €; Giudice di Pace per valore ≤5.000 € (danni a cose €25.000); foro del luogo dove è sorta o deve eseguirsi l'obbligazione, residenza convenuto (art. 18, 19, 20 c.p.c.)","Tribunale per valore >5.000 €; Giudice di Pace per valore ≤5.000 € (danni a cose €25.000); foro del luogo dove è sorta o deve eseguirsi l'obbligazione, residenza convenuto (art. 18, 19, 20 c.p.c.)",False,,ok
kb_98_top9_codici_frequenti_dettaglio_massimo.json,TOP9_CODICI_FREQUENTI,145002,Risarcimento del danno - lesione personale (responsabilità extracontrattuale),uffici_destinatari,uffici_destinatari,uffici_destinatari,uffici_destinatari,True,True,True,True,True,,,,,,False,,ok
kb_98_top9_codici_frequenti_dettaglio_massimo.json,TOP9_CODICI_FREQUENTI,145002,Risarcimento del danno - lesione personale (responsabilità extracontrattuale),tipologie_di_intervento,tipologie_di_intervento,tipologie_di_intervento,tipologie_di_intervento,False,False,False,True,False,,,,,,False,,ok
kb_98_top9_codici_frequenti_dettaglio_massimo.json,TOP9_CODICI_FREQUENTI,145002,Risarcimento del danno - lesione personale (responsabilità extracontrattuale),presupposti_sostanziali,presupposti_sostanziali,presupposti_sostanziali,presupposti_sostanziali,True,True,True,True,True,,,,,,False,,ok
kb_98_top9_codici_frequenti_dettaglio_massimo.json,TOP9_CODICI_FREQUENTI,145002,Risarcimento del danno - lesione personale (responsabilità extracontrattuale),legittimati_attivi,legittimati_attivi,legittimati_attivi,legittimati_attivi,False,False,False,True,False,,,,,,False,,ok
kb_98_top9_codici_frequenti_dettaglio_massimo.json,TOP9_CODICI_FREQUENTI,145002,Risarcimento del danno - lesione personale (responsabilità extracontrattuale),obbligo_mediazione,obbligo_mediazione,obbligo_mediazione,obbligo_mediazione,False,False,False,True,False,,,,,,False,,ok
kb_98_top9_codici_frequenti_dettaglio_massimo.json,TOP9_CODICI_FREQUENTI,145002,Risarcimento del danno - lesione personale (responsabilità extracontrattuale),adempimenti_propedeutici,adempimenti_propedeutici,adempimenti_propedeutici,adempimenti_propedeutici,True,True,True,True,True,"1,2,3,4,5,6,7,8","1,2,3,4,5,6,7,8",,,,False,,ok
kb_98_top9_codici_frequenti_dettaglio_massimo.json,TOP9_CODICI_FREQUENTI,145002,Risarcimento del danno - lesione personale (responsabilità extracontrattuale),richiesta_provvedimenti_urgenti,richiesta_provvedimenti_urgenti,richiesta_provvedimenti_urgenti,richiesta_provvedimenti_urgenti,False,False,False,True,False,,,,,,False,,ok
kb_98_top9_codici_frequenti_dettaglio_massimo.json,TOP9_CODICI_FREQUENTI,145002,Risarcimento del danno - lesione personale (responsabilità extracontrattuale),avvertimenti_obbligatori,atto_principale.avvertimenti_obbligatori,atto_principale.avvertimenti_obbligatori,atto_principale.avvertimenti_obbligatori,True,True,True,True,True,,,,,,False,,ok
kb_98_top9_codici_frequenti_dettaglio_massimo.json,TOP9_CODICI_FREQUENTI,145002,Risarcimento del danno - lesione personale (responsabilità extracontrattuale),allegati_obbligatori,allegati_obbligatori,allegati_obbligatori,allegati_obbligatori,True,True,True,True,True,,,,,,False,,ok
kb_98_top9_codici_frequenti_dettaglio_massimo.json,TOP9_CODICI_FREQUENTI,145002,Risarcimento del danno - lesione personale (responsabilità extracontrattuale),termini_processuali,termini_processuali,termini_processuali,termini_processuali,True,True,True,True,True,,,,,,False,,ok
kb_98_top9_codici_frequenti_dettaglio_massimo.json,TOP9_CODICI_FREQUENTI,145002,Risarcimento del danno - lesione personale (responsabilità extracontrattuale),esiti_processuali_tipici,esiti_processuali_tipici,esiti_processuali_tipici,esiti_processuali_tipici,True,True,True,True,True,,,,,,False,,ok
kb_98_top9_codici_frequenti_dettaglio_massimo.json,TOP9_CODICI_FREQUENTI,145002,Risarcimento del danno - lesione personale (responsabilità extracontrattuale),normativa,normativa,normativa,normativa,True,True,True,True,True,,,,,,False,,ok
kb_98_top9_codici_frequenti_dettaglio_massimo.json,TOP9_CODICI_FREQUENTI,145002,Risarcimento del danno - lesione personale (responsabilità extracontrattuale),atto_principale,atto_principale,atto_principale,atto_principale,True,True,True,True,True,,,,,,False,,ok
kb_98_top9_codici_frequenti_dettaglio_massimo.json,TOP9_CODICI_FREQUENTI,145002,Risarcimento del danno - lesione personale (responsabilità extracontrattuale),specialistica:obbligo_negoziazione_assistita,obbligo_negoziazione_assistita,obbligo_negoziazione_assistita,obbligo_negoziazione_assistita,True,True,True,True,True,,,,,,False,,ok
kb_98_top9_codici_frequenti_dettaglio_massimo.json,TOP9_CODICI_FREQUENTI,510002,Espropriazione mobiliare presso terzi (post L. 80/2005),denominazione,denominazione,denominazione,denominazione,True,True,True,True,True,,,,Espropriazione mobiliare presso terzi (post L. 80/2005),Espropriazione mobiliare presso terzi (post L. 80/2005),False,,ok
kb_98_top9_codici_frequenti_dettaglio_massimo.json,TOP9_CODICI_FREQUENTI,510002,Espropriazione mobiliare presso terzi (post L. 80/2005),categoria,categoria,categoria,categoria,True,True,True,True,True,,,,Esecuzione forzata - presso terzi,Esecuzione forzata - presso terzi,False,,ok
kb_98_top9_codici_frequenti_dettaglio_massimo.json,TOP9_CODICI_FREQUENTI,510002,Espropriazione mobiliare presso terzi (post L. 80/2005),sottocategoria,sottocategoria,sottocategoria,sottocategoria,True,True,True,True,True,,,,"Pignoramento di crediti del debitore verso terzi (stipendio, pensione, conto corrente, crediti commerciali)","Pignoramento di crediti del debitore verso terzi (stipendio, pensione, conto corrente, crediti commerciali)",False,,ok
kb_98_top9_codici_frequenti_dettaglio_massimo.json,TOP9_CODICI_FREQUENTI,510002,Espropriazione mobiliare presso terzi (post L. 80/2005),rito,rito,rito,rito,True,True,True,True,True,,,,Esecuzione forzata presso terzi ex artt. 543-554 c.p.c.,Esecuzione forzata presso terzi ex artt. 543-554 c.p.c.,False,,ok
kb_98_top9_codici_frequenti_dettaglio_massimo.json,TOP9_CODICI_FREQUENTI,510002,Espropriazione mobiliare presso terzi (post L. 80/2005),competenza,competenza,competenza,competenza,True,True,True,True,True,,,,"Giudice dell'esecuzione del Tribunale del luogo di residenza/domicilio/sede del DEBITORE ESECUTATO (art. 26-bis c.p.c., post Cartabia)","Giudice dell'esecuzione del Tribunale del luogo di residenza/domicilio/sede del DEBITORE ESECUTATO (art. 26-bis c.p.c., post Cartabia)",False,,ok
kb_98_top9_codici_frequenti_dettaglio_massimo.json,TOP9_CODICI_FREQUENTI,510002,Espropriazione mobiliare presso terzi (post L. 80/2005),uffici_destinatari,uffici_destinatari,uffici_destinatari,uffici_destinatari,True,True,True,True,True,,,,,,False,,ok
kb_98_top9_codici_frequenti_dettaglio_massimo.json,TOP9_CODICI_FREQUENTI,510002,Espropriazione mobiliare presso terzi (post L. 80/2005),tipologie_di_intervento,tipologie_di_intervento,tipologie_di_intervento,tipologie_di_intervento,False,False,False,True,False,,,,,,False,,ok
kb_98_top9_codici_frequenti_dettaglio_massimo.json,TOP9_CODICI_FREQUENTI,510002,Espropriazione mobiliare presso terzi (post L. 80/2005),presupposti_sostanziali,presupposti_sostanziali,presupposti_sostanziali,presupposti_sostanziali,True,True,True,True,True,,,,,,False,,ok
kb_98_top9_codici_frequenti_dettaglio_massimo.json,TOP9_CODICI_FREQUENTI,510002,Espropriazione mobiliare presso terzi (post L. 80/2005),legittimati_attivi,legittimati_attivi,legittimati_attivi,legittimati_attivi,False,False,False,True,False,,,,,,False,,ok
kb_98_top9_codici_frequenti_dettaglio_massimo.json,TOP9_CODICI_FREQUENTI,510002,Espropriazione mobiliare presso terzi (post L. 80/2005),obbligo_mediazione,obbligo_mediazione,obbligo_mediazione,obbligo_mediazione,True,True,True,True,True,,,,,,False,,ok
kb_98_top9_codici_frequenti_dettaglio_massimo.json,TOP9_CODICI_FREQUENTI,510002,Espropriazione mobiliare presso terzi (post L. 80/2005),adempimenti_propedeutici,adempimenti_propedeutici,adempimenti_propedeutici,adempimenti_propedeutici,True,True,True,True,True,"1,2,3,4,5,6","1,2,3,4,5,6",,,,False,,ok
kb_98_top9_codici_frequenti_dettaglio_massimo.json,TOP9_CODICI_FREQUENTI,510002,Espropriazione mobiliare presso terzi (post L. 80/2005),richiesta_provvedimenti_urgenti,richiesta_provvedimenti_urgenti,richiesta_provvedimenti_urgenti,richiesta_provvedimenti_urgenti,False,False,False,True,False,,,,,,False,,ok
kb_98_top9_codici_frequenti_dettaglio_massimo.json,TOP9_CODICI_FREQUENTI,510002,Espropriazione mobiliare presso terzi (post L. 80/2005),avvertimenti_obbligatori,atto_principale.avvertimenti_obbligatori,atto_principale.avvertimenti_obbligatori,atto_principale.avvertimenti_obbligatori,True,True,True,True,True,,,,,,False,,ok
kb_98_top9_codici_frequenti_dettaglio_massimo.json,TOP9_CODICI_FREQUENTI,510002,Espropriazione mobiliare presso terzi (post L. 80/2005),allegati_obbligatori,allegati_obbligatori,allegati_obbligatori,allegati_obbligatori,True,True,True,True,True,,,,,,False,,ok
kb_98_top9_codici_frequenti_dettaglio_massimo.json,TOP9_CODICI_FREQUENTI,510002,Espropriazione mobiliare presso terzi (post L. 80/2005),termini_processuali,termini_processuali,termini_processuali,termini_processuali,True,True,True,True,True,,,,,,False,,ok
kb_98_top9_codici_frequenti_dettaglio_massimo.json,TOP9_CODICI_FREQUENTI,510002,Espropriazione mobiliare presso terzi (post L. 80/2005),esiti_processuali_tipici,esiti_processuali_tipici,esiti_processuali_tipici,esiti_processuali_tipici,True,True,True,True,True,,,,,,False,,ok
kb_98_top9_codici_frequenti_dettaglio_massimo.json,TOP9_CODICI_FREQUENTI,510002,Espropriazione mobiliare presso terzi (post L. 80/2005),normativa,normativa,normativa,normativa,True,True,True,True,True,,,,,,False,,ok
kb_98_top9_codici_frequenti_dettaglio_massimo.json,TOP9_CODICI_FREQUENTI,510002,Espropriazione mobiliare presso terzi (post L. 80/2005),atto_principale,atto_principale,atto_principale,atto_principale,True,True,True,True,True,,,,,,False,,ok
kb_98_top9_codici_frequenti_dettaglio_massimo.json,TOP9_CODICI_FREQUENTI,510002,Espropriazione mobiliare presso terzi (post L. 80/2005),specialistica:registro_sgr,registro_sgr,registro_sgr,registro_sgr,True,True,True,True,True,,,,,,False,,ok
kb_98_top9_codici_frequenti_dettaglio_massimo.json,TOP9_CODICI_FREQUENTI,510002,Espropriazione mobiliare presso terzi (post L. 80/2005),specialistica:limiti_pignorabilita_ex_art_545,limiti_pignorabilita_ex_art_545,limiti_pignorabilita_ex_art_545,limiti_pignorabilita_ex_art_545,True,True,True,True,True,,,,,,False,,ok
kb_98_top9_codici_frequenti_dettaglio_massimo.json,TOP9_CODICI_FREQUENTI,413061,Apertura amministrazione di sostegno,denominazione,denominazione,denominazione,denominazione,True,True,True,True,True,,,,Apertura amministrazione di sostegno,Apertura amministrazione di sostegno,False,,ok
kb_98_top9_codici_frequenti_dettaglio_massimo.json,TOP9_CODICI_FREQUENTI,413061,Apertura amministrazione di sostegno,categoria,categoria,categoria,categoria,True,True,True,True,True,,,,Volontaria giurisdizione - misure di protezione,Volontaria giurisdizione - misure di protezione,False,,ok
kb_98_top9_codici_frequenti_dettaglio_massimo.json,TOP9_CODICI_FREQUENTI,413061,Apertura amministrazione di sostegno,sottocategoria,sottocategoria,sottocategoria,sottocategoria,True,True,True,True,True,,,,Nomina amministratore di sostegno per persona incapace di provvedere ai propri interessi,Nomina amministratore di sostegno per persona incapace di provvedere ai propri interessi,False,,ok
kb_98_top9_codici_frequenti_dettaglio_massimo.json,TOP9_CODICI_FREQUENTI,413061,Apertura amministrazione di sostegno,rito,rito,rito,rito,True,True,True,True,True,,,,Procedimento camerale ex artt. 720-bis e 712-bis c.p.c. - rito camerale specifico per AdS,Procedimento camerale ex artt. 720-bis e 712-bis c.p.c. - rito camerale specifico per AdS,False,,ok
kb_98_top9_codici_frequenti_dettaglio_massimo.json,TOP9_CODICI_FREQUENTI,413061,Apertura amministrazione di sostegno,competenza,competenza,competenza,competenza,True,True,True,True,True,,,,GIUDICE TUTELARE del Tribunale del luogo di residenza/domicilio del beneficiario (art. 404 c.c.),GIUDICE TUTELARE del Tribunale del luogo di residenza/domicilio del beneficiario (art. 404 c.c.),False,,ok
kb_98_top9_codici_frequenti_dettaglio_massimo.json,TOP9_CODICI_FREQUENTI,413061,Apertura amministrazione di sostegno,uffici_destinatari,uffici_destinatari,uffici_destinatari,uffici_destinatari,True,True,True,True,True,,,,,,False,,ok
kb_98_top9_codici_frequenti_dettaglio_massimo.json,TOP9_CODICI_FREQUENTI,413061,Apertura amministrazione di sostegno,tipologie_di_intervento,tipologie_di_intervento,tipologie_di_intervento,tipologie_di_intervento,False,False,False,True,False,,,,,,False,,ok
kb_98_top9_codici_frequenti_dettaglio_massimo.json,TOP9_CODICI_FREQUENTI,413061,Apertura amministrazione di sostegno,presupposti_sostanziali,presupposti_sostanziali,presupposti_sostanziali,presupposti_sostanziali,True,True,True,True,True,,,,,,False,,ok
kb_98_top9_codici_frequenti_dettaglio_massimo.json,TOP9_CODICI_FREQUENTI,413061,Apertura amministrazione di sostegno,legittimati_attivi,legittimati_attivi,legittimati_attivi,legittimati_attivi,True,True,True,True,True,,,,,,False,,ok
kb_98_top9_codici_frequenti_dettaglio_massimo.json,TOP9_CODICI_FREQUENTI,413061,Apertura amministrazione di sostegno,obbligo_mediazione,obbligo_mediazione,obbligo_mediazione,obbligo_mediazione,True,True,True,True,True,,,,,,False,,ok
kb_98_top9_codici_frequenti_dettaglio_massimo.json,TOP9_CODICI_FREQUENTI,413061,Apertura amministrazione di sostegno,adempimenti_propedeutici,adempimenti_propedeutici,adempimenti_propedeutici,adempimenti_propedeutici,True,True,True,True,True,"1,2,3,4,5,6","1,2,3,4,5,6",,,,False,,ok
kb_98_top9_codici_frequenti_dettaglio_massimo.json,TOP9_CODICI_FREQUENTI,413061,Apertura amministrazione di sostegno,richiesta_provvedimenti_urgenti,richiesta_provvedimenti_urgenti,richiesta_provvedimenti_urgenti,richiesta_provvedimenti_urgenti,False,False,False,True,True,,,,,,False,,ok
kb_98_top9_codici_frequenti_dettaglio_massimo.json,TOP9_CODICI_FREQUENTI,413061,Apertura amministrazione di sostegno,avvertimenti_obbligatori,atto_principale.avvertimenti_obbligatori,atto_principale.avvertimenti_obbligatori,atto_principale.avvertimenti_obbligatori,True,True,True,True,True,,,,,,False,,ok
kb_98_top9_codici_frequenti_dettaglio_massimo.json,TOP9_CODICI_FREQUENTI,413061,Apertura amministrazione di sostegno,allegati_obbligatori,allegati_obbligatori,allegati_obbligatori,allegati_obbligatori,True,True,True,True,True,,,,,,False,,ok
kb_98_top9_codici_frequenti_dettaglio_massimo.json,TOP9_CODICI_FREQUENTI,413061,Apertura amministrazione di sostegno,termini_processuali,termini_processuali,termini_processuali,termini_processuali,True,True,True,True,True,,,,,,False,,ok
kb_98_top9_codici_frequenti_dettaglio_massimo.json,TOP9_CODICI_FREQUENTI,413061,Apertura amministrazione di sostegno,esiti_processuali_tipici,esiti_processuali_tipici,esiti_processuali_tipici,esiti_processuali_tipici,True,True,True,True,True,,,,,,False,,ok
kb_98_top9_codici_frequenti_dettaglio_massimo.json,TOP9_CODICI_FREQUENTI,413061,Apertura amministrazione di sostegno,normativa,normativa,normativa,normativa,True,True,True,True,True,,,,,,False,,ok
kb_98_top9_codici_frequenti_dettaglio_massimo.json,TOP9_CODICI_FREQUENTI,413061,Apertura amministrazione di sostegno,atto_principale,atto_principale,atto_principale,atto_principale,True,True,True,True,True,,,,,,False,,ok
kb_98_top9_codici_frequenti_dettaglio_massimo.json,TOP9_CODICI_FREQUENTI,413061,Apertura amministrazione di sostegno,specialistica:registro_sgr,registro_sgr,registro_sgr,registro_sgr,True,True,True,True,True,,,,,,False,,ok
kb_98_top9_set2_parte1.json,TOP9_CODICI_FREQUENTI_SET2_PARTE1,111021,Divorzio congiunto (su domanda di entrambi i coniugi),denominazione,denominazione,denominazione,denominazione,True,True,True,True,True,,,,Divorzio congiunto (su domanda di entrambi i coniugi),Divorzio congiunto - Scioglimento matrimonio,True,,ok
kb_98_top9_set2_parte1.json,TOP9_CODICI_FREQUENTI_SET2_PARTE1,111021,Divorzio congiunto (su domanda di entrambi i coniugi),categoria,categoria,categoria,categoria,True,True,True,True,True,,,,Scioglimento/cessazione effetti civili del matrimonio - domanda congiunta,Contenzioso civile,True,,ok
kb_98_top9_set2_parte1.json,TOP9_CODICI_FREQUENTI_SET2_PARTE1,111021,Divorzio congiunto (su domanda di entrambi i coniugi),sottocategoria,sottocategoria,sottocategoria,sottocategoria,True,True,True,True,True,,,,Divorzio su accordo dei coniugi - rito unificato persone e famiglia (post-Cartabia),Famiglia,True,,ok
kb_98_top9_set2_parte1.json,TOP9_CODICI_FREQUENTI_SET2_PARTE1,111021,Divorzio congiunto (su domanda di entrambi i coniugi),rito,rito,rito,rito,True,True,True,True,True,,,,Procedimento speciale ex art. 473-bis.51 c.p.c. (domanda congiunta) - rito unificato persone e famiglia,"Procedimenti in materia di persone, minorenni e famiglie",True,,ok
kb_98_top9_set2_parte1.json,TOP9_CODICI_FREQUENTI_SET2_PARTE1,111021,Divorzio congiunto (su domanda di entrambi i coniugi),competenza,competenza,competenza,competenza,True,True,True,True,True,,,,"Tribunale ordinario - sezione famiglia (o Tribunale per le persone, per i minorenni e per le famiglie ex D.Lgs. 149/2022)","Da verificare in base a ufficio, valore, materia, foro speciale e fase processuale.",True,,ok
kb_98_top9_set2_parte1.json,TOP9_CODICI_FREQUENTI_SET2_PARTE1,111021,Divorzio congiunto (su domanda di entrambi i coniugi),uffici_destinatari,uffici_destinatari,uffici_destinatari,uffici_destinatari,True,True,True,True,True,,,,,,False,,ok
kb_98_top9_set2_parte1.json,TOP9_CODICI_FREQUENTI_SET2_PARTE1,111021,Divorzio congiunto (su domanda di entrambi i coniugi),tipologie_di_intervento,tipologie_di_intervento,tipologie_di_intervento,tipologie_di_intervento,False,True,True,True,True,,,,,,False,,ok
kb_98_top9_set2_parte1.json,TOP9_CODICI_FREQUENTI_SET2_PARTE1,111021,Divorzio congiunto (su domanda di entrambi i coniugi),presupposti_sostanziali,presupposti_sostanziali,presupposti_sostanziali,presupposti_sostanziali,True,True,True,True,True,,,,,,False,,ok
kb_98_top9_set2_parte1.json,TOP9_CODICI_FREQUENTI_SET2_PARTE1,111021,Divorzio congiunto (su domanda di entrambi i coniugi),legittimati_attivi,legittimati_attivi,legittimati_attivi,legittimati_attivi,False,True,True,True,True,,,,,,False,,ok
kb_98_top9_set2_parte1.json,TOP9_CODICI_FREQUENTI_SET2_PARTE1,111021,Divorzio congiunto (su domanda di entrambi i coniugi),obbligo_mediazione,obbligo_mediazione_o_negoziazione_assistita,obbligo_mediazione,obbligo_mediazione,True,True,True,True,True,,,,,,False,,ok
kb_98_top9_set2_parte1.json,TOP9_CODICI_FREQUENTI_SET2_PARTE1,111021,Divorzio congiunto (su domanda di entrambi i coniugi),adempimenti_propedeutici,adempimenti_propedeutici,adempimenti_propedeutici,adempimenti_propedeutici,True,True,True,True,True,"1,2,3,4,5,6","1,2,3,4,5,6",,,,False,,ok
kb_98_top9_set2_parte1.json,TOP9_CODICI_FREQUENTI_SET2_PARTE1,111021,Divorzio congiunto (su domanda di entrambi i coniugi),richiesta_provvedimenti_urgenti,richiesta_provvedimenti_urgenti,richiesta_provvedimenti_urgenti,richiesta_provvedimenti_urgenti,False,True,True,True,True,,,,,,False,,ok
kb_98_top9_set2_parte1.json,TOP9_CODICI_FREQUENTI_SET2_PARTE1,111021,Divorzio congiunto (su domanda di entrambi i coniugi),avvertimenti_obbligatori,atto_principale.avvertimenti_obbligatori,avvertimenti_obbligatori,avvertimenti_obbligatori,True,True,True,True,True,,,,,,False,,ok
kb_98_top9_set2_parte1.json,TOP9_CODICI_FREQUENTI_SET2_PARTE1,111021,Divorzio congiunto (su domanda di entrambi i coniugi),allegati_obbligatori,allegati_obbligatori,allegati_obbligatori,allegati_obbligatori,True,True,True,True,True,,,,,,False,,ok
kb_98_top9_set2_parte1.json,TOP9_CODICI_FREQUENTI_SET2_PARTE1,111021,Divorzio congiunto (su domanda di entrambi i coniugi),termini_processuali,termini_processuali,termini_processuali,termini_processuali,True,True,True,True,True,,,,,,False,,ok
kb_98_top9_set2_parte1.json,TOP9_CODICI_FREQUENTI_SET2_PARTE1,111021,Divorzio congiunto (su domanda di entrambi i coniugi),esiti_processuali_tipici,esiti_processuali_tipici,esiti_processuali_tipici,esiti_processuali_tipici,True,True,True,True,True,,,,,,False,,ok
kb_98_top9_set2_parte1.json,TOP9_CODICI_FREQUENTI_SET2_PARTE1,111021,Divorzio congiunto (su domanda di entrambi i coniugi),normativa,normativa,normativa,normativa,True,True,True,True,True,,,,,,False,,ok
kb_98_top9_set2_parte1.json,TOP9_CODICI_FREQUENTI_SET2_PARTE1,111021,Divorzio congiunto (su domanda di entrambi i coniugi),atto_principale,atto_principale,atto_principale,atto_principale,True,True,True,True,True,,,,,,False,,ok
kb_98_top9_set2_parte1.json,TOP9_CODICI_FREQUENTI_SET2_PARTE1,111021,Divorzio congiunto (su domanda di entrambi i coniugi),specialistica:competenza_territoriale,competenza_territoriale,competenza_territoriale,competenza_territoriale,True,True,True,True,True,,,,,,False,,ok
kb_98_top9_set2_parte1.json,TOP9_CODICI_FREQUENTI_SET2_PARTE1,100002,Opposizione a decreto ingiuntivo (art. 645 c.p.c.),denominazione,denominazione,denominazione,denominazione,True,True,True,True,True,,,,Opposizione a decreto ingiuntivo (art. 645 c.p.c.),Opposizione a decreto ingiuntivo (art. 645 c.p.c.),False,,ok
kb_98_top9_set2_parte1.json,TOP9_CODICI_FREQUENTI_SET2_PARTE1,100002,Opposizione a decreto ingiuntivo (art. 645 c.p.c.),categoria,categoria,categoria,categoria,True,True,True,True,True,,,,Opposizioni a provvedimenti monitori,Opposizioni a provvedimenti monitori,False,,ok
kb_98_top9_set2_parte1.json,TOP9_CODICI_FREQUENTI_SET2_PARTE1,100002,Opposizione a decreto ingiuntivo (art. 645 c.p.c.),sottocategoria,sottocategoria,sottocategoria,sottocategoria,True,True,True,True,True,,,,Opposizione al decreto ingiuntivo - trasformazione in giudizio ordinario di cognizione,Opposizione al decreto ingiuntivo - trasformazione in giudizio ordinario di cognizione,False,,ok
kb_98_top9_set2_parte1.json,TOP9_CODICI_FREQUENTI_SET2_PARTE1,100002,Opposizione a decreto ingiuntivo (art. 645 c.p.c.),rito,rito,rito,rito,True,True,True,True,True,,,,Rito ordinario di cognizione (l'opposizione apre il giudizio di cognizione piena sul rapporto sostanziale),Rito ordinario di cognizione (l'opposizione apre il giudizio di cognizione piena sul rapporto sostanziale),False,,ok
kb_98_top9_set2_parte1.json,TOP9_CODICI_FREQUENTI_SET2_PARTE1,100002,Opposizione a decreto ingiuntivo (art. 645 c.p.c.),competenza,competenza,competenza,competenza,True,True,True,True,True,,,,STESSO GIUDICE che ha emesso il decreto ingiuntivo (art. 645 c. 1 c.p.c.) - inderogabile per ragioni di competenza territoriale (ma derogabile per valore e materia se concorrente),STESSO GIUDICE che ha emesso il decreto ingiuntivo (art. 645 c. 1 c.p.c.) - inderogabile per ragioni di competenza territoriale (ma derogabile per valore e materia se concorrente),False,,ok
kb_98_top9_set2_parte1.json,TOP9_CODICI_FREQUENTI_SET2_PARTE1,100002,Opposizione a decreto ingiuntivo (art. 645 c.p.c.),uffici_destinatari,uffici_destinatari,uffici_destinatari,uffici_destinatari,True,True,True,True,True,,,,,,False,,ok
kb_98_top9_set2_parte1.json,TOP9_CODICI_FREQUENTI_SET2_PARTE1,100002,Opposizione a decreto ingiuntivo (art. 645 c.p.c.),tipologie_di_intervento,tipologie_di_intervento,tipologie_di_intervento,tipologie_di_intervento,False,False,False,True,False,,,,,,False,,ok
kb_98_top9_set2_parte1.json,TOP9_CODICI_FREQUENTI_SET2_PARTE1,100002,Opposizione a decreto ingiuntivo (art. 645 c.p.c.),presupposti_sostanziali,presupposti_sostanziali,presupposti_sostanziali,presupposti_sostanziali,True,True,True,True,True,,,,,,False,,ok
kb_98_top9_set2_parte1.json,TOP9_CODICI_FREQUENTI_SET2_PARTE1,100002,Opposizione a decreto ingiuntivo (art. 645 c.p.c.),legittimati_attivi,legittimati_attivi,legittimati_attivi,legittimati_attivi,False,False,False,True,False,,,,,,False,,ok
kb_98_top9_set2_parte1.json,TOP9_CODICI_FREQUENTI_SET2_PARTE1,100002,Opposizione a decreto ingiuntivo (art. 645 c.p.c.),obbligo_mediazione,obbligo_mediazione,obbligo_mediazione,obbligo_mediazione,True,True,True,True,True,,,,,,False,,ok
kb_98_top9_set2_parte1.json,TOP9_CODICI_FREQUENTI_SET2_PARTE1,100002,Opposizione a decreto ingiuntivo (art. 645 c.p.c.),adempimenti_propedeutici,adempimenti_propedeutici,adempimenti_propedeutici,adempimenti_propedeutici,True,True,True,True,True,"1,2,3,4,5,6","1,2,3,4,5,6",,,,False,,ok
kb_98_top9_set2_parte1.json,TOP9_CODICI_FREQUENTI_SET2_PARTE1,100002,Opposizione a decreto ingiuntivo (art. 645 c.p.c.),richiesta_provvedimenti_urgenti,richiesta_provvedimenti_urgenti,richiesta_provvedimenti_urgenti,richiesta_provvedimenti_urgenti,False,False,False,True,False,,,,,,False,,ok
kb_98_top9_set2_parte1.json,TOP9_CODICI_FREQUENTI_SET2_PARTE1,100002,Opposizione a decreto ingiuntivo (art. 645 c.p.c.),avvertimenti_obbligatori,atto_principale.avvertimenti_obbligatori,atto_principale.avvertimenti_obbligatori,atto_principale.avvertimenti_obbligatori,True,True,True,True,True,,,,,,False,,ok
kb_98_top9_set2_parte1.json,TOP9_CODICI_FREQUENTI_SET2_PARTE1,100002,Opposizione a decreto ingiuntivo (art. 645 c.p.c.),allegati_obbligatori,allegati_obbligatori,allegati_obbligatori,allegati_obbligatori,True,True,True,True,True,,,,,,False,,ok
kb_98_top9_set2_parte1.json,TOP9_CODICI_FREQUENTI_SET2_PARTE1,100002,Opposizione a decreto ingiuntivo (art. 645 c.p.c.),termini_processuali,termini_processuali,termini_processuali,termini_processuali,True,True,True,True,True,,,,,,False,,ok
kb_98_top9_set2_parte1.json,TOP9_CODICI_FREQUENTI_SET2_PARTE1,100002,Opposizione a decreto ingiuntivo (art. 645 c.p.c.),esiti_processuali_tipici,esiti_processuali_tipici,esiti_processuali_tipici,esiti_processuali_tipici,True,True,True,True,True,,,,,,False,,ok
kb_98_top9_set2_parte1.json,TOP9_CODICI_FREQUENTI_SET2_PARTE1,100002,Opposizione a decreto ingiuntivo (art. 645 c.p.c.),normativa,normativa,normativa,normativa,True,True,True,True,True,,,,,,False,,ok
kb_98_top9_set2_parte1.json,TOP9_CODICI_FREQUENTI_SET2_PARTE1,100002,Opposizione a decreto ingiuntivo (art. 645 c.p.c.),atto_principale,atto_principale,atto_principale,atto_principale,True,True,True,True,True,,,,,,False,,ok
kb_98_top9_set2_parte1.json,TOP9_CODICI_FREQUENTI_SET2_PARTE1,100002,Opposizione a decreto ingiuntivo (art. 645 c.p.c.),specialistica:registro_sgr,registro_sgr,registro_sgr,registro_sgr,True,True,True,True,True,,,,,,False,,ok
kb_98_top9_set2_parte1.json,TOP9_CODICI_FREQUENTI_SET2_PARTE1,100002,Opposizione a decreto ingiuntivo (art. 645 c.p.c.),specialistica:opposizione_tardiva_650,opposizione_tardiva_650,opposizione_tardiva_650,opposizione_tardiva_650,True,True,True,True,True,,,,,,False,,ok
kb_98_top9_set2_parte1.json,TOP9_CODICI_FREQUENTI_SET2_PARTE1,413071,Apertura della tutela ordinaria (interdizione di maggiorenne),denominazione,denominazione,denominazione,denominazione,True,True,True,True,True,,,,Apertura della tutela ordinaria (interdizione di maggiorenne),Apertura della tutela ordinaria (interdizione di maggiorenne),False,,ok
kb_98_top9_set2_parte1.json,TOP9_CODICI_FREQUENTI_SET2_PARTE1,413071,Apertura della tutela ordinaria (interdizione di maggiorenne),categoria,categoria,categoria,categoria,True,True,True,True,True,,,,Volontaria giurisdizione - misure di protezione - tutele,Volontaria giurisdizione - misure di protezione - tutele,False,,ok
kb_98_top9_set2_parte1.json,TOP9_CODICI_FREQUENTI_SET2_PARTE1,413071,Apertura della tutela ordinaria (interdizione di maggiorenne),sottocategoria,sottocategoria,sottocategoria,sottocategoria,True,True,True,True,True,,,,Tutela per maggiorenne interdetto - nomina tutore,Tutela per maggiorenne interdetto - nomina tutore,False,,ok
kb_98_top9_set2_parte1.json,TOP9_CODICI_FREQUENTI_SET2_PARTE1,413071,Apertura della tutela ordinaria (interdizione di maggiorenne),rito,rito,rito,rito,True,True,True,True,True,,,,Procedimento per interdizione/inabilitazione ex artt. 712-720 c.p.c. (giudizio contenzioso con rito camerale per fase di apertura tutela),Procedimento per interdizione/inabilitazione ex artt. 712-720 c.p.c. (giudizio contenzioso con rito camerale per fase di apertura tutela),False,,ok
kb_98_top9_set2_parte1.json,TOP9_CODICI_FREQUENTI_SET2_PARTE1,413071,Apertura della tutela ordinaria (interdizione di maggiorenne),competenza,competenza,competenza,competenza,True,True,True,True,True,,,,TRIBUNALE ORDINARIO per pronuncia di interdizione; GIUDICE TUTELARE per apertura tutela e successive autorizzazioni dopo passaggio in giudicato sentenza di interdizione,TRIBUNALE ORDINARIO per pronuncia di interdizione; GIUDICE TUTELARE per apertura tutela e successive autorizzazioni dopo passaggio in giudicato sentenza di interdizione,False,,ok
kb_98_top9_set2_parte1.json,TOP9_CODICI_FREQUENTI_SET2_PARTE1,413071,Apertura della tutela ordinaria (interdizione di maggiorenne),uffici_destinatari,uffici_destinatari,uffici_destinatari,uffici_destinatari,True,True,True,True,True,,,,,,False,,ok
kb_98_top9_set2_parte1.json,TOP9_CODICI_FREQUENTI_SET2_PARTE1,413071,Apertura della tutela ordinaria (interdizione di maggiorenne),tipologie_di_intervento,tipologie_di_intervento,tipologie_di_intervento,tipologie_di_intervento,False,False,False,True,False,,,,,,False,,ok
kb_98_top9_set2_parte1.json,TOP9_CODICI_FREQUENTI_SET2_PARTE1,413071,Apertura della tutela ordinaria (interdizione di maggiorenne),presupposti_sostanziali,presupposti_sostanziali,presupposti_sostanziali,presupposti_sostanziali,False,False,False,True,False,,,,,,False,,ok
kb_98_top9_set2_parte1.json,TOP9_CODICI_FREQUENTI_SET2_PARTE1,413071,Apertura della tutela ordinaria (interdizione di maggiorenne),legittimati_attivi,legittimati_attivi,legittimati_attivi,legittimati_attivi,True,True,True,True,True,,,,,,False,,ok
kb_98_top9_set2_parte1.json,TOP9_CODICI_FREQUENTI_SET2_PARTE1,413071,Apertura della tutela ordinaria (interdizione di maggiorenne),obbligo_mediazione,obbligo_mediazione,obbligo_mediazione,obbligo_mediazione,True,True,True,True,True,,,,,,False,,ok
kb_98_top9_set2_parte1.json,TOP9_CODICI_FREQUENTI_SET2_PARTE1,413071,Apertura della tutela ordinaria (interdizione di maggiorenne),adempimenti_propedeutici,adempimenti_propedeutici,adempimenti_propedeutici,adempimenti_propedeutici,True,True,True,True,True,"1,2,3,4,5,6","1,2,3,4,5,6",,,,False,,ok
kb_98_top9_set2_parte1.json,TOP9_CODICI_FREQUENTI_SET2_PARTE1,413071,Apertura della tutela ordinaria (interdizione di maggiorenne),richiesta_provvedimenti_urgenti,richiesta_provvedimenti_urgenti,richiesta_provvedimenti_urgenti,richiesta_provvedimenti_urgenti,False,False,False,True,False,,,,,,False,,ok
kb_98_top9_set2_parte1.json,TOP9_CODICI_FREQUENTI_SET2_PARTE1,413071,Apertura della tutela ordinaria (interdizione di maggiorenne),avvertimenti_obbligatori,atto_principale.avvertimenti_obbligatori,atto_principale.avvertimenti_obbligatori,atto_principale.avvertimenti_obbligatori,True,True,True,True,True,,,,,,False,,ok
kb_98_top9_set2_parte1.json,TOP9_CODICI_FREQUENTI_SET2_PARTE1,413071,Apertura della tutela ordinaria (interdizione di maggiorenne),allegati_obbligatori,allegati_obbligatori,allegati_obbligatori,allegati_obbligatori,True,True,True,True,True,,,,,,False,,ok
kb_98_top9_set2_parte1.json,TOP9_CODICI_FREQUENTI_SET2_PARTE1,413071,Apertura della tutela ordinaria (interdizione di maggiorenne),termini_processuali,termini_processuali,termini_processuali,termini_processuali,True,True,True,True,True,,,,,,False,,ok
kb_98_top9_set2_parte1.json,TOP9_CODICI_FREQUENTI_SET2_PARTE1,413071,Apertura della tutela ordinaria (interdizione di maggiorenne),esiti_processuali_tipici,esiti_processuali_tipici,esiti_processuali_tipici,esiti_processuali_tipici,True,True,True,True,True,,,,,,False,,ok
kb_98_top9_set2_parte1.json,TOP9_CODICI_FREQUENTI_SET2_PARTE1,413071,Apertura della tutela ordinaria (interdizione di maggiorenne),normativa,normativa,normativa,normativa,True,True,True,True,True,,,,,,False,,ok
kb_98_top9_set2_parte1.json,TOP9_CODICI_FREQUENTI_SET2_PARTE1,413071,Apertura della tutela ordinaria (interdizione di maggiorenne),atto_principale,atto_principale,atto_principale,atto_principale,True,True,True,True,True,,,,,,False,,ok
kb_98_top9_set2_parte1.json,TOP9_CODICI_FREQUENTI_SET2_PARTE1,413071,Apertura della tutela ordinaria (interdizione di maggiorenne),specialistica:competenza_territoriale,competenza_territoriale,competenza_territoriale,competenza_territoriale,True,True,True,True,True,,,,,,False,,ok
kb_98_top9_set2_parte1.json,TOP9_CODICI_FREQUENTI_SET2_PARTE1,413071,Apertura della tutela ordinaria (interdizione di maggiorenne),specialistica:presupposti_sostanziali_interdizione,presupposti_sostanziali_interdizione,presupposti_sostanziali_interdizione,presupposti_sostanziali_interdizione,True,True,True,True,True,,,,,,False,,ok
kb_98_top9_set2_parte1.json,TOP9_CODICI_FREQUENTI_SET2_PARTE1,413071,Apertura della tutela ordinaria (interdizione di maggiorenne),specialistica:differenze_da_inabilitazione_e_ads,differenze_da_inabilitazione_e_ads,differenze_da_inabilitazione_e_ads,differenze_da_inabilitazione_e_ads,True,True,True,True,True,,,,,,False,,ok
kb_98_top9_set2_parte1.json,TOP9_CODICI_FREQUENTI_SET2_PARTE1,620001,Esecuzione esattoriale immobiliare / Espropriazione immobiliare ordinaria,denominazione,denominazione,denominazione,denominazione,True,True,True,True,True,,,,Esecuzione esattoriale immobiliare / Espropriazione immobiliare ordinaria,Esecuzione esattoriale Immobiliare,True,,ok
kb_98_top9_set2_parte1.json,TOP9_CODICI_FREQUENTI_SET2_PARTE1,620001,Esecuzione esattoriale immobiliare / Espropriazione immobiliare ordinaria,categoria,categoria,categoria,categoria,True,True,True,True,True,,,,Esecuzione immobiliare,Esecuzioni immobiliari,True,,ok
kb_98_top9_set2_parte1.json,TOP9_CODICI_FREQUENTI_SET2_PARTE1,620001,Esecuzione esattoriale immobiliare / Espropriazione immobiliare ordinaria,sottocategoria,sottocategoria,sottocategoria,sottocategoria,True,True,True,True,True,,,,Pignoramento di beni immobili - procedura ordinaria (artt. 555-598 c.p.c.) o esattoriale (D.P.R. 602/1973),Espropriazione esattoriale immobiliare,True,,ok
kb_98_top9_set2_parte1.json,TOP9_CODICI_FREQUENTI_SET2_PARTE1,620001,Esecuzione esattoriale immobiliare / Espropriazione immobiliare ordinaria,rito,rito,rito,rito,True,True,True,True,True,,,,Espropriazione immobiliare ex artt. 555-598 c.p.c. (procedura ordinaria) - artt. 76-86 D.P.R. 602/1973 (esattoriale),Esecuzione forzata,True,,ok
kb_98_top9_set2_parte1.json,TOP9_CODICI_FREQUENTI_SET2_PARTE1,620001,Esecuzione esattoriale immobiliare / Espropriazione immobiliare ordinaria,competenza,competenza,competenza,competenza,True,True,True,True,True,,,,Giudice dell'esecuzione del Tribunale del luogo in cui è situato l'immobile (art. 26 c.p.c.),"Da verificare in base a ufficio, valore, materia, foro speciale e fase processuale.",True,,ok
kb_98_top9_set2_parte1.json,TOP9_CODICI_FREQUENTI_SET2_PARTE1,620001,Esecuzione esattoriale immobiliare / Espropriazione immobiliare ordinaria,uffici_destinatari,uffici_destinatari,uffici_destinatari,uffici_destinatari,True,True,True,True,True,,,,,,False,,ok
kb_98_top9_set2_parte1.json,TOP9_CODICI_FREQUENTI_SET2_PARTE1,620001,Esecuzione esattoriale immobiliare / Espropriazione immobiliare ordinaria,tipologie_di_intervento,tipologie_di_intervento,tipologie_di_intervento,tipologie_di_intervento,False,True,True,True,True,,,,,,False,,ok
kb_98_top9_set2_parte1.json,TOP9_CODICI_FREQUENTI_SET2_PARTE1,620001,Esecuzione esattoriale immobiliare / Espropriazione immobiliare ordinaria,presupposti_sostanziali,presupposti_sostanziali,presupposti_sostanziali,presupposti_sostanziali,True,True,True,True,True,,,,,,False,,ok
kb_98_top9_set2_parte1.json,TOP9_CODICI_FREQUENTI_SET2_PARTE1,620001,Esecuzione esattoriale immobiliare / Espropriazione immobiliare ordinaria,legittimati_attivi,legittimati_attivi,legittimati_attivi,legittimati_attivi,False,True,True,True,True,,,,,,False,,ok
kb_98_top9_set2_parte1.json,TOP9_CODICI_FREQUENTI_SET2_PARTE1,620001,Esecuzione esattoriale immobiliare / Espropriazione immobiliare ordinaria,obbligo_mediazione,obbligo_mediazione,obbligo_mediazione,obbligo_mediazione,True,True,True,True,True,,,,,,False,,ok
kb_98_top9_set2_parte1.json,TOP9_CODICI_FREQUENTI_SET2_PARTE1,620001,Esecuzione esattoriale immobiliare / Espropriazione immobiliare ordinaria,adempimenti_propedeutici,adempimenti_propedeutici,adempimenti_propedeutici,adempimenti_propedeutici,True,True,True,True,True,"1,2,3,4,5,6,7","1,2,3,4,5,6,7",,,,False,,ok
kb_98_top9_set2_parte1.json,TOP9_CODICI_FREQUENTI_SET2_PARTE1,620001,Esecuzione esattoriale immobiliare / Espropriazione immobiliare ordinaria,richiesta_provvedimenti_urgenti,richiesta_provvedimenti_urgenti,richiesta_provvedimenti_urgenti,richiesta_provvedimenti_urgenti,False,True,True,True,True,,,,,,False,,ok
kb_98_top9_set2_parte1.json,TOP9_CODICI_FREQUENTI_SET2_PARTE1,620001,Esecuzione esattoriale immobiliare / Espropriazione immobiliare ordinaria,avvertimenti_obbligatori,atto_principale.avvertimenti_obbligatori,avvertimenti_obbligatori,avvertimenti_obbligatori,True,True,True,True,True,,,,,,False,,ok
kb_98_top9_set2_parte1.json,TOP9_CODICI_FREQUENTI_SET2_PARTE1,620001,Esecuzione esattoriale immobiliare / Espropriazione immobiliare ordinaria,allegati_obbligatori,allegati_obbligatori,allegati_obbligatori,allegati_obbligatori,True,True,True,True,True,,,,,,False,,ok
kb_98_top9_set2_parte1.json,TOP9_CODICI_FREQUENTI_SET2_PARTE1,620001,Esecuzione esattoriale immobiliare / Espropriazione immobiliare ordinaria,termini_processuali,termini_processuali,termini_processuali,termini_processuali,True,True,True,True,True,,,,,,False,,ok
kb_98_top9_set2_parte1.json,TOP9_CODICI_FREQUENTI_SET2_PARTE1,620001,Esecuzione esattoriale immobiliare / Espropriazione immobiliare ordinaria,esiti_processuali_tipici,esiti_processuali_tipici,esiti_processuali_tipici,esiti_processuali_tipici,True,True,True,True,True,,,,,,False,,ok
kb_98_top9_set2_parte1.json,TOP9_CODICI_FREQUENTI_SET2_PARTE1,620001,Esecuzione esattoriale immobiliare / Espropriazione immobiliare ordinaria,normativa,normativa,normativa,normativa,True,True,True,True,True,,,,,,False,,ok
kb_98_top9_set2_parte1.json,TOP9_CODICI_FREQUENTI_SET2_PARTE1,620001,Esecuzione esattoriale immobiliare / Espropriazione immobiliare ordinaria,atto_principale,atto_principale,atto_principale,atto_principale,True,True,True,True,True,,,,,,False,,ok
kb_98_top9_set2_parte1.json,TOP9_CODICI_FREQUENTI_SET2_PARTE1,620001,Esecuzione esattoriale immobiliare / Espropriazione immobiliare ordinaria,specialistica:registro_sgr,registro_sgr,registro_sgr,registro_sgr,True,True,True,True,True,,,,,,False,,ok
kb_98_top9_set2_parte1.json,TOP9_CODICI_FREQUENTI_SET2_PARTE1,620001,Esecuzione esattoriale immobiliare / Espropriazione immobiliare ordinaria,specialistica:limiti_pignorabilita_prima_casa_esattoriale_art_76,limiti_pignorabilita_prima_casa_esattoriale_art_76,limiti_pignorabilita_prima_casa_esattoriale_art_76,limiti_pignorabilita_prima_casa_esattoriale_art_76,True,True,True,True,True,,,,,,False,,ok
kb_98_top9_set2_parte1.json,TOP9_CODICI_FREQUENTI_SET2_PARTE1,143002,Responsabilità professionale del personale sanitario e della struttura sanitaria (Legge Gelli-Bianco),denominazione,denominazione,denominazione,denominazione,True,True,True,True,True,,,,Responsabilità professionale del personale sanitario e della struttura sanitaria (Legge Gelli-Bianco),Responsabilità professionale del personale sanitario e della struttura sanitaria (Legge Gelli-Bianco),False,,ok
kb_98_top9_set2_parte1.json,TOP9_CODICI_FREQUENTI_SET2_PARTE1,143002,Responsabilità professionale del personale sanitario e della struttura sanitaria (Legge Gelli-Bianco),categoria,categoria,categoria,categoria,True,True,True,True,True,,,,Responsabilità civile - responsabilità professionale sanitaria,Responsabilità civile - responsabilità professionale sanitaria,False,,ok
kb_98_top9_set2_parte1.json,TOP9_CODICI_FREQUENTI_SET2_PARTE1,143002,Responsabilità professionale del personale sanitario e della struttura sanitaria (Legge Gelli-Bianco),sottocategoria,sottocategoria,sottocategoria,sottocategoria,True,True,True,True,True,,,,"Risarcimento danni da malpractice medica - responsabilità della struttura sanitaria (contrattuale) e del sanitario (extracontrattuale, salvo contratto specifico)","Risarcimento danni da malpractice medica - responsabilità della struttura sanitaria (contrattuale) e del sanitario (extracontrattuale, salvo contratto specifico)",False,,ok
kb_98_top9_set2_parte1.json,TOP9_CODICI_FREQUENTI_SET2_PARTE1,143002,Responsabilità professionale del personale sanitario e della struttura sanitaria (Legge Gelli-Bianco),rito,rito,rito,rito,True,True,True,True,True,,,,"Rito ordinario di cognizione, preceduto OBBLIGATORIAMENTE da ATP CONCILIATIVO ex art. 8 L. 24/2017 o, in alternativa, da mediazione obbligatoria ex art. 5 D.Lgs. 28/2010","Rito ordinario di cognizione, preceduto OBBLIGATORIAMENTE da ATP CONCILIATIVO ex art. 8 L. 24/2017 o, in alternativa, da mediazione obbligatoria ex art. 5 D.Lgs. 28/2010",False,,ok
kb_98_top9_set2_parte1.json,TOP9_CODICI_FREQUENTI_SET2_PARTE1,143002,Responsabilità professionale del personale sanitario e della struttura sanitaria (Legge Gelli-Bianco),competenza,competenza,competenza,competenza,True,True,True,True,True,,,,Tribunale per valore > 5.000 € (sempre per danni alla persona di rilievo) - foro del danneggiato/luogo erogazione prestazione/sede struttura (art. 18-19-20 c.p.c.),Tribunale per valore > 5.000 € (sempre per danni alla persona di rilievo) - foro del danneggiato/luogo erogazione prestazione/sede struttura (art. 18-19-20 c.p.c.),False,,ok
kb_98_top9_set2_parte1.json,TOP9_CODICI_FREQUENTI_SET2_PARTE1,143002,Responsabilità professionale del personale sanitario e della struttura sanitaria (Legge Gelli-Bianco),uffici_destinatari,uffici_destinatari,uffici_destinatari,uffici_destinatari,True,True,True,True,True,,,,,,False,,ok
kb_98_top9_set2_parte1.json,TOP9_CODICI_FREQUENTI_SET2_PARTE1,143002,Responsabilità professionale del personale sanitario e della struttura sanitaria (Legge Gelli-Bianco),tipologie_di_intervento,tipologie_di_intervento,tipologie_di_intervento,tipologie_di_intervento,False,False,False,True,False,,,,,,False,,ok
kb_98_top9_set2_parte1.json,TOP9_CODICI_FREQUENTI_SET2_PARTE1,143002,Responsabilità professionale del personale sanitario e della struttura sanitaria (Legge Gelli-Bianco),presupposti_sostanziali,presupposti_sostanziali,presupposti_sostanziali,presupposti_sostanziali,True,True,True,True,True,,,,,,False,,ok
kb_98_top9_set2_parte1.json,TOP9_CODICI_FREQUENTI_SET2_PARTE1,143002,Responsabilità professionale del personale sanitario e della struttura sanitaria (Legge Gelli-Bianco),legittimati_attivi,legittimati_attivi,legittimati_attivi,legittimati_attivi,False,False,False,True,False,,,,,,False,,ok
kb_98_top9_set2_parte1.json,TOP9_CODICI_FREQUENTI_SET2_PARTE1,143002,Responsabilità professionale del personale sanitario e della struttura sanitaria (Legge Gelli-Bianco),obbligo_mediazione,obbligo_mediazione,obbligo_mediazione,obbligo_mediazione,False,False,False,True,False,,,,,,False,,ok
kb_98_top9_set2_parte1.json,TOP9_CODICI_FREQUENTI_SET2_PARTE1,143002,Responsabilità professionale del personale sanitario e della struttura sanitaria (Legge Gelli-Bianco),adempimenti_propedeutici,adempimenti_propedeutici,adempimenti_propedeutici,adempimenti_propedeutici,True,True,True,True,True,"1,2,3,4,5,6,7","1,2,3,4,5,6,7",,,,False,,ok
kb_98_top9_set2_parte1.json,TOP9_CODICI_FREQUENTI_SET2_PARTE1,143002,Responsabilità professionale del personale sanitario e della struttura sanitaria (Legge Gelli-Bianco),richiesta_provvedimenti_urgenti,richiesta_provvedimenti_urgenti,richiesta_provvedimenti_urgenti,richiesta_provvedimenti_urgenti,False,False,False,True,False,,,,,,False,,ok
kb_98_top9_set2_parte1.json,TOP9_CODICI_FREQUENTI_SET2_PARTE1,143002,Responsabilità professionale del personale sanitario e della struttura sanitaria (Legge Gelli-Bianco),avvertimenti_obbligatori,atto_principale.avvertimenti_obbligatori,atto_principale.avvertimenti_obbligatori,atto_principale.avvertimenti_obbligatori,True,True,True,True,True,,,,,,False,,ok
kb_98_top9_set2_parte1.json,TOP9_CODICI_FREQUENTI_SET2_PARTE1,143002,Responsabilità professionale del personale sanitario e della struttura sanitaria (Legge Gelli-Bianco),allegati_obbligatori,allegati_obbligatori,allegati_obbligatori,allegati_obbligatori,True,True,True,True,True,,,,,,False,,ok
kb_98_top9_set2_parte1.json,TOP9_CODICI_FREQUENTI_SET2_PARTE1,143002,Responsabilità professionale del personale sanitario e della struttura sanitaria (Legge Gelli-Bianco),termini_processuali,termini_processuali,termini_processuali,termini_processuali,True,True,True,True,True,,,,,,False,,ok
kb_98_top9_set2_parte1.json,TOP9_CODICI_FREQUENTI_SET2_PARTE1,143002,Responsabilità professionale del personale sanitario e della struttura sanitaria (Legge Gelli-Bianco),esiti_processuali_tipici,esiti_processuali_tipici,esiti_processuali_tipici,esiti_processuali_tipici,True,True,True,True,True,,,,,,False,,ok
kb_98_top9_set2_parte1.json,TOP9_CODICI_FREQUENTI_SET2_PARTE1,143002,Responsabilità professionale del personale sanitario e della struttura sanitaria (Legge Gelli-Bianco),normativa,normativa,normativa,normativa,True,True,True,True,True,,,,,,False,,ok
kb_98_top9_set2_parte1.json,TOP9_CODICI_FREQUENTI_SET2_PARTE1,143002,Responsabilità professionale del personale sanitario e della struttura sanitaria (Legge Gelli-Bianco),atto_principale,atto_principale,atto_principale,atto_principale,True,True,True,True,True,,,,,,False,,ok
kb_98_top9_set2_parte1.json,TOP9_CODICI_FREQUENTI_SET2_PARTE1,143002,Responsabilità professionale del personale sanitario e della struttura sanitaria (Legge Gelli-Bianco),specialistica:obbligo_atp_conciliativo_o_mediazione,obbligo_atp_conciliativo_o_mediazione,obbligo_atp_conciliativo_o_mediazione,obbligo_atp_conciliativo_o_mediazione,True,True,True,True,True,,,,,,False,,ok
kb_98_top9_set2_parte2.json,TOP9_CODICI_FREQUENTI_SET2_PARTE2_SANIFICATO,220101,Licenziamento individuale per giustificato motivo oggettivo (gmo),denominazione,denominazione,denominazione,denominazione,True,True,True,True,True,,,,Licenziamento individuale per giustificato motivo oggettivo (gmo),Licenziamento individuale per giustificato motivo oggettivo (gmo),False,,ok
kb_98_top9_set2_parte2.json,TOP9_CODICI_FREQUENTI_SET2_PARTE2_SANIFICATO,220101,Licenziamento individuale per giustificato motivo oggettivo (gmo),categoria,categoria,categoria,categoria,True,True,True,True,True,,,,Lavoro - licenziamenti individuali,Lavoro - licenziamenti individuali,False,,ok
kb_98_top9_set2_parte2.json,TOP9_CODICI_FREQUENTI_SET2_PARTE2_SANIFICATO,220101,Licenziamento individuale per giustificato motivo oggettivo (gmo),sottocategoria,sottocategoria,sottocategoria,sottocategoria,True,True,True,True,True,,,,Impugnazione licenziamento per ragioni economiche/organizzative/produttive,Impugnazione licenziamento per ragioni economiche/organizzative/produttive,False,,ok
kb_98_top9_set2_parte2.json,TOP9_CODICI_FREQUENTI_SET2_PARTE2_SANIFICATO,220101,Licenziamento individuale per giustificato motivo oggettivo (gmo),rito,rito,rito,rito,True,True,True,True,True,,,,Rito ordinario del lavoro ex artt. 409 e ss. c.p.c. (per assunti dal 7/3/2015) OR Rito Fornero ex L. 92/2012 c. 47-69 (per assunti ante 7/3/2015 con tutela ex art. 18 St.Lav.),Rito ordinario del lavoro ex artt. 409 e ss. c.p.c. (per assunti dal 7/3/2015) OR Rito Fornero ex L. 92/2012 c. 47-69 (per assunti ante 7/3/2015 con tutela ex art. 18 St.Lav.),False,,ok
kb_98_top9_set2_parte2.json,TOP9_CODICI_FREQUENTI_SET2_PARTE2_SANIFICATO,220101,Licenziamento individuale per giustificato motivo oggettivo (gmo),competenza,competenza,competenza,competenza,True,True,True,True,True,,,,Tribunale del lavoro - foro luogo sede di lavoro (art. 413 c.p.c.),Tribunale del lavoro - foro luogo sede di lavoro (art. 413 c.p.c.),False,,ok
kb_98_top9_set2_parte2.json,TOP9_CODICI_FREQUENTI_SET2_PARTE2_SANIFICATO,220101,Licenziamento individuale per giustificato motivo oggettivo (gmo),uffici_destinatari,uffici_destinatari,uffici_destinatari,uffici_destinatari,True,True,True,True,True,,,,,,False,,ok
kb_98_top9_set2_parte2.json,TOP9_CODICI_FREQUENTI_SET2_PARTE2_SANIFICATO,220101,Licenziamento individuale per giustificato motivo oggettivo (gmo),tipologie_di_intervento,tipologie_di_intervento,tipologie_di_intervento,tipologie_di_intervento,False,False,False,True,False,,,,,,False,,ok
kb_98_top9_set2_parte2.json,TOP9_CODICI_FREQUENTI_SET2_PARTE2_SANIFICATO,220101,Licenziamento individuale per giustificato motivo oggettivo (gmo),presupposti_sostanziali,presupposti_sostanziali_gmo,presupposti_sostanziali_gmo,presupposti_sostanziali,True,True,True,True,True,,,,,,False,,ok
kb_98_top9_set2_parte2.json,TOP9_CODICI_FREQUENTI_SET2_PARTE2_SANIFICATO,220101,Licenziamento individuale per giustificato motivo oggettivo (gmo),legittimati_attivi,legittimati_attivi,legittimati_attivi,legittimati_attivi,False,False,False,True,False,,,,,,False,,ok
kb_98_top9_set2_parte2.json,TOP9_CODICI_FREQUENTI_SET2_PARTE2_SANIFICATO,220101,Licenziamento individuale per giustificato motivo oggettivo (gmo),obbligo_mediazione,obbligo_mediazione,obbligo_mediazione,obbligo_mediazione,True,True,True,True,True,,,,,,False,,ok
kb_98_top9_set2_parte2.json,TOP9_CODICI_FREQUENTI_SET2_PARTE2_SANIFICATO,220101,Licenziamento individuale per giustificato motivo oggettivo (gmo),adempimenti_propedeutici,adempimenti_propedeutici,adempimenti_propedeutici,adempimenti_propedeutici,True,True,True,True,True,"1,2,3,4,5,6,7","1,2,3,4,5,6,7",,,,False,,ok
kb_98_top9_set2_parte2.json,TOP9_CODICI_FREQUENTI_SET2_PARTE2_SANIFICATO,220101,Licenziamento individuale per giustificato motivo oggettivo (gmo),richiesta_provvedimenti_urgenti,richiesta_provvedimenti_urgenti,richiesta_provvedimenti_urgenti,richiesta_provvedimenti_urgenti,False,False,False,True,False,,,,,,False,,ok
kb_98_top9_set2_parte2.json,TOP9_CODICI_FREQUENTI_SET2_PARTE2_SANIFICATO,220101,Licenziamento individuale per giustificato motivo oggettivo (gmo),avvertimenti_obbligatori,atto_principale.avvertimenti_obbligatori,atto_principale.avvertimenti_obbligatori,atto_principale.avvertimenti_obbligatori,True,True,True,True,True,,,,,,False,,ok
kb_98_top9_set2_parte2.json,TOP9_CODICI_FREQUENTI_SET2_PARTE2_SANIFICATO,220101,Licenziamento individuale per giustificato motivo oggettivo (gmo),allegati_obbligatori,allegati_obbligatori,allegati_obbligatori,allegati_obbligatori,True,True,True,True,True,,,,,,False,,ok
kb_98_top9_set2_parte2.json,TOP9_CODICI_FREQUENTI_SET2_PARTE2_SANIFICATO,220101,Licenziamento individuale per giustificato motivo oggettivo (gmo),termini_processuali,termini_processuali,termini_processuali,termini_processuali,True,True,True,True,True,,,,,,False,,ok
kb_98_top9_set2_parte2.json,TOP9_CODICI_FREQUENTI_SET2_PARTE2_SANIFICATO,220101,Licenziamento individuale per giustificato motivo oggettivo (gmo),esiti_processuali_tipici,esiti_processuali_tipici,esiti_processuali_tipici,esiti_processuali_tipici,True,True,True,True,True,,,,,,False,,ok
kb_98_top9_set2_parte2.json,TOP9_CODICI_FREQUENTI_SET2_PARTE2_SANIFICATO,220101,Licenziamento individuale per giustificato motivo oggettivo (gmo),normativa,normativa,normativa,normativa,True,True,True,True,True,,,,,,False,,ok
kb_98_top9_set2_parte2.json,TOP9_CODICI_FREQUENTI_SET2_PARTE2_SANIFICATO,220101,Licenziamento individuale per giustificato motivo oggettivo (gmo),atto_principale,atto_principale,atto_principale,atto_principale,True,True,True,True,True,,,,,,False,,ok
kb_98_top9_set2_parte2.json,TOP9_CODICI_FREQUENTI_SET2_PARTE2_SANIFICATO,220101,Licenziamento individuale per giustificato motivo oggettivo (gmo),specialistica:vizi_dedotti_tipici,vizi_dedotti_tipici,vizi_dedotti_tipici,vizi_dedotti_tipici,True,True,True,True,True,,,,,,False,,ok
kb_98_top9_set2_parte2.json,TOP9_CODICI_FREQUENTI_SET2_PARTE2_SANIFICATO,220101,Licenziamento individuale per giustificato motivo oggettivo (gmo),specialistica:guida_pratica_facoltativa,guida_pratica_facoltativa,guida_pratica_facoltativa,guida_pratica_facoltativa,True,True,True,True,True,,,,,,False,,ok
kb_98_top9_set2_parte2.json,TOP9_CODICI_FREQUENTI_SET2_PARTE2_SANIFICATO,220101,Licenziamento individuale per giustificato motivo oggettivo (gmo),specialistica:codice_deposito_automatico,codice_deposito_automatico,codice_deposito_automatico,codice_deposito_automatico,True,True,True,True,True,,,,,,False,,ok
kb_98_top9_set2_parte2.json,TOP9_CODICI_FREQUENTI_SET2_PARTE2_SANIFICATO,220101,Licenziamento individuale per giustificato motivo oggettivo (gmo),specialistica:verifica_pst_xsd_iusentra,verifica_pst_xsd_iusentra,verifica_pst_xsd_iusentra,verifica_pst_xsd_iusentra,True,True,True,True,True,,,,,,False,,ok
kb_98_top9_set2_parte2.json,TOP9_CODICI_FREQUENTI_SET2_PARTE2_SANIFICATO,121003,Divisione di comunione ereditaria (divisione giudiziale),denominazione,denominazione,denominazione,denominazione,True,True,True,True,True,,,,Divisione di comunione ereditaria (divisione giudiziale),Divisione di comunione ereditaria (divisione giudiziale),False,,ok
kb_98_top9_set2_parte2.json,TOP9_CODICI_FREQUENTI_SET2_PARTE2_SANIFICATO,121003,Divisione di comunione ereditaria (divisione giudiziale),categoria,categoria,categoria,categoria,True,True,True,True,True,,,,Successioni e diritti reali - divisione,Successioni e diritti reali - divisione,False,,ok
kb_98_top9_set2_parte2.json,TOP9_CODICI_FREQUENTI_SET2_PARTE2_SANIFICATO,121003,Divisione di comunione ereditaria (divisione giudiziale),sottocategoria,sottocategoria,sottocategoria,sottocategoria,True,True,True,True,True,,,,Scioglimento della comunione ereditaria per via giudiziale,Scioglimento della comunione ereditaria per via giudiziale,False,,ok
kb_98_top9_set2_parte2.json,TOP9_CODICI_FREQUENTI_SET2_PARTE2_SANIFICATO,121003,Divisione di comunione ereditaria (divisione giudiziale),rito,rito,rito,rito,True,True,True,True,True,,,,Rito ordinario di cognizione preceduto da MEDIAZIONE OBBLIGATORIA ex art. 5 c. 1-bis D.Lgs. 28/2010,Rito ordinario di cognizione preceduto da MEDIAZIONE OBBLIGATORIA ex art. 5 c. 1-bis D.Lgs. 28/2010,False,,ok
kb_98_top9_set2_parte2.json,TOP9_CODICI_FREQUENTI_SET2_PARTE2_SANIFICATO,121003,Divisione di comunione ereditaria (divisione giudiziale),competenza,competenza,competenza,competenza,True,True,True,True,True,,,,Tribunale del luogo dell'apertura della successione (art. 22 c.p.c.) - foro esclusivo,Tribunale del luogo dell'apertura della successione (art. 22 c.p.c.) - foro esclusivo,False,,ok
kb_98_top9_set2_parte2.json,TOP9_CODICI_FREQUENTI_SET2_PARTE2_SANIFICATO,121003,Divisione di comunione ereditaria (divisione giudiziale),uffici_destinatari,uffici_destinatari,uffici_destinatari,uffici_destinatari,True,True,True,True,True,,,,,,False,,ok
kb_98_top9_set2_parte2.json,TOP9_CODICI_FREQUENTI_SET2_PARTE2_SANIFICATO,121003,Divisione di comunione ereditaria (divisione giudiziale),tipologie_di_intervento,tipologie_di_intervento,tipologie_di_intervento,tipologie_di_intervento,False,False,False,True,False,,,,,,False,,ok
kb_98_top9_set2_parte2.json,TOP9_CODICI_FREQUENTI_SET2_PARTE2_SANIFICATO,121003,Divisione di comunione ereditaria (divisione giudiziale),presupposti_sostanziali,presupposti_sostanziali,presupposti_sostanziali,presupposti_sostanziali,True,True,True,True,True,,,,,,False,,ok
kb_98_top9_set2_parte2.json,TOP9_CODICI_FREQUENTI_SET2_PARTE2_SANIFICATO,121003,Divisione di comunione ereditaria (divisione giudiziale),legittimati_attivi,legittimati_attivi,legittimati_attivi,legittimati_attivi,False,False,False,True,False,,,,,,False,,ok
kb_98_top9_set2_parte2.json,TOP9_CODICI_FREQUENTI_SET2_PARTE2_SANIFICATO,121003,Divisione di comunione ereditaria (divisione giudiziale),obbligo_mediazione,obbligo_mediazione,obbligo_mediazione,obbligo_mediazione,True,True,True,True,True,,,,,,False,,ok
kb_98_top9_set2_parte2.json,TOP9_CODICI_FREQUENTI_SET2_PARTE2_SANIFICATO,121003,Divisione di comunione ereditaria (divisione giudiziale),adempimenti_propedeutici,adempimenti_propedeutici,adempimenti_propedeutici,adempimenti_propedeutici,True,True,True,True,True,"1,2,3,4,5,6,7","1,2,3,4,5,6,7",,,,False,,ok
kb_98_top9_set2_parte2.json,TOP9_CODICI_FREQUENTI_SET2_PARTE2_SANIFICATO,121003,Divisione di comunione ereditaria (divisione giudiziale),richiesta_provvedimenti_urgenti,richiesta_provvedimenti_urgenti,richiesta_provvedimenti_urgenti,richiesta_provvedimenti_urgenti,False,False,False,True,False,,,,,,False,,ok
kb_98_top9_set2_parte2.json,TOP9_CODICI_FREQUENTI_SET2_PARTE2_SANIFICATO,121003,Divisione di comunione ereditaria (divisione giudiziale),avvertimenti_obbligatori,atto_principale.avvertimenti_obbligatori,atto_principale.avvertimenti_obbligatori,atto_principale.avvertimenti_obbligatori,True,True,True,True,True,,,,,,False,,ok
kb_98_top9_set2_parte2.json,TOP9_CODICI_FREQUENTI_SET2_PARTE2_SANIFICATO,121003,Divisione di comunione ereditaria (divisione giudiziale),allegati_obbligatori,allegati_obbligatori,allegati_obbligatori,allegati_obbligatori,True,True,True,True,True,,,,,,False,,ok
kb_98_top9_set2_parte2.json,TOP9_CODICI_FREQUENTI_SET2_PARTE2_SANIFICATO,121003,Divisione di comunione ereditaria (divisione giudiziale),termini_processuali,termini_processuali,termini_processuali,termini_processuali,True,True,True,True,True,,,,,,False,,ok
kb_98_top9_set2_parte2.json,TOP9_CODICI_FREQUENTI_SET2_PARTE2_SANIFICATO,121003,Divisione di comunione ereditaria (divisione giudiziale),esiti_processuali_tipici,esiti_processuali_tipici,esiti_processuali_tipici,esiti_processuali_tipici,True,True,True,True,True,,,,,,False,,ok
kb_98_top9_set2_parte2.json,TOP9_CODICI_FREQUENTI_SET2_PARTE2_SANIFICATO,121003,Divisione di comunione ereditaria (divisione giudiziale),normativa,normativa,normativa,normativa,True,True,True,True,True,,,,,,False,,ok
kb_98_top9_set2_parte2.json,TOP9_CODICI_FREQUENTI_SET2_PARTE2_SANIFICATO,121003,Divisione di comunione ereditaria (divisione giudiziale),atto_principale,atto_principale,atto_principale,atto_principale,True,True,True,True,True,,,,,,False,,ok
kb_98_top9_set2_parte2.json,TOP9_CODICI_FREQUENTI_SET2_PARTE2_SANIFICATO,121003,Divisione di comunione ereditaria (divisione giudiziale),specialistica:guida_pratica_facoltativa,guida_pratica_facoltativa,guida_pratica_facoltativa,guida_pratica_facoltativa,True,True,True,True,True,,,,,,False,,ok
kb_98_top9_set2_parte2.json,TOP9_CODICI_FREQUENTI_SET2_PARTE2_SANIFICATO,121003,Divisione di comunione ereditaria (divisione giudiziale),specialistica:codice_deposito_automatico,codice_deposito_automatico,codice_deposito_automatico,codice_deposito_automatico,True,True,True,True,True,,,,,,False,,ok
kb_98_top9_set2_parte2.json,TOP9_CODICI_FREQUENTI_SET2_PARTE2_SANIFICATO,121003,Divisione di comunione ereditaria (divisione giudiziale),specialistica:nota_integrazione_iusentra,nota_integrazione_iusentra,nota_integrazione_iusentra,nota_integrazione_iusentra,True,True,True,True,True,,,,,,False,,ok
kb_98_top9_set2_parte2.json,TOP9_CODICI_FREQUENTI_SET2_PARTE2_SANIFICATO,121003,Divisione di comunione ereditaria (divisione giudiziale),specialistica:verifica_pst_xsd_iusentra,verifica_pst_xsd_iusentra,verifica_pst_xsd_iusentra,verifica_pst_xsd_iusentra,True,True,True,True,True,,,,,,False,,ok
kb_98_top9_set2_parte2.json,TOP9_CODICI_FREQUENTI_SET2_PARTE2_SANIFICATO,GUIDA_TUTELA_MINORI_ORDINARIA,"Apertura della tutela ordinaria - minori (per genitori deceduti, decaduti o impossibilitati)",denominazione,denominazione,denominazione,denominazione,True,True,True,True,True,,,,"Apertura della tutela ordinaria - minori (per genitori deceduti, decaduti o impossibilitati)","Apertura della tutela ordinaria - minori (per genitori deceduti, decaduti o impossibilitati)",False,,ok
kb_98_top9_set2_parte2.json,TOP9_CODICI_FREQUENTI_SET2_PARTE2_SANIFICATO,GUIDA_TUTELA_MINORI_ORDINARIA,"Apertura della tutela ordinaria - minori (per genitori deceduti, decaduti o impossibilitati)",categoria,categoria,categoria,categoria,True,True,True,True,True,,,,Volontaria giurisdizione - protezione dei minori,Volontaria giurisdizione - protezione dei minori,False,,ok
kb_98_top9_set2_parte2.json,TOP9_CODICI_FREQUENTI_SET2_PARTE2_SANIFICATO,GUIDA_TUTELA_MINORI_ORDINARIA,"Apertura della tutela ordinaria - minori (per genitori deceduti, decaduti o impossibilitati)",sottocategoria,sottocategoria,sottocategoria,sottocategoria,True,True,True,True,True,,,,Tutela del minore - nomina del tutore (artt. 343-389 c.c.),Tutela del minore - nomina del tutore (artt. 343-389 c.c.),False,,ok
kb_98_top9_set2_parte2.json,TOP9_CODICI_FREQUENTI_SET2_PARTE2_SANIFICATO,GUIDA_TUTELA_MINORI_ORDINARIA,"Apertura della tutela ordinaria - minori (per genitori deceduti, decaduti o impossibilitati)",rito,rito,rito,rito,True,True,True,True,True,,,,Procedimento camerale - GIUDICE TUTELARE,Procedimento camerale - GIUDICE TUTELARE,False,,ok
kb_98_top9_set2_parte2.json,TOP9_CODICI_FREQUENTI_SET2_PARTE2_SANIFICATO,GUIDA_TUTELA_MINORI_ORDINARIA,"Apertura della tutela ordinaria - minori (per genitori deceduti, decaduti o impossibilitati)",competenza,competenza,competenza,competenza,True,True,True,True,True,,,,GIUDICE TUTELARE del Tribunale del luogo di residenza/domicilio del minore,GIUDICE TUTELARE del Tribunale del luogo di residenza/domicilio del minore,False,,ok
kb_98_top9_set2_parte2.json,TOP9_CODICI_FREQUENTI_SET2_PARTE2_SANIFICATO,GUIDA_TUTELA_MINORI_ORDINARIA,"Apertura della tutela ordinaria - minori (per genitori deceduti, decaduti o impossibilitati)",uffici_destinatari,uffici_destinatari,uffici_destinatari,uffici_destinatari,True,True,True,True,True,,,,,,False,,ok
kb_98_top9_set2_parte2.json,TOP9_CODICI_FREQUENTI_SET2_PARTE2_SANIFICATO,GUIDA_TUTELA_MINORI_ORDINARIA,"Apertura della tutela ordinaria - minori (per genitori deceduti, decaduti o impossibilitati)",tipologie_di_intervento,tipologie_di_intervento,tipologie_di_intervento,tipologie_di_intervento,False,False,False,True,False,,,,,,False,,ok
kb_98_top9_set2_parte2.json,TOP9_CODICI_FREQUENTI_SET2_PARTE2_SANIFICATO,GUIDA_TUTELA_MINORI_ORDINARIA,"Apertura della tutela ordinaria - minori (per genitori deceduti, decaduti o impossibilitati)",presupposti_sostanziali,presupposti_sostanziali,presupposti_sostanziali,presupposti_sostanziali,True,True,True,True,True,,,,,,False,,ok
kb_98_top9_set2_parte2.json,TOP9_CODICI_FREQUENTI_SET2_PARTE2_SANIFICATO,GUIDA_TUTELA_MINORI_ORDINARIA,"Apertura della tutela ordinaria - minori (per genitori deceduti, decaduti o impossibilitati)",legittimati_attivi,legittimati_attivi,legittimati_attivi,legittimati_attivi,False,False,False,True,False,,,,,,False,,ok
kb_98_top9_set2_parte2.json,TOP9_CODICI_FREQUENTI_SET2_PARTE2_SANIFICATO,GUIDA_TUTELA_MINORI_ORDINARIA,"Apertura della tutela ordinaria - minori (per genitori deceduti, decaduti o impossibilitati)",obbligo_mediazione,obbligo_mediazione,obbligo_mediazione,obbligo_mediazione,True,True,True,True,True,,,,,,False,,ok
kb_98_top9_set2_parte2.json,TOP9_CODICI_FREQUENTI_SET2_PARTE2_SANIFICATO,GUIDA_TUTELA_MINORI_ORDINARIA,"Apertura della tutela ordinaria - minori (per genitori deceduti, decaduti o impossibilitati)",adempimenti_propedeutici,adempimenti_propedeutici,adempimenti_propedeutici,adempimenti_propedeutici,True,True,True,True,True,"1,2,3,4,5,6","1,2,3,4,5,6",,,,False,,ok
kb_98_top9_set2_parte2.json,TOP9_CODICI_FREQUENTI_SET2_PARTE2_SANIFICATO,GUIDA_TUTELA_MINORI_ORDINARIA,"Apertura della tutela ordinaria - minori (per genitori deceduti, decaduti o impossibilitati)",richiesta_provvedimenti_urgenti,richiesta_provvedimenti_urgenti,richiesta_provvedimenti_urgenti,richiesta_provvedimenti_urgenti,False,False,False,True,True,,,,,,False,,ok
kb_98_top9_set2_parte2.json,TOP9_CODICI_FREQUENTI_SET2_PARTE2_SANIFICATO,GUIDA_TUTELA_MINORI_ORDINARIA,"Apertura della tutela ordinaria - minori (per genitori deceduti, decaduti o impossibilitati)",avvertimenti_obbligatori,atto_principale.avvertimenti_obbligatori,atto_principale.avvertimenti_obbligatori,atto_principale.avvertimenti_obbligatori,True,True,True,True,True,,,,,,False,,ok
kb_98_top9_set2_parte2.json,TOP9_CODICI_FREQUENTI_SET2_PARTE2_SANIFICATO,GUIDA_TUTELA_MINORI_ORDINARIA,"Apertura della tutela ordinaria - minori (per genitori deceduti, decaduti o impossibilitati)",allegati_obbligatori,allegati_obbligatori,allegati_obbligatori,allegati_obbligatori,True,True,True,True,True,,,,,,False,,ok
kb_98_top9_set2_parte2.json,TOP9_CODICI_FREQUENTI_SET2_PARTE2_SANIFICATO,GUIDA_TUTELA_MINORI_ORDINARIA,"Apertura della tutela ordinaria - minori (per genitori deceduti, decaduti o impossibilitati)",termini_processuali,termini_processuali,termini_processuali,termini_processuali,True,True,True,True,True,,,,,,False,,ok
kb_98_top9_set2_parte2.json,TOP9_CODICI_FREQUENTI_SET2_PARTE2_SANIFICATO,GUIDA_TUTELA_MINORI_ORDINARIA,"Apertura della tutela ordinaria - minori (per genitori deceduti, decaduti o impossibilitati)",esiti_processuali_tipici,esiti_processuali_tipici,esiti_processuali_tipici,esiti_processuali_tipici,True,True,True,True,True,,,,,,False,,ok
kb_98_top9_set2_parte2.json,TOP9_CODICI_FREQUENTI_SET2_PARTE2_SANIFICATO,GUIDA_TUTELA_MINORI_ORDINARIA,"Apertura della tutela ordinaria - minori (per genitori deceduti, decaduti o impossibilitati)",normativa,normativa,normativa,normativa,True,True,True,True,True,,,,,,False,,ok
kb_98_top9_set2_parte2.json,TOP9_CODICI_FREQUENTI_SET2_PARTE2_SANIFICATO,GUIDA_TUTELA_MINORI_ORDINARIA,"Apertura della tutela ordinaria - minori (per genitori deceduti, decaduti o impossibilitati)",atto_principale,atto_principale,atto_principale,atto_principale,True,True,True,True,True,,,,,,False,,ok
kb_98_top9_set2_parte2.json,TOP9_CODICI_FREQUENTI_SET2_PARTE2_SANIFICATO,GUIDA_TUTELA_MINORI_ORDINARIA,"Apertura della tutela ordinaria - minori (per genitori deceduti, decaduti o impossibilitati)",specialistica:differenze_tutela_vs_adozione,differenze_tutela_vs_adozione,differenze_tutela_vs_adozione,differenze_tutela_vs_adozione,True,True,True,True,True,,,,,,False,,ok
kb_98_top9_set2_parte2.json,TOP9_CODICI_FREQUENTI_SET2_PARTE2_SANIFICATO,GUIDA_TUTELA_MINORI_ORDINARIA,"Apertura della tutela ordinaria - minori (per genitori deceduti, decaduti o impossibilitati)",specialistica:guida_pratica_facoltativa,guida_pratica_facoltativa,guida_pratica_facoltativa,guida_pratica_facoltativa,True,True,True,True,True,,,,,,False,,ok
kb_98_top9_set2_parte2.json,TOP9_CODICI_FREQUENTI_SET2_PARTE2_SANIFICATO,GUIDA_TUTELA_MINORI_ORDINARIA,"Apertura della tutela ordinaria - minori (per genitori deceduti, decaduti o impossibilitati)",specialistica:codice_deposito_automatico,codice_deposito_automatico,codice_deposito_automatico,codice_deposito_automatico,True,True,True,True,True,,,,,,False,,ok
kb_98_top9_set2_parte2.json,TOP9_CODICI_FREQUENTI_SET2_PARTE2_SANIFICATO,GUIDA_TUTELA_MINORI_ORDINARIA,"Apertura della tutela ordinaria - minori (per genitori deceduti, decaduti o impossibilitati)",specialistica:nota_integrazione_iusentra,nota_integrazione_iusentra,nota_integrazione_iusentra,nota_integrazione_iusentra,True,True,True,True,True,,,,,,False,,ok
kb_98_top9_set2_parte2.json,TOP9_CODICI_FREQUENTI_SET2_PARTE2_SANIFICATO,GUIDA_TUTELA_MINORI_ORDINARIA,"Apertura della tutela ordinaria - minori (per genitori deceduti, decaduti o impossibilitati)",specialistica:verifica_pst_xsd_iusentra,verifica_pst_xsd_iusentra,verifica_pst_xsd_iusentra,verifica_pst_xsd_iusentra,True,True,True,True,True,,,,,,False,,ok
kb_98_top9_set2_parte2.json,TOP9_CODICI_FREQUENTI_SET2_PARTE2_SANIFICATO,GUIDA_COMPRAVENDITA_IMMOBILIARE_RISOLUZIONE,Risoluzione del contratto di compravendita immobiliare per inadempimento,denominazione,denominazione,denominazione,denominazione,True,True,True,True,True,,,,Risoluzione del contratto di compravendita immobiliare per inadempimento,Risoluzione del contratto di compravendita immobiliare per inadempimento,False,,ok
kb_98_top9_set2_parte2.json,TOP9_CODICI_FREQUENTI_SET2_PARTE2_SANIFICATO,GUIDA_COMPRAVENDITA_IMMOBILIARE_RISOLUZIONE,Risoluzione del contratto di compravendita immobiliare per inadempimento,categoria,categoria,categoria,categoria,True,True,True,True,True,,,,Contratti - risoluzione per inadempimento,Contratti - risoluzione per inadempimento,False,,ok
kb_98_top9_set2_parte2.json,TOP9_CODICI_FREQUENTI_SET2_PARTE2_SANIFICATO,GUIDA_COMPRAVENDITA_IMMOBILIARE_RISOLUZIONE,Risoluzione del contratto di compravendita immobiliare per inadempimento,sottocategoria,sottocategoria,sottocategoria,sottocategoria,True,True,True,True,True,,,,Risoluzione contratto compravendita immobile - artt. 1453 e ss. c.c.,Risoluzione contratto compravendita immobile - artt. 1453 e ss. c.c.,False,,ok
kb_98_top9_set2_parte2.json,TOP9_CODICI_FREQUENTI_SET2_PARTE2_SANIFICATO,GUIDA_COMPRAVENDITA_IMMOBILIARE_RISOLUZIONE,Risoluzione del contratto di compravendita immobiliare per inadempimento,rito,rito,rito,rito,True,True,True,True,True,,,,Rito ordinario di cognizione,Rito ordinario di cognizione,False,,ok
kb_98_top9_set2_parte2.json,TOP9_CODICI_FREQUENTI_SET2_PARTE2_SANIFICATO,GUIDA_COMPRAVENDITA_IMMOBILIARE_RISOLUZIONE,Risoluzione del contratto di compravendita immobiliare per inadempimento,competenza,competenza,competenza,competenza,True,True,True,True,True,,,,Tribunale del luogo dell'immobile (foro esclusivo art. 21 c.p.c. per controversie reali) o luogo esecuzione obbligazione (art. 20 c.p.c. per profili obbligatori),Tribunale del luogo dell'immobile (foro esclusivo art. 21 c.p.c. per controversie reali) o luogo esecuzione obbligazione (art. 20 c.p.c. per profili obbligatori),False,,ok
kb_98_top9_set2_parte2.json,TOP9_CODICI_FREQUENTI_SET2_PARTE2_SANIFICATO,GUIDA_COMPRAVENDITA_IMMOBILIARE_RISOLUZIONE,Risoluzione del contratto di compravendita immobiliare per inadempimento,uffici_destinatari,uffici_destinatari,uffici_destinatari,uffici_destinatari,True,True,True,True,True,,,,,,False,,ok
kb_98_top9_set2_parte2.json,TOP9_CODICI_FREQUENTI_SET2_PARTE2_SANIFICATO,GUIDA_COMPRAVENDITA_IMMOBILIARE_RISOLUZIONE,Risoluzione del contratto di compravendita immobiliare per inadempimento,tipologie_di_intervento,tipologie_di_intervento,tipologie_di_intervento,tipologie_di_intervento,False,False,False,True,False,,,,,,False,,ok
kb_98_top9_set2_parte2.json,TOP9_CODICI_FREQUENTI_SET2_PARTE2_SANIFICATO,GUIDA_COMPRAVENDITA_IMMOBILIARE_RISOLUZIONE,Risoluzione del contratto di compravendita immobiliare per inadempimento,presupposti_sostanziali,presupposti_sostanziali,presupposti_sostanziali,presupposti_sostanziali,True,True,True,True,True,,,,,,False,,ok
kb_98_top9_set2_parte2.json,TOP9_CODICI_FREQUENTI_SET2_PARTE2_SANIFICATO,GUIDA_COMPRAVENDITA_IMMOBILIARE_RISOLUZIONE,Risoluzione del contratto di compravendita immobiliare per inadempimento,legittimati_attivi,legittimati_attivi,legittimati_attivi,legittimati_attivi,False,False,False,True,False,,,,,,False,,ok
kb_98_top9_set2_parte2.json,TOP9_CODICI_FREQUENTI_SET2_PARTE2_SANIFICATO,GUIDA_COMPRAVENDITA_IMMOBILIARE_RISOLUZIONE,Risoluzione del contratto di compravendita immobiliare per inadempimento,obbligo_mediazione,obbligo_mediazione,obbligo_mediazione,obbligo_mediazione,True,True,True,True,True,,,,,,False,,ok
kb_98_top9_set2_parte2.json,TOP9_CODICI_FREQUENTI_SET2_PARTE2_SANIFICATO,GUIDA_COMPRAVENDITA_IMMOBILIARE_RISOLUZIONE,Risoluzione del contratto di compravendita immobiliare per inadempimento,adempimenti_propedeutici,adempimenti_propedeutici,adempimenti_propedeutici,adempimenti_propedeutici,True,True,True,True,True,"1,2,3,4,5,6","1,2,3,4,5,6",,,,False,,ok
kb_98_top9_set2_parte2.json,TOP9_CODICI_FREQUENTI_SET2_PARTE2_SANIFICATO,GUIDA_COMPRAVENDITA_IMMOBILIARE_RISOLUZIONE,Risoluzione del contratto di compravendita immobiliare per inadempimento,richiesta_provvedimenti_urgenti,richiesta_provvedimenti_urgenti,richiesta_provvedimenti_urgenti,richiesta_provvedimenti_urgenti,False,False,False,True,False,,,,,,False,,ok
kb_98_top9_set2_parte2.json,TOP9_CODICI_FREQUENTI_SET2_PARTE2_SANIFICATO,GUIDA_COMPRAVENDITA_IMMOBILIARE_RISOLUZIONE,Risoluzione del contratto di compravendita immobiliare per inadempimento,avvertimenti_obbligatori,atto_principale.avvertimenti_obbligatori,atto_principale.avvertimenti_obbligatori,atto_principale.avvertimenti_obbligatori,True,True,True,True,True,,,,,,False,,ok
kb_98_top9_set2_parte2.json,TOP9_CODICI_FREQUENTI_SET2_PARTE2_SANIFICATO,GUIDA_COMPRAVENDITA_IMMOBILIARE_RISOLUZIONE,Risoluzione del contratto di compravendita immobiliare per inadempimento,allegati_obbligatori,allegati_obbligatori,allegati_obbligatori,allegati_obbligatori,True,True,True,True,True,,,,,,False,,ok
kb_98_top9_set2_parte2.json,TOP9_CODICI_FREQUENTI_SET2_PARTE2_SANIFICATO,GUIDA_COMPRAVENDITA_IMMOBILIARE_RISOLUZIONE,Risoluzione del contratto di compravendita immobiliare per inadempimento,termini_processuali,termini_processuali,termini_processuali,termini_processuali,True,True,True,True,True,,,,,,False,,ok
kb_98_top9_set2_parte2.json,TOP9_CODICI_FREQUENTI_SET2_PARTE2_SANIFICATO,GUIDA_COMPRAVENDITA_IMMOBILIARE_RISOLUZIONE,Risoluzione del contratto di compravendita immobiliare per inadempimento,esiti_processuali_tipici,esiti_processuali_tipici,esiti_processuali_tipici,esiti_processuali_tipici,True,True,True,True,True,,,,,,False,,ok
kb_98_top9_set2_parte2.json,TOP9_CODICI_FREQUENTI_SET2_PARTE2_SANIFICATO,GUIDA_COMPRAVENDITA_IMMOBILIARE_RISOLUZIONE,Risoluzione del contratto di compravendita immobiliare per inadempimento,normativa,normativa,normativa,normativa,True,True,True,True,True,,,,,,False,,ok
kb_98_top9_set2_parte2.json,TOP9_CODICI_FREQUENTI_SET2_PARTE2_SANIFICATO,GUIDA_COMPRAVENDITA_IMMOBILIARE_RISOLUZIONE,Risoluzione del contratto di compravendita immobiliare per inadempimento,atto_principale,atto_principale,atto_principale,atto_principale,True,True,True,True,True,,,,,,False,,ok
kb_98_top9_set2_parte2.json,TOP9_CODICI_FREQUENTI_SET2_PARTE2_SANIFICATO,GUIDA_COMPRAVENDITA_IMMOBILIARE_RISOLUZIONE,Risoluzione del contratto di compravendita immobiliare per inadempimento,specialistica:modalita_risoluzione,modalita_risoluzione,modalita_risoluzione,modalita_risoluzione,True,True,True,True,True,,,,,,False,,ok
kb_98_top9_set2_parte2.json,TOP9_CODICI_FREQUENTI_SET2_PARTE2_SANIFICATO,GUIDA_COMPRAVENDITA_IMMOBILIARE_RISOLUZIONE,Risoluzione del contratto di compravendita immobiliare per inadempimento,specialistica:guida_pratica_facoltativa,guida_pratica_facoltativa,guida_pratica_facoltativa,guida_pratica_facoltativa,True,True,True,True,True,,,,,,False,,ok
kb_98_top9_set2_parte2.json,TOP9_CODICI_FREQUENTI_SET2_PARTE2_SANIFICATO,GUIDA_COMPRAVENDITA_IMMOBILIARE_RISOLUZIONE,Risoluzione del contratto di compravendita immobiliare per inadempimento,specialistica:codice_deposito_automatico,codice_deposito_automatico,codice_deposito_automatico,codice_deposito_automatico,True,True,True,True,True,,,,,,False,,ok
kb_98_top9_set2_parte2.json,TOP9_CODICI_FREQUENTI_SET2_PARTE2_SANIFICATO,GUIDA_COMPRAVENDITA_IMMOBILIARE_RISOLUZIONE,Risoluzione del contratto di compravendita immobiliare per inadempimento,specialistica:nota_integrazione_iusentra,nota_integrazione_iusentra,nota_integrazione_iusentra,nota_integrazione_iusentra,True,True,True,True,True,,,,,,False,,ok
kb_98_top9_set2_parte2.json,TOP9_CODICI_FREQUENTI_SET2_PARTE2_SANIFICATO,GUIDA_COMPRAVENDITA_IMMOBILIARE_RISOLUZIONE,Risoluzione del contratto di compravendita immobiliare per inadempimento,specialistica:verifica_pst_xsd_iusentra,verifica_pst_xsd_iusentra,verifica_pst_xsd_iusentra,verifica_pst_xsd_iusentra,True,True,True,True,True,,,,,,False,,ok
kb_98_top9_set3_parte1.json,TOP9_CODICI_FREQUENTI_SET3_PARTE1,120030,Azione di riduzione per lesione della quota di legittima,denominazione,denominazione,denominazione,denominazione,True,True,True,True,True,,,,Azione di riduzione per lesione della quota di legittima,Azione di riduzione per lesione della quota di legittima,False,,ok
kb_98_top9_set3_parte1.json,TOP9_CODICI_FREQUENTI_SET3_PARTE1,120030,Azione di riduzione per lesione della quota di legittima,categoria,categoria,categoria,categoria,True,True,True,True,True,,,,Successioni - tutela dei legittimari,Successioni - tutela dei legittimari,False,,ok
kb_98_top9_set3_parte1.json,TOP9_CODICI_FREQUENTI_SET3_PARTE1,120030,Azione di riduzione per lesione della quota di legittima,sottocategoria,sottocategoria,sottocategoria,sottocategoria,True,True,True,True,True,,,,Azione di riduzione delle disposizioni testamentarie e delle donazioni lesive della legittima,Azione di riduzione delle disposizioni testamentarie e delle donazioni lesive della legittima,False,,ok
kb_98_top9_set3_parte1.json,TOP9_CODICI_FREQUENTI_SET3_PARTE1,120030,Azione di riduzione per lesione della quota di legittima,rito,rito,rito,rito,True,True,True,True,True,,,,Rito ordinario di cognizione preceduto da MEDIAZIONE OBBLIGATORIA ex art. 5 c. 1-bis D.Lgs. 28/2010 (materia successioni),Rito ordinario di cognizione preceduto da MEDIAZIONE OBBLIGATORIA ex art. 5 c. 1-bis D.Lgs. 28/2010 (materia successioni),False,,ok
kb_98_top9_set3_parte1.json,TOP9_CODICI_FREQUENTI_SET3_PARTE1,120030,Azione di riduzione per lesione della quota di legittima,competenza,competenza,competenza,competenza,True,True,True,True,True,,,,Tribunale del luogo di apertura della successione (art. 22 c.p.c.) - foro esclusivo,Tribunale del luogo di apertura della successione (art. 22 c.p.c.) - foro esclusivo,False,,ok
kb_98_top9_set3_parte1.json,TOP9_CODICI_FREQUENTI_SET3_PARTE1,120030,Azione di riduzione per lesione della quota di legittima,uffici_destinatari,uffici_destinatari,uffici_destinatari,uffici_destinatari,True,True,True,True,True,,,,,,False,,ok
kb_98_top9_set3_parte1.json,TOP9_CODICI_FREQUENTI_SET3_PARTE1,120030,Azione di riduzione per lesione della quota di legittima,tipologie_di_intervento,tipologie_di_intervento,tipologie_di_intervento,tipologie_di_intervento,False,False,False,True,False,,,,,,False,,ok
kb_98_top9_set3_parte1.json,TOP9_CODICI_FREQUENTI_SET3_PARTE1,120030,Azione di riduzione per lesione della quota di legittima,presupposti_sostanziali,presupposti_sostanziali,presupposti_sostanziali,presupposti_sostanziali,True,True,True,True,True,,,,,,False,,ok
kb_98_top9_set3_parte1.json,TOP9_CODICI_FREQUENTI_SET3_PARTE1,120030,Azione di riduzione per lesione della quota di legittima,legittimati_attivi,legittimati_attivi,legittimati_attivi,legittimati_attivi,False,False,False,True,False,,,,,,False,,ok
kb_98_top9_set3_parte1.json,TOP9_CODICI_FREQUENTI_SET3_PARTE1,120030,Azione di riduzione per lesione della quota di legittima,obbligo_mediazione,obbligo_mediazione,obbligo_mediazione,obbligo_mediazione,True,True,True,True,True,,,,,,False,,ok
kb_98_top9_set3_parte1.json,TOP9_CODICI_FREQUENTI_SET3_PARTE1,120030,Azione di riduzione per lesione della quota di legittima,adempimenti_propedeutici,adempimenti_propedeutici,adempimenti_propedeutici,adempimenti_propedeutici,True,True,True,True,True,"1,2,3,4,5,6,7","1,2,3,4,5,6,7",,,,False,,ok
kb_98_top9_set3_parte1.json,TOP9_CODICI_FREQUENTI_SET3_PARTE1,120030,Azione di riduzione per lesione della quota di legittima,richiesta_provvedimenti_urgenti,richiesta_provvedimenti_urgenti,richiesta_provvedimenti_urgenti,richiesta_provvedimenti_urgenti,False,False,False,True,False,,,,,,False,,ok
kb_98_top9_set3_parte1.json,TOP9_CODICI_FREQUENTI_SET3_PARTE1,120030,Azione di riduzione per lesione della quota di legittima,avvertimenti_obbligatori,atto_principale.avvertimenti_obbligatori,atto_principale.avvertimenti_obbligatori,atto_principale.avvertimenti_obbligatori,True,True,True,True,True,,,,,,False,,ok
kb_98_top9_set3_parte1.json,TOP9_CODICI_FREQUENTI_SET3_PARTE1,120030,Azione di riduzione per lesione della quota di legittima,allegati_obbligatori,allegati_obbligatori,allegati_obbligatori,allegati_obbligatori,True,True,True,True,True,,,,,,False,,ok
kb_98_top9_set3_parte1.json,TOP9_CODICI_FREQUENTI_SET3_PARTE1,120030,Azione di riduzione per lesione della quota di legittima,termini_processuali,termini_processuali,termini_processuali,termini_processuali,True,True,True,True,True,,,,,,False,,ok
kb_98_top9_set3_parte1.json,TOP9_CODICI_FREQUENTI_SET3_PARTE1,120030,Azione di riduzione per lesione della quota di legittima,esiti_processuali_tipici,esiti_processuali_tipici,esiti_processuali_tipici,esiti_processuali_tipici,True,True,True,True,True,,,,,,False,,ok
kb_98_top9_set3_parte1.json,TOP9_CODICI_FREQUENTI_SET3_PARTE1,120030,Azione di riduzione per lesione della quota di legittima,normativa,normativa,normativa,normativa,True,True,True,True,True,,,,,,False,,ok
kb_98_top9_set3_parte1.json,TOP9_CODICI_FREQUENTI_SET3_PARTE1,120030,Azione di riduzione per lesione della quota di legittima,atto_principale,atto_principale,atto_principale,atto_principale,True,True,True,True,True,,,,,,False,,ok
kb_98_top9_set3_parte1.json,TOP9_CODICI_FREQUENTI_SET3_PARTE1,130001,Azione di rivendicazione (immobiliare),denominazione,denominazione,denominazione,denominazione,True,True,True,True,True,,,,Azione di rivendicazione (immobiliare),Azione di rivendicazione (immobiliare),False,,ok
kb_98_top9_set3_parte1.json,TOP9_CODICI_FREQUENTI_SET3_PARTE1,130001,Azione di rivendicazione (immobiliare),categoria,categoria,categoria,categoria,True,True,True,True,True,,,,Diritti reali - tutela della proprietà,Diritti reali - tutela della proprietà,False,,ok
kb_98_top9_set3_parte1.json,TOP9_CODICI_FREQUENTI_SET3_PARTE1,130001,Azione di rivendicazione (immobiliare),sottocategoria,sottocategoria,sottocategoria,sottocategoria,True,True,True,True,True,,,,Rivendicazione del bene posseduto da altri - prova del titolo di proprietà (probatio diabolica),Rivendicazione del bene posseduto da altri - prova del titolo di proprietà (probatio diabolica),False,,ok
kb_98_top9_set3_parte1.json,TOP9_CODICI_FREQUENTI_SET3_PARTE1,130001,Azione di rivendicazione (immobiliare),rito,rito,rito,rito,True,True,True,True,True,,,,Rito ordinario di cognizione preceduto da MEDIAZIONE OBBLIGATORIA ex art. 5 c. 1-bis D.Lgs. 28/2010,Rito ordinario di cognizione preceduto da MEDIAZIONE OBBLIGATORIA ex art. 5 c. 1-bis D.Lgs. 28/2010,False,,ok
kb_98_top9_set3_parte1.json,TOP9_CODICI_FREQUENTI_SET3_PARTE1,130001,Azione di rivendicazione (immobiliare),competenza,competenza,competenza,competenza,True,True,True,True,True,,,,Tribunale del luogo dell'immobile (art. 21 c.p.c. - foro esclusivo per diritti reali immobiliari),Tribunale del luogo dell'immobile (art. 21 c.p.c. - foro esclusivo per diritti reali immobiliari),False,,ok
kb_98_top9_set3_parte1.json,TOP9_CODICI_FREQUENTI_SET3_PARTE1,130001,Azione di rivendicazione (immobiliare),uffici_destinatari,uffici_destinatari,uffici_destinatari,uffici_destinatari,True,True,True,True,True,,,,,,False,,ok
kb_98_top9_set3_parte1.json,TOP9_CODICI_FREQUENTI_SET3_PARTE1,130001,Azione di rivendicazione (immobiliare),tipologie_di_intervento,tipologie_di_intervento,tipologie_di_intervento,tipologie_di_intervento,False,False,False,True,False,,,,,,False,,ok
kb_98_top9_set3_parte1.json,TOP9_CODICI_FREQUENTI_SET3_PARTE1,130001,Azione di rivendicazione (immobiliare),presupposti_sostanziali,presupposti_sostanziali,presupposti_sostanziali,presupposti_sostanziali,True,True,True,True,True,,,,,,False,,ok
kb_98_top9_set3_parte1.json,TOP9_CODICI_FREQUENTI_SET3_PARTE1,130001,Azione di rivendicazione (immobiliare),legittimati_attivi,legittimati_attivi,legittimati_attivi,legittimati_attivi,False,False,False,True,False,,,,,,False,,ok
kb_98_top9_set3_parte1.json,TOP9_CODICI_FREQUENTI_SET3_PARTE1,130001,Azione di rivendicazione (immobiliare),obbligo_mediazione,obbligo_mediazione,obbligo_mediazione,obbligo_mediazione,True,True,True,True,True,,,,,,False,,ok
kb_98_top9_set3_parte1.json,TOP9_CODICI_FREQUENTI_SET3_PARTE1,130001,Azione di rivendicazione (immobiliare),adempimenti_propedeutici,adempimenti_propedeutici,adempimenti_propedeutici,adempimenti_propedeutici,True,True,True,True,True,"1,2,3,4,5,6","1,2,3,4,5,6",,,,False,,ok
kb_98_top9_set3_parte1.json,TOP9_CODICI_FREQUENTI_SET3_PARTE1,130001,Azione di rivendicazione (immobiliare),richiesta_provvedimenti_urgenti,richiesta_provvedimenti_urgenti,richiesta_provvedimenti_urgenti,richiesta_provvedimenti_urgenti,False,False,False,True,False,,,,,,False,,ok
kb_98_top9_set3_parte1.json,TOP9_CODICI_FREQUENTI_SET3_PARTE1,130001,Azione di rivendicazione (immobiliare),avvertimenti_obbligatori,atto_principale.avvertimenti_obbligatori,atto_principale.avvertimenti_obbligatori,atto_principale.avvertimenti_obbligatori,True,True,True,True,True,,,,,,False,,ok
kb_98_top9_set3_parte1.json,TOP9_CODICI_FREQUENTI_SET3_PARTE1,130001,Azione di rivendicazione (immobiliare),allegati_obbligatori,allegati_obbligatori,allegati_obbligatori,allegati_obbligatori,True,True,True,True,True,,,,,,False,,ok
kb_98_top9_set3_parte1.json,TOP9_CODICI_FREQUENTI_SET3_PARTE1,130001,Azione di rivendicazione (immobiliare),termini_processuali,termini_processuali,termini_processuali,termini_processuali,True,True,True,True,True,,,,,,False,,ok
kb_98_top9_set3_parte1.json,TOP9_CODICI_FREQUENTI_SET3_PARTE1,130001,Azione di rivendicazione (immobiliare),esiti_processuali_tipici,esiti_processuali_tipici,esiti_processuali_tipici,esiti_processuali_tipici,True,True,True,True,True,,,,,,False,,ok
kb_98_top9_set3_parte1.json,TOP9_CODICI_FREQUENTI_SET3_PARTE1,130001,Azione di rivendicazione (immobiliare),normativa,normativa,normativa,normativa,True,True,True,True,True,,,,,,False,,ok
kb_98_top9_set3_parte1.json,TOP9_CODICI_FREQUENTI_SET3_PARTE1,130001,Azione di rivendicazione (immobiliare),atto_principale,atto_principale,atto_principale,atto_principale,True,True,True,True,True,,,,,,False,,ok
kb_98_top9_set3_parte1.json,TOP9_CODICI_FREQUENTI_SET3_PARTE1,130001,Azione di rivendicazione (immobiliare),specialistica:oneri_probatori,oneri_probatori,oneri_probatori,oneri_probatori,True,True,True,True,True,,,,,,False,,ok
kb_98_top9_set3_parte1.json,TOP9_CODICI_FREQUENTI_SET3_PARTE1,130033,Accertamento dell'acquisto della proprietà per usucapione,denominazione,denominazione,denominazione,denominazione,True,True,True,True,True,,,,Accertamento dell'acquisto della proprietà per usucapione,Accertamento dell'acquisto della proprietà per usucapione,False,,ok
kb_98_top9_set3_parte1.json,TOP9_CODICI_FREQUENTI_SET3_PARTE1,130033,Accertamento dell'acquisto della proprietà per usucapione,categoria,categoria,categoria,categoria,True,True,True,True,True,,,,Diritti reali - acquisto a titolo originario,Diritti reali - acquisto a titolo originario,False,,ok
kb_98_top9_set3_parte1.json,TOP9_CODICI_FREQUENTI_SET3_PARTE1,130033,Accertamento dell'acquisto della proprietà per usucapione,sottocategoria,sottocategoria,sottocategoria,sottocategoria,True,True,True,True,True,,,,"Accertamento giudiziale di intervenuta usucapione (ordinaria, abbreviata, speciale)","Accertamento giudiziale di intervenuta usucapione (ordinaria, abbreviata, speciale)",False,,ok
kb_98_top9_set3_parte1.json,TOP9_CODICI_FREQUENTI_SET3_PARTE1,130033,Accertamento dell'acquisto della proprietà per usucapione,rito,rito,rito,rito,True,True,True,True,True,,,,"Rito ordinario di cognizione preceduto da MEDIAZIONE OBBLIGATORIA ex art. 5 c. 1-bis D.Lgs. 28/2010 (NB: il D.L. 132/2014 ha previsto anche la negoziazione assistita per usucapione, ma con effetti più limitati)","Rito ordinario di cognizione preceduto da MEDIAZIONE OBBLIGATORIA ex art. 5 c. 1-bis D.Lgs. 28/2010 (NB: il D.L. 132/2014 ha previsto anche la negoziazione assistita per usucapione, ma con effetti più limitati)",False,,ok
kb_98_top9_set3_parte1.json,TOP9_CODICI_FREQUENTI_SET3_PARTE1,130033,Accertamento dell'acquisto della proprietà per usucapione,competenza,competenza,competenza,competenza,True,True,True,True,True,,,,Tribunale del luogo dell'immobile (art. 21 c.p.c. - foro esclusivo),Tribunale del luogo dell'immobile (art. 21 c.p.c. - foro esclusivo),False,,ok
kb_98_top9_set3_parte1.json,TOP9_CODICI_FREQUENTI_SET3_PARTE1,130033,Accertamento dell'acquisto della proprietà per usucapione,uffici_destinatari,uffici_destinatari,uffici_destinatari,uffici_destinatari,True,True,True,True,True,,,,,,False,,ok
kb_98_top9_set3_parte1.json,TOP9_CODICI_FREQUENTI_SET3_PARTE1,130033,Accertamento dell'acquisto della proprietà per usucapione,tipologie_di_intervento,tipologie_di_intervento,tipologie_di_intervento,tipologie_di_intervento,False,False,False,True,False,,,,,,False,,ok
kb_98_top9_set3_parte1.json,TOP9_CODICI_FREQUENTI_SET3_PARTE1,130033,Accertamento dell'acquisto della proprietà per usucapione,presupposti_sostanziali,presupposti_sostanziali,presupposti_sostanziali,presupposti_sostanziali,False,False,False,True,False,,,,,,False,,ok
kb_98_top9_set3_parte1.json,TOP9_CODICI_FREQUENTI_SET3_PARTE1,130033,Accertamento dell'acquisto della proprietà per usucapione,legittimati_attivi,legittimati_attivi,legittimati_attivi,legittimati_attivi,False,False,False,True,False,,,,,,False,,ok
kb_98_top9_set3_parte1.json,TOP9_CODICI_FREQUENTI_SET3_PARTE1,130033,Accertamento dell'acquisto della proprietà per usucapione,obbligo_mediazione,obbligo_mediazione,obbligo_mediazione,obbligo_mediazione,True,True,True,True,True,,,,,,False,,ok
kb_98_top9_set3_parte1.json,TOP9_CODICI_FREQUENTI_SET3_PARTE1,130033,Accertamento dell'acquisto della proprietà per usucapione,adempimenti_propedeutici,adempimenti_propedeutici,adempimenti_propedeutici,adempimenti_propedeutici,True,True,True,True,True,"1,2,3,4,5","1,2,3,4,5",,,,False,,ok
kb_98_top9_set3_parte1.json,TOP9_CODICI_FREQUENTI_SET3_PARTE1,130033,Accertamento dell'acquisto della proprietà per usucapione,richiesta_provvedimenti_urgenti,richiesta_provvedimenti_urgenti,richiesta_provvedimenti_urgenti,richiesta_provvedimenti_urgenti,False,False,False,True,False,,,,,,False,,ok
kb_98_top9_set3_parte1.json,TOP9_CODICI_FREQUENTI_SET3_PARTE1,130033,Accertamento dell'acquisto della proprietà per usucapione,avvertimenti_obbligatori,atto_principale.avvertimenti_obbligatori,atto_principale.avvertimenti_obbligatori,atto_principale.avvertimenti_obbligatori,True,True,True,True,True,,,,,,False,,ok
kb_98_top9_set3_parte1.json,TOP9_CODICI_FREQUENTI_SET3_PARTE1,130033,Accertamento dell'acquisto della proprietà per usucapione,allegati_obbligatori,allegati_obbligatori,allegati_obbligatori,allegati_obbligatori,True,True,True,True,True,,,,,,False,,ok
kb_98_top9_set3_parte1.json,TOP9_CODICI_FREQUENTI_SET3_PARTE1,130033,Accertamento dell'acquisto della proprietà per usucapione,termini_processuali,termini_processuali,termini_processuali,termini_processuali,True,True,True,True,True,,,,,,False,,ok
kb_98_top9_set3_parte1.json,TOP9_CODICI_FREQUENTI_SET3_PARTE1,130033,Accertamento dell'acquisto della proprietà per usucapione,esiti_processuali_tipici,esiti_processuali_tipici,esiti_processuali_tipici,esiti_processuali_tipici,True,True,True,True,True,,,,,,False,,ok
kb_98_top9_set3_parte1.json,TOP9_CODICI_FREQUENTI_SET3_PARTE1,130033,Accertamento dell'acquisto della proprietà per usucapione,normativa,normativa,normativa,normativa,True,True,True,True,True,,,,,,False,,ok
kb_98_top9_set3_parte1.json,TOP9_CODICI_FREQUENTI_SET3_PARTE1,130033,Accertamento dell'acquisto della proprietà per usucapione,atto_principale,atto_principale,atto_principale,atto_principale,True,True,True,True,True,,,,,,False,,ok
kb_98_top9_set3_parte1.json,TOP9_CODICI_FREQUENTI_SET3_PARTE1,130033,Accertamento dell'acquisto della proprietà per usucapione,specialistica:presupposti_sostanziali_usucapione_ordinaria,presupposti_sostanziali_usucapione_ordinaria,presupposti_sostanziali_usucapione_ordinaria,presupposti_sostanziali_usucapione_ordinaria,True,True,True,True,True,,,,,,False,,ok
kb_98_top9_set3_parte1.json,TOP9_CODICI_FREQUENTI_SET3_PARTE1,130033,Accertamento dell'acquisto della proprietà per usucapione,specialistica:presupposti_usucapione_abbreviata_1159,presupposti_usucapione_abbreviata_1159,presupposti_usucapione_abbreviata_1159,presupposti_usucapione_abbreviata_1159,True,True,True,True,True,,,,,,False,,ok
kb_98_top9_set3_parte1.json,TOP9_CODICI_FREQUENTI_SET3_PARTE1,111006,Affidamento e mantenimento dei figli nati fuori dal matrimonio,denominazione,denominazione,denominazione,denominazione,True,True,True,True,True,,,,Affidamento e mantenimento dei figli nati fuori dal matrimonio,Affidamento e mantenimento dei figli nati fuori dal matrimonio,False,,ok
kb_98_top9_set3_parte1.json,TOP9_CODICI_FREQUENTI_SET3_PARTE1,111006,Affidamento e mantenimento dei figli nati fuori dal matrimonio,categoria,categoria,categoria,categoria,True,True,True,True,True,,,,Persone e famiglia - filiazione fuori matrimonio,Persone e famiglia - filiazione fuori matrimonio,False,,ok
kb_98_top9_set3_parte1.json,TOP9_CODICI_FREQUENTI_SET3_PARTE1,111006,Affidamento e mantenimento dei figli nati fuori dal matrimonio,sottocategoria,sottocategoria,sottocategoria,sottocategoria,True,True,True,True,True,,,,"Procedimento per determinazione affidamento, collocamento, mantenimento dei figli di coppie non coniugate","Procedimento per determinazione affidamento, collocamento, mantenimento dei figli di coppie non coniugate",False,,ok
kb_98_top9_set3_parte1.json,TOP9_CODICI_FREQUENTI_SET3_PARTE1,111006,Affidamento e mantenimento dei figli nati fuori dal matrimonio,rito,rito,rito,rito,True,True,True,True,True,,,,Rito unificato persone e famiglia ex artt. 473-bis e ss. c.p.c. (post-Cartabia - in vigore dal 28/2/2023),Rito unificato persone e famiglia ex artt. 473-bis e ss. c.p.c. (post-Cartabia - in vigore dal 28/2/2023),False,,ok
kb_98_top9_set3_parte1.json,TOP9_CODICI_FREQUENTI_SET3_PARTE1,111006,Affidamento e mantenimento dei figli nati fuori dal matrimonio,competenza,competenza,competenza,competenza,True,True,True,True,True,,,,"Tribunale ordinario - sezione famiglia (Tribunale per le persone, per i minorenni e per le famiglie quando istituito ex D.Lgs. 149/2022)","Tribunale ordinario - sezione famiglia (Tribunale per le persone, per i minorenni e per le famiglie quando istituito ex D.Lgs. 149/2022)",False,,ok
kb_98_top9_set3_parte1.json,TOP9_CODICI_FREQUENTI_SET3_PARTE1,111006,Affidamento e mantenimento dei figli nati fuori dal matrimonio,uffici_destinatari,uffici_destinatari,uffici_destinatari,uffici_destinatari,True,True,True,True,True,,,,,,False,,ok
kb_98_top9_set3_parte1.json,TOP9_CODICI_FREQUENTI_SET3_PARTE1,111006,Affidamento e mantenimento dei figli nati fuori dal matrimonio,tipologie_di_intervento,tipologie_di_intervento,tipologie_di_intervento,tipologie_di_intervento,False,False,False,True,False,,,,,,False,,ok
kb_98_top9_set3_parte1.json,TOP9_CODICI_FREQUENTI_SET3_PARTE1,111006,Affidamento e mantenimento dei figli nati fuori dal matrimonio,presupposti_sostanziali,presupposti_sostanziali,presupposti_sostanziali,presupposti_sostanziali,True,True,True,True,True,,,,,,False,,ok
kb_98_top9_set3_parte1.json,TOP9_CODICI_FREQUENTI_SET3_PARTE1,111006,Affidamento e mantenimento dei figli nati fuori dal matrimonio,legittimati_attivi,legittimati_attivi,legittimati_attivi,legittimati_attivi,False,False,False,True,False,,,,,,False,,ok
kb_98_top9_set3_parte1.json,TOP9_CODICI_FREQUENTI_SET3_PARTE1,111006,Affidamento e mantenimento dei figli nati fuori dal matrimonio,obbligo_mediazione,obbligo_mediazione,obbligo_mediazione,obbligo_mediazione,True,True,True,True,True,,,,,,False,,ok
kb_98_top9_set3_parte1.json,TOP9_CODICI_FREQUENTI_SET3_PARTE1,111006,Affidamento e mantenimento dei figli nati fuori dal matrimonio,adempimenti_propedeutici,adempimenti_propedeutici,adempimenti_propedeutici,adempimenti_propedeutici,True,True,True,True,True,"1,2,3,4,5,6,7","1,2,3,4,5,6,7",,,,False,,ok
kb_98_top9_set3_parte1.json,TOP9_CODICI_FREQUENTI_SET3_PARTE1,111006,Affidamento e mantenimento dei figli nati fuori dal matrimonio,richiesta_provvedimenti_urgenti,richiesta_provvedimenti_urgenti,richiesta_provvedimenti_urgenti,richiesta_provvedimenti_urgenti,False,False,False,True,False,,,,,,False,,ok
kb_98_top9_set3_parte1.json,TOP9_CODICI_FREQUENTI_SET3_PARTE1,111006,Affidamento e mantenimento dei figli nati fuori dal matrimonio,avvertimenti_obbligatori,atto_principale.avvertimenti_obbligatori,atto_principale.avvertimenti_obbligatori,atto_principale.avvertimenti_obbligatori,True,True,True,True,True,,,,,,False,,ok
kb_98_top9_set3_parte1.json,TOP9_CODICI_FREQUENTI_SET3_PARTE1,111006,Affidamento e mantenimento dei figli nati fuori dal matrimonio,allegati_obbligatori,allegati_obbligatori,allegati_obbligatori,allegati_obbligatori,True,True,True,True,True,,,,,,False,,ok
kb_98_top9_set3_parte1.json,TOP9_CODICI_FREQUENTI_SET3_PARTE1,111006,Affidamento e mantenimento dei figli nati fuori dal matrimonio,termini_processuali,termini_processuali,termini_processuali,termini_processuali,True,True,True,True,True,,,,,,False,,ok
kb_98_top9_set3_parte1.json,TOP9_CODICI_FREQUENTI_SET3_PARTE1,111006,Affidamento e mantenimento dei figli nati fuori dal matrimonio,esiti_processuali_tipici,esiti_processuali_tipici,esiti_processuali_tipici,esiti_processuali_tipici,True,True,True,True,True,,,,,,False,,ok
kb_98_top9_set3_parte1.json,TOP9_CODICI_FREQUENTI_SET3_PARTE1,111006,Affidamento e mantenimento dei figli nati fuori dal matrimonio,normativa,normativa,normativa,normativa,True,True,True,True,True,,,,,,False,,ok
kb_98_top9_set3_parte1.json,TOP9_CODICI_FREQUENTI_SET3_PARTE1,111006,Affidamento e mantenimento dei figli nati fuori dal matrimonio,atto_principale,atto_principale,atto_principale,atto_principale,True,True,True,True,True,,,,,,False,,ok
kb_98_top9_set3_parte1.json,TOP9_CODICI_FREQUENTI_SET3_PARTE1,111006,Affidamento e mantenimento dei figli nati fuori dal matrimonio,specialistica:competenza_territoriale,competenza_territoriale,competenza_territoriale,competenza_territoriale,True,True,True,True,True,,,,,,False,,ok
kb_98_top9_set3_parte1.json,TOP9_CODICI_FREQUENTI_SET3_PARTE1,111006,Affidamento e mantenimento dei figli nati fuori dal matrimonio,specialistica:differenze_rispetto_a_figli_matrimoniali,differenze_rispetto_a_figli_matrimoniali,differenze_rispetto_a_figli_matrimoniali,differenze_rispetto_a_figli_matrimoniali,True,True,True,True,True,,,,,,False,,ok
kb_98_top9_set3_parte1.json,TOP9_CODICI_FREQUENTI_SET3_PARTE1,GUIDA_ONORARI_PROFESSIONALI_L794,Procedimento sommario per onorari professionali ex L. 794/1942 (art. 14 D.Lgs. 150/2011),denominazione,denominazione,denominazione,denominazione,True,True,True,True,True,,,,Procedimento sommario per onorari professionali ex L. 794/1942 (art. 14 D.Lgs. 150/2011),Procedimento sommario per onorari professionali ex L. 794/1942 (art. 14 D.Lgs. 150/2011),False,,ok
kb_98_top9_set3_parte1.json,TOP9_CODICI_FREQUENTI_SET3_PARTE1,GUIDA_ONORARI_PROFESSIONALI_L794,Procedimento sommario per onorari professionali ex L. 794/1942 (art. 14 D.Lgs. 150/2011),categoria,categoria,categoria,categoria,True,True,True,True,True,,,,Recupero crediti professionali,Recupero crediti professionali,False,,ok
kb_98_top9_set3_parte1.json,TOP9_CODICI_FREQUENTI_SET3_PARTE1,GUIDA_ONORARI_PROFESSIONALI_L794,Procedimento sommario per onorari professionali ex L. 794/1942 (art. 14 D.Lgs. 150/2011),sottocategoria,sottocategoria,sottocategoria,sottocategoria,True,True,True,True,True,,,,"Procedimento speciale per liquidazione compensi professionali (avvocati, prestazioni stragiudiziali) - rito sommario speciale","Procedimento speciale per liquidazione compensi professionali (avvocati, prestazioni stragiudiziali) - rito sommario speciale",False,,ok
kb_98_top9_set3_parte1.json,TOP9_CODICI_FREQUENTI_SET3_PARTE1,GUIDA_ONORARI_PROFESSIONALI_L794,Procedimento sommario per onorari professionali ex L. 794/1942 (art. 14 D.Lgs. 150/2011),rito,rito,rito,rito,True,True,True,True,True,,,,Rito sommario speciale ex art. 14 D.Lgs. 150/2011 (sostitutivo del vecchio rito L. 794/1942) - rito camerale con termini abbreviati,Rito sommario speciale ex art. 14 D.Lgs. 150/2011 (sostitutivo del vecchio rito L. 794/1942) - rito camerale con termini abbreviati,False,,ok
kb_98_top9_set3_parte1.json,TOP9_CODICI_FREQUENTI_SET3_PARTE1,GUIDA_ONORARI_PROFESSIONALI_L794,Procedimento sommario per onorari professionali ex L. 794/1942 (art. 14 D.Lgs. 150/2011),competenza,competenza,competenza,competenza,True,True,True,True,True,,,,"Tribunale o Giudice di Pace (in base al valore) competente per la causa di valore corrispondente; per avvocati: il giudice che ha conosciuto della causa o, per attività stragiudiziale, il giudice del luogo di residenza del professionista","Tribunale o Giudice di Pace (in base al valore) competente per la causa di valore corrispondente; per avvocati: il giudice che ha conosciuto della causa o, per attività stragiudiziale, il giudice del luogo di residenza del professionista",False,,ok
kb_98_top9_set3_parte1.json,TOP9_CODICI_FREQUENTI_SET3_PARTE1,GUIDA_ONORARI_PROFESSIONALI_L794,Procedimento sommario per onorari professionali ex L. 794/1942 (art. 14 D.Lgs. 150/2011),uffici_destinatari,uffici_destinatari,uffici_destinatari,uffici_destinatari,True,True,True,True,True,,,,,,False,,ok
kb_98_top9_set3_parte1.json,TOP9_CODICI_FREQUENTI_SET3_PARTE1,GUIDA_ONORARI_PROFESSIONALI_L794,Procedimento sommario per onorari professionali ex L. 794/1942 (art. 14 D.Lgs. 150/2011),tipologie_di_intervento,tipologie_di_intervento,tipologie_di_intervento,tipologie_di_intervento,False,False,False,True,False,,,,,,False,,ok
kb_98_top9_set3_parte1.json,TOP9_CODICI_FREQUENTI_SET3_PARTE1,GUIDA_ONORARI_PROFESSIONALI_L794,Procedimento sommario per onorari professionali ex L. 794/1942 (art. 14 D.Lgs. 150/2011),presupposti_sostanziali,presupposti_sostanziali,presupposti_sostanziali,presupposti_sostanziali,True,True,True,True,True,,,,,,False,,ok
kb_98_top9_set3_parte1.json,TOP9_CODICI_FREQUENTI_SET3_PARTE1,GUIDA_ONORARI_PROFESSIONALI_L794,Procedimento sommario per onorari professionali ex L. 794/1942 (art. 14 D.Lgs. 150/2011),legittimati_attivi,legittimati_attivi,legittimati_attivi,legittimati_attivi,False,False,False,True,False,,,,,,False,,ok
kb_98_top9_set3_parte1.json,TOP9_CODICI_FREQUENTI_SET3_PARTE1,GUIDA_ONORARI_PROFESSIONALI_L794,Procedimento sommario per onorari professionali ex L. 794/1942 (art. 14 D.Lgs. 150/2011),obbligo_mediazione,obbligo_mediazione,obbligo_mediazione,obbligo_mediazione,True,True,True,True,True,,,,,,False,,ok
kb_98_top9_set3_parte1.json,TOP9_CODICI_FREQUENTI_SET3_PARTE1,GUIDA_ONORARI_PROFESSIONALI_L794,Procedimento sommario per onorari professionali ex L. 794/1942 (art. 14 D.Lgs. 150/2011),adempimenti_propedeutici,adempimenti_propedeutici,adempimenti_propedeutici,adempimenti_propedeutici,True,True,True,True,True,"1,2,3,4,5","1,2,3,4,5",,,,False,,ok
kb_98_top9_set3_parte1.json,TOP9_CODICI_FREQUENTI_SET3_PARTE1,GUIDA_ONORARI_PROFESSIONALI_L794,Procedimento sommario per onorari professionali ex L. 794/1942 (art. 14 D.Lgs. 150/2011),richiesta_provvedimenti_urgenti,richiesta_provvedimenti_urgenti,richiesta_provvedimenti_urgenti,richiesta_provvedimenti_urgenti,False,False,False,True,False,,,,,,False,,ok
kb_98_top9_set3_parte1.json,TOP9_CODICI_FREQUENTI_SET3_PARTE1,GUIDA_ONORARI_PROFESSIONALI_L794,Procedimento sommario per onorari professionali ex L. 794/1942 (art. 14 D.Lgs. 150/2011),avvertimenti_obbligatori,atto_principale.avvertimenti_obbligatori,atto_principale.avvertimenti_obbligatori,atto_principale.avvertimenti_obbligatori,True,True,True,True,True,,,,,,False,,ok
kb_98_top9_set3_parte1.json,TOP9_CODICI_FREQUENTI_SET3_PARTE1,GUIDA_ONORARI_PROFESSIONALI_L794,Procedimento sommario per onorari professionali ex L. 794/1942 (art. 14 D.Lgs. 150/2011),allegati_obbligatori,allegati_obbligatori,allegati_obbligatori,allegati_obbligatori,True,True,True,True,True,,,,,,False,,ok
kb_98_top9_set3_parte1.json,TOP9_CODICI_FREQUENTI_SET3_PARTE1,GUIDA_ONORARI_PROFESSIONALI_L794,Procedimento sommario per onorari professionali ex L. 794/1942 (art. 14 D.Lgs. 150/2011),termini_processuali,termini_processuali,termini_processuali,termini_processuali,True,True,True,True,True,,,,,,False,,ok
kb_98_top9_set3_parte1.json,TOP9_CODICI_FREQUENTI_SET3_PARTE1,GUIDA_ONORARI_PROFESSIONALI_L794,Procedimento sommario per onorari professionali ex L. 794/1942 (art. 14 D.Lgs. 150/2011),esiti_processuali_tipici,esiti_processuali_tipici,esiti_processuali_tipici,esiti_processuali_tipici,True,True,True,True,True,,,,,,False,,ok
kb_98_top9_set3_parte1.json,TOP9_CODICI_FREQUENTI_SET3_PARTE1,GUIDA_ONORARI_PROFESSIONALI_L794,Procedimento sommario per onorari professionali ex L. 794/1942 (art. 14 D.Lgs. 150/2011),normativa,normativa,normativa,normativa,True,True,True,True,True,,,,,,False,,ok
kb_98_top9_set3_parte1.json,TOP9_CODICI_FREQUENTI_SET3_PARTE1,GUIDA_ONORARI_PROFESSIONALI_L794,Procedimento sommario per onorari professionali ex L. 794/1942 (art. 14 D.Lgs. 150/2011),atto_principale,atto_principale,atto_principale,atto_principale,True,True,True,True,True,,,,,,False,,ok
kb_98_top9_set3_parte1.json,TOP9_CODICI_FREQUENTI_SET3_PARTE1,GUIDA_ONORARI_PROFESSIONALI_L794,Procedimento sommario per onorari professionali ex L. 794/1942 (art. 14 D.Lgs. 150/2011),specialistica:nota_integrazione_iusentra,nota_integrazione_iusentra,nota_integrazione_iusentra,nota_integrazione_iusentra,True,True,True,True,True,,,,,,False,,ok
kb_98_top9_set3_parte1.json,TOP9_CODICI_FREQUENTI_SET3_PARTE1,GUIDA_ONORARI_PROFESSIONALI_L794,Procedimento sommario per onorari professionali ex L. 794/1942 (art. 14 D.Lgs. 150/2011),specialistica:ambito_applicativo,ambito_applicativo,ambito_applicativo,ambito_applicativo,True,True,True,True,True,,,,,,False,,ok
kb_98_top9_set3_parte2.json,TOP9_CODICI_FREQUENTI_SET3_PARTE2,GUIDA_ADS_MODIFICA_REVOCA_413062,Modifica o revoca del decreto di nomina dell'amministratore di sostegno,denominazione,denominazione,denominazione,denominazione,True,True,True,True,True,,,,Modifica o revoca del decreto di nomina dell'amministratore di sostegno,Modifica o revoca del decreto di nomina dell'amministratore di sostegno,False,,ok
kb_98_top9_set3_parte2.json,TOP9_CODICI_FREQUENTI_SET3_PARTE2,GUIDA_ADS_MODIFICA_REVOCA_413062,Modifica o revoca del decreto di nomina dell'amministratore di sostegno,categoria,categoria,categoria,categoria,True,True,True,True,True,,,,Volontaria giurisdizione - protezione - AdS in fase modificativa,Volontaria giurisdizione - protezione - AdS in fase modificativa,False,,ok
kb_98_top9_set3_parte2.json,TOP9_CODICI_FREQUENTI_SET3_PARTE2,GUIDA_ADS_MODIFICA_REVOCA_413062,Modifica o revoca del decreto di nomina dell'amministratore di sostegno,sottocategoria,sottocategoria,sottocategoria,sottocategoria,True,True,True,True,True,,,,"Procedimento di modifica, sostituzione, integrazione, revoca dell'amministrazione di sostegno","Procedimento di modifica, sostituzione, integrazione, revoca dell'amministrazione di sostegno",False,,ok
kb_98_top9_set3_parte2.json,TOP9_CODICI_FREQUENTI_SET3_PARTE2,GUIDA_ADS_MODIFICA_REVOCA_413062,Modifica o revoca del decreto di nomina dell'amministratore di sostegno,rito,rito,rito,rito,True,True,True,True,True,,,,Procedimento camerale - GIUDICE TUTELARE (stesso che ha aperto l'AdS),Procedimento camerale - GIUDICE TUTELARE (stesso che ha aperto l'AdS),False,,ok
kb_98_top9_set3_parte2.json,TOP9_CODICI_FREQUENTI_SET3_PARTE2,GUIDA_ADS_MODIFICA_REVOCA_413062,Modifica o revoca del decreto di nomina dell'amministratore di sostegno,competenza,competenza,competenza,competenza,True,True,True,True,True,,,,GIUDICE TUTELARE del Tribunale del luogo di residenza/domicilio del beneficiario - stesso che ha aperto l'AdS,GIUDICE TUTELARE del Tribunale del luogo di residenza/domicilio del beneficiario - stesso che ha aperto l'AdS,False,,ok
kb_98_top9_set3_parte2.json,TOP9_CODICI_FREQUENTI_SET3_PARTE2,GUIDA_ADS_MODIFICA_REVOCA_413062,Modifica o revoca del decreto di nomina dell'amministratore di sostegno,uffici_destinatari,uffici_destinatari,uffici_destinatari,uffici_destinatari,True,True,True,True,True,,,,,,False,,ok
kb_98_top9_set3_parte2.json,TOP9_CODICI_FREQUENTI_SET3_PARTE2,GUIDA_ADS_MODIFICA_REVOCA_413062,Modifica o revoca del decreto di nomina dell'amministratore di sostegno,tipologie_di_intervento,tipologie_di_intervento,tipologie_di_intervento,tipologie_di_intervento,True,True,True,True,True,,,,,,False,,ok
kb_98_top9_set3_parte2.json,TOP9_CODICI_FREQUENTI_SET3_PARTE2,GUIDA_ADS_MODIFICA_REVOCA_413062,Modifica o revoca del decreto di nomina dell'amministratore di sostegno,presupposti_sostanziali,presupposti_sostanziali,presupposti_sostanziali,presupposti_sostanziali,True,True,True,True,True,,,,,,False,,ok
kb_98_top9_set3_parte2.json,TOP9_CODICI_FREQUENTI_SET3_PARTE2,GUIDA_ADS_MODIFICA_REVOCA_413062,Modifica o revoca del decreto di nomina dell'amministratore di sostegno,legittimati_attivi,legittimati_attivi,legittimati_attivi,legittimati_attivi,True,True,True,True,True,,,,,,False,,ok
kb_98_top9_set3_parte2.json,TOP9_CODICI_FREQUENTI_SET3_PARTE2,GUIDA_ADS_MODIFICA_REVOCA_413062,Modifica o revoca del decreto di nomina dell'amministratore di sostegno,obbligo_mediazione,obbligo_mediazione,obbligo_mediazione,obbligo_mediazione,True,True,True,True,True,,,,,,False,,ok
kb_98_top9_set3_parte2.json,TOP9_CODICI_FREQUENTI_SET3_PARTE2,GUIDA_ADS_MODIFICA_REVOCA_413062,Modifica o revoca del decreto di nomina dell'amministratore di sostegno,adempimenti_propedeutici,adempimenti_propedeutici,adempimenti_propedeutici,adempimenti_propedeutici,True,True,True,True,True,"1,2,3,4,5","1,2,3,4,5",,,,False,,ok
kb_98_top9_set3_parte2.json,TOP9_CODICI_FREQUENTI_SET3_PARTE2,GUIDA_ADS_MODIFICA_REVOCA_413062,Modifica o revoca del decreto di nomina dell'amministratore di sostegno,richiesta_provvedimenti_urgenti,richiesta_provvedimenti_urgenti,richiesta_provvedimenti_urgenti,richiesta_provvedimenti_urgenti,False,False,False,True,False,,,,,,False,,ok
kb_98_top9_set3_parte2.json,TOP9_CODICI_FREQUENTI_SET3_PARTE2,GUIDA_ADS_MODIFICA_REVOCA_413062,Modifica o revoca del decreto di nomina dell'amministratore di sostegno,avvertimenti_obbligatori,atto_principale.avvertimenti_obbligatori,atto_principale.avvertimenti_obbligatori,atto_principale.avvertimenti_obbligatori,True,True,True,True,True,,,,,,False,,ok
kb_98_top9_set3_parte2.json,TOP9_CODICI_FREQUENTI_SET3_PARTE2,GUIDA_ADS_MODIFICA_REVOCA_413062,Modifica o revoca del decreto di nomina dell'amministratore di sostegno,allegati_obbligatori,allegati_obbligatori,allegati_obbligatori,allegati_obbligatori,True,True,True,True,True,,,,,,False,,ok
kb_98_top9_set3_parte2.json,TOP9_CODICI_FREQUENTI_SET3_PARTE2,GUIDA_ADS_MODIFICA_REVOCA_413062,Modifica o revoca del decreto di nomina dell'amministratore di sostegno,termini_processuali,termini_processuali,termini_processuali,termini_processuali,True,True,True,True,True,,,,,,False,,ok
kb_98_top9_set3_parte2.json,TOP9_CODICI_FREQUENTI_SET3_PARTE2,GUIDA_ADS_MODIFICA_REVOCA_413062,Modifica o revoca del decreto di nomina dell'amministratore di sostegno,esiti_processuali_tipici,esiti_processuali_tipici,esiti_processuali_tipici,esiti_processuali_tipici,True,True,True,True,True,,,,,,False,,ok
kb_98_top9_set3_parte2.json,TOP9_CODICI_FREQUENTI_SET3_PARTE2,GUIDA_ADS_MODIFICA_REVOCA_413062,Modifica o revoca del decreto di nomina dell'amministratore di sostegno,normativa,normativa,normativa,normativa,True,True,True,True,True,,,,,,False,,ok
kb_98_top9_set3_parte2.json,TOP9_CODICI_FREQUENTI_SET3_PARTE2,GUIDA_ADS_MODIFICA_REVOCA_413062,Modifica o revoca del decreto di nomina dell'amministratore di sostegno,atto_principale,atto_principale,atto_principale,atto_principale,True,True,True,True,True,,,,,,False,,ok
kb_98_top9_set3_parte2.json,TOP9_CODICI_FREQUENTI_SET3_PARTE2,GUIDA_ADS_MODIFICA_REVOCA_413062,Modifica o revoca del decreto di nomina dell'amministratore di sostegno,specialistica:nota_integrazione_iusentra,nota_integrazione_iusentra,nota_integrazione_iusentra,nota_integrazione_iusentra,True,True,True,True,True,,,,,,False,,ok
kb_98_top9_set3_parte2.json,TOP9_CODICI_FREQUENTI_SET3_PARTE2,GUIDA_RECESSO_SOCIO_SRL_150003,Recesso del socio di S.r.l. e liquidazione della quota (artt. 2473 c.c.),denominazione,denominazione,denominazione,denominazione,True,True,True,True,True,,,,Recesso del socio di S.r.l. e liquidazione della quota (artt. 2473 c.c.),Recesso del socio di S.r.l. e liquidazione della quota (artt. 2473 c.c.),False,,ok
kb_98_top9_set3_parte2.json,TOP9_CODICI_FREQUENTI_SET3_PARTE2,GUIDA_RECESSO_SOCIO_SRL_150003,Recesso del socio di S.r.l. e liquidazione della quota (artt. 2473 c.c.),categoria,categoria,categoria,categoria,True,True,True,True,True,,,,Diritto societario - vicende del socio,Diritto societario - vicende del socio,False,,ok
kb_98_top9_set3_parte2.json,TOP9_CODICI_FREQUENTI_SET3_PARTE2,GUIDA_RECESSO_SOCIO_SRL_150003,Recesso del socio di S.r.l. e liquidazione della quota (artt. 2473 c.c.),sottocategoria,sottocategoria,sottocategoria,sottocategoria,True,True,True,True,True,,,,Esercizio del diritto di recesso del socio S.r.l. e determinazione del valore di liquidazione della quota,Esercizio del diritto di recesso del socio S.r.l. e determinazione del valore di liquidazione della quota,False,,ok
kb_98_top9_set3_parte2.json,TOP9_CODICI_FREQUENTI_SET3_PARTE2,GUIDA_RECESSO_SOCIO_SRL_150003,Recesso del socio di S.r.l. e liquidazione della quota (artt. 2473 c.c.),rito,rito,rito,rito,True,True,True,True,True,,,,Rito ordinario di cognizione (la S.S.I. ha competenza per le S.r.l. con caratteristiche specifiche),Rito ordinario di cognizione (la S.S.I. ha competenza per le S.r.l. con caratteristiche specifiche),False,,ok
kb_98_top9_set3_parte2.json,TOP9_CODICI_FREQUENTI_SET3_PARTE2,GUIDA_RECESSO_SOCIO_SRL_150003,Recesso del socio di S.r.l. e liquidazione della quota (artt. 2473 c.c.),competenza,competenza,competenza,competenza,True,True,True,True,True,,,,TRIBUNALE - SEZIONE SPECIALIZZATA IN MATERIA DI IMPRESA per S.r.l. di rilevanza significativa (D.L. 1/2012); altrimenti Tribunale ordinario - sezione civile,TRIBUNALE - SEZIONE SPECIALIZZATA IN MATERIA DI IMPRESA per S.r.l. di rilevanza significativa (D.L. 1/2012); altrimenti Tribunale ordinario - sezione civile,False,,ok
kb_98_top9_set3_parte2.json,TOP9_CODICI_FREQUENTI_SET3_PARTE2,GUIDA_RECESSO_SOCIO_SRL_150003,Recesso del socio di S.r.l. e liquidazione della quota (artt. 2473 c.c.),uffici_destinatari,uffici_destinatari,uffici_destinatari,uffici_destinatari,True,True,True,True,True,,,,,,False,,ok
kb_98_top9_set3_parte2.json,TOP9_CODICI_FREQUENTI_SET3_PARTE2,GUIDA_RECESSO_SOCIO_SRL_150003,Recesso del socio di S.r.l. e liquidazione della quota (artt. 2473 c.c.),tipologie_di_intervento,tipologie_di_intervento,tipologie_di_intervento,tipologie_di_intervento,False,False,False,True,False,,,,,,False,,ok
kb_98_top9_set3_parte2.json,TOP9_CODICI_FREQUENTI_SET3_PARTE2,GUIDA_RECESSO_SOCIO_SRL_150003,Recesso del socio di S.r.l. e liquidazione della quota (artt. 2473 c.c.),presupposti_sostanziali,presupposti_sostanziali,presupposti_sostanziali,presupposti_sostanziali,True,True,True,True,True,,,,,,False,,ok
kb_98_top9_set3_parte2.json,TOP9_CODICI_FREQUENTI_SET3_PARTE2,GUIDA_RECESSO_SOCIO_SRL_150003,Recesso del socio di S.r.l. e liquidazione della quota (artt. 2473 c.c.),legittimati_attivi,legittimati_attivi,legittimati_attivi,legittimati_attivi,False,False,False,True,False,,,,,,False,,ok
kb_98_top9_set3_parte2.json,TOP9_CODICI_FREQUENTI_SET3_PARTE2,GUIDA_RECESSO_SOCIO_SRL_150003,Recesso del socio di S.r.l. e liquidazione della quota (artt. 2473 c.c.),obbligo_mediazione,obbligo_mediazione,obbligo_mediazione,obbligo_mediazione,True,True,True,True,True,,,,,,False,,ok
kb_98_top9_set3_parte2.json,TOP9_CODICI_FREQUENTI_SET3_PARTE2,GUIDA_RECESSO_SOCIO_SRL_150003,Recesso del socio di S.r.l. e liquidazione della quota (artt. 2473 c.c.),adempimenti_propedeutici,adempimenti_propedeutici,adempimenti_propedeutici,adempimenti_propedeutici,True,True,True,True,True,"1,2,3,4,5,6","1,2,3,4,5,6",,,,False,,ok
kb_98_top9_set3_parte2.json,TOP9_CODICI_FREQUENTI_SET3_PARTE2,GUIDA_RECESSO_SOCIO_SRL_150003,Recesso del socio di S.r.l. e liquidazione della quota (artt. 2473 c.c.),richiesta_provvedimenti_urgenti,richiesta_provvedimenti_urgenti,richiesta_provvedimenti_urgenti,richiesta_provvedimenti_urgenti,False,False,False,True,False,,,,,,False,,ok
kb_98_top9_set3_parte2.json,TOP9_CODICI_FREQUENTI_SET3_PARTE2,GUIDA_RECESSO_SOCIO_SRL_150003,Recesso del socio di S.r.l. e liquidazione della quota (artt. 2473 c.c.),avvertimenti_obbligatori,atto_principale.avvertimenti_obbligatori,atto_principale.avvertimenti_obbligatori,atto_principale.avvertimenti_obbligatori,True,True,True,True,True,,,,,,False,,ok
kb_98_top9_set3_parte2.json,TOP9_CODICI_FREQUENTI_SET3_PARTE2,GUIDA_RECESSO_SOCIO_SRL_150003,Recesso del socio di S.r.l. e liquidazione della quota (artt. 2473 c.c.),allegati_obbligatori,allegati_obbligatori,allegati_obbligatori,allegati_obbligatori,True,True,True,True,True,,,,,,False,,ok
kb_98_top9_set3_parte2.json,TOP9_CODICI_FREQUENTI_SET3_PARTE2,GUIDA_RECESSO_SOCIO_SRL_150003,Recesso del socio di S.r.l. e liquidazione della quota (artt. 2473 c.c.),termini_processuali,termini_processuali,termini_processuali,termini_processuali,True,True,True,True,True,,,,,,False,,ok
kb_98_top9_set3_parte2.json,TOP9_CODICI_FREQUENTI_SET3_PARTE2,GUIDA_RECESSO_SOCIO_SRL_150003,Recesso del socio di S.r.l. e liquidazione della quota (artt. 2473 c.c.),esiti_processuali_tipici,esiti_processuali_tipici,esiti_processuali_tipici,esiti_processuali_tipici,True,True,True,True,True,,,,,,False,,ok
kb_98_top9_set3_parte2.json,TOP9_CODICI_FREQUENTI_SET3_PARTE2,GUIDA_RECESSO_SOCIO_SRL_150003,Recesso del socio di S.r.l. e liquidazione della quota (artt. 2473 c.c.),normativa,normativa,normativa,normativa,True,True,True,True,True,,,,,,False,,ok
kb_98_top9_set3_parte2.json,TOP9_CODICI_FREQUENTI_SET3_PARTE2,GUIDA_RECESSO_SOCIO_SRL_150003,Recesso del socio di S.r.l. e liquidazione della quota (artt. 2473 c.c.),atto_principale,atto_principale,atto_principale,atto_principale,True,True,True,True,True,,,,,,False,,ok
kb_98_top9_set3_parte2.json,TOP9_CODICI_FREQUENTI_SET3_PARTE2,GUIDA_RECESSO_SOCIO_SRL_150003,Recesso del socio di S.r.l. e liquidazione della quota (artt. 2473 c.c.),specialistica:nota_integrazione_iusentra,nota_integrazione_iusentra,nota_integrazione_iusentra,nota_integrazione_iusentra,True,True,True,True,True,,,,,,False,,ok
kb_98_top9_set3_parte2.json,TOP9_CODICI_FREQUENTI_SET3_PARTE2,GUIDA_RECESSO_SOCIO_SRL_150003,Recesso del socio di S.r.l. e liquidazione della quota (artt. 2473 c.c.),specialistica:competenza_territoriale,competenza_territoriale,competenza_territoriale,competenza_territoriale,True,True,True,True,True,,,,,,False,,ok
kb_98_top9_set3_parte2.json,TOP9_CODICI_FREQUENTI_SET3_PARTE2,GUIDA_RECESSO_SOCIO_SRL_150003,Recesso del socio di S.r.l. e liquidazione della quota (artt. 2473 c.c.),specialistica:cause_recesso_legali_art_2473,cause_recesso_legali_art_2473,cause_recesso_legali_art_2473,cause_recesso_legali_art_2473,True,True,True,True,True,,,,,,False,,ok
kb_98_top9_set3_parte2.json,TOP9_CODICI_FREQUENTI_SET3_PARTE2,GUIDA_RECESSO_SOCIO_SRL_150003,Recesso del socio di S.r.l. e liquidazione della quota (artt. 2473 c.c.),specialistica:cause_recesso_statutarie,cause_recesso_statutarie,cause_recesso_statutarie,cause_recesso_statutarie,True,True,True,True,True,,,,,,False,,ok
kb_98_top9_set3_parte2.json,TOP9_CODICI_FREQUENTI_SET3_PARTE2,100011,Opposizione all'esecuzione ex art. 615 c. 2 c.p.c. (dopo l'inizio dell'esecuzione),denominazione,denominazione,denominazione,denominazione,True,True,True,True,True,,,,Opposizione all'esecuzione ex art. 615 c. 2 c.p.c. (dopo l'inizio dell'esecuzione),Opposizione all'esecuzione ex art. 615 c. 2 c.p.c. (dopo l'inizio dell'esecuzione),False,,ok
kb_98_top9_set3_parte2.json,TOP9_CODICI_FREQUENTI_SET3_PARTE2,100011,Opposizione all'esecuzione ex art. 615 c. 2 c.p.c. (dopo l'inizio dell'esecuzione),categoria,categoria,categoria,categoria,True,True,True,True,True,,,,Opposizioni esecutive,Opposizioni esecutive,False,,ok
kb_98_top9_set3_parte2.json,TOP9_CODICI_FREQUENTI_SET3_PARTE2,100011,Opposizione all'esecuzione ex art. 615 c. 2 c.p.c. (dopo l'inizio dell'esecuzione),sottocategoria,sottocategoria,sottocategoria,sottocategoria,True,True,True,True,True,,,,Opposizione successiva all'inizio dell'esecuzione - merito,Opposizione successiva all'inizio dell'esecuzione - merito,False,,ok
kb_98_top9_set3_parte2.json,TOP9_CODICI_FREQUENTI_SET3_PARTE2,100011,Opposizione all'esecuzione ex art. 615 c. 2 c.p.c. (dopo l'inizio dell'esecuzione),rito,rito,rito,rito,True,True,True,True,True,,,,Procedimento davanti al GIUDICE DELL'ESECUZIONE - successiva fase di merito davanti al giudice competente per la causa di valore corrispondente,Procedimento davanti al GIUDICE DELL'ESECUZIONE - successiva fase di merito davanti al giudice competente per la causa di valore corrispondente,False,,ok
kb_98_top9_set3_parte2.json,TOP9_CODICI_FREQUENTI_SET3_PARTE2,100011,Opposizione all'esecuzione ex art. 615 c. 2 c.p.c. (dopo l'inizio dell'esecuzione),competenza,competenza,competenza,competenza,True,True,True,True,True,,,,GIUDICE DELL'ESECUZIONE per fase iniziale (sospensione e opposizione formale); GIUDICE COMPETENTE PER VALORE/MATERIA per la fase di merito (dopo l'introduzione del giudizio di merito ex art. 616 c.p.c.),Giudice dell'esecuzione (fase introduttiva con ricorso); per il merito si applicano competenze ordinarie,True,,ok
kb_98_top9_set3_parte2.json,TOP9_CODICI_FREQUENTI_SET3_PARTE2,100011,Opposizione all'esecuzione ex art. 615 c. 2 c.p.c. (dopo l'inizio dell'esecuzione),uffici_destinatari,uffici_destinatari,uffici_destinatari,uffici_destinatari,True,True,True,True,True,,,,,,False,,ok
kb_98_top9_set3_parte2.json,TOP9_CODICI_FREQUENTI_SET3_PARTE2,100011,Opposizione all'esecuzione ex art. 615 c. 2 c.p.c. (dopo l'inizio dell'esecuzione),tipologie_di_intervento,tipologie_di_intervento,tipologie_di_intervento,tipologie_di_intervento,False,False,False,True,False,,,,,,False,,ok
kb_98_top9_set3_parte2.json,TOP9_CODICI_FREQUENTI_SET3_PARTE2,100011,Opposizione all'esecuzione ex art. 615 c. 2 c.p.c. (dopo l'inizio dell'esecuzione),presupposti_sostanziali,presupposti_sostanziali,presupposti_sostanziali,presupposti_sostanziali,True,True,True,True,True,,,,,,False,,ok
kb_98_top9_set3_parte2.json,TOP9_CODICI_FREQUENTI_SET3_PARTE2,100011,Opposizione all'esecuzione ex art. 615 c. 2 c.p.c. (dopo l'inizio dell'esecuzione),legittimati_attivi,legittimati_attivi,legittimati_attivi,legittimati_attivi,False,False,False,True,False,,,,,,False,,ok
kb_98_top9_set3_parte2.json,TOP9_CODICI_FREQUENTI_SET3_PARTE2,100011,Opposizione all'esecuzione ex art. 615 c. 2 c.p.c. (dopo l'inizio dell'esecuzione),obbligo_mediazione,obbligo_mediazione,obbligo_mediazione,obbligo_mediazione,True,True,True,True,True,,,,,,False,,ok
kb_98_top9_set3_parte2.json,TOP9_CODICI_FREQUENTI_SET3_PARTE2,100011,Opposizione all'esecuzione ex art. 615 c. 2 c.p.c. (dopo l'inizio dell'esecuzione),adempimenti_propedeutici,adempimenti_propedeutici,adempimenti_propedeutici,adempimenti_propedeutici,True,True,True,True,True,"1,2,3,4,5","1,2,3,4,5,6",,,,False,,ok
kb_98_top9_set3_parte2.json,TOP9_CODICI_FREQUENTI_SET3_PARTE2,100011,Opposizione all'esecuzione ex art. 615 c. 2 c.p.c. (dopo l'inizio dell'esecuzione),richiesta_provvedimenti_urgenti,richiesta_provvedimenti_urgenti,richiesta_provvedimenti_urgenti,richiesta_provvedimenti_urgenti,False,False,False,True,False,,,,,,False,,ok
kb_98_top9_set3_parte2.json,TOP9_CODICI_FREQUENTI_SET3_PARTE2,100011,Opposizione all'esecuzione ex art. 615 c. 2 c.p.c. (dopo l'inizio dell'esecuzione),avvertimenti_obbligatori,atto_principale.avvertimenti_obbligatori,atto_principale.avvertimenti_obbligatori,atto_principale.avvertimenti_obbligatori,True,True,True,True,True,,,,,,False,,ok
kb_98_top9_set3_parte2.json,TOP9_CODICI_FREQUENTI_SET3_PARTE2,100011,Opposizione all'esecuzione ex art. 615 c. 2 c.p.c. (dopo l'inizio dell'esecuzione),allegati_obbligatori,allegati_obbligatori,allegati_obbligatori,allegati_obbligatori,True,True,True,True,True,,,,,,False,,ok
kb_98_top9_set3_parte2.json,TOP9_CODICI_FREQUENTI_SET3_PARTE2,100011,Opposizione all'esecuzione ex art. 615 c. 2 c.p.c. (dopo l'inizio dell'esecuzione),termini_processuali,termini_processuali,termini_processuali,termini_processuali,True,True,True,True,True,,,,,,False,,ok
kb_98_top9_set3_parte2.json,TOP9_CODICI_FREQUENTI_SET3_PARTE2,100011,Opposizione all'esecuzione ex art. 615 c. 2 c.p.c. (dopo l'inizio dell'esecuzione),esiti_processuali_tipici,esiti_processuali_tipici,esiti_processuali_tipici,esiti_processuali_tipici,True,True,True,True,True,,,,,,False,,ok
kb_98_top9_set3_parte2.json,TOP9_CODICI_FREQUENTI_SET3_PARTE2,100011,Opposizione all'esecuzione ex art. 615 c. 2 c.p.c. (dopo l'inizio dell'esecuzione),normativa,normativa,normativa,normativa,True,True,True,True,True,,,,,,False,,ok
kb_98_top9_set3_parte2.json,TOP9_CODICI_FREQUENTI_SET3_PARTE2,100011,Opposizione all'esecuzione ex art. 615 c. 2 c.p.c. (dopo l'inizio dell'esecuzione),atto_principale,atto_principale,atto_principale,atto_principale,True,True,True,True,True,,,,,,False,,ok
kb_98_top9_set3_parte2.json,TOP9_CODICI_FREQUENTI_SET3_PARTE2,100011,Opposizione all'esecuzione ex art. 615 c. 2 c.p.c. (dopo l'inizio dell'esecuzione),specialistica:differenza_da_615_c1,differenza_da_615_c1,differenza_da_615_c1,differenza_da_615_c1,True,True,True,True,True,,,,,,False,,ok
kb_98_top9_set3_parte2.json,TOP9_CODICI_FREQUENTI_SET3_PARTE2,100011,Opposizione all'esecuzione ex art. 615 c. 2 c.p.c. (dopo l'inizio dell'esecuzione),specialistica:differenza_da_617,differenza_da_617,differenza_da_617,differenza_da_617,True,True,True,True,True,,,,,,False,,ok
kb_98_top9_set3_parte2.json,TOP9_CODICI_FREQUENTI_SET3_PARTE2,170006,Concorrenza sleale (art. 2598 c.c.),denominazione,denominazione,denominazione,denominazione,True,True,True,True,True,,,,Concorrenza sleale (art. 2598 c.c.),Concorrenza sleale (art. 2598 c.c.),False,,ok
kb_98_top9_set3_parte2.json,TOP9_CODICI_FREQUENTI_SET3_PARTE2,170006,Concorrenza sleale (art. 2598 c.c.),categoria,categoria,categoria,categoria,True,True,True,True,True,,,,Diritto industriale e commerciale,Diritto industriale e commerciale,False,,ok
kb_98_top9_set3_parte2.json,TOP9_CODICI_FREQUENTI_SET3_PARTE2,170006,Concorrenza sleale (art. 2598 c.c.),sottocategoria,sottocategoria,sottocategoria,sottocategoria,True,True,True,True,True,,,,"Atti di concorrenza sleale - confusione, denigrazione, scorrettezza professionale","Atti di concorrenza sleale - confusione, denigrazione, scorrettezza professionale",False,,ok
kb_98_top9_set3_parte2.json,TOP9_CODICI_FREQUENTI_SET3_PARTE2,170006,Concorrenza sleale (art. 2598 c.c.),rito,rito,rito,rito,True,True,True,True,True,,,,Rito ordinario di cognizione (con frequente fase cautelare ex art. 700 c.p.c. o inibitoria),Rito ordinario di cognizione (con frequente fase cautelare ex art. 700 c.p.c. o inibitoria),False,,ok
kb_98_top9_set3_parte2.json,TOP9_CODICI_FREQUENTI_SET3_PARTE2,170006,Concorrenza sleale (art. 2598 c.c.),competenza,competenza,competenza,competenza,True,True,True,True,True,,,,"TRIBUNALE SEZIONE SPECIALIZZATA IN MATERIA DI IMPRESA quando la concorrenza sleale è interferente con la proprietà intellettuale (D.Lgs. 168/2003, D.L. 1/2012); altrimenti Tribunale ordinario sezione civile","TRIBUNALE SEZIONE SPECIALIZZATA IN MATERIA DI IMPRESA quando la concorrenza sleale è interferente con la proprietà intellettuale (D.Lgs. 168/2003, D.L. 1/2012); altrimenti Tribunale ordinario sezione civile",False,,ok
kb_98_top9_set3_parte2.json,TOP9_CODICI_FREQUENTI_SET3_PARTE2,170006,Concorrenza sleale (art. 2598 c.c.),uffici_destinatari,uffici_destinatari,uffici_destinatari,uffici_destinatari,True,True,True,True,True,,,,,,False,,ok
kb_98_top9_set3_parte2.json,TOP9_CODICI_FREQUENTI_SET3_PARTE2,170006,Concorrenza sleale (art. 2598 c.c.),tipologie_di_intervento,tipologie_di_intervento,tipologie_di_intervento,tipologie_di_intervento,False,False,False,True,False,,,,,,False,,ok
kb_98_top9_set3_parte2.json,TOP9_CODICI_FREQUENTI_SET3_PARTE2,170006,Concorrenza sleale (art. 2598 c.c.),presupposti_sostanziali,presupposti_sostanziali,presupposti_sostanziali,presupposti_sostanziali,True,True,True,True,True,,,,,,False,,ok
kb_98_top9_set3_parte2.json,TOP9_CODICI_FREQUENTI_SET3_PARTE2,170006,Concorrenza sleale (art. 2598 c.c.),legittimati_attivi,legittimati_attivi,legittimati_attivi,legittimati_attivi,False,False,False,True,False,,,,,,False,,ok
kb_98_top9_set3_parte2.json,TOP9_CODICI_FREQUENTI_SET3_PARTE2,170006,Concorrenza sleale (art. 2598 c.c.),obbligo_mediazione,obbligo_mediazione,obbligo_mediazione,obbligo_mediazione,True,True,True,True,True,,,,,,False,,ok
kb_98_top9_set3_parte2.json,TOP9_CODICI_FREQUENTI_SET3_PARTE2,170006,Concorrenza sleale (art. 2598 c.c.),adempimenti_propedeutici,adempimenti_propedeutici,adempimenti_propedeutici,adempimenti_propedeutici,True,True,True,True,True,"1,2,3,4,5","1,2,3,4,5",,,,False,,ok
kb_98_top9_set3_parte2.json,TOP9_CODICI_FREQUENTI_SET3_PARTE2,170006,Concorrenza sleale (art. 2598 c.c.),richiesta_provvedimenti_urgenti,richiesta_provvedimenti_urgenti,richiesta_provvedimenti_urgenti,richiesta_provvedimenti_urgenti,False,False,False,True,False,,,,,,False,,ok
kb_98_top9_set3_parte2.json,TOP9_CODICI_FREQUENTI_SET3_PARTE2,170006,Concorrenza sleale (art. 2598 c.c.),avvertimenti_obbligatori,atto_principale.avvertimenti_obbligatori,atto_principale.avvertimenti_obbligatori,atto_principale.avvertimenti_obbligatori,True,True,True,True,True,,,,,,False,,ok
kb_98_top9_set3_parte2.json,TOP9_CODICI_FREQUENTI_SET3_PARTE2,170006,Concorrenza sleale (art. 2598 c.c.),allegati_obbligatori,allegati_obbligatori,allegati_obbligatori,allegati_obbligatori,True,True,True,True,True,,,,,,False,,ok
kb_98_top9_set3_parte2.json,TOP9_CODICI_FREQUENTI_SET3_PARTE2,170006,Concorrenza sleale (art. 2598 c.c.),termini_processuali,termini_processuali,termini_processuali,termini_processuali,True,True,True,True,True,,,,,,False,,ok
kb_98_top9_set3_parte2.json,TOP9_CODICI_FREQUENTI_SET3_PARTE2,170006,Concorrenza sleale (art. 2598 c.c.),esiti_processuali_tipici,esiti_processuali_tipici,esiti_processuali_tipici,esiti_processuali_tipici,True,True,True,True,True,,,,,,False,,ok
kb_98_top9_set3_parte2.json,TOP9_CODICI_FREQUENTI_SET3_PARTE2,170006,Concorrenza sleale (art. 2598 c.c.),normativa,normativa,normativa,normativa,True,True,True,True,True,,,,,,False,,ok
kb_98_top9_set3_parte2.json,TOP9_CODICI_FREQUENTI_SET3_PARTE2,170006,Concorrenza sleale (art. 2598 c.c.),atto_principale,atto_principale,atto_principale,atto_principale,True,True,True,True,True,,,,,,False,,ok
kb_98_top9_set3_parte2.json,TOP9_CODICI_FREQUENTI_SET3_PARTE2,170006,Concorrenza sleale (art. 2598 c.c.),specialistica:competenza_territoriale,competenza_territoriale,competenza_territoriale,competenza_territoriale,True,True,True,True,True,,,,,,False,,ok
kb_98_top9_set3_parte2.json,TOP9_CODICI_FREQUENTI_SET3_PARTE2,170006,Concorrenza sleale (art. 2598 c.c.),specialistica:tipologie_concorrenza_sleale_art_2598,tipologie_concorrenza_sleale_art_2598,tipologie_concorrenza_sleale_art_2598,tipologie_concorrenza_sleale_art_2598,True,True,True,True,True,,,,,,False,,ok
kb_98_top9_set4_parte1.json,TOP9_CODICI_FREQUENTI_SET4_PARTE1,101001,Revocazione ordinaria della sentenza (art. 395 c.p.c.),denominazione,denominazione,denominazione,denominazione,True,True,True,True,True,,,,Revocazione ordinaria della sentenza (art. 395 c.p.c.),Revocazione ordinaria della sentenza (art. 395 c.p.c.),False,,ok
kb_98_top9_set4_parte1.json,TOP9_CODICI_FREQUENTI_SET4_PARTE1,101001,Revocazione ordinaria della sentenza (art. 395 c.p.c.),categoria,categoria,categoria,categoria,True,True,True,True,True,,,,Impugnazioni straordinarie,Impugnazioni straordinarie,False,,ok
kb_98_top9_set4_parte1.json,TOP9_CODICI_FREQUENTI_SET4_PARTE1,101001,Revocazione ordinaria della sentenza (art. 395 c.p.c.),sottocategoria,sottocategoria,sottocategoria,sottocategoria,True,True,True,True,True,,,,Revocazione per motivi straordinari delle sentenze passate in giudicato o non più impugnabili,Revocazione per motivi straordinari delle sentenze passate in giudicato o non più impugnabili,False,,ok
kb_98_top9_set4_parte1.json,TOP9_CODICI_FREQUENTI_SET4_PARTE1,101001,Revocazione ordinaria della sentenza (art. 395 c.p.c.),rito,rito,rito,rito,True,True,True,True,True,,,,Rito ordinario di cognizione davanti al giudice che ha emesso la sentenza impugnata,Rito ordinario di cognizione davanti al giudice che ha emesso la sentenza impugnata,False,,ok
kb_98_top9_set4_parte1.json,TOP9_CODICI_FREQUENTI_SET4_PARTE1,101001,Revocazione ordinaria della sentenza (art. 395 c.p.c.),competenza,competenza,competenza,competenza,True,True,True,True,True,,,,"STESSO GIUDICE che ha emesso la sentenza revocanda (Tribunale, Corte d'Appello, Cassazione - quest'ultima solo per casi tassativi ex art. 391-bis e ter)","STESSO GIUDICE che ha emesso la sentenza revocanda (Tribunale, Corte d'Appello, Cassazione - quest'ultima solo per casi tassativi ex art. 391-bis e ter)",False,,ok
kb_98_top9_set4_parte1.json,TOP9_CODICI_FREQUENTI_SET4_PARTE1,101001,Revocazione ordinaria della sentenza (art. 395 c.p.c.),uffici_destinatari,uffici_destinatari,uffici_destinatari,uffici_destinatari,True,True,True,True,True,,,,,,False,,ok
kb_98_top9_set4_parte1.json,TOP9_CODICI_FREQUENTI_SET4_PARTE1,101001,Revocazione ordinaria della sentenza (art. 395 c.p.c.),tipologie_di_intervento,tipologie_di_intervento,tipologie_di_intervento,tipologie_di_intervento,False,False,False,True,False,,,,,,False,,ok
kb_98_top9_set4_parte1.json,TOP9_CODICI_FREQUENTI_SET4_PARTE1,101001,Revocazione ordinaria della sentenza (art. 395 c.p.c.),presupposti_sostanziali,presupposti_sostanziali,presupposti_sostanziali,presupposti_sostanziali,True,True,True,True,True,,,,,,False,,ok
kb_98_top9_set4_parte1.json,TOP9_CODICI_FREQUENTI_SET4_PARTE1,101001,Revocazione ordinaria della sentenza (art. 395 c.p.c.),legittimati_attivi,legittimati_attivi,legittimati_attivi,legittimati_attivi,False,False,False,True,False,,,,,,False,,ok
kb_98_top9_set4_parte1.json,TOP9_CODICI_FREQUENTI_SET4_PARTE1,101001,Revocazione ordinaria della sentenza (art. 395 c.p.c.),obbligo_mediazione,obbligo_mediazione,obbligo_mediazione,obbligo_mediazione,True,True,True,True,True,,,,,,False,,ok
kb_98_top9_set4_parte1.json,TOP9_CODICI_FREQUENTI_SET4_PARTE1,101001,Revocazione ordinaria della sentenza (art. 395 c.p.c.),adempimenti_propedeutici,adempimenti_propedeutici,adempimenti_propedeutici,adempimenti_propedeutici,True,True,True,True,True,"1,2,3,4,5,6","1,2,3,4,5,6",,,,False,,ok
kb_98_top9_set4_parte1.json,TOP9_CODICI_FREQUENTI_SET4_PARTE1,101001,Revocazione ordinaria della sentenza (art. 395 c.p.c.),richiesta_provvedimenti_urgenti,richiesta_provvedimenti_urgenti,richiesta_provvedimenti_urgenti,richiesta_provvedimenti_urgenti,False,False,False,True,False,,,,,,False,,ok
kb_98_top9_set4_parte1.json,TOP9_CODICI_FREQUENTI_SET4_PARTE1,101001,Revocazione ordinaria della sentenza (art. 395 c.p.c.),avvertimenti_obbligatori,atto_principale.avvertimenti_obbligatori,atto_principale.avvertimenti_obbligatori,atto_principale.avvertimenti_obbligatori,True,True,True,True,True,,,,,,False,,ok
kb_98_top9_set4_parte1.json,TOP9_CODICI_FREQUENTI_SET4_PARTE1,101001,Revocazione ordinaria della sentenza (art. 395 c.p.c.),allegati_obbligatori,allegati_obbligatori,allegati_obbligatori,allegati_obbligatori,True,True,True,True,True,,,,,,False,,ok
kb_98_top9_set4_parte1.json,TOP9_CODICI_FREQUENTI_SET4_PARTE1,101001,Revocazione ordinaria della sentenza (art. 395 c.p.c.),termini_processuali,termini_processuali,termini_processuali,termini_processuali,True,True,True,True,True,,,,,,False,,ok
kb_98_top9_set4_parte1.json,TOP9_CODICI_FREQUENTI_SET4_PARTE1,101001,Revocazione ordinaria della sentenza (art. 395 c.p.c.),esiti_processuali_tipici,esiti_processuali_tipici,esiti_processuali_tipici,esiti_processuali_tipici,True,True,True,True,True,,,,,,False,,ok
kb_98_top9_set4_parte1.json,TOP9_CODICI_FREQUENTI_SET4_PARTE1,101001,Revocazione ordinaria della sentenza (art. 395 c.p.c.),normativa,normativa,normativa,normativa,True,True,True,True,True,,,,,,False,,ok
kb_98_top9_set4_parte1.json,TOP9_CODICI_FREQUENTI_SET4_PARTE1,101001,Revocazione ordinaria della sentenza (art. 395 c.p.c.),atto_principale,atto_principale,atto_principale,atto_principale,True,True,True,True,True,,,,,,False,,ok
kb_98_top9_set4_parte1.json,TOP9_CODICI_FREQUENTI_SET4_PARTE1,101001,Revocazione ordinaria della sentenza (art. 395 c.p.c.),specialistica:motivi_revocazione_art_395,motivi_revocazione_art_395,motivi_revocazione_art_395,motivi_revocazione_art_395,True,True,True,True,True,,,,,,False,,ok
kb_98_top9_set4_parte1.json,TOP9_CODICI_FREQUENTI_SET4_PARTE1,101001,Revocazione ordinaria della sentenza (art. 395 c.p.c.),specialistica:distinzione_ordinaria_straordinaria,distinzione_ordinaria_straordinaria,distinzione_ordinaria_straordinaria,distinzione_ordinaria_straordinaria,True,True,True,True,True,,,,,,False,,ok
kb_98_top9_set4_parte1.json,TOP9_CODICI_FREQUENTI_SET4_PARTE1,120010,Petizione di eredità (art. 533 c.c.),denominazione,denominazione,denominazione,denominazione,True,True,True,True,True,,,,Petizione di eredità (art. 533 c.c.),Petizione di eredità (art. 533 c.c.),False,,ok
kb_98_top9_set4_parte1.json,TOP9_CODICI_FREQUENTI_SET4_PARTE1,120010,Petizione di eredità (art. 533 c.c.),categoria,categoria,categoria,categoria,True,True,True,True,True,,,,Successioni - tutela dell'erede vero,Successioni - tutela dell'erede vero,False,,ok
kb_98_top9_set4_parte1.json,TOP9_CODICI_FREQUENTI_SET4_PARTE1,120010,Petizione di eredità (art. 533 c.c.),sottocategoria,sottocategoria,sottocategoria,sottocategoria,True,True,True,True,True,,,,Azione dell'erede contro il possessore dei beni ereditari per ottenere il riconoscimento della qualità di erede e la restituzione dei beni,Azione dell'erede contro il possessore dei beni ereditari per ottenere il riconoscimento della qualità di erede e la restituzione dei beni,False,,ok
kb_98_top9_set4_parte1.json,TOP9_CODICI_FREQUENTI_SET4_PARTE1,120010,Petizione di eredità (art. 533 c.c.),rito,rito,rito,rito,True,True,True,True,True,,,,Rito ordinario di cognizione preceduto da MEDIAZIONE OBBLIGATORIA ex art. 5 c. 1-bis D.Lgs. 28/2010 (materia successioni),Rito ordinario di cognizione preceduto da MEDIAZIONE OBBLIGATORIA ex art. 5 c. 1-bis D.Lgs. 28/2010 (materia successioni),False,,ok
kb_98_top9_set4_parte1.json,TOP9_CODICI_FREQUENTI_SET4_PARTE1,120010,Petizione di eredità (art. 533 c.c.),competenza,competenza,competenza,competenza,True,True,True,True,True,,,,Tribunale del luogo di apertura della successione (art. 22 c.p.c.) - foro esclusivo,Tribunale del luogo di apertura della successione (art. 22 c.p.c.) - foro esclusivo,False,,ok
kb_98_top9_set4_parte1.json,TOP9_CODICI_FREQUENTI_SET4_PARTE1,120010,Petizione di eredità (art. 533 c.c.),uffici_destinatari,uffici_destinatari,uffici_destinatari,uffici_destinatari,True,True,True,True,True,,,,,,False,,ok
kb_98_top9_set4_parte1.json,TOP9_CODICI_FREQUENTI_SET4_PARTE1,120010,Petizione di eredità (art. 533 c.c.),tipologie_di_intervento,tipologie_di_intervento,tipologie_di_intervento,tipologie_di_intervento,False,False,False,True,False,,,,,,False,,ok
kb_98_top9_set4_parte1.json,TOP9_CODICI_FREQUENTI_SET4_PARTE1,120010,Petizione di eredità (art. 533 c.c.),presupposti_sostanziali,presupposti_sostanziali,presupposti_sostanziali,presupposti_sostanziali,True,True,True,True,True,,,,,,False,,ok
kb_98_top9_set4_parte1.json,TOP9_CODICI_FREQUENTI_SET4_PARTE1,120010,Petizione di eredità (art. 533 c.c.),legittimati_attivi,legittimati_attivi,legittimati_attivi,legittimati_attivi,False,False,False,True,False,,,,,,False,,ok
kb_98_top9_set4_parte1.json,TOP9_CODICI_FREQUENTI_SET4_PARTE1,120010,Petizione di eredità (art. 533 c.c.),obbligo_mediazione,obbligo_mediazione,obbligo_mediazione,obbligo_mediazione,True,True,True,True,True,,,,,,False,,ok
kb_98_top9_set4_parte1.json,TOP9_CODICI_FREQUENTI_SET4_PARTE1,120010,Petizione di eredità (art. 533 c.c.),adempimenti_propedeutici,adempimenti_propedeutici,adempimenti_propedeutici,adempimenti_propedeutici,True,True,True,True,True,"1,2,3,4,5,6,7","1,2,3,4,5,6,7",,,,False,,ok
kb_98_top9_set4_parte1.json,TOP9_CODICI_FREQUENTI_SET4_PARTE1,120010,Petizione di eredità (art. 533 c.c.),richiesta_provvedimenti_urgenti,richiesta_provvedimenti_urgenti,richiesta_provvedimenti_urgenti,richiesta_provvedimenti_urgenti,False,False,False,True,False,,,,,,False,,ok
kb_98_top9_set4_parte1.json,TOP9_CODICI_FREQUENTI_SET4_PARTE1,120010,Petizione di eredità (art. 533 c.c.),avvertimenti_obbligatori,atto_principale.avvertimenti_obbligatori,atto_principale.avvertimenti_obbligatori,atto_principale.avvertimenti_obbligatori,True,True,True,True,True,,,,,,False,,ok
kb_98_top9_set4_parte1.json,TOP9_CODICI_FREQUENTI_SET4_PARTE1,120010,Petizione di eredità (art. 533 c.c.),allegati_obbligatori,allegati_obbligatori,allegati_obbligatori,allegati_obbligatori,True,True,True,True,True,,,,,,False,,ok
kb_98_top9_set4_parte1.json,TOP9_CODICI_FREQUENTI_SET4_PARTE1,120010,Petizione di eredità (art. 533 c.c.),termini_processuali,termini_processuali,termini_processuali,termini_processuali,True,True,True,True,True,,,,,,False,,ok
kb_98_top9_set4_parte1.json,TOP9_CODICI_FREQUENTI_SET4_PARTE1,120010,Petizione di eredità (art. 533 c.c.),esiti_processuali_tipici,esiti_processuali_tipici,esiti_processuali_tipici,esiti_processuali_tipici,True,True,True,True,True,,,,,,False,,ok
kb_98_top9_set4_parte1.json,TOP9_CODICI_FREQUENTI_SET4_PARTE1,120010,Petizione di eredità (art. 533 c.c.),normativa,normativa,normativa,normativa,True,True,True,True,True,,,,,,False,,ok
kb_98_top9_set4_parte1.json,TOP9_CODICI_FREQUENTI_SET4_PARTE1,120010,Petizione di eredità (art. 533 c.c.),atto_principale,atto_principale,atto_principale,atto_principale,True,True,True,True,True,,,,,,False,,ok
kb_98_top9_set4_parte1.json,TOP9_CODICI_FREQUENTI_SET4_PARTE1,120010,Petizione di eredità (art. 533 c.c.),specialistica:differenze_da_rivendicazione_e_riduzione,differenze_da_rivendicazione_e_riduzione,differenze_da_rivendicazione_e_riduzione,differenze_da_rivendicazione_e_riduzione,True,True,True,True,True,,,,,,False,,ok
kb_98_top9_set4_parte1.json,TOP9_CODICI_FREQUENTI_SET4_PARTE1,130041,Costituzione di servitù coattiva (passaggio coattivo ex art. 1051 c.c. e altre servitù coattive),denominazione,denominazione,denominazione,denominazione,True,True,True,True,True,,,,Costituzione di servitù coattiva (passaggio coattivo ex art. 1051 c.c. e altre servitù coattive),Costituzione di servitù coattiva (passaggio coattivo ex art. 1051 c.c. e altre servitù coattive),False,,ok
kb_98_top9_set4_parte1.json,TOP9_CODICI_FREQUENTI_SET4_PARTE1,130041,Costituzione di servitù coattiva (passaggio coattivo ex art. 1051 c.c. e altre servitù coattive),categoria,categoria,categoria,categoria,True,True,True,True,True,,,,Diritti reali - servitù,Diritti reali - servitù,False,,ok
kb_98_top9_set4_parte1.json,TOP9_CODICI_FREQUENTI_SET4_PARTE1,130041,Costituzione di servitù coattiva (passaggio coattivo ex art. 1051 c.c. e altre servitù coattive),sottocategoria,sottocategoria,sottocategoria,sottocategoria,True,True,True,True,True,,,,"Azione costitutiva di servitù coattiva (passaggio, acquedotto, elettrodotto, ecc.)","Azione costitutiva di servitù coattiva (passaggio, acquedotto, elettrodotto, ecc.)",False,,ok
kb_98_top9_set4_parte1.json,TOP9_CODICI_FREQUENTI_SET4_PARTE1,130041,Costituzione di servitù coattiva (passaggio coattivo ex art. 1051 c.c. e altre servitù coattive),rito,rito,rito,rito,True,True,True,True,True,,,,Rito ordinario di cognizione preceduto da MEDIAZIONE OBBLIGATORIA ex art. 5 c. 1-bis D.Lgs. 28/2010 (diritti reali),Rito ordinario di cognizione preceduto da MEDIAZIONE OBBLIGATORIA ex art. 5 c. 1-bis D.Lgs. 28/2010 (diritti reali),False,,ok
kb_98_top9_set4_parte1.json,TOP9_CODICI_FREQUENTI_SET4_PARTE1,130041,Costituzione di servitù coattiva (passaggio coattivo ex art. 1051 c.c. e altre servitù coattive),competenza,competenza,competenza,competenza,True,True,True,True,True,,,,Tribunale del luogo dell'immobile (art. 21 c.p.c. - foro esclusivo),Tribunale del luogo dell'immobile (art. 21 c.p.c. - foro esclusivo),False,,ok
kb_98_top9_set4_parte1.json,TOP9_CODICI_FREQUENTI_SET4_PARTE1,130041,Costituzione di servitù coattiva (passaggio coattivo ex art. 1051 c.c. e altre servitù coattive),uffici_destinatari,uffici_destinatari,uffici_destinatari,uffici_destinatari,True,True,True,True,True,,,,,,False,,ok
kb_98_top9_set4_parte1.json,TOP9_CODICI_FREQUENTI_SET4_PARTE1,130041,Costituzione di servitù coattiva (passaggio coattivo ex art. 1051 c.c. e altre servitù coattive),tipologie_di_intervento,tipologie_di_intervento,tipologie_di_intervento,tipologie_di_intervento,False,False,False,True,False,,,,,,False,,ok
kb_98_top9_set4_parte1.json,TOP9_CODICI_FREQUENTI_SET4_PARTE1,130041,Costituzione di servitù coattiva (passaggio coattivo ex art. 1051 c.c. e altre servitù coattive),presupposti_sostanziali,presupposti_sostanziali,presupposti_sostanziali,presupposti_sostanziali,False,False,False,True,False,,,,,,False,,ok
kb_98_top9_set4_parte1.json,TOP9_CODICI_FREQUENTI_SET4_PARTE1,130041,Costituzione di servitù coattiva (passaggio coattivo ex art. 1051 c.c. e altre servitù coattive),legittimati_attivi,legittimati_attivi,legittimati_attivi,legittimati_attivi,False,False,False,True,False,,,,,,False,,ok
kb_98_top9_set4_parte1.json,TOP9_CODICI_FREQUENTI_SET4_PARTE1,130041,Costituzione di servitù coattiva (passaggio coattivo ex art. 1051 c.c. e altre servitù coattive),obbligo_mediazione,obbligo_mediazione,obbligo_mediazione,obbligo_mediazione,True,True,True,True,True,,,,,,False,,ok
kb_98_top9_set4_parte1.json,TOP9_CODICI_FREQUENTI_SET4_PARTE1,130041,Costituzione di servitù coattiva (passaggio coattivo ex art. 1051 c.c. e altre servitù coattive),adempimenti_propedeutici,adempimenti_propedeutici,adempimenti_propedeutici,adempimenti_propedeutici,True,True,True,True,True,"1,2,3,4,5,6","1,2,3,4,5,6",,,,False,,ok
kb_98_top9_set4_parte1.json,TOP9_CODICI_FREQUENTI_SET4_PARTE1,130041,Costituzione di servitù coattiva (passaggio coattivo ex art. 1051 c.c. e altre servitù coattive),richiesta_provvedimenti_urgenti,richiesta_provvedimenti_urgenti,richiesta_provvedimenti_urgenti,richiesta_provvedimenti_urgenti,False,False,False,True,False,,,,,,False,,ok
kb_98_top9_set4_parte1.json,TOP9_CODICI_FREQUENTI_SET4_PARTE1,130041,Costituzione di servitù coattiva (passaggio coattivo ex art. 1051 c.c. e altre servitù coattive),avvertimenti_obbligatori,atto_principale.avvertimenti_obbligatori,atto_principale.avvertimenti_obbligatori,atto_principale.avvertimenti_obbligatori,True,True,True,True,True,,,,,,False,,ok
kb_98_top9_set4_parte1.json,TOP9_CODICI_FREQUENTI_SET4_PARTE1,130041,Costituzione di servitù coattiva (passaggio coattivo ex art. 1051 c.c. e altre servitù coattive),allegati_obbligatori,allegati_obbligatori,allegati_obbligatori,allegati_obbligatori,True,True,True,True,True,,,,,,False,,ok
kb_98_top9_set4_parte1.json,TOP9_CODICI_FREQUENTI_SET4_PARTE1,130041,Costituzione di servitù coattiva (passaggio coattivo ex art. 1051 c.c. e altre servitù coattive),termini_processuali,termini_processuali,termini_processuali,termini_processuali,True,True,True,True,True,,,,,,False,,ok
kb_98_top9_set4_parte1.json,TOP9_CODICI_FREQUENTI_SET4_PARTE1,130041,Costituzione di servitù coattiva (passaggio coattivo ex art. 1051 c.c. e altre servitù coattive),esiti_processuali_tipici,esiti_processuali_tipici,esiti_processuali_tipici,esiti_processuali_tipici,True,True,True,True,True,,,,,,False,,ok
kb_98_top9_set4_parte1.json,TOP9_CODICI_FREQUENTI_SET4_PARTE1,130041,Costituzione di servitù coattiva (passaggio coattivo ex art. 1051 c.c. e altre servitù coattive),normativa,normativa,normativa,normativa,True,True,True,True,True,,,,,,False,,ok
kb_98_top9_set4_parte1.json,TOP9_CODICI_FREQUENTI_SET4_PARTE1,130041,Costituzione di servitù coattiva (passaggio coattivo ex art. 1051 c.c. e altre servitù coattive),atto_principale,atto_principale,atto_principale,atto_principale,True,True,True,True,True,,,,,,False,,ok
kb_98_top9_set4_parte1.json,TOP9_CODICI_FREQUENTI_SET4_PARTE1,130041,Costituzione di servitù coattiva (passaggio coattivo ex art. 1051 c.c. e altre servitù coattive),specialistica:presupposti_sostanziali_passaggio_coattivo_1051,presupposti_sostanziali_passaggio_coattivo_1051,presupposti_sostanziali_passaggio_coattivo_1051,presupposti_sostanziali_passaggio_coattivo_1051,True,True,True,True,True,,,,,,False,,ok
kb_98_top9_set4_parte1.json,TOP9_CODICI_FREQUENTI_SET4_PARTE1,130041,Costituzione di servitù coattiva (passaggio coattivo ex art. 1051 c.c. e altre servitù coattive),specialistica:presupposti_passaggio_1052_non_intercluso,presupposti_passaggio_1052_non_intercluso,presupposti_passaggio_1052_non_intercluso,presupposti_passaggio_1052_non_intercluso,True,True,True,True,True,,,,,,False,,ok
kb_98_top9_set4_parte1.json,TOP9_CODICI_FREQUENTI_SET4_PARTE1,130041,Costituzione di servitù coattiva (passaggio coattivo ex art. 1051 c.c. e altre servitù coattive),specialistica:modalita_di_passaggio_art_1053,modalita_di_passaggio_art_1053,modalita_di_passaggio_art_1053,modalita_di_passaggio_art_1053,True,True,True,True,True,,,,,,False,,ok
kb_98_top9_set4_parte1.json,TOP9_CODICI_FREQUENTI_SET4_PARTE1,GUIDA_RISOLUZIONE_APPALTO_140001,Risoluzione del contratto di appalto,denominazione,denominazione,denominazione,denominazione,True,True,True,True,True,,,,Risoluzione del contratto di appalto,Risoluzione del contratto di appalto,False,,ok
kb_98_top9_set4_parte1.json,TOP9_CODICI_FREQUENTI_SET4_PARTE1,GUIDA_RISOLUZIONE_APPALTO_140001,Risoluzione del contratto di appalto,categoria,categoria,categoria,categoria,True,True,True,True,True,,,,Contratti - appalto,Contratti - appalto,False,,ok
kb_98_top9_set4_parte1.json,TOP9_CODICI_FREQUENTI_SET4_PARTE1,GUIDA_RISOLUZIONE_APPALTO_140001,Risoluzione del contratto di appalto,sottocategoria,sottocategoria,sottocategoria,sottocategoria,True,True,True,True,True,,,,Risoluzione contratto di appalto privato per inadempimento (artt. 1668-1669 c.c.) o per altri motivi,Risoluzione contratto di appalto privato per inadempimento (artt. 1668-1669 c.c.) o per altri motivi,False,,ok
kb_98_top9_set4_parte1.json,TOP9_CODICI_FREQUENTI_SET4_PARTE1,GUIDA_RISOLUZIONE_APPALTO_140001,Risoluzione del contratto di appalto,rito,rito,rito,rito,True,True,True,True,True,,,,Rito ordinario di cognizione (per appalti privati); rito speciale per appalti pubblici,Rito ordinario di cognizione (per appalti privati); rito speciale per appalti pubblici,False,,ok
kb_98_top9_set4_parte1.json,TOP9_CODICI_FREQUENTI_SET4_PARTE1,GUIDA_RISOLUZIONE_APPALTO_140001,Risoluzione del contratto di appalto,competenza,competenza,competenza,competenza,True,True,True,True,True,,,,Tribunale del luogo dell'esecuzione (art. 20 c.p.c.) o residenza convenuto (artt. 18-19) o foro convenzionalmente pattuito; per appalti su immobili: foro luogo immobile (art. 21),Tribunale del luogo dell'esecuzione (art. 20 c.p.c.) o residenza convenuto (artt. 18-19) o foro convenzionalmente pattuito; per appalti su immobili: foro luogo immobile (art. 21),False,,ok
kb_98_top9_set4_parte1.json,TOP9_CODICI_FREQUENTI_SET4_PARTE1,GUIDA_RISOLUZIONE_APPALTO_140001,Risoluzione del contratto di appalto,uffici_destinatari,uffici_destinatari,uffici_destinatari,uffici_destinatari,True,True,True,True,True,,,,,,False,,ok
kb_98_top9_set4_parte1.json,TOP9_CODICI_FREQUENTI_SET4_PARTE1,GUIDA_RISOLUZIONE_APPALTO_140001,Risoluzione del contratto di appalto,tipologie_di_intervento,tipologie_di_intervento,tipologie_di_intervento,tipologie_di_intervento,False,False,False,True,False,,,,,,False,,ok
kb_98_top9_set4_parte1.json,TOP9_CODICI_FREQUENTI_SET4_PARTE1,GUIDA_RISOLUZIONE_APPALTO_140001,Risoluzione del contratto di appalto,presupposti_sostanziali,presupposti_sostanziali,presupposti_sostanziali,presupposti_sostanziali,True,True,True,True,True,,,,,,False,,ok
kb_98_top9_set4_parte1.json,TOP9_CODICI_FREQUENTI_SET4_PARTE1,GUIDA_RISOLUZIONE_APPALTO_140001,Risoluzione del contratto di appalto,legittimati_attivi,legittimati_attivi,legittimati_attivi,legittimati_attivi,False,False,False,True,False,,,,,,False,,ok
kb_98_top9_set4_parte1.json,TOP9_CODICI_FREQUENTI_SET4_PARTE1,GUIDA_RISOLUZIONE_APPALTO_140001,Risoluzione del contratto di appalto,obbligo_mediazione,obbligo_mediazione,obbligo_mediazione,obbligo_mediazione,True,True,True,True,True,,,,,,False,,ok
kb_98_top9_set4_parte1.json,TOP9_CODICI_FREQUENTI_SET4_PARTE1,GUIDA_RISOLUZIONE_APPALTO_140001,Risoluzione del contratto di appalto,adempimenti_propedeutici,adempimenti_propedeutici,adempimenti_propedeutici,adempimenti_propedeutici,True,True,True,True,True,"1,2,3,4,5,6","1,2,3,4,5,6",,,,False,,ok
kb_98_top9_set4_parte1.json,TOP9_CODICI_FREQUENTI_SET4_PARTE1,GUIDA_RISOLUZIONE_APPALTO_140001,Risoluzione del contratto di appalto,richiesta_provvedimenti_urgenti,richiesta_provvedimenti_urgenti,richiesta_provvedimenti_urgenti,richiesta_provvedimenti_urgenti,False,False,False,True,False,,,,,,False,,ok
kb_98_top9_set4_parte1.json,TOP9_CODICI_FREQUENTI_SET4_PARTE1,GUIDA_RISOLUZIONE_APPALTO_140001,Risoluzione del contratto di appalto,avvertimenti_obbligatori,atto_principale.avvertimenti_obbligatori,atto_principale.avvertimenti_obbligatori,atto_principale.avvertimenti_obbligatori,True,True,True,True,True,,,,,,False,,ok
kb_98_top9_set4_parte1.json,TOP9_CODICI_FREQUENTI_SET4_PARTE1,GUIDA_RISOLUZIONE_APPALTO_140001,Risoluzione del contratto di appalto,allegati_obbligatori,allegati_obbligatori,allegati_obbligatori,allegati_obbligatori,True,True,True,True,True,,,,,,False,,ok
kb_98_top9_set4_parte1.json,TOP9_CODICI_FREQUENTI_SET4_PARTE1,GUIDA_RISOLUZIONE_APPALTO_140001,Risoluzione del contratto di appalto,termini_processuali,termini_processuali,termini_processuali,termini_processuali,True,True,True,True,True,,,,,,False,,ok
kb_98_top9_set4_parte1.json,TOP9_CODICI_FREQUENTI_SET4_PARTE1,GUIDA_RISOLUZIONE_APPALTO_140001,Risoluzione del contratto di appalto,esiti_processuali_tipici,esiti_processuali_tipici,esiti_processuali_tipici,esiti_processuali_tipici,True,True,True,True,True,,,,,,False,,ok
kb_98_top9_set4_parte1.json,TOP9_CODICI_FREQUENTI_SET4_PARTE1,GUIDA_RISOLUZIONE_APPALTO_140001,Risoluzione del contratto di appalto,normativa,normativa,normativa,normativa,True,True,True,True,True,,,,,,False,,ok
kb_98_top9_set4_parte1.json,TOP9_CODICI_FREQUENTI_SET4_PARTE1,GUIDA_RISOLUZIONE_APPALTO_140001,Risoluzione del contratto di appalto,atto_principale,atto_principale,atto_principale,atto_principale,True,True,True,True,True,,,,,,False,,ok
kb_98_top9_set4_parte1.json,TOP9_CODICI_FREQUENTI_SET4_PARTE1,GUIDA_RISOLUZIONE_APPALTO_140001,Risoluzione del contratto di appalto,specialistica:nota_integrazione_iusentra,nota_integrazione_iusentra,nota_integrazione_iusentra,nota_integrazione_iusentra,True,True,True,True,True,,,,,,False,,ok
kb_98_top9_set4_parte1.json,TOP9_CODICI_FREQUENTI_SET4_PARTE1,GUIDA_RISOLUZIONE_APPALTO_140001,Risoluzione del contratto di appalto,specialistica:regime_dei_vizi,regime_dei_vizi,regime_dei_vizi,regime_dei_vizi,True,True,True,True,True,,,,,,False,,ok
kb_98_top9_set4_parte1.json,TOP9_CODICI_FREQUENTI_SET4_PARTE1,143001,Responsabilità professionale dell'avvocato,denominazione,denominazione,denominazione,denominazione,True,True,True,True,True,,,,Responsabilità professionale dell'avvocato,Responsabilità professionale dell'avvocato,False,,ok
kb_98_top9_set4_parte1.json,TOP9_CODICI_FREQUENTI_SET4_PARTE1,143001,Responsabilità professionale dell'avvocato,categoria,categoria,categoria,categoria,True,True,True,True,True,,,,Responsabilità civile - responsabilità professionale,Responsabilità civile - responsabilità professionale,False,,ok
kb_98_top9_set4_parte1.json,TOP9_CODICI_FREQUENTI_SET4_PARTE1,143001,Responsabilità professionale dell'avvocato,sottocategoria,sottocategoria,sottocategoria,sottocategoria,True,True,True,True,True,,,,Risarcimento danni da malpractice dell'avvocato - responsabilità contrattuale per inadempimento mandato,Risarcimento danni da malpractice dell'avvocato - responsabilità contrattuale per inadempimento mandato,False,,ok
kb_98_top9_set4_parte1.json,TOP9_CODICI_FREQUENTI_SET4_PARTE1,143001,Responsabilità professionale dell'avvocato,rito,rito,rito,rito,True,True,True,True,True,,,,Rito ordinario di cognizione,Rito ordinario di cognizione,False,,ok
kb_98_top9_set4_parte1.json,TOP9_CODICI_FREQUENTI_SET4_PARTE1,143001,Responsabilità professionale dell'avvocato,competenza,competenza,competenza,competenza,True,True,True,True,True,,,,Tribunale del luogo dell'esecuzione della prestazione (art. 20 c.p.c.) o residenza convenuto (artt. 18-19); per valore > 5.000 €,Tribunale del luogo dell'esecuzione della prestazione (art. 20 c.p.c.) o residenza convenuto (artt. 18-19); per valore > 5.000 €,False,,ok
kb_98_top9_set4_parte1.json,TOP9_CODICI_FREQUENTI_SET4_PARTE1,143001,Responsabilità professionale dell'avvocato,uffici_destinatari,uffici_destinatari,uffici_destinatari,uffici_destinatari,True,True,True,True,True,,,,,,False,,ok
kb_98_top9_set4_parte1.json,TOP9_CODICI_FREQUENTI_SET4_PARTE1,143001,Responsabilità professionale dell'avvocato,tipologie_di_intervento,tipologie_di_intervento,tipologie_di_intervento,tipologie_di_intervento,False,False,False,True,False,,,,,,False,,ok
kb_98_top9_set4_parte1.json,TOP9_CODICI_FREQUENTI_SET4_PARTE1,143001,Responsabilità professionale dell'avvocato,presupposti_sostanziali,presupposti_sostanziali,presupposti_sostanziali,presupposti_sostanziali,True,True,True,True,True,,,,,,False,,ok
kb_98_top9_set4_parte1.json,TOP9_CODICI_FREQUENTI_SET4_PARTE1,143001,Responsabilità professionale dell'avvocato,legittimati_attivi,legittimati_attivi,legittimati_attivi,legittimati_attivi,False,False,False,True,False,,,,,,False,,ok
kb_98_top9_set4_parte1.json,TOP9_CODICI_FREQUENTI_SET4_PARTE1,143001,Responsabilità professionale dell'avvocato,obbligo_mediazione,obbligo_mediazione,obbligo_mediazione,obbligo_mediazione,True,True,True,True,True,,,,,,False,,ok
kb_98_top9_set4_parte1.json,TOP9_CODICI_FREQUENTI_SET4_PARTE1,143001,Responsabilità professionale dell'avvocato,adempimenti_propedeutici,adempimenti_propedeutici,adempimenti_propedeutici,adempimenti_propedeutici,True,True,True,True,True,"1,2,3,4,5,6","1,2,3,4,5,6",,,,False,,ok
kb_98_top9_set4_parte1.json,TOP9_CODICI_FREQUENTI_SET4_PARTE1,143001,Responsabilità professionale dell'avvocato,richiesta_provvedimenti_urgenti,richiesta_provvedimenti_urgenti,richiesta_provvedimenti_urgenti,richiesta_provvedimenti_urgenti,False,False,False,True,False,,,,,,False,,ok
kb_98_top9_set4_parte1.json,TOP9_CODICI_FREQUENTI_SET4_PARTE1,143001,Responsabilità professionale dell'avvocato,avvertimenti_obbligatori,atto_principale.avvertimenti_obbligatori,atto_principale.avvertimenti_obbligatori,atto_principale.avvertimenti_obbligatori,True,True,True,True,True,,,,,,False,,ok
kb_98_top9_set4_parte1.json,TOP9_CODICI_FREQUENTI_SET4_PARTE1,143001,Responsabilità professionale dell'avvocato,allegati_obbligatori,allegati_obbligatori,allegati_obbligatori,allegati_obbligatori,True,True,True,True,True,,,,,,False,,ok
kb_98_top9_set4_parte1.json,TOP9_CODICI_FREQUENTI_SET4_PARTE1,143001,Responsabilità professionale dell'avvocato,termini_processuali,termini_processuali,termini_processuali,termini_processuali,True,True,True,True,True,,,,,,False,,ok
kb_98_top9_set4_parte1.json,TOP9_CODICI_FREQUENTI_SET4_PARTE1,143001,Responsabilità professionale dell'avvocato,esiti_processuali_tipici,esiti_processuali_tipici,esiti_processuali_tipici,esiti_processuali_tipici,True,True,True,True,True,,,,,,False,,ok
kb_98_top9_set4_parte1.json,TOP9_CODICI_FREQUENTI_SET4_PARTE1,143001,Responsabilità professionale dell'avvocato,normativa,normativa,normativa,normativa,True,True,True,True,True,,,,,,False,,ok
kb_98_top9_set4_parte1.json,TOP9_CODICI_FREQUENTI_SET4_PARTE1,143001,Responsabilità professionale dell'avvocato,atto_principale,atto_principale,atto_principale,atto_principale,True,True,True,True,True,,,,,,False,,ok
kb_98_top9_set4_parte1.json,TOP9_CODICI_FREQUENTI_SET4_PARTE1,143001,Responsabilità professionale dell'avvocato,specialistica:tipologie_inadempimento_tipiche,tipologie_inadempimento_tipiche,tipologie_inadempimento_tipiche,tipologie_inadempimento_tipiche,True,True,True,True,True,,,,,,False,,ok
kb_98_top9_set4_parte1.json,TOP9_CODICI_FREQUENTI_SET4_PARTE1,143001,Responsabilità professionale dell'avvocato,specialistica:criterio_perdita_di_chance,criterio_perdita_di_chance,criterio_perdita_di_chance,criterio_perdita_di_chance,True,True,True,True,True,,,,,,False,,ok
kb_98_top9_set4_parte2.json,TOP9_CODICI_FREQUENTI_SET4_PARTE2,220070,Risarcimento danni da infortunio sul lavoro / malattia professionale,denominazione,denominazione,denominazione,denominazione,True,True,True,True,True,,,,Risarcimento danni da infortunio sul lavoro / malattia professionale,Risarcimento danni da infortunio,True,,ok
kb_98_top9_set4_parte2.json,TOP9_CODICI_FREQUENTI_SET4_PARTE2,220070,Risarcimento danni da infortunio sul lavoro / malattia professionale,categoria,categoria,categoria,categoria,True,True,True,True,True,,,,Lavoro - responsabilità datoriale + INAIL,Lavoro e previdenza,True,,ok
kb_98_top9_set4_parte2.json,TOP9_CODICI_FREQUENTI_SET4_PARTE2,220070,Risarcimento danni da infortunio sul lavoro / malattia professionale,sottocategoria,sottocategoria,sottocategoria,sottocategoria,True,True,True,True,True,,,,Azione del lavoratore (o eredi) per risarcimento danno DIFFERENZIALE rispetto alle prestazioni INAIL,Lavoro dipendente da privato,True,,ok
kb_98_top9_set4_parte2.json,TOP9_CODICI_FREQUENTI_SET4_PARTE2,220070,Risarcimento danni da infortunio sul lavoro / malattia professionale,rito,rito,rito,rito,True,True,True,True,True,,,,Rito del lavoro ex artt. 409 e ss. c.p.c.,Rito del lavoro,True,,ok
kb_98_top9_set4_parte2.json,TOP9_CODICI_FREQUENTI_SET4_PARTE2,220070,Risarcimento danni da infortunio sul lavoro / malattia professionale,competenza,competenza,competenza,competenza,True,True,True,True,True,,,,Tribunale del lavoro - foro del luogo della sede di lavoro (art. 413 c.p.c.),"Da verificare in base a ufficio, valore, materia, foro speciale e fase processuale.",True,,ok
kb_98_top9_set4_parte2.json,TOP9_CODICI_FREQUENTI_SET4_PARTE2,220070,Risarcimento danni da infortunio sul lavoro / malattia professionale,uffici_destinatari,uffici_destinatari,uffici_destinatari,uffici_destinatari,True,True,True,True,True,,,,,,False,,ok
kb_98_top9_set4_parte2.json,TOP9_CODICI_FREQUENTI_SET4_PARTE2,220070,Risarcimento danni da infortunio sul lavoro / malattia professionale,tipologie_di_intervento,tipologie_di_intervento,tipologie_di_intervento,tipologie_di_intervento,False,True,True,True,True,,,,,,False,,ok
kb_98_top9_set4_parte2.json,TOP9_CODICI_FREQUENTI_SET4_PARTE2,220070,Risarcimento danni da infortunio sul lavoro / malattia professionale,presupposti_sostanziali,presupposti_sostanziali,presupposti_sostanziali,presupposti_sostanziali,True,True,True,True,True,,,,,,False,,ok
kb_98_top9_set4_parte2.json,TOP9_CODICI_FREQUENTI_SET4_PARTE2,220070,Risarcimento danni da infortunio sul lavoro / malattia professionale,legittimati_attivi,legittimati_attivi,legittimati_attivi,legittimati_attivi,False,True,True,True,True,,,,,,False,,ok
kb_98_top9_set4_parte2.json,TOP9_CODICI_FREQUENTI_SET4_PARTE2,220070,Risarcimento danni da infortunio sul lavoro / malattia professionale,obbligo_mediazione,obbligo_mediazione,obbligo_mediazione,obbligo_mediazione,True,True,True,True,True,,,,,,False,,ok
kb_98_top9_set4_parte2.json,TOP9_CODICI_FREQUENTI_SET4_PARTE2,220070,Risarcimento danni da infortunio sul lavoro / malattia professionale,adempimenti_propedeutici,adempimenti_propedeutici,adempimenti_propedeutici,adempimenti_propedeutici,True,True,True,True,True,"1,2,3,4,5,6,7","1,2,3,4,5,6,7",,,,False,,ok
kb_98_top9_set4_parte2.json,TOP9_CODICI_FREQUENTI_SET4_PARTE2,220070,Risarcimento danni da infortunio sul lavoro / malattia professionale,richiesta_provvedimenti_urgenti,richiesta_provvedimenti_urgenti,richiesta_provvedimenti_urgenti,richiesta_provvedimenti_urgenti,False,True,True,True,True,,,,,,False,,ok
kb_98_top9_set4_parte2.json,TOP9_CODICI_FREQUENTI_SET4_PARTE2,220070,Risarcimento danni da infortunio sul lavoro / malattia professionale,avvertimenti_obbligatori,atto_principale.avvertimenti_obbligatori,avvertimenti_obbligatori,avvertimenti_obbligatori,True,True,True,True,True,,,,,,False,,ok
kb_98_top9_set4_parte2.json,TOP9_CODICI_FREQUENTI_SET4_PARTE2,220070,Risarcimento danni da infortunio sul lavoro / malattia professionale,allegati_obbligatori,allegati_obbligatori,allegati_obbligatori,allegati_obbligatori,True,True,True,True,True,,,,,,False,,ok
kb_98_top9_set4_parte2.json,TOP9_CODICI_FREQUENTI_SET4_PARTE2,220070,Risarcimento danni da infortunio sul lavoro / malattia professionale,termini_processuali,termini_processuali,termini_processuali,termini_processuali,True,True,True,True,True,,,,,,False,,ok
kb_98_top9_set4_parte2.json,TOP9_CODICI_FREQUENTI_SET4_PARTE2,220070,Risarcimento danni da infortunio sul lavoro / malattia professionale,esiti_processuali_tipici,esiti_processuali_tipici,esiti_processuali_tipici,esiti_processuali_tipici,True,True,True,True,True,,,,,,False,,ok
kb_98_top9_set4_parte2.json,TOP9_CODICI_FREQUENTI_SET4_PARTE2,220070,Risarcimento danni da infortunio sul lavoro / malattia professionale,normativa,normativa,normativa,normativa,True,True,True,True,True,,,,,,False,,ok
kb_98_top9_set4_parte2.json,TOP9_CODICI_FREQUENTI_SET4_PARTE2,220070,Risarcimento danni da infortunio sul lavoro / malattia professionale,atto_principale,atto_principale,atto_principale,atto_principale,True,True,True,True,True,,,,,,False,,ok
kb_98_top9_set4_parte2.json,TOP9_CODICI_FREQUENTI_SET4_PARTE2,220070,Risarcimento danni da infortunio sul lavoro / malattia professionale,specialistica:danno_differenziale,danno_differenziale,danno_differenziale,danno_differenziale,True,True,True,True,True,,,,,,False,,ok
kb_98_top9_set4_parte2.json,TOP9_CODICI_FREQUENTI_SET4_PARTE2,220070,Risarcimento danni da infortunio sul lavoro / malattia professionale,specialistica:esonero_datore_art_10_dpr_1124,esonero_datore_art_10_dpr_1124,esonero_datore_art_10_dpr_1124,esonero_datore_art_10_dpr_1124,True,True,True,True,True,,,,,,False,,ok
kb_98_top9_set4_parte2.json,TOP9_CODICI_FREQUENTI_SET4_PARTE2,GUIDA_RICONOSCIMENTO_PATERNITA_MATERNITA_111007,Riconoscimento giudiziale della paternità o della maternità,denominazione,denominazione,denominazione,denominazione,True,True,True,True,True,,,,Riconoscimento giudiziale della paternità o della maternità,Riconoscimento giudiziale della paternità o della maternità,False,,ok
kb_98_top9_set4_parte2.json,TOP9_CODICI_FREQUENTI_SET4_PARTE2,GUIDA_RICONOSCIMENTO_PATERNITA_MATERNITA_111007,Riconoscimento giudiziale della paternità o della maternità,categoria,categoria,categoria,categoria,True,True,True,True,True,,,,Persone e famiglia - filiazione,Persone e famiglia - filiazione,False,,ok
kb_98_top9_set4_parte2.json,TOP9_CODICI_FREQUENTI_SET4_PARTE2,GUIDA_RICONOSCIMENTO_PATERNITA_MATERNITA_111007,Riconoscimento giudiziale della paternità o della maternità,sottocategoria,sottocategoria,sottocategoria,sottocategoria,True,True,True,True,True,,,,Dichiarazione giudiziale di paternità/maternità di figlio non riconosciuto volontariamente (art. 269 c.c.),Dichiarazione giudiziale di paternità/maternità di figlio non riconosciuto volontariamente (art. 269 c.c.),False,,ok
kb_98_top9_set4_parte2.json,TOP9_CODICI_FREQUENTI_SET4_PARTE2,GUIDA_RICONOSCIMENTO_PATERNITA_MATERNITA_111007,Riconoscimento giudiziale della paternità o della maternità,rito,rito,rito,rito,True,True,True,True,True,,,,Rito unificato persone e famiglia ex artt. 473-bis e ss. c.p.c. (post-Cartabia),Rito unificato persone e famiglia ex artt. 473-bis e ss. c.p.c. (post-Cartabia),False,,ok
kb_98_top9_set4_parte2.json,TOP9_CODICI_FREQUENTI_SET4_PARTE2,GUIDA_RICONOSCIMENTO_PATERNITA_MATERNITA_111007,Riconoscimento giudiziale della paternità o della maternità,competenza,competenza,competenza,competenza,True,True,True,True,True,,,,"Tribunale ordinario - sezione famiglia (Tribunale per le persone, per i minorenni e per le famiglie ex D.Lgs. 149/2022)","Tribunale ordinario - sezione famiglia (Tribunale per le persone, per i minorenni e per le famiglie ex D.Lgs. 149/2022)",False,,ok
kb_98_top9_set4_parte2.json,TOP9_CODICI_FREQUENTI_SET4_PARTE2,GUIDA_RICONOSCIMENTO_PATERNITA_MATERNITA_111007,Riconoscimento giudiziale della paternità o della maternità,uffici_destinatari,uffici_destinatari,uffici_destinatari,uffici_destinatari,True,True,True,True,True,,,,,,False,,ok
kb_98_top9_set4_parte2.json,TOP9_CODICI_FREQUENTI_SET4_PARTE2,GUIDA_RICONOSCIMENTO_PATERNITA_MATERNITA_111007,Riconoscimento giudiziale della paternità o della maternità,tipologie_di_intervento,tipologie_di_intervento,tipologie_di_intervento,tipologie_di_intervento,False,False,False,True,False,,,,,,False,,ok
kb_98_top9_set4_parte2.json,TOP9_CODICI_FREQUENTI_SET4_PARTE2,GUIDA_RICONOSCIMENTO_PATERNITA_MATERNITA_111007,Riconoscimento giudiziale della paternità o della maternità,presupposti_sostanziali,presupposti_sostanziali,presupposti_sostanziali,presupposti_sostanziali,True,True,True,True,True,,,,,,False,,ok
kb_98_top9_set4_parte2.json,TOP9_CODICI_FREQUENTI_SET4_PARTE2,GUIDA_RICONOSCIMENTO_PATERNITA_MATERNITA_111007,Riconoscimento giudiziale della paternità o della maternità,legittimati_attivi,legittimati_attivi,legittimati_attivi,legittimati_attivi,False,False,False,True,False,,,,,,False,,ok
kb_98_top9_set4_parte2.json,TOP9_CODICI_FREQUENTI_SET4_PARTE2,GUIDA_RICONOSCIMENTO_PATERNITA_MATERNITA_111007,Riconoscimento giudiziale della paternità o della maternità,obbligo_mediazione,obbligo_mediazione,obbligo_mediazione,obbligo_mediazione,True,True,True,True,True,,,,,,False,,ok
kb_98_top9_set4_parte2.json,TOP9_CODICI_FREQUENTI_SET4_PARTE2,GUIDA_RICONOSCIMENTO_PATERNITA_MATERNITA_111007,Riconoscimento giudiziale della paternità o della maternità,adempimenti_propedeutici,adempimenti_propedeutici,adempimenti_propedeutici,adempimenti_propedeutici,True,True,True,True,True,"1,2,3,4,5,6","1,2,3,4,5,6",,,,False,,ok
kb_98_top9_set4_parte2.json,TOP9_CODICI_FREQUENTI_SET4_PARTE2,GUIDA_RICONOSCIMENTO_PATERNITA_MATERNITA_111007,Riconoscimento giudiziale della paternità o della maternità,richiesta_provvedimenti_urgenti,richiesta_provvedimenti_urgenti,richiesta_provvedimenti_urgenti,richiesta_provvedimenti_urgenti,False,False,False,True,False,,,,,,False,,ok
kb_98_top9_set4_parte2.json,TOP9_CODICI_FREQUENTI_SET4_PARTE2,GUIDA_RICONOSCIMENTO_PATERNITA_MATERNITA_111007,Riconoscimento giudiziale della paternità o della maternità,avvertimenti_obbligatori,atto_principale.avvertimenti_obbligatori,atto_principale.avvertimenti_obbligatori,atto_principale.avvertimenti_obbligatori,True,True,True,True,True,,,,,,False,,ok
kb_98_top9_set4_parte2.json,TOP9_CODICI_FREQUENTI_SET4_PARTE2,GUIDA_RICONOSCIMENTO_PATERNITA_MATERNITA_111007,Riconoscimento giudiziale della paternità o della maternità,allegati_obbligatori,allegati_obbligatori,allegati_obbligatori,allegati_obbligatori,True,True,True,True,True,,,,,,False,,ok
kb_98_top9_set4_parte2.json,TOP9_CODICI_FREQUENTI_SET4_PARTE2,GUIDA_RICONOSCIMENTO_PATERNITA_MATERNITA_111007,Riconoscimento giudiziale della paternità o della maternità,termini_processuali,termini_processuali,termini_processuali,termini_processuali,True,True,True,True,True,,,,,,False,,ok
kb_98_top9_set4_parte2.json,TOP9_CODICI_FREQUENTI_SET4_PARTE2,GUIDA_RICONOSCIMENTO_PATERNITA_MATERNITA_111007,Riconoscimento giudiziale della paternità o della maternità,esiti_processuali_tipici,esiti_processuali_tipici,esiti_processuali_tipici,esiti_processuali_tipici,True,True,True,True,True,,,,,,False,,ok
kb_98_top9_set4_parte2.json,TOP9_CODICI_FREQUENTI_SET4_PARTE2,GUIDA_RICONOSCIMENTO_PATERNITA_MATERNITA_111007,Riconoscimento giudiziale della paternità o della maternità,normativa,normativa,normativa,normativa,True,True,True,True,True,,,,,,False,,ok
kb_98_top9_set4_parte2.json,TOP9_CODICI_FREQUENTI_SET4_PARTE2,GUIDA_RICONOSCIMENTO_PATERNITA_MATERNITA_111007,Riconoscimento giudiziale della paternità o della maternità,atto_principale,atto_principale,atto_principale,atto_principale,True,True,True,True,True,,,,,,False,,ok
kb_98_top9_set4_parte2.json,TOP9_CODICI_FREQUENTI_SET4_PARTE2,GUIDA_RICONOSCIMENTO_PATERNITA_MATERNITA_111007,Riconoscimento giudiziale della paternità o della maternità,specialistica:competenza_territoriale,competenza_territoriale,competenza_territoriale,competenza_territoriale,True,True,True,True,True,,,,,,False,,ok
kb_98_top9_set4_parte2.json,TOP9_CODICI_FREQUENTI_SET4_PARTE2,GUIDA_RICONOSCIMENTO_PATERNITA_MATERNITA_111007,Riconoscimento giudiziale della paternità o della maternità,specialistica:azione_imprescrittibile_per_il_figlio,azione_imprescrittibile_per_il_figlio,azione_imprescrittibile_per_il_figlio,azione_imprescrittibile_per_il_figlio,True,True,True,True,True,,,,,,False,,ok
kb_98_top9_set4_parte2.json,TOP9_CODICI_FREQUENTI_SET4_PARTE2,GUIDA_ESCLUSIONE_SOCIO_SOCIETA_PERSONE_150010,Esclusione del socio di società di persone (art. 2286 c.c.),denominazione,denominazione,denominazione,denominazione,True,True,True,True,True,,,,Esclusione del socio di società di persone (art. 2286 c.c.),Esclusione del socio di società di persone (art. 2286 c.c.),False,,ok
kb_98_top9_set4_parte2.json,TOP9_CODICI_FREQUENTI_SET4_PARTE2,GUIDA_ESCLUSIONE_SOCIO_SOCIETA_PERSONE_150010,Esclusione del socio di società di persone (art. 2286 c.c.),categoria,categoria,categoria,categoria,True,True,True,True,True,,,,Diritto societario - vicende del socio,Diritto societario - vicende del socio,False,,ok
kb_98_top9_set4_parte2.json,TOP9_CODICI_FREQUENTI_SET4_PARTE2,GUIDA_ESCLUSIONE_SOCIO_SOCIETA_PERSONE_150010,Esclusione del socio di società di persone (art. 2286 c.c.),sottocategoria,sottocategoria,sottocategoria,sottocategoria,True,True,True,True,True,,,,"Esclusione del socio per gravi inadempienze o altre cause - società di persone (s.n.c., s.a.s.)","Esclusione del socio per gravi inadempienze o altre cause - società di persone (s.n.c., s.a.s.)",False,,ok
kb_98_top9_set4_parte2.json,TOP9_CODICI_FREQUENTI_SET4_PARTE2,GUIDA_ESCLUSIONE_SOCIO_SOCIETA_PERSONE_150010,Esclusione del socio di società di persone (art. 2286 c.c.),rito,rito,rito,rito,True,True,True,True,True,,,,Rito ordinario di cognizione,Rito ordinario di cognizione,False,,ok
kb_98_top9_set4_parte2.json,TOP9_CODICI_FREQUENTI_SET4_PARTE2,GUIDA_ESCLUSIONE_SOCIO_SOCIETA_PERSONE_150010,Esclusione del socio di società di persone (art. 2286 c.c.),competenza,competenza,competenza,competenza,True,True,True,True,True,,,,Tribunale - sezione civile o sezione impresa (a seconda della rilevanza); foro sede sociale (art. 19 c.p.c.),Tribunale - sezione civile o sezione impresa (a seconda della rilevanza); foro sede sociale (art. 19 c.p.c.),False,,ok
kb_98_top9_set4_parte2.json,TOP9_CODICI_FREQUENTI_SET4_PARTE2,GUIDA_ESCLUSIONE_SOCIO_SOCIETA_PERSONE_150010,Esclusione del socio di società di persone (art. 2286 c.c.),uffici_destinatari,uffici_destinatari,uffici_destinatari,uffici_destinatari,True,True,True,True,True,,,,,,False,,ok
kb_98_top9_set4_parte2.json,TOP9_CODICI_FREQUENTI_SET4_PARTE2,GUIDA_ESCLUSIONE_SOCIO_SOCIETA_PERSONE_150010,Esclusione del socio di società di persone (art. 2286 c.c.),tipologie_di_intervento,tipologie_di_intervento,tipologie_di_intervento,tipologie_di_intervento,False,False,False,True,False,,,,,,False,,ok
kb_98_top9_set4_parte2.json,TOP9_CODICI_FREQUENTI_SET4_PARTE2,GUIDA_ESCLUSIONE_SOCIO_SOCIETA_PERSONE_150010,Esclusione del socio di società di persone (art. 2286 c.c.),presupposti_sostanziali,presupposti_sostanziali,presupposti_sostanziali,presupposti_sostanziali,True,True,True,True,True,,,,,,False,,ok
kb_98_top9_set4_parte2.json,TOP9_CODICI_FREQUENTI_SET4_PARTE2,GUIDA_ESCLUSIONE_SOCIO_SOCIETA_PERSONE_150010,Esclusione del socio di società di persone (art. 2286 c.c.),legittimati_attivi,legittimati_attivi,legittimati_attivi,legittimati_attivi,False,False,False,True,False,,,,,,False,,ok
kb_98_top9_set4_parte2.json,TOP9_CODICI_FREQUENTI_SET4_PARTE2,GUIDA_ESCLUSIONE_SOCIO_SOCIETA_PERSONE_150010,Esclusione del socio di società di persone (art. 2286 c.c.),obbligo_mediazione,obbligo_mediazione,obbligo_mediazione,obbligo_mediazione,True,True,True,True,True,,,,,,False,,ok
kb_98_top9_set4_parte2.json,TOP9_CODICI_FREQUENTI_SET4_PARTE2,GUIDA_ESCLUSIONE_SOCIO_SOCIETA_PERSONE_150010,Esclusione del socio di società di persone (art. 2286 c.c.),adempimenti_propedeutici,adempimenti_propedeutici,adempimenti_propedeutici,adempimenti_propedeutici,False,False,True,True,True,,"1,2,3,4",,,,False,,ok
kb_98_top9_set4_parte2.json,TOP9_CODICI_FREQUENTI_SET4_PARTE2,GUIDA_ESCLUSIONE_SOCIO_SOCIETA_PERSONE_150010,Esclusione del socio di società di persone (art. 2286 c.c.),richiesta_provvedimenti_urgenti,richiesta_provvedimenti_urgenti,richiesta_provvedimenti_urgenti,richiesta_provvedimenti_urgenti,False,False,False,True,False,,,,,,False,,ok
kb_98_top9_set4_parte2.json,TOP9_CODICI_FREQUENTI_SET4_PARTE2,GUIDA_ESCLUSIONE_SOCIO_SOCIETA_PERSONE_150010,Esclusione del socio di società di persone (art. 2286 c.c.),avvertimenti_obbligatori,atto_principale.avvertimenti_obbligatori,atto_principale.avvertimenti_obbligatori,atto_principale.avvertimenti_obbligatori,True,True,True,True,True,,,,,,False,,ok
kb_98_top9_set4_parte2.json,TOP9_CODICI_FREQUENTI_SET4_PARTE2,GUIDA_ESCLUSIONE_SOCIO_SOCIETA_PERSONE_150010,Esclusione del socio di società di persone (art. 2286 c.c.),allegati_obbligatori,allegati_obbligatori,allegati_obbligatori,allegati_obbligatori,True,True,True,True,True,,,,,,False,,ok
kb_98_top9_set4_parte2.json,TOP9_CODICI_FREQUENTI_SET4_PARTE2,GUIDA_ESCLUSIONE_SOCIO_SOCIETA_PERSONE_150010,Esclusione del socio di società di persone (art. 2286 c.c.),termini_processuali,termini_processuali,termini_processuali,termini_processuali,True,True,True,True,True,,,,,,False,,ok
kb_98_top9_set4_parte2.json,TOP9_CODICI_FREQUENTI_SET4_PARTE2,GUIDA_ESCLUSIONE_SOCIO_SOCIETA_PERSONE_150010,Esclusione del socio di società di persone (art. 2286 c.c.),esiti_processuali_tipici,esiti_processuali_tipici,esiti_processuali_tipici,esiti_processuali_tipici,True,True,True,True,True,,,,,,False,,ok
kb_98_top9_set4_parte2.json,TOP9_CODICI_FREQUENTI_SET4_PARTE2,GUIDA_ESCLUSIONE_SOCIO_SOCIETA_PERSONE_150010,Esclusione del socio di società di persone (art. 2286 c.c.),normativa,normativa,normativa,normativa,True,True,True,True,True,,,,,,False,,ok
kb_98_top9_set4_parte2.json,TOP9_CODICI_FREQUENTI_SET4_PARTE2,GUIDA_ESCLUSIONE_SOCIO_SOCIETA_PERSONE_150010,Esclusione del socio di società di persone (art. 2286 c.c.),atto_principale,atto_principale,atto_principale,atto_principale,True,True,True,True,True,,,,,,False,,ok
kb_98_top9_set4_parte2.json,TOP9_CODICI_FREQUENTI_SET4_PARTE2,GUIDA_ESCLUSIONE_SOCIO_SOCIETA_PERSONE_150010,Esclusione del socio di società di persone (art. 2286 c.c.),specialistica:cause_esclusione_art_2286,cause_esclusione_art_2286,cause_esclusione_art_2286,cause_esclusione_art_2286,True,True,True,True,True,,,,,,False,,ok
kb_98_top9_set4_parte2.json,TOP9_CODICI_FREQUENTI_SET4_PARTE2,GUIDA_ESCLUSIONE_SOCIO_SOCIETA_PERSONE_150010,Esclusione del socio di società di persone (art. 2286 c.c.),specialistica:esclusione_di_diritto_art_2288,esclusione_di_diritto_art_2288,esclusione_di_diritto_art_2288,esclusione_di_diritto_art_2288,True,True,True,True,True,,,,,,False,,ok
kb_98_top9_set4_parte2.json,TOP9_CODICI_FREQUENTI_SET4_PARTE2,GUIDA_ESCLUSIONE_SOCIO_SOCIETA_PERSONE_150010,Esclusione del socio di società di persone (art. 2286 c.c.),specialistica:procedimento_esclusione_art_2287,procedimento_esclusione_art_2287,procedimento_esclusione_art_2287,procedimento_esclusione_art_2287,True,True,True,True,True,,,,,,False,,ok
kb_98_top9_set4_parte2.json,TOP9_CODICI_FREQUENTI_SET4_PARTE2,GUIDA_ESCLUSIONE_SOCIO_SOCIETA_PERSONE_150010,Esclusione del socio di società di persone (art. 2286 c.c.),specialistica:adempimenti_propedeutici_per_societa_che_esclude,adempimenti_propedeutici_per_societa_che_esclude,adempimenti_propedeutici_per_societa_che_esclude,adempimenti_propedeutici_per_societa_che_esclude,True,True,True,True,True,,,,,,False,,ok
kb_98_top9_set4_parte2.json,TOP9_CODICI_FREQUENTI_SET4_PARTE2,GUIDA_ESCLUSIONE_SOCIO_SOCIETA_PERSONE_150010,Esclusione del socio di società di persone (art. 2286 c.c.),specialistica:adempimenti_propedeutici_per_socio_escluso_che_oppone,adempimenti_propedeutici_per_socio_escluso_che_oppone,adempimenti_propedeutici_per_socio_escluso_che_oppone,adempimenti_propedeutici_per_socio_escluso_che_oppone,True,True,True,True,True,,,,,,False,,ok
kb_98_top9_set4_parte2.json,TOP9_CODICI_FREQUENTI_SET4_PARTE2,GUIDA_VIOLAZIONE_MARCHIO_BREVETTO_170011,Risarcimento danni da violazione di marchio o brevetto,denominazione,denominazione,denominazione,denominazione,True,True,True,True,True,,,,Risarcimento danni da violazione di marchio o brevetto,Risarcimento danni da violazione di marchio o brevetto,False,,ok
kb_98_top9_set4_parte2.json,TOP9_CODICI_FREQUENTI_SET4_PARTE2,GUIDA_VIOLAZIONE_MARCHIO_BREVETTO_170011,Risarcimento danni da violazione di marchio o brevetto,categoria,categoria,categoria,categoria,True,True,True,True,True,,,,Diritto industriale - tutela proprietà industriale,Diritto industriale - tutela proprietà industriale,False,,ok
kb_98_top9_set4_parte2.json,TOP9_CODICI_FREQUENTI_SET4_PARTE2,GUIDA_VIOLAZIONE_MARCHIO_BREVETTO_170011,Risarcimento danni da violazione di marchio o brevetto,sottocategoria,sottocategoria,sottocategoria,sottocategoria,True,True,True,True,True,,,,Azione di contraffazione di marchio/brevetto + risarcimento danni,Azione di contraffazione di marchio/brevetto + risarcimento danni,False,,ok
kb_98_top9_set4_parte2.json,TOP9_CODICI_FREQUENTI_SET4_PARTE2,GUIDA_VIOLAZIONE_MARCHIO_BREVETTO_170011,Risarcimento danni da violazione di marchio o brevetto,rito,rito,rito,rito,True,True,True,True,True,,,,Rito ordinario di cognizione (con frequente fase cautelare ex artt. 128-131 CPI),Rito ordinario di cognizione (con frequente fase cautelare ex artt. 128-131 CPI),False,,ok
kb_98_top9_set4_parte2.json,TOP9_CODICI_FREQUENTI_SET4_PARTE2,GUIDA_VIOLAZIONE_MARCHIO_BREVETTO_170011,Risarcimento danni da violazione di marchio o brevetto,competenza,competenza,competenza,competenza,True,True,True,True,True,,,,TRIBUNALE - SEZIONE SPECIALIZZATA IN MATERIA DI IMPRESA (D.Lgs. 168/2003) - foro speciale industria art. 120 CPI,TRIBUNALE - SEZIONE SPECIALIZZATA IN MATERIA DI IMPRESA (D.Lgs. 168/2003) - foro speciale industria art. 120 CPI,False,,ok
kb_98_top9_set4_parte2.json,TOP9_CODICI_FREQUENTI_SET4_PARTE2,GUIDA_VIOLAZIONE_MARCHIO_BREVETTO_170011,Risarcimento danni da violazione di marchio o brevetto,uffici_destinatari,uffici_destinatari,uffici_destinatari,uffici_destinatari,True,True,True,True,True,,,,,,False,,ok
kb_98_top9_set4_parte2.json,TOP9_CODICI_FREQUENTI_SET4_PARTE2,GUIDA_VIOLAZIONE_MARCHIO_BREVETTO_170011,Risarcimento danni da violazione di marchio o brevetto,tipologie_di_intervento,tipologie_di_intervento,tipologie_di_intervento,tipologie_di_intervento,False,False,False,True,False,,,,,,False,,ok
kb_98_top9_set4_parte2.json,TOP9_CODICI_FREQUENTI_SET4_PARTE2,GUIDA_VIOLAZIONE_MARCHIO_BREVETTO_170011,Risarcimento danni da violazione di marchio o brevetto,presupposti_sostanziali,presupposti_sostanziali,presupposti_sostanziali,presupposti_sostanziali,True,True,True,True,True,,,,,,False,,ok
kb_98_top9_set4_parte2.json,TOP9_CODICI_FREQUENTI_SET4_PARTE2,GUIDA_VIOLAZIONE_MARCHIO_BREVETTO_170011,Risarcimento danni da violazione di marchio o brevetto,legittimati_attivi,legittimati_attivi,legittimati_attivi,legittimati_attivi,False,False,False,True,False,,,,,,False,,ok
kb_98_top9_set4_parte2.json,TOP9_CODICI_FREQUENTI_SET4_PARTE2,GUIDA_VIOLAZIONE_MARCHIO_BREVETTO_170011,Risarcimento danni da violazione di marchio o brevetto,obbligo_mediazione,obbligo_mediazione,obbligo_mediazione,obbligo_mediazione,True,True,True,True,True,,,,,,False,,ok
kb_98_top9_set4_parte2.json,TOP9_CODICI_FREQUENTI_SET4_PARTE2,GUIDA_VIOLAZIONE_MARCHIO_BREVETTO_170011,Risarcimento danni da violazione di marchio o brevetto,adempimenti_propedeutici,adempimenti_propedeutici,adempimenti_propedeutici,adempimenti_propedeutici,True,True,True,True,True,"1,2,3,4,5,6","1,2,3,4,5,6",,,,False,,ok
kb_98_top9_set4_parte2.json,TOP9_CODICI_FREQUENTI_SET4_PARTE2,GUIDA_VIOLAZIONE_MARCHIO_BREVETTO_170011,Risarcimento danni da violazione di marchio o brevetto,richiesta_provvedimenti_urgenti,richiesta_provvedimenti_urgenti,richiesta_provvedimenti_urgenti,richiesta_provvedimenti_urgenti,False,False,False,True,False,,,,,,False,,ok
kb_98_top9_set4_parte2.json,TOP9_CODICI_FREQUENTI_SET4_PARTE2,GUIDA_VIOLAZIONE_MARCHIO_BREVETTO_170011,Risarcimento danni da violazione di marchio o brevetto,avvertimenti_obbligatori,atto_principale.avvertimenti_obbligatori,atto_principale.avvertimenti_obbligatori,atto_principale.avvertimenti_obbligatori,True,True,True,True,True,,,,,,False,,ok
kb_98_top9_set4_parte2.json,TOP9_CODICI_FREQUENTI_SET4_PARTE2,GUIDA_VIOLAZIONE_MARCHIO_BREVETTO_170011,Risarcimento danni da violazione di marchio o brevetto,allegati_obbligatori,allegati_obbligatori,allegati_obbligatori,allegati_obbligatori,True,True,True,True,True,,,,,,False,,ok
kb_98_top9_set4_parte2.json,TOP9_CODICI_FREQUENTI_SET4_PARTE2,GUIDA_VIOLAZIONE_MARCHIO_BREVETTO_170011,Risarcimento danni da violazione di marchio o brevetto,termini_processuali,termini_processuali,termini_processuali,termini_processuali,True,True,True,True,True,,,,,,False,,ok
kb_98_top9_set4_parte2.json,TOP9_CODICI_FREQUENTI_SET4_PARTE2,GUIDA_VIOLAZIONE_MARCHIO_BREVETTO_170011,Risarcimento danni da violazione di marchio o brevetto,esiti_processuali_tipici,esiti_processuali_tipici,esiti_processuali_tipici,esiti_processuali_tipici,True,True,True,True,True,,,,,,False,,ok
kb_98_top9_set4_parte2.json,TOP9_CODICI_FREQUENTI_SET4_PARTE2,GUIDA_VIOLAZIONE_MARCHIO_BREVETTO_170011,Risarcimento danni da violazione di marchio o brevetto,normativa,normativa,normativa,normativa,True,True,True,True,True,,,,,,False,,ok
kb_98_top9_set4_parte2.json,TOP9_CODICI_FREQUENTI_SET4_PARTE2,GUIDA_VIOLAZIONE_MARCHIO_BREVETTO_170011,Risarcimento danni da violazione di marchio o brevetto,atto_principale,atto_principale,atto_principale,atto_principale,True,True,True,True,True,,,,,,False,,ok
kb_98_top9_set4_parte2.json,TOP9_CODICI_FREQUENTI_SET4_PARTE2,GUIDA_VIOLAZIONE_MARCHIO_BREVETTO_170011,Risarcimento danni da violazione di marchio o brevetto,specialistica:criteri_quantificazione_danno_art_125_cpi,criteri_quantificazione_danno_art_125_cpi,criteri_quantificazione_danno_art_125_cpi,criteri_quantificazione_danno_art_125_cpi,True,True,True,True,True,,,,,,False,,ok
kb_98_top9_set5_parte1.json,TOP9_CODICI_FREQUENTI_SET5_PARTE1,411601,Modifica delle condizioni di separazione/divorzio (art. 473-bis.29 c.p.c.),denominazione,denominazione,denominazione,denominazione,True,True,True,True,True,,,,Modifica delle condizioni di separazione/divorzio (art. 473-bis.29 c.p.c.),Modifica delle condizioni di separazione/divorzio (art. 473-bis.29 c.p.c.),False,,ok
kb_98_top9_set5_parte1.json,TOP9_CODICI_FREQUENTI_SET5_PARTE1,411601,Modifica delle condizioni di separazione/divorzio (art. 473-bis.29 c.p.c.),categoria,categoria,categoria,categoria,True,True,True,True,True,,,,Persone e famiglia - revisione condizioni,Persone e famiglia - revisione condizioni,False,,ok
kb_98_top9_set5_parte1.json,TOP9_CODICI_FREQUENTI_SET5_PARTE1,411601,Modifica delle condizioni di separazione/divorzio (art. 473-bis.29 c.p.c.),sottocategoria,sottocategoria,sottocategoria,sottocategoria,True,True,True,True,True,,,,Procedimento di revisione delle condizioni economiche o di affidamento per sopravvenienze,Procedimento di revisione delle condizioni economiche o di affidamento per sopravvenienze,False,,ok
kb_98_top9_set5_parte1.json,TOP9_CODICI_FREQUENTI_SET5_PARTE1,411601,Modifica delle condizioni di separazione/divorzio (art. 473-bis.29 c.p.c.),rito,rito,rito,rito,True,True,True,True,True,,,,Rito unificato persone e famiglia ex artt. 473-bis e ss. c.p.c. (post-Cartabia) - art. 473-bis.29 c.p.c.,Rito unificato persone e famiglia ex artt. 473-bis e ss. c.p.c. (post-Cartabia) - art. 473-bis.29 c.p.c.,False,,ok
kb_98_top9_set5_parte1.json,TOP9_CODICI_FREQUENTI_SET5_PARTE1,411601,Modifica delle condizioni di separazione/divorzio (art. 473-bis.29 c.p.c.),competenza,competenza,competenza,competenza,True,True,True,True,True,,,,"Tribunale ordinario - sezione famiglia (Tribunale per le persone, per i minorenni e per le famiglie ex D.Lgs. 149/2022)","Tribunale ordinario - sezione famiglia (Tribunale per le persone, per i minorenni e per le famiglie ex D.Lgs. 149/2022)",False,,ok
kb_98_top9_set5_parte1.json,TOP9_CODICI_FREQUENTI_SET5_PARTE1,411601,Modifica delle condizioni di separazione/divorzio (art. 473-bis.29 c.p.c.),uffici_destinatari,uffici_destinatari,uffici_destinatari,uffici_destinatari,True,True,True,True,True,,,,,,False,,ok
kb_98_top9_set5_parte1.json,TOP9_CODICI_FREQUENTI_SET5_PARTE1,411601,Modifica delle condizioni di separazione/divorzio (art. 473-bis.29 c.p.c.),tipologie_di_intervento,tipologie_di_intervento,tipologie_di_intervento,tipologie_di_intervento,False,False,False,True,False,,,,,,False,,ok
kb_98_top9_set5_parte1.json,TOP9_CODICI_FREQUENTI_SET5_PARTE1,411601,Modifica delle condizioni di separazione/divorzio (art. 473-bis.29 c.p.c.),presupposti_sostanziali,presupposti_sostanziali,presupposti_sostanziali,presupposti_sostanziali,True,True,True,True,True,,,,,,False,,ok
kb_98_top9_set5_parte1.json,TOP9_CODICI_FREQUENTI_SET5_PARTE1,411601,Modifica delle condizioni di separazione/divorzio (art. 473-bis.29 c.p.c.),legittimati_attivi,legittimati_attivi,legittimati_attivi,legittimati_attivi,False,False,False,True,False,,,,,,False,,ok
kb_98_top9_set5_parte1.json,TOP9_CODICI_FREQUENTI_SET5_PARTE1,411601,Modifica delle condizioni di separazione/divorzio (art. 473-bis.29 c.p.c.),obbligo_mediazione,obbligo_mediazione,obbligo_mediazione,obbligo_mediazione,False,False,False,True,False,,,,,,False,,ok
kb_98_top9_set5_parte1.json,TOP9_CODICI_FREQUENTI_SET5_PARTE1,411601,Modifica delle condizioni di separazione/divorzio (art. 473-bis.29 c.p.c.),adempimenti_propedeutici,adempimenti_propedeutici,adempimenti_propedeutici,adempimenti_propedeutici,True,True,True,True,True,"1,2,3,4,5,6","1,2,3,4,5,6",,,,False,,ok
kb_98_top9_set5_parte1.json,TOP9_CODICI_FREQUENTI_SET5_PARTE1,411601,Modifica delle condizioni di separazione/divorzio (art. 473-bis.29 c.p.c.),richiesta_provvedimenti_urgenti,richiesta_provvedimenti_urgenti,richiesta_provvedimenti_urgenti,richiesta_provvedimenti_urgenti,False,False,False,True,True,,,,,,False,,ok
kb_98_top9_set5_parte1.json,TOP9_CODICI_FREQUENTI_SET5_PARTE1,411601,Modifica delle condizioni di separazione/divorzio (art. 473-bis.29 c.p.c.),avvertimenti_obbligatori,atto_principale.avvertimenti_obbligatori,atto_principale.avvertimenti_obbligatori,atto_principale.avvertimenti_obbligatori,True,True,True,True,True,,,,,,False,,ok
kb_98_top9_set5_parte1.json,TOP9_CODICI_FREQUENTI_SET5_PARTE1,411601,Modifica delle condizioni di separazione/divorzio (art. 473-bis.29 c.p.c.),allegati_obbligatori,allegati_obbligatori,allegati_obbligatori,allegati_obbligatori,True,True,True,True,True,,,,,,False,,ok
kb_98_top9_set5_parte1.json,TOP9_CODICI_FREQUENTI_SET5_PARTE1,411601,Modifica delle condizioni di separazione/divorzio (art. 473-bis.29 c.p.c.),termini_processuali,termini_processuali,termini_processuali,termini_processuali,True,True,True,True,True,,,,,,False,,ok
kb_98_top9_set5_parte1.json,TOP9_CODICI_FREQUENTI_SET5_PARTE1,411601,Modifica delle condizioni di separazione/divorzio (art. 473-bis.29 c.p.c.),esiti_processuali_tipici,esiti_processuali_tipici,esiti_processuali_tipici,esiti_processuali_tipici,True,True,True,True,True,,,,,,False,,ok
kb_98_top9_set5_parte1.json,TOP9_CODICI_FREQUENTI_SET5_PARTE1,411601,Modifica delle condizioni di separazione/divorzio (art. 473-bis.29 c.p.c.),normativa,normativa,normativa,normativa,True,True,True,True,True,,,,,,False,,ok
kb_98_top9_set5_parte1.json,TOP9_CODICI_FREQUENTI_SET5_PARTE1,411601,Modifica delle condizioni di separazione/divorzio (art. 473-bis.29 c.p.c.),atto_principale,atto_principale,atto_principale,atto_principale,True,True,True,True,True,,,,,,False,,ok
kb_98_top9_set5_parte1.json,TOP9_CODICI_FREQUENTI_SET5_PARTE1,411601,Modifica delle condizioni di separazione/divorzio (art. 473-bis.29 c.p.c.),specialistica:competenza_territoriale,competenza_territoriale,competenza_territoriale,competenza_territoriale,True,True,True,True,True,,,,,,False,,ok
kb_98_top9_set5_parte1.json,TOP9_CODICI_FREQUENTI_SET5_PARTE1,411601,Modifica delle condizioni di separazione/divorzio (art. 473-bis.29 c.p.c.),specialistica:tipologie_di_modifica_richiedibili,tipologie_di_modifica_richiedibili,tipologie_di_modifica_richiedibili,tipologie_di_modifica_richiedibili,True,True,True,True,True,,,,,,False,,ok
kb_98_top9_set5_parte1.json,TOP9_CODICI_FREQUENTI_SET5_PARTE1,411601,Modifica delle condizioni di separazione/divorzio (art. 473-bis.29 c.p.c.),specialistica:obbligo_mediazione_o_negoziazione,obbligo_mediazione_o_negoziazione,obbligo_mediazione_o_negoziazione,obbligo_mediazione_o_negoziazione,True,True,True,True,True,,,,,,False,,ok
kb_98_top9_set5_parte1.json,TOP9_CODICI_FREQUENTI_SET5_PARTE1,411601,Modifica delle condizioni di separazione/divorzio (art. 473-bis.29 c.p.c.),specialistica:nota_integrazione_iusentra,nota_integrazione_iusentra,nota_integrazione_iusentra,nota_integrazione_iusentra,True,True,True,True,True,,,,,,False,,ok
kb_98_top9_set5_parte1.json,TOP9_CODICI_FREQUENTI_SET5_PARTE1,411601,Modifica delle condizioni di separazione/divorzio (art. 473-bis.29 c.p.c.),specialistica:verifica_pst_xsd_iusentra,verifica_pst_xsd_iusentra,verifica_pst_xsd_iusentra,verifica_pst_xsd_iusentra,True,True,True,True,True,,,,,,False,,ok
kb_98_top9_set5_parte1.json,TOP9_CODICI_FREQUENTI_SET5_PARTE1,102002,Azione revocatoria ordinaria (art. 2901 c.c.),denominazione,denominazione,denominazione,denominazione,True,True,True,True,True,,,,Azione revocatoria ordinaria (art. 2901 c.c.),Azione revocatoria ordinaria (art. 2901 c.c.),False,,ok
kb_98_top9_set5_parte1.json,TOP9_CODICI_FREQUENTI_SET5_PARTE1,102002,Azione revocatoria ordinaria (art. 2901 c.c.),categoria,categoria,categoria,categoria,True,True,True,True,True,,,,Tutela del credito - conservazione della garanzia patrimoniale,Tutela del credito - conservazione della garanzia patrimoniale,False,,ok
kb_98_top9_set5_parte1.json,TOP9_CODICI_FREQUENTI_SET5_PARTE1,102002,Azione revocatoria ordinaria (art. 2901 c.c.),sottocategoria,sottocategoria,sottocategoria,sottocategoria,True,True,True,True,True,,,,Azione del creditore per dichiarare inefficaci nei suoi confronti gli atti dispositivi del debitore che pregiudicano la garanzia,Azione del creditore per dichiarare inefficaci nei suoi confronti gli atti dispositivi del debitore che pregiudicano la garanzia,False,,ok
kb_98_top9_set5_parte1.json,TOP9_CODICI_FREQUENTI_SET5_PARTE1,102002,Azione revocatoria ordinaria (art. 2901 c.c.),rito,rito,rito,rito,True,True,True,True,True,,,,Rito ordinario di cognizione,Rito ordinario di cognizione,False,,ok
kb_98_top9_set5_parte1.json,TOP9_CODICI_FREQUENTI_SET5_PARTE1,102002,Azione revocatoria ordinaria (art. 2901 c.c.),competenza,competenza,competenza,competenza,True,True,True,True,True,,,,Tribunale (per valore > 5.000 €) - foro generale del convenuto debitore (artt. 18-19 c.p.c.) o foro speciale dell'atto impugnato,Tribunale (per valore > 5.000 €) - foro generale del convenuto debitore (artt. 18-19 c.p.c.) o foro speciale dell'atto impugnato,False,,ok
kb_98_top9_set5_parte1.json,TOP9_CODICI_FREQUENTI_SET5_PARTE1,102002,Azione revocatoria ordinaria (art. 2901 c.c.),uffici_destinatari,uffici_destinatari,uffici_destinatari,uffici_destinatari,True,True,True,True,True,,,,,,False,,ok
kb_98_top9_set5_parte1.json,TOP9_CODICI_FREQUENTI_SET5_PARTE1,102002,Azione revocatoria ordinaria (art. 2901 c.c.),tipologie_di_intervento,tipologie_di_intervento,tipologie_di_intervento,tipologie_di_intervento,False,False,False,True,False,,,,,,False,,ok
kb_98_top9_set5_parte1.json,TOP9_CODICI_FREQUENTI_SET5_PARTE1,102002,Azione revocatoria ordinaria (art. 2901 c.c.),presupposti_sostanziali,presupposti_sostanziali,presupposti_sostanziali,presupposti_sostanziali,False,True,True,True,True,,,,,,False,,ok
kb_98_top9_set5_parte1.json,TOP9_CODICI_FREQUENTI_SET5_PARTE1,102002,Azione revocatoria ordinaria (art. 2901 c.c.),legittimati_attivi,legittimati_attivi,legittimati_attivi,legittimati_attivi,False,False,False,True,False,,,,,,False,,ok
kb_98_top9_set5_parte1.json,TOP9_CODICI_FREQUENTI_SET5_PARTE1,102002,Azione revocatoria ordinaria (art. 2901 c.c.),obbligo_mediazione,obbligo_mediazione,obbligo_mediazione,obbligo_mediazione,True,True,True,True,True,,,,,,False,,ok
kb_98_top9_set5_parte1.json,TOP9_CODICI_FREQUENTI_SET5_PARTE1,102002,Azione revocatoria ordinaria (art. 2901 c.c.),adempimenti_propedeutici,adempimenti_propedeutici,adempimenti_propedeutici,adempimenti_propedeutici,True,True,True,True,True,"1,2,3,4,5,6,7","1,2,3,4,5,6,7",,,,False,,ok
kb_98_top9_set5_parte1.json,TOP9_CODICI_FREQUENTI_SET5_PARTE1,102002,Azione revocatoria ordinaria (art. 2901 c.c.),richiesta_provvedimenti_urgenti,richiesta_provvedimenti_urgenti,richiesta_provvedimenti_urgenti,richiesta_provvedimenti_urgenti,False,False,False,True,False,,,,,,False,,ok
kb_98_top9_set5_parte1.json,TOP9_CODICI_FREQUENTI_SET5_PARTE1,102002,Azione revocatoria ordinaria (art. 2901 c.c.),avvertimenti_obbligatori,atto_principale.avvertimenti_obbligatori,atto_principale.avvertimenti_obbligatori,atto_principale.avvertimenti_obbligatori,True,True,True,True,True,,,,,,False,,ok
kb_98_top9_set5_parte1.json,TOP9_CODICI_FREQUENTI_SET5_PARTE1,102002,Azione revocatoria ordinaria (art. 2901 c.c.),allegati_obbligatori,allegati_obbligatori,allegati_obbligatori,allegati_obbligatori,True,True,True,True,True,,,,,,False,,ok
kb_98_top9_set5_parte1.json,TOP9_CODICI_FREQUENTI_SET5_PARTE1,102002,Azione revocatoria ordinaria (art. 2901 c.c.),termini_processuali,termini_processuali,termini_processuali,termini_processuali,True,True,True,True,True,,,,,,False,,ok
kb_98_top9_set5_parte1.json,TOP9_CODICI_FREQUENTI_SET5_PARTE1,102002,Azione revocatoria ordinaria (art. 2901 c.c.),esiti_processuali_tipici,esiti_processuali_tipici,esiti_processuali_tipici,esiti_processuali_tipici,True,True,True,True,True,,,,,,False,,ok
kb_98_top9_set5_parte1.json,TOP9_CODICI_FREQUENTI_SET5_PARTE1,102002,Azione revocatoria ordinaria (art. 2901 c.c.),normativa,normativa,normativa,normativa,True,True,True,True,True,,,,,,False,,ok
kb_98_top9_set5_parte1.json,TOP9_CODICI_FREQUENTI_SET5_PARTE1,102002,Azione revocatoria ordinaria (art. 2901 c.c.),atto_principale,atto_principale,atto_principale,atto_principale,True,True,True,True,True,,,,,,False,,ok
kb_98_top9_set5_parte1.json,TOP9_CODICI_FREQUENTI_SET5_PARTE1,102002,Azione revocatoria ordinaria (art. 2901 c.c.),specialistica:presupposti_sostanziali_art_2901,presupposti_sostanziali_art_2901,presupposti_sostanziali_art_2901,presupposti_sostanziali_art_2901,True,True,True,True,True,,,,,,False,,ok
kb_98_top9_set5_parte1.json,TOP9_CODICI_FREQUENTI_SET5_PARTE1,102002,Azione revocatoria ordinaria (art. 2901 c.c.),specialistica:atti_tipici_revocabili,atti_tipici_revocabili,atti_tipici_revocabili,atti_tipici_revocabili,True,True,True,True,True,,,,,,False,,ok
kb_98_top9_set5_parte1.json,TOP9_CODICI_FREQUENTI_SET5_PARTE1,GUIDA_REGOLAMENTO_CONFINI_130032,Azione di regolamento dei confini (art. 950 c.c.),denominazione,denominazione,denominazione,denominazione,True,True,True,True,True,,,,Azione di regolamento dei confini (art. 950 c.c.),Azione di regolamento dei confini (art. 950 c.c.),False,,ok
kb_98_top9_set5_parte1.json,TOP9_CODICI_FREQUENTI_SET5_PARTE1,GUIDA_REGOLAMENTO_CONFINI_130032,Azione di regolamento dei confini (art. 950 c.c.),categoria,categoria,categoria,categoria,True,True,True,True,True,,,,Diritti reali - tutela della proprietà,Diritti reali - tutela della proprietà,False,,ok
kb_98_top9_set5_parte1.json,TOP9_CODICI_FREQUENTI_SET5_PARTE1,GUIDA_REGOLAMENTO_CONFINI_130032,Azione di regolamento dei confini (art. 950 c.c.),sottocategoria,sottocategoria,sottocategoria,sottocategoria,True,True,True,True,True,,,,Accertamento giudiziale del confine tra fondi limitrofi,Accertamento giudiziale del confine tra fondi limitrofi,False,,ok
kb_98_top9_set5_parte1.json,TOP9_CODICI_FREQUENTI_SET5_PARTE1,GUIDA_REGOLAMENTO_CONFINI_130032,Azione di regolamento dei confini (art. 950 c.c.),rito,rito,rito,rito,True,True,True,True,True,,,,Rito ordinario di cognizione preceduto da MEDIAZIONE OBBLIGATORIA ex art. 5 c. 1-bis D.Lgs. 28/2010 (diritti reali),Rito ordinario di cognizione preceduto da MEDIAZIONE OBBLIGATORIA ex art. 5 c. 1-bis D.Lgs. 28/2010 (diritti reali),False,,ok
kb_98_top9_set5_parte1.json,TOP9_CODICI_FREQUENTI_SET5_PARTE1,GUIDA_REGOLAMENTO_CONFINI_130032,Azione di regolamento dei confini (art. 950 c.c.),competenza,competenza,competenza,competenza,True,True,True,True,True,,,,Tribunale del luogo dell'immobile (art. 21 c.p.c. - foro esclusivo),Tribunale del luogo dell'immobile (art. 21 c.p.c. - foro esclusivo),False,,ok
kb_98_top9_set5_parte1.json,TOP9_CODICI_FREQUENTI_SET5_PARTE1,GUIDA_REGOLAMENTO_CONFINI_130032,Azione di regolamento dei confini (art. 950 c.c.),uffici_destinatari,uffici_destinatari,uffici_destinatari,uffici_destinatari,True,True,True,True,True,,,,,,False,,ok
kb_98_top9_set5_parte1.json,TOP9_CODICI_FREQUENTI_SET5_PARTE1,GUIDA_REGOLAMENTO_CONFINI_130032,Azione di regolamento dei confini (art. 950 c.c.),tipologie_di_intervento,tipologie_di_intervento,tipologie_di_intervento,tipologie_di_intervento,False,False,False,True,False,,,,,,False,,ok
kb_98_top9_set5_parte1.json,TOP9_CODICI_FREQUENTI_SET5_PARTE1,GUIDA_REGOLAMENTO_CONFINI_130032,Azione di regolamento dei confini (art. 950 c.c.),presupposti_sostanziali,presupposti_sostanziali,presupposti_sostanziali,presupposti_sostanziali,True,True,True,True,True,,,,,,False,,ok
kb_98_top9_set5_parte1.json,TOP9_CODICI_FREQUENTI_SET5_PARTE1,GUIDA_REGOLAMENTO_CONFINI_130032,Azione di regolamento dei confini (art. 950 c.c.),legittimati_attivi,legittimati_attivi,legittimati_attivi,legittimati_attivi,False,False,False,True,False,,,,,,False,,ok
kb_98_top9_set5_parte1.json,TOP9_CODICI_FREQUENTI_SET5_PARTE1,GUIDA_REGOLAMENTO_CONFINI_130032,Azione di regolamento dei confini (art. 950 c.c.),obbligo_mediazione,obbligo_mediazione,obbligo_mediazione,obbligo_mediazione,True,True,True,True,True,,,,,,False,,ok
kb_98_top9_set5_parte1.json,TOP9_CODICI_FREQUENTI_SET5_PARTE1,GUIDA_REGOLAMENTO_CONFINI_130032,Azione di regolamento dei confini (art. 950 c.c.),adempimenti_propedeutici,adempimenti_propedeutici,adempimenti_propedeutici,adempimenti_propedeutici,True,True,True,True,True,"1,2,3,4,5","1,2,3,4,5",,,,False,,ok
kb_98_top9_set5_parte1.json,TOP9_CODICI_FREQUENTI_SET5_PARTE1,GUIDA_REGOLAMENTO_CONFINI_130032,Azione di regolamento dei confini (art. 950 c.c.),richiesta_provvedimenti_urgenti,richiesta_provvedimenti_urgenti,richiesta_provvedimenti_urgenti,richiesta_provvedimenti_urgenti,False,False,False,True,False,,,,,,False,,ok
kb_98_top9_set5_parte1.json,TOP9_CODICI_FREQUENTI_SET5_PARTE1,GUIDA_REGOLAMENTO_CONFINI_130032,Azione di regolamento dei confini (art. 950 c.c.),avvertimenti_obbligatori,atto_principale.avvertimenti_obbligatori,atto_principale.avvertimenti_obbligatori,atto_principale.avvertimenti_obbligatori,True,True,True,True,True,,,,,,False,,ok
kb_98_top9_set5_parte1.json,TOP9_CODICI_FREQUENTI_SET5_PARTE1,GUIDA_REGOLAMENTO_CONFINI_130032,Azione di regolamento dei confini (art. 950 c.c.),allegati_obbligatori,allegati_obbligatori,allegati_obbligatori,allegati_obbligatori,True,True,True,True,True,,,,,,False,,ok
kb_98_top9_set5_parte1.json,TOP9_CODICI_FREQUENTI_SET5_PARTE1,GUIDA_REGOLAMENTO_CONFINI_130032,Azione di regolamento dei confini (art. 950 c.c.),termini_processuali,termini_processuali,termini_processuali,termini_processuali,True,True,True,True,True,,,,,,False,,ok
kb_98_top9_set5_parte1.json,TOP9_CODICI_FREQUENTI_SET5_PARTE1,GUIDA_REGOLAMENTO_CONFINI_130032,Azione di regolamento dei confini (art. 950 c.c.),esiti_processuali_tipici,esiti_processuali_tipici,esiti_processuali_tipici,esiti_processuali_tipici,True,True,True,True,True,,,,,,False,,ok
kb_98_top9_set5_parte1.json,TOP9_CODICI_FREQUENTI_SET5_PARTE1,GUIDA_REGOLAMENTO_CONFINI_130032,Azione di regolamento dei confini (art. 950 c.c.),normativa,normativa,normativa,normativa,True,True,True,True,True,,,,,,False,,ok
kb_98_top9_set5_parte1.json,TOP9_CODICI_FREQUENTI_SET5_PARTE1,GUIDA_REGOLAMENTO_CONFINI_130032,Azione di regolamento dei confini (art. 950 c.c.),atto_principale,atto_principale,atto_principale,atto_principale,True,True,True,True,True,,,,,,False,,ok
kb_98_top9_set5_parte1.json,TOP9_CODICI_FREQUENTI_SET5_PARTE1,GUIDA_REGOLAMENTO_CONFINI_130032,Azione di regolamento dei confini (art. 950 c.c.),specialistica:differenza_da_rivendicazione_e_apposizione_termini,differenza_da_rivendicazione_e_apposizione_termini,differenza_da_rivendicazione_e_apposizione_termini,differenza_da_rivendicazione_e_apposizione_termini,True,True,True,True,True,,,,,,False,,ok
kb_98_top9_set5_parte1.json,TOP9_CODICI_FREQUENTI_SET5_PARTE1,GUIDA_REGOLAMENTO_CONFINI_130032,Azione di regolamento dei confini (art. 950 c.c.),specialistica:guida_interna_non_depositabile,guida_interna_non_depositabile,guida_interna_non_depositabile,guida_interna_non_depositabile,True,True,True,True,True,,,,,,False,,ok
kb_98_top9_set5_parte1.json,TOP9_CODICI_FREQUENTI_SET5_PARTE1,GUIDA_REGOLAMENTO_CONFINI_130032,Azione di regolamento dei confini (art. 950 c.c.),specialistica:depositabile,depositabile,depositabile,depositabile,True,True,True,True,True,,,,,,False,,ok
kb_98_top9_set5_parte1.json,TOP9_CODICI_FREQUENTI_SET5_PARTE1,GUIDA_REGOLAMENTO_CONFINI_130032,Azione di regolamento dei confini (art. 950 c.c.),specialistica:guida_pratica_facoltativa,guida_pratica_facoltativa,guida_pratica_facoltativa,guida_pratica_facoltativa,True,True,True,True,True,,,,,,False,,ok
kb_98_top9_set5_parte1.json,TOP9_CODICI_FREQUENTI_SET5_PARTE1,GUIDA_REGOLAMENTO_CONFINI_130032,Azione di regolamento dei confini (art. 950 c.c.),specialistica:codice_deposito_automatico,codice_deposito_automatico,codice_deposito_automatico,codice_deposito_automatico,True,True,True,True,True,,,,,,False,,ok
kb_98_top9_set5_parte1.json,TOP9_CODICI_FREQUENTI_SET5_PARTE1,GUIDA_REGOLAMENTO_CONFINI_130032,Azione di regolamento dei confini (art. 950 c.c.),specialistica:nota_integrazione_iusentra,nota_integrazione_iusentra,nota_integrazione_iusentra,nota_integrazione_iusentra,True,True,True,True,True,,,,,,False,,ok
kb_98_top9_set5_parte1.json,TOP9_CODICI_FREQUENTI_SET5_PARTE1,GUIDA_REGOLAMENTO_CONFINI_130032,Azione di regolamento dei confini (art. 950 c.c.),specialistica:verifica_pst_xsd_iusentra,verifica_pst_xsd_iusentra,verifica_pst_xsd_iusentra,verifica_pst_xsd_iusentra,True,True,True,True,True,,,,,,False,,ok
kb_98_top9_set5_parte1.json,TOP9_CODICI_FREQUENTI_SET5_PARTE1,GUIDA_IMPUGNAZIONE_TESTAMENTO_120020,"Impugnazione del testamento (nullità, annullabilità)",denominazione,denominazione,denominazione,denominazione,True,True,True,True,True,,,,"Impugnazione del testamento (nullità, annullabilità)","Impugnazione del testamento (nullità, annullabilità)",False,,ok
kb_98_top9_set5_parte1.json,TOP9_CODICI_FREQUENTI_SET5_PARTE1,GUIDA_IMPUGNAZIONE_TESTAMENTO_120020,"Impugnazione del testamento (nullità, annullabilità)",categoria,categoria,categoria,categoria,True,True,True,True,True,,,,Successioni - patologia delle disposizioni di ultima volontà,Successioni - patologia delle disposizioni di ultima volontà,False,,ok
kb_98_top9_set5_parte1.json,TOP9_CODICI_FREQUENTI_SET5_PARTE1,GUIDA_IMPUGNAZIONE_TESTAMENTO_120020,"Impugnazione del testamento (nullità, annullabilità)",sottocategoria,sottocategoria,sottocategoria,sottocategoria,True,True,True,True,True,,,,"Azione di nullità o annullabilità del testamento - olografo, pubblico, segreto","Azione di nullità o annullabilità del testamento - olografo, pubblico, segreto",False,,ok
kb_98_top9_set5_parte1.json,TOP9_CODICI_FREQUENTI_SET5_PARTE1,GUIDA_IMPUGNAZIONE_TESTAMENTO_120020,"Impugnazione del testamento (nullità, annullabilità)",rito,rito,rito,rito,True,True,True,True,True,,,,Rito ordinario di cognizione preceduto da MEDIAZIONE OBBLIGATORIA ex art. 5 c. 1-bis D.Lgs. 28/2010 (materia successioni),Rito ordinario di cognizione preceduto da MEDIAZIONE OBBLIGATORIA ex art. 5 c. 1-bis D.Lgs. 28/2010 (materia successioni),False,,ok
kb_98_top9_set5_parte1.json,TOP9_CODICI_FREQUENTI_SET5_PARTE1,GUIDA_IMPUGNAZIONE_TESTAMENTO_120020,"Impugnazione del testamento (nullità, annullabilità)",competenza,competenza,competenza,competenza,True,True,True,True,True,,,,Tribunale del luogo apertura successione (art. 22 c.p.c.) - foro esclusivo,Tribunale del luogo apertura successione (art. 22 c.p.c.) - foro esclusivo,False,,ok
kb_98_top9_set5_parte1.json,TOP9_CODICI_FREQUENTI_SET5_PARTE1,GUIDA_IMPUGNAZIONE_TESTAMENTO_120020,"Impugnazione del testamento (nullità, annullabilità)",uffici_destinatari,uffici_destinatari,uffici_destinatari,uffici_destinatari,True,True,True,True,True,,,,,,False,,ok
kb_98_top9_set5_parte1.json,TOP9_CODICI_FREQUENTI_SET5_PARTE1,GUIDA_IMPUGNAZIONE_TESTAMENTO_120020,"Impugnazione del testamento (nullità, annullabilità)",tipologie_di_intervento,tipologie_di_intervento,tipologie_di_intervento,tipologie_di_intervento,False,False,False,True,False,,,,,,False,,ok
kb_98_top9_set5_parte1.json,TOP9_CODICI_FREQUENTI_SET5_PARTE1,GUIDA_IMPUGNAZIONE_TESTAMENTO_120020,"Impugnazione del testamento (nullità, annullabilità)",presupposti_sostanziali,presupposti_sostanziali,presupposti_sostanziali,presupposti_sostanziali,True,True,True,True,True,,,,,,False,,ok
kb_98_top9_set5_parte1.json,TOP9_CODICI_FREQUENTI_SET5_PARTE1,GUIDA_IMPUGNAZIONE_TESTAMENTO_120020,"Impugnazione del testamento (nullità, annullabilità)",legittimati_attivi,legittimati_attivi,legittimati_attivi,legittimati_attivi,False,False,False,True,False,,,,,,False,,ok
kb_98_top9_set5_parte1.json,TOP9_CODICI_FREQUENTI_SET5_PARTE1,GUIDA_IMPUGNAZIONE_TESTAMENTO_120020,"Impugnazione del testamento (nullità, annullabilità)",obbligo_mediazione,obbligo_mediazione,obbligo_mediazione,obbligo_mediazione,True,True,True,True,True,,,,,,False,,ok
kb_98_top9_set5_parte1.json,TOP9_CODICI_FREQUENTI_SET5_PARTE1,GUIDA_IMPUGNAZIONE_TESTAMENTO_120020,"Impugnazione del testamento (nullità, annullabilità)",adempimenti_propedeutici,adempimenti_propedeutici,adempimenti_propedeutici,adempimenti_propedeutici,True,True,True,True,True,"1,2,3,4,5,6,7","1,2,3,4,5,6,7",,,,False,,ok
kb_98_top9_set5_parte1.json,TOP9_CODICI_FREQUENTI_SET5_PARTE1,GUIDA_IMPUGNAZIONE_TESTAMENTO_120020,"Impugnazione del testamento (nullità, annullabilità)",richiesta_provvedimenti_urgenti,richiesta_provvedimenti_urgenti,richiesta_provvedimenti_urgenti,richiesta_provvedimenti_urgenti,False,False,False,True,False,,,,,,False,,ok
kb_98_top9_set5_parte1.json,TOP9_CODICI_FREQUENTI_SET5_PARTE1,GUIDA_IMPUGNAZIONE_TESTAMENTO_120020,"Impugnazione del testamento (nullità, annullabilità)",avvertimenti_obbligatori,atto_principale.avvertimenti_obbligatori,atto_principale.avvertimenti_obbligatori,atto_principale.avvertimenti_obbligatori,True,True,True,True,True,,,,,,False,,ok
kb_98_top9_set5_parte1.json,TOP9_CODICI_FREQUENTI_SET5_PARTE1,GUIDA_IMPUGNAZIONE_TESTAMENTO_120020,"Impugnazione del testamento (nullità, annullabilità)",allegati_obbligatori,allegati_obbligatori,allegati_obbligatori,allegati_obbligatori,True,True,True,True,True,,,,,,False,,ok
kb_98_top9_set5_parte1.json,TOP9_CODICI_FREQUENTI_SET5_PARTE1,GUIDA_IMPUGNAZIONE_TESTAMENTO_120020,"Impugnazione del testamento (nullità, annullabilità)",termini_processuali,termini_processuali,termini_processuali,termini_processuali,True,True,True,True,True,,,,,,False,,ok
kb_98_top9_set5_parte1.json,TOP9_CODICI_FREQUENTI_SET5_PARTE1,GUIDA_IMPUGNAZIONE_TESTAMENTO_120020,"Impugnazione del testamento (nullità, annullabilità)",esiti_processuali_tipici,esiti_processuali_tipici,esiti_processuali_tipici,esiti_processuali_tipici,True,True,True,True,True,,,,,,False,,ok
kb_98_top9_set5_parte1.json,TOP9_CODICI_FREQUENTI_SET5_PARTE1,GUIDA_IMPUGNAZIONE_TESTAMENTO_120020,"Impugnazione del testamento (nullità, annullabilità)",normativa,normativa,normativa,normativa,True,True,True,True,True,,,,,,False,,ok
kb_98_top9_set5_parte1.json,TOP9_CODICI_FREQUENTI_SET5_PARTE1,GUIDA_IMPUGNAZIONE_TESTAMENTO_120020,"Impugnazione del testamento (nullità, annullabilità)",atto_principale,atto_principale,atto_principale,atto_principale,True,True,True,True,True,,,,,,False,,ok
kb_98_top9_set5_parte1.json,TOP9_CODICI_FREQUENTI_SET5_PARTE1,GUIDA_IMPUGNAZIONE_TESTAMENTO_120020,"Impugnazione del testamento (nullità, annullabilità)",specialistica:cause_nullita_testamento,cause_nullita_testamento,cause_nullita_testamento,cause_nullita_testamento,True,True,True,True,True,,,,,,False,,ok
kb_98_top9_set5_parte1.json,TOP9_CODICI_FREQUENTI_SET5_PARTE1,GUIDA_IMPUGNAZIONE_TESTAMENTO_120020,"Impugnazione del testamento (nullità, annullabilità)",specialistica:cause_annullabilita_testamento,cause_annullabilita_testamento,cause_annullabilita_testamento,cause_annullabilita_testamento,True,True,True,True,True,,,,,,False,,ok
kb_98_top9_set5_parte1.json,TOP9_CODICI_FREQUENTI_SET5_PARTE1,GUIDA_IMPUGNAZIONE_TESTAMENTO_120020,"Impugnazione del testamento (nullità, annullabilità)",specialistica:guida_interna_non_depositabile,guida_interna_non_depositabile,guida_interna_non_depositabile,guida_interna_non_depositabile,True,True,True,True,True,,,,,,False,,ok
kb_98_top9_set5_parte1.json,TOP9_CODICI_FREQUENTI_SET5_PARTE1,GUIDA_IMPUGNAZIONE_TESTAMENTO_120020,"Impugnazione del testamento (nullità, annullabilità)",specialistica:depositabile,depositabile,depositabile,depositabile,True,True,True,True,True,,,,,,False,,ok
kb_98_top9_set5_parte1.json,TOP9_CODICI_FREQUENTI_SET5_PARTE1,GUIDA_IMPUGNAZIONE_TESTAMENTO_120020,"Impugnazione del testamento (nullità, annullabilità)",specialistica:guida_pratica_facoltativa,guida_pratica_facoltativa,guida_pratica_facoltativa,guida_pratica_facoltativa,True,True,True,True,True,,,,,,False,,ok
kb_98_top9_set5_parte1.json,TOP9_CODICI_FREQUENTI_SET5_PARTE1,GUIDA_IMPUGNAZIONE_TESTAMENTO_120020,"Impugnazione del testamento (nullità, annullabilità)",specialistica:codice_deposito_automatico,codice_deposito_automatico,codice_deposito_automatico,codice_deposito_automatico,True,True,True,True,True,,,,,,False,,ok
kb_98_top9_set5_parte1.json,TOP9_CODICI_FREQUENTI_SET5_PARTE1,GUIDA_IMPUGNAZIONE_TESTAMENTO_120020,"Impugnazione del testamento (nullità, annullabilità)",specialistica:nota_integrazione_iusentra,nota_integrazione_iusentra,nota_integrazione_iusentra,nota_integrazione_iusentra,True,True,True,True,True,,,,,,False,,ok
kb_98_top9_set5_parte1.json,TOP9_CODICI_FREQUENTI_SET5_PARTE1,GUIDA_IMPUGNAZIONE_TESTAMENTO_120020,"Impugnazione del testamento (nullità, annullabilità)",specialistica:verifica_pst_xsd_iusentra,verifica_pst_xsd_iusentra,verifica_pst_xsd_iusentra,verifica_pst_xsd_iusentra,True,True,True,True,True,,,,,,False,,ok
kb_98_top9_set5_parte1.json,TOP9_CODICI_FREQUENTI_SET5_PARTE1,151110,Azione di responsabilità contro gli amministratori di S.r.l. (artt. 2476 c.c.),denominazione,denominazione,denominazione,denominazione,True,True,True,True,True,,,,Azione di responsabilità contro gli amministratori di S.r.l. (artt. 2476 c.c.),Azione di responsabilità contro gli amministratori di S.r.l. (artt. 2476 c.c.),False,,ok
kb_98_top9_set5_parte1.json,TOP9_CODICI_FREQUENTI_SET5_PARTE1,151110,Azione di responsabilità contro gli amministratori di S.r.l. (artt. 2476 c.c.),categoria,categoria,categoria,categoria,True,True,True,True,True,,,,Diritto societario - responsabilità amministratori,Diritto societario - responsabilità amministratori,False,,ok
kb_98_top9_set5_parte1.json,TOP9_CODICI_FREQUENTI_SET5_PARTE1,151110,Azione di responsabilità contro gli amministratori di S.r.l. (artt. 2476 c.c.),sottocategoria,sottocategoria,sottocategoria,sottocategoria,True,True,True,True,True,,,,Azione sociale e individuale del socio per danni causati dagli amministratori,Azione sociale e individuale del socio per danni causati dagli amministratori,False,,ok
kb_98_top9_set5_parte1.json,TOP9_CODICI_FREQUENTI_SET5_PARTE1,151110,Azione di responsabilità contro gli amministratori di S.r.l. (artt. 2476 c.c.),rito,rito,rito,rito,True,True,True,True,True,,,,Rito ordinario di cognizione,Rito ordinario di cognizione,False,,ok
kb_98_top9_set5_parte1.json,TOP9_CODICI_FREQUENTI_SET5_PARTE1,151110,Azione di responsabilità contro gli amministratori di S.r.l. (artt. 2476 c.c.),competenza,competenza,competenza,competenza,True,True,True,True,True,,,,TRIBUNALE SEZIONE SPECIALIZZATA IN MATERIA DI IMPRESA (D.L. 1/2012); foro della sede sociale (art. 19 c.p.c.),TRIBUNALE SEZIONE SPECIALIZZATA IN MATERIA DI IMPRESA (D.L. 1/2012); foro della sede sociale (art. 19 c.p.c.),False,,ok
kb_98_top9_set5_parte1.json,TOP9_CODICI_FREQUENTI_SET5_PARTE1,151110,Azione di responsabilità contro gli amministratori di S.r.l. (artt. 2476 c.c.),uffici_destinatari,uffici_destinatari,uffici_destinatari,uffici_destinatari,True,True,True,True,True,,,,,,False,,ok
kb_98_top9_set5_parte1.json,TOP9_CODICI_FREQUENTI_SET5_PARTE1,151110,Azione di responsabilità contro gli amministratori di S.r.l. (artt. 2476 c.c.),tipologie_di_intervento,tipologie_di_intervento,tipologie_di_intervento,tipologie_di_intervento,False,False,False,True,False,,,,,,False,,ok
kb_98_top9_set5_parte1.json,TOP9_CODICI_FREQUENTI_SET5_PARTE1,151110,Azione di responsabilità contro gli amministratori di S.r.l. (artt. 2476 c.c.),presupposti_sostanziali,presupposti_sostanziali,presupposti_sostanziali,presupposti_sostanziali,False,False,False,True,False,,,,,,False,,ok
kb_98_top9_set5_parte1.json,TOP9_CODICI_FREQUENTI_SET5_PARTE1,151110,Azione di responsabilità contro gli amministratori di S.r.l. (artt. 2476 c.c.),legittimati_attivi,legittimati_attivi,legittimati_attivi,legittimati_attivi,False,False,False,True,False,,,,,,False,,ok
kb_98_top9_set5_parte1.json,TOP9_CODICI_FREQUENTI_SET5_PARTE1,151110,Azione di responsabilità contro gli amministratori di S.r.l. (artt. 2476 c.c.),obbligo_mediazione,obbligo_mediazione,obbligo_mediazione,obbligo_mediazione,True,True,True,True,True,,,,,,False,,ok
kb_98_top9_set5_parte1.json,TOP9_CODICI_FREQUENTI_SET5_PARTE1,151110,Azione di responsabilità contro gli amministratori di S.r.l. (artt. 2476 c.c.),adempimenti_propedeutici,adempimenti_propedeutici,adempimenti_propedeutici,adempimenti_propedeutici,True,True,True,True,True,"1,2,3,4,5,6","1,2,3,4,5,6",,,,False,,ok
kb_98_top9_set5_parte1.json,TOP9_CODICI_FREQUENTI_SET5_PARTE1,151110,Azione di responsabilità contro gli amministratori di S.r.l. (artt. 2476 c.c.),richiesta_provvedimenti_urgenti,richiesta_provvedimenti_urgenti,richiesta_provvedimenti_urgenti,richiesta_provvedimenti_urgenti,False,False,False,True,False,,,,,,False,,ok
kb_98_top9_set5_parte1.json,TOP9_CODICI_FREQUENTI_SET5_PARTE1,151110,Azione di responsabilità contro gli amministratori di S.r.l. (artt. 2476 c.c.),avvertimenti_obbligatori,atto_principale.avvertimenti_obbligatori,atto_principale.avvertimenti_obbligatori,atto_principale.avvertimenti_obbligatori,True,True,True,True,True,,,,,,False,,ok
kb_98_top9_set5_parte1.json,TOP9_CODICI_FREQUENTI_SET5_PARTE1,151110,Azione di responsabilità contro gli amministratori di S.r.l. (artt. 2476 c.c.),allegati_obbligatori,allegati_obbligatori,allegati_obbligatori,allegati_obbligatori,True,True,True,True,True,,,,,,False,,ok
kb_98_top9_set5_parte1.json,TOP9_CODICI_FREQUENTI_SET5_PARTE1,151110,Azione di responsabilità contro gli amministratori di S.r.l. (artt. 2476 c.c.),termini_processuali,termini_processuali,termini_processuali,termini_processuali,True,True,True,True,True,,,,,,False,,ok
kb_98_top9_set5_parte1.json,TOP9_CODICI_FREQUENTI_SET5_PARTE1,151110,Azione di responsabilità contro gli amministratori di S.r.l. (artt. 2476 c.c.),esiti_processuali_tipici,esiti_processuali_tipici,esiti_processuali_tipici,esiti_processuali_tipici,True,True,True,True,True,,,,,,False,,ok
kb_98_top9_set5_parte1.json,TOP9_CODICI_FREQUENTI_SET5_PARTE1,151110,Azione di responsabilità contro gli amministratori di S.r.l. (artt. 2476 c.c.),normativa,normativa,normativa,normativa,True,True,True,True,True,,,,,,False,,ok
kb_98_top9_set5_parte1.json,TOP9_CODICI_FREQUENTI_SET5_PARTE1,151110,Azione di responsabilità contro gli amministratori di S.r.l. (artt. 2476 c.c.),atto_principale,atto_principale,atto_principale,atto_principale,True,True,True,True,True,,,,,,False,,ok
kb_98_top9_set5_parte1.json,TOP9_CODICI_FREQUENTI_SET5_PARTE1,151110,Azione di responsabilità contro gli amministratori di S.r.l. (artt. 2476 c.c.),specialistica:tipologie_di_azione,tipologie_di_azione,tipologie_di_azione,tipologie_di_azione,True,True,True,True,True,,,,,,False,,ok
kb_98_top9_set5_parte1.json,TOP9_CODICI_FREQUENTI_SET5_PARTE1,151110,Azione di responsabilità contro gli amministratori di S.r.l. (artt. 2476 c.c.),specialistica:presupposti_sostanziali_azione_sociale,presupposti_sostanziali_azione_sociale,presupposti_sostanziali_azione_sociale,presupposti_sostanziali_azione_sociale,True,True,True,True,True,,,,,,False,,ok
kb_98_top9_set5_parte1.json,TOP9_CODICI_FREQUENTI_SET5_PARTE1,151110,Azione di responsabilità contro gli amministratori di S.r.l. (artt. 2476 c.c.),specialistica:condotte_tipiche_responsabilita,condotte_tipiche_responsabilita,condotte_tipiche_responsabilita,condotte_tipiche_responsabilita,True,True,True,True,True,,,,,,False,,ok
kb_98_top9_set5_parte2.json,TOP9_CODICI_FREQUENTI_SET5_PARTE2,220020,Differenze retributive e riconoscimento qualifica superiore (mansioni superiori - art. 2103 c.c.),denominazione,denominazione,denominazione,denominazione,True,True,True,True,True,,,,Differenze retributive e riconoscimento qualifica superiore (mansioni superiori - art. 2103 c.c.),Differenze retributive e riconoscimento qualifica superiore (mansioni superiori - art. 2103 c.c.),False,,ok
kb_98_top9_set5_parte2.json,TOP9_CODICI_FREQUENTI_SET5_PARTE2,220020,Differenze retributive e riconoscimento qualifica superiore (mansioni superiori - art. 2103 c.c.),categoria,categoria,categoria,categoria,True,True,True,True,True,,,,Lavoro - retribuzione e inquadramento,Lavoro - retribuzione e inquadramento,False,,ok
kb_98_top9_set5_parte2.json,TOP9_CODICI_FREQUENTI_SET5_PARTE2,220020,Differenze retributive e riconoscimento qualifica superiore (mansioni superiori - art. 2103 c.c.),sottocategoria,sottocategoria,sottocategoria,sottocategoria,True,True,True,True,True,,,,Azione del lavoratore per riconoscimento qualifica superiore e relative differenze retributive,Azione del lavoratore per riconoscimento qualifica superiore e relative differenze retributive,False,,ok
kb_98_top9_set5_parte2.json,TOP9_CODICI_FREQUENTI_SET5_PARTE2,220020,Differenze retributive e riconoscimento qualifica superiore (mansioni superiori - art. 2103 c.c.),rito,rito,rito,rito,True,True,True,True,True,,,,Rito del lavoro ex artt. 409 e ss. c.p.c.,Rito del lavoro ex artt. 409 e ss. c.p.c.,False,,ok
kb_98_top9_set5_parte2.json,TOP9_CODICI_FREQUENTI_SET5_PARTE2,220020,Differenze retributive e riconoscimento qualifica superiore (mansioni superiori - art. 2103 c.c.),competenza,competenza,competenza,competenza,True,True,True,True,True,,,,Tribunale del lavoro - foro della sede di lavoro (art. 413 c.p.c.),Tribunale del lavoro - foro della sede di lavoro (art. 413 c.p.c.),False,,ok
kb_98_top9_set5_parte2.json,TOP9_CODICI_FREQUENTI_SET5_PARTE2,220020,Differenze retributive e riconoscimento qualifica superiore (mansioni superiori - art. 2103 c.c.),uffici_destinatari,uffici_destinatari,uffici_destinatari,uffici_destinatari,True,True,True,True,True,,,,,,False,,ok
kb_98_top9_set5_parte2.json,TOP9_CODICI_FREQUENTI_SET5_PARTE2,220020,Differenze retributive e riconoscimento qualifica superiore (mansioni superiori - art. 2103 c.c.),tipologie_di_intervento,tipologie_di_intervento,tipologie_di_intervento,tipologie_di_intervento,False,True,True,True,True,,,,,,False,,ok
kb_98_top9_set5_parte2.json,TOP9_CODICI_FREQUENTI_SET5_PARTE2,220020,Differenze retributive e riconoscimento qualifica superiore (mansioni superiori - art. 2103 c.c.),presupposti_sostanziali,presupposti_sostanziali,presupposti_sostanziali,presupposti_sostanziali,True,True,True,True,True,,,,,,False,,ok
kb_98_top9_set5_parte2.json,TOP9_CODICI_FREQUENTI_SET5_PARTE2,220020,Differenze retributive e riconoscimento qualifica superiore (mansioni superiori - art. 2103 c.c.),legittimati_attivi,legittimati_attivi,legittimati_attivi,legittimati_attivi,False,True,True,True,True,,,,,,False,,ok
kb_98_top9_set5_parte2.json,TOP9_CODICI_FREQUENTI_SET5_PARTE2,220020,Differenze retributive e riconoscimento qualifica superiore (mansioni superiori - art. 2103 c.c.),obbligo_mediazione,obbligo_mediazione,obbligo_mediazione,obbligo_mediazione,True,True,True,True,True,,,,,,False,,ok
kb_98_top9_set5_parte2.json,TOP9_CODICI_FREQUENTI_SET5_PARTE2,220020,Differenze retributive e riconoscimento qualifica superiore (mansioni superiori - art. 2103 c.c.),adempimenti_propedeutici,adempimenti_propedeutici,adempimenti_propedeutici,adempimenti_propedeutici,True,True,True,True,True,"1,2,3,4,5,6,7","1,2,3,4,5,6,7",,,,False,,ok
kb_98_top9_set5_parte2.json,TOP9_CODICI_FREQUENTI_SET5_PARTE2,220020,Differenze retributive e riconoscimento qualifica superiore (mansioni superiori - art. 2103 c.c.),richiesta_provvedimenti_urgenti,richiesta_provvedimenti_urgenti,richiesta_provvedimenti_urgenti,richiesta_provvedimenti_urgenti,False,True,True,True,True,,,,,,False,,ok
kb_98_top9_set5_parte2.json,TOP9_CODICI_FREQUENTI_SET5_PARTE2,220020,Differenze retributive e riconoscimento qualifica superiore (mansioni superiori - art. 2103 c.c.),avvertimenti_obbligatori,atto_principale.avvertimenti_obbligatori,avvertimenti_obbligatori,avvertimenti_obbligatori,True,True,True,True,True,,,,,,False,,ok
kb_98_top9_set5_parte2.json,TOP9_CODICI_FREQUENTI_SET5_PARTE2,220020,Differenze retributive e riconoscimento qualifica superiore (mansioni superiori - art. 2103 c.c.),allegati_obbligatori,allegati_obbligatori,allegati_obbligatori,allegati_obbligatori,True,True,True,True,True,,,,,,False,,ok
kb_98_top9_set5_parte2.json,TOP9_CODICI_FREQUENTI_SET5_PARTE2,220020,Differenze retributive e riconoscimento qualifica superiore (mansioni superiori - art. 2103 c.c.),termini_processuali,termini_processuali,termini_processuali,termini_processuali,True,True,True,True,True,,,,,,False,,ok
kb_98_top9_set5_parte2.json,TOP9_CODICI_FREQUENTI_SET5_PARTE2,220020,Differenze retributive e riconoscimento qualifica superiore (mansioni superiori - art. 2103 c.c.),esiti_processuali_tipici,esiti_processuali_tipici,esiti_processuali_tipici,esiti_processuali_tipici,True,True,True,True,True,,,,,,False,,ok
kb_98_top9_set5_parte2.json,TOP9_CODICI_FREQUENTI_SET5_PARTE2,220020,Differenze retributive e riconoscimento qualifica superiore (mansioni superiori - art. 2103 c.c.),normativa,normativa,normativa,normativa,True,True,True,True,True,,,,,,False,,ok
kb_98_top9_set5_parte2.json,TOP9_CODICI_FREQUENTI_SET5_PARTE2,220020,Differenze retributive e riconoscimento qualifica superiore (mansioni superiori - art. 2103 c.c.),atto_principale,atto_principale,atto_principale,atto_principale,True,True,True,True,True,,,,,,False,,ok
kb_98_top9_set5_parte2.json,TOP9_CODICI_FREQUENTI_SET5_PARTE2,220020,Differenze retributive e riconoscimento qualifica superiore (mansioni superiori - art. 2103 c.c.),specialistica:differenza_2103_pre_e_post_dlgs_81_2015,differenza_2103_pre_e_post_dlgs_81_2015,differenza_2103_pre_e_post_dlgs_81_2015,differenza_2103_pre_e_post_dlgs_81_2015,True,True,True,True,True,,,,,,False,,ok
kb_98_top9_set5_parte2.json,TOP9_CODICI_FREQUENTI_SET5_PARTE2,GUIDA_RESPONSABILITA_NOTAIO_COMMERCIALISTA_143003,Responsabilità professionale del notaio o del commercialista,denominazione,denominazione,denominazione,denominazione,True,True,True,True,True,,,,Responsabilità professionale del notaio o del commercialista,Responsabilità professionale del notaio o del commercialista,False,,ok
kb_98_top9_set5_parte2.json,TOP9_CODICI_FREQUENTI_SET5_PARTE2,GUIDA_RESPONSABILITA_NOTAIO_COMMERCIALISTA_143003,Responsabilità professionale del notaio o del commercialista,categoria,categoria,categoria,categoria,True,True,True,True,True,,,,Responsabilità civile - responsabilità professionale,Responsabilità civile - responsabilità professionale,False,,ok
kb_98_top9_set5_parte2.json,TOP9_CODICI_FREQUENTI_SET5_PARTE2,GUIDA_RESPONSABILITA_NOTAIO_COMMERCIALISTA_143003,Responsabilità professionale del notaio o del commercialista,sottocategoria,sottocategoria,sottocategoria,sottocategoria,True,True,True,True,True,,,,Risarcimento danni da malpractice professionale di notai e commercialisti - responsabilità contrattuale per inadempimento mandato,Risarcimento danni da malpractice professionale di notai e commercialisti - responsabilità contrattuale per inadempimento mandato,False,,ok
kb_98_top9_set5_parte2.json,TOP9_CODICI_FREQUENTI_SET5_PARTE2,GUIDA_RESPONSABILITA_NOTAIO_COMMERCIALISTA_143003,Responsabilità professionale del notaio o del commercialista,rito,rito,rito,rito,True,True,True,True,True,,,,Rito ordinario di cognizione,Rito ordinario di cognizione,False,,ok
kb_98_top9_set5_parte2.json,TOP9_CODICI_FREQUENTI_SET5_PARTE2,GUIDA_RESPONSABILITA_NOTAIO_COMMERCIALISTA_143003,Responsabilità professionale del notaio o del commercialista,competenza,competenza,competenza,competenza,True,True,True,True,True,,,,Tribunale del luogo dell'esecuzione della prestazione (art. 20 c.p.c.) o residenza convenuto (artt. 18-19),Tribunale del luogo dell'esecuzione della prestazione (art. 20 c.p.c.) o residenza convenuto (artt. 18-19),False,,ok
kb_98_top9_set5_parte2.json,TOP9_CODICI_FREQUENTI_SET5_PARTE2,GUIDA_RESPONSABILITA_NOTAIO_COMMERCIALISTA_143003,Responsabilità professionale del notaio o del commercialista,uffici_destinatari,uffici_destinatari,uffici_destinatari,uffici_destinatari,True,True,True,True,True,,,,,,False,,ok
kb_98_top9_set5_parte2.json,TOP9_CODICI_FREQUENTI_SET5_PARTE2,GUIDA_RESPONSABILITA_NOTAIO_COMMERCIALISTA_143003,Responsabilità professionale del notaio o del commercialista,tipologie_di_intervento,tipologie_di_intervento,tipologie_di_intervento,tipologie_di_intervento,False,False,False,True,False,,,,,,False,,ok
kb_98_top9_set5_parte2.json,TOP9_CODICI_FREQUENTI_SET5_PARTE2,GUIDA_RESPONSABILITA_NOTAIO_COMMERCIALISTA_143003,Responsabilità professionale del notaio o del commercialista,presupposti_sostanziali,presupposti_sostanziali,presupposti_sostanziali,presupposti_sostanziali,True,True,True,True,True,,,,,,False,,ok
kb_98_top9_set5_parte2.json,TOP9_CODICI_FREQUENTI_SET5_PARTE2,GUIDA_RESPONSABILITA_NOTAIO_COMMERCIALISTA_143003,Responsabilità professionale del notaio o del commercialista,legittimati_attivi,legittimati_attivi,legittimati_attivi,legittimati_attivi,False,False,False,True,False,,,,,,False,,ok
kb_98_top9_set5_parte2.json,TOP9_CODICI_FREQUENTI_SET5_PARTE2,GUIDA_RESPONSABILITA_NOTAIO_COMMERCIALISTA_143003,Responsabilità professionale del notaio o del commercialista,obbligo_mediazione,obbligo_mediazione,obbligo_mediazione,obbligo_mediazione,True,True,True,True,True,,,,,,False,,ok
kb_98_top9_set5_parte2.json,TOP9_CODICI_FREQUENTI_SET5_PARTE2,GUIDA_RESPONSABILITA_NOTAIO_COMMERCIALISTA_143003,Responsabilità professionale del notaio o del commercialista,adempimenti_propedeutici,adempimenti_propedeutici,adempimenti_propedeutici,adempimenti_propedeutici,True,True,True,True,True,"1,2,3,4,5,6","1,2,3,4,5,6",,,,False,,ok
kb_98_top9_set5_parte2.json,TOP9_CODICI_FREQUENTI_SET5_PARTE2,GUIDA_RESPONSABILITA_NOTAIO_COMMERCIALISTA_143003,Responsabilità professionale del notaio o del commercialista,richiesta_provvedimenti_urgenti,richiesta_provvedimenti_urgenti,richiesta_provvedimenti_urgenti,richiesta_provvedimenti_urgenti,False,False,False,True,False,,,,,,False,,ok
kb_98_top9_set5_parte2.json,TOP9_CODICI_FREQUENTI_SET5_PARTE2,GUIDA_RESPONSABILITA_NOTAIO_COMMERCIALISTA_143003,Responsabilità professionale del notaio o del commercialista,avvertimenti_obbligatori,atto_principale.avvertimenti_obbligatori,atto_principale.avvertimenti_obbligatori,atto_principale.avvertimenti_obbligatori,True,True,True,True,True,,,,,,False,,ok
kb_98_top9_set5_parte2.json,TOP9_CODICI_FREQUENTI_SET5_PARTE2,GUIDA_RESPONSABILITA_NOTAIO_COMMERCIALISTA_143003,Responsabilità professionale del notaio o del commercialista,allegati_obbligatori,allegati_obbligatori,allegati_obbligatori,allegati_obbligatori,True,True,True,True,True,,,,,,False,,ok
kb_98_top9_set5_parte2.json,TOP9_CODICI_FREQUENTI_SET5_PARTE2,GUIDA_RESPONSABILITA_NOTAIO_COMMERCIALISTA_143003,Responsabilità professionale del notaio o del commercialista,termini_processuali,termini_processuali,termini_processuali,termini_processuali,True,True,True,True,True,,,,,,False,,ok
kb_98_top9_set5_parte2.json,TOP9_CODICI_FREQUENTI_SET5_PARTE2,GUIDA_RESPONSABILITA_NOTAIO_COMMERCIALISTA_143003,Responsabilità professionale del notaio o del commercialista,esiti_processuali_tipici,esiti_processuali_tipici,esiti_processuali_tipici,esiti_processuali_tipici,True,True,True,True,True,,,,,,False,,ok
kb_98_top9_set5_parte2.json,TOP9_CODICI_FREQUENTI_SET5_PARTE2,GUIDA_RESPONSABILITA_NOTAIO_COMMERCIALISTA_143003,Responsabilità professionale del notaio o del commercialista,normativa,normativa,normativa,normativa,True,True,True,True,True,,,,,,False,,ok
kb_98_top9_set5_parte2.json,TOP9_CODICI_FREQUENTI_SET5_PARTE2,GUIDA_RESPONSABILITA_NOTAIO_COMMERCIALISTA_143003,Responsabilità professionale del notaio o del commercialista,atto_principale,atto_principale,atto_principale,atto_principale,True,True,True,True,True,,,,,,False,,ok
kb_98_top9_set5_parte2.json,TOP9_CODICI_FREQUENTI_SET5_PARTE2,GUIDA_RESPONSABILITA_NOTAIO_COMMERCIALISTA_143003,Responsabilità professionale del notaio o del commercialista,specialistica:obblighi_specifici_del_notaio,obblighi_specifici_del_notaio,obblighi_specifici_del_notaio,obblighi_specifici_del_notaio,True,True,True,True,True,,,,,,False,,ok
kb_98_top9_set5_parte2.json,TOP9_CODICI_FREQUENTI_SET5_PARTE2,GUIDA_RESPONSABILITA_NOTAIO_COMMERCIALISTA_143003,Responsabilità professionale del notaio o del commercialista,specialistica:obblighi_specifici_del_commercialista,obblighi_specifici_del_commercialista,obblighi_specifici_del_commercialista,obblighi_specifici_del_commercialista,True,True,True,True,True,,,,,,False,,ok
kb_98_top9_set5_parte2.json,TOP9_CODICI_FREQUENTI_SET5_PARTE2,GUIDA_RESPONSABILITA_NOTAIO_COMMERCIALISTA_143003,Responsabilità professionale del notaio o del commercialista,specialistica:tipologie_inadempimento_tipiche_notaio,tipologie_inadempimento_tipiche_notaio,tipologie_inadempimento_tipiche_notaio,tipologie_inadempimento_tipiche_notaio,True,True,True,True,True,,,,,,False,,ok
kb_98_top9_set5_parte2.json,TOP9_CODICI_FREQUENTI_SET5_PARTE2,GUIDA_RESPONSABILITA_NOTAIO_COMMERCIALISTA_143003,Responsabilità professionale del notaio o del commercialista,specialistica:tipologie_inadempimento_tipiche_commercialista,tipologie_inadempimento_tipiche_commercialista,tipologie_inadempimento_tipiche_commercialista,tipologie_inadempimento_tipiche_commercialista,True,True,True,True,True,,,,,,False,,ok
kb_98_top9_set5_parte2.json,TOP9_CODICI_FREQUENTI_SET5_PARTE2,GUIDA_RESPONSABILITA_NOTAIO_COMMERCIALISTA_143003,Responsabilità professionale del notaio o del commercialista,specialistica:guida_interna_non_depositabile,guida_interna_non_depositabile,guida_interna_non_depositabile,guida_interna_non_depositabile,True,True,True,True,True,,,,,,False,,ok
kb_98_top9_set5_parte2.json,TOP9_CODICI_FREQUENTI_SET5_PARTE2,GUIDA_RESPONSABILITA_NOTAIO_COMMERCIALISTA_143003,Responsabilità professionale del notaio o del commercialista,specialistica:depositabile,depositabile,depositabile,depositabile,True,True,True,True,True,,,,,,False,,ok
kb_98_top9_set5_parte2.json,TOP9_CODICI_FREQUENTI_SET5_PARTE2,GUIDA_RESPONSABILITA_NOTAIO_COMMERCIALISTA_143003,Responsabilità professionale del notaio o del commercialista,specialistica:guida_pratica_facoltativa,guida_pratica_facoltativa,guida_pratica_facoltativa,guida_pratica_facoltativa,True,True,True,True,True,,,,,,False,,ok
kb_98_top9_set5_parte2.json,TOP9_CODICI_FREQUENTI_SET5_PARTE2,GUIDA_RESPONSABILITA_NOTAIO_COMMERCIALISTA_143003,Responsabilità professionale del notaio o del commercialista,specialistica:codice_deposito_automatico,codice_deposito_automatico,codice_deposito_automatico,codice_deposito_automatico,True,True,True,True,True,,,,,,False,,ok
kb_98_top9_set5_parte2.json,TOP9_CODICI_FREQUENTI_SET5_PARTE2,GUIDA_RESPONSABILITA_NOTAIO_COMMERCIALISTA_143003,Responsabilità professionale del notaio o del commercialista,specialistica:nota_integrazione_iusentra,nota_integrazione_iusentra,nota_integrazione_iusentra,nota_integrazione_iusentra,True,True,True,True,True,,,,,,False,,ok
kb_98_top9_set5_parte2.json,TOP9_CODICI_FREQUENTI_SET5_PARTE2,GUIDA_RESPONSABILITA_NOTAIO_COMMERCIALISTA_143003,Responsabilità professionale del notaio o del commercialista,specialistica:verifica_pst_xsd_iusentra,verifica_pst_xsd_iusentra,verifica_pst_xsd_iusentra,verifica_pst_xsd_iusentra,True,True,True,True,True,,,,,,False,,ok
kb_98_top9_set5_parte2.json,TOP9_CODICI_FREQUENTI_SET5_PARTE2,GUIDA_CONSUMATORE_CLAUSOLE_VESSATORIE_180001,Tutela del consumatore - clausole vessatorie e nullità contrattuali (D.Lgs. 206/2005 Codice del Consumo),denominazione,denominazione,denominazione,denominazione,True,True,True,True,True,,,,Tutela del consumatore - clausole vessatorie e nullità contrattuali (D.Lgs. 206/2005 Codice del Consumo),Tutela del consumatore - clausole vessatorie e nullità contrattuali (D.Lgs. 206/2005 Codice del Consumo),False,,ok
kb_98_top9_set5_parte2.json,TOP9_CODICI_FREQUENTI_SET5_PARTE2,GUIDA_CONSUMATORE_CLAUSOLE_VESSATORIE_180001,Tutela del consumatore - clausole vessatorie e nullità contrattuali (D.Lgs. 206/2005 Codice del Consumo),categoria,categoria,categoria,categoria,True,True,True,True,True,,,,Tutela del consumatore,Tutela del consumatore,False,,ok
kb_98_top9_set5_parte2.json,TOP9_CODICI_FREQUENTI_SET5_PARTE2,GUIDA_CONSUMATORE_CLAUSOLE_VESSATORIE_180001,Tutela del consumatore - clausole vessatorie e nullità contrattuali (D.Lgs. 206/2005 Codice del Consumo),sottocategoria,sottocategoria,sottocategoria,sottocategoria,True,True,True,True,True,,,,Azione di nullità di clausole vessatorie + risarcimento danni o restituzione,Azione di nullità di clausole vessatorie + risarcimento danni o restituzione,False,,ok
kb_98_top9_set5_parte2.json,TOP9_CODICI_FREQUENTI_SET5_PARTE2,GUIDA_CONSUMATORE_CLAUSOLE_VESSATORIE_180001,Tutela del consumatore - clausole vessatorie e nullità contrattuali (D.Lgs. 206/2005 Codice del Consumo),rito,rito,rito,rito,True,True,True,True,True,,,,Rito ordinario di cognizione (o sommario di cognizione ex art. 281-decies); foro speciale del consumatore,Rito ordinario di cognizione (o sommario di cognizione ex art. 281-decies); foro speciale del consumatore,False,,ok
kb_98_top9_set5_parte2.json,TOP9_CODICI_FREQUENTI_SET5_PARTE2,GUIDA_CONSUMATORE_CLAUSOLE_VESSATORIE_180001,Tutela del consumatore - clausole vessatorie e nullità contrattuali (D.Lgs. 206/2005 Codice del Consumo),competenza,competenza,competenza,competenza,True,True,True,True,True,,,,FORO ESCLUSIVO DEL CONSUMATORE: residenza/domicilio del consumatore (art. 33 c. 2 lett. u D.Lgs. 206/2005 - INDEROGABILE),FORO ESCLUSIVO DEL CONSUMATORE: residenza/domicilio del consumatore (art. 33 c. 2 lett. u D.Lgs. 206/2005 - INDEROGABILE),False,,ok
kb_98_top9_set5_parte2.json,TOP9_CODICI_FREQUENTI_SET5_PARTE2,GUIDA_CONSUMATORE_CLAUSOLE_VESSATORIE_180001,Tutela del consumatore - clausole vessatorie e nullità contrattuali (D.Lgs. 206/2005 Codice del Consumo),uffici_destinatari,uffici_destinatari,uffici_destinatari,uffici_destinatari,True,True,True,True,True,,,,,,False,,ok
kb_98_top9_set5_parte2.json,TOP9_CODICI_FREQUENTI_SET5_PARTE2,GUIDA_CONSUMATORE_CLAUSOLE_VESSATORIE_180001,Tutela del consumatore - clausole vessatorie e nullità contrattuali (D.Lgs. 206/2005 Codice del Consumo),tipologie_di_intervento,tipologie_di_intervento,tipologie_di_intervento,tipologie_di_intervento,False,False,False,True,False,,,,,,False,,ok
kb_98_top9_set5_parte2.json,TOP9_CODICI_FREQUENTI_SET5_PARTE2,GUIDA_CONSUMATORE_CLAUSOLE_VESSATORIE_180001,Tutela del consumatore - clausole vessatorie e nullità contrattuali (D.Lgs. 206/2005 Codice del Consumo),presupposti_sostanziali,presupposti_sostanziali,presupposti_sostanziali,presupposti_sostanziali,False,False,False,True,False,,,,,,False,,ok
kb_98_top9_set5_parte2.json,TOP9_CODICI_FREQUENTI_SET5_PARTE2,GUIDA_CONSUMATORE_CLAUSOLE_VESSATORIE_180001,Tutela del consumatore - clausole vessatorie e nullità contrattuali (D.Lgs. 206/2005 Codice del Consumo),legittimati_attivi,legittimati_attivi,legittimati_attivi,legittimati_attivi,False,False,False,True,False,,,,,,False,,ok
kb_98_top9_set5_parte2.json,TOP9_CODICI_FREQUENTI_SET5_PARTE2,GUIDA_CONSUMATORE_CLAUSOLE_VESSATORIE_180001,Tutela del consumatore - clausole vessatorie e nullità contrattuali (D.Lgs. 206/2005 Codice del Consumo),obbligo_mediazione,obbligo_mediazione,obbligo_mediazione,obbligo_mediazione,True,True,True,True,True,,,,,,False,,ok
kb_98_top9_set5_parte2.json,TOP9_CODICI_FREQUENTI_SET5_PARTE2,GUIDA_CONSUMATORE_CLAUSOLE_VESSATORIE_180001,Tutela del consumatore - clausole vessatorie e nullità contrattuali (D.Lgs. 206/2005 Codice del Consumo),adempimenti_propedeutici,adempimenti_propedeutici,adempimenti_propedeutici,adempimenti_propedeutici,True,True,True,True,True,"1,2,3,4,5,6,7","1,2,3,4,5,6,7",,,,False,,ok
kb_98_top9_set5_parte2.json,TOP9_CODICI_FREQUENTI_SET5_PARTE2,GUIDA_CONSUMATORE_CLAUSOLE_VESSATORIE_180001,Tutela del consumatore - clausole vessatorie e nullità contrattuali (D.Lgs. 206/2005 Codice del Consumo),richiesta_provvedimenti_urgenti,richiesta_provvedimenti_urgenti,richiesta_provvedimenti_urgenti,richiesta_provvedimenti_urgenti,False,False,False,True,False,,,,,,False,,ok
kb_98_top9_set5_parte2.json,TOP9_CODICI_FREQUENTI_SET5_PARTE2,GUIDA_CONSUMATORE_CLAUSOLE_VESSATORIE_180001,Tutela del consumatore - clausole vessatorie e nullità contrattuali (D.Lgs. 206/2005 Codice del Consumo),avvertimenti_obbligatori,atto_principale.avvertimenti_obbligatori,atto_principale.avvertimenti_obbligatori,atto_principale.avvertimenti_obbligatori,True,True,True,True,True,,,,,,False,,ok
kb_98_top9_set5_parte2.json,TOP9_CODICI_FREQUENTI_SET5_PARTE2,GUIDA_CONSUMATORE_CLAUSOLE_VESSATORIE_180001,Tutela del consumatore - clausole vessatorie e nullità contrattuali (D.Lgs. 206/2005 Codice del Consumo),allegati_obbligatori,allegati_obbligatori,allegati_obbligatori,allegati_obbligatori,True,True,True,True,True,,,,,,False,,ok
kb_98_top9_set5_parte2.json,TOP9_CODICI_FREQUENTI_SET5_PARTE2,GUIDA_CONSUMATORE_CLAUSOLE_VESSATORIE_180001,Tutela del consumatore - clausole vessatorie e nullità contrattuali (D.Lgs. 206/2005 Codice del Consumo),termini_processuali,termini_processuali,termini_processuali,termini_processuali,True,True,True,True,True,,,,,,False,,ok
kb_98_top9_set5_parte2.json,TOP9_CODICI_FREQUENTI_SET5_PARTE2,GUIDA_CONSUMATORE_CLAUSOLE_VESSATORIE_180001,Tutela del consumatore - clausole vessatorie e nullità contrattuali (D.Lgs. 206/2005 Codice del Consumo),esiti_processuali_tipici,esiti_processuali_tipici,esiti_processuali_tipici,esiti_processuali_tipici,True,True,True,True,True,,,,,,False,,ok
kb_98_top9_set5_parte2.json,TOP9_CODICI_FREQUENTI_SET5_PARTE2,GUIDA_CONSUMATORE_CLAUSOLE_VESSATORIE_180001,Tutela del consumatore - clausole vessatorie e nullità contrattuali (D.Lgs. 206/2005 Codice del Consumo),normativa,normativa,normativa,normativa,True,True,True,True,True,,,,,,False,,ok
kb_98_top9_set5_parte2.json,TOP9_CODICI_FREQUENTI_SET5_PARTE2,GUIDA_CONSUMATORE_CLAUSOLE_VESSATORIE_180001,Tutela del consumatore - clausole vessatorie e nullità contrattuali (D.Lgs. 206/2005 Codice del Consumo),atto_principale,atto_principale,atto_principale,atto_principale,True,True,True,True,True,,,,,,False,,ok
kb_98_top9_set5_parte2.json,TOP9_CODICI_FREQUENTI_SET5_PARTE2,GUIDA_CONSUMATORE_CLAUSOLE_VESSATORIE_180001,Tutela del consumatore - clausole vessatorie e nullità contrattuali (D.Lgs. 206/2005 Codice del Consumo),specialistica:presupposti_sostanziali_clausole_vessatorie,presupposti_sostanziali_clausole_vessatorie,presupposti_sostanziali_clausole_vessatorie,presupposti_sostanziali_clausole_vessatorie,True,True,True,True,True,,,,,,False,,ok
kb_98_top9_set5_parte2.json,TOP9_CODICI_FREQUENTI_SET5_PARTE2,GUIDA_CONSUMATORE_CLAUSOLE_VESSATORIE_180001,Tutela del consumatore - clausole vessatorie e nullità contrattuali (D.Lgs. 206/2005 Codice del Consumo),specialistica:altre_tutele_codice_consumo,altre_tutele_codice_consumo,altre_tutele_codice_consumo,altre_tutele_codice_consumo,True,True,True,True,True,,,,,,False,,ok
kb_98_top9_set5_parte2.json,TOP9_CODICI_FREQUENTI_SET5_PARTE2,GUIDA_CONSUMATORE_CLAUSOLE_VESSATORIE_180001,Tutela del consumatore - clausole vessatorie e nullità contrattuali (D.Lgs. 206/2005 Codice del Consumo),specialistica:guida_interna_non_depositabile,guida_interna_non_depositabile,guida_interna_non_depositabile,guida_interna_non_depositabile,True,True,True,True,True,,,,,,False,,ok
kb_98_top9_set5_parte2.json,TOP9_CODICI_FREQUENTI_SET5_PARTE2,GUIDA_CONSUMATORE_CLAUSOLE_VESSATORIE_180001,Tutela del consumatore - clausole vessatorie e nullità contrattuali (D.Lgs. 206/2005 Codice del Consumo),specialistica:depositabile,depositabile,depositabile,depositabile,True,True,True,True,True,,,,,,False,,ok
kb_98_top9_set5_parte2.json,TOP9_CODICI_FREQUENTI_SET5_PARTE2,GUIDA_CONSUMATORE_CLAUSOLE_VESSATORIE_180001,Tutela del consumatore - clausole vessatorie e nullità contrattuali (D.Lgs. 206/2005 Codice del Consumo),specialistica:guida_pratica_facoltativa,guida_pratica_facoltativa,guida_pratica_facoltativa,guida_pratica_facoltativa,True,True,True,True,True,,,,,,False,,ok
kb_98_top9_set5_parte2.json,TOP9_CODICI_FREQUENTI_SET5_PARTE2,GUIDA_CONSUMATORE_CLAUSOLE_VESSATORIE_180001,Tutela del consumatore - clausole vessatorie e nullità contrattuali (D.Lgs. 206/2005 Codice del Consumo),specialistica:codice_deposito_automatico,codice_deposito_automatico,codice_deposito_automatico,codice_deposito_automatico,True,True,True,True,True,,,,,,False,,ok
kb_98_top9_set5_parte2.json,TOP9_CODICI_FREQUENTI_SET5_PARTE2,GUIDA_CONSUMATORE_CLAUSOLE_VESSATORIE_180001,Tutela del consumatore - clausole vessatorie e nullità contrattuali (D.Lgs. 206/2005 Codice del Consumo),specialistica:nota_integrazione_iusentra,nota_integrazione_iusentra,nota_integrazione_iusentra,nota_integrazione_iusentra,True,True,True,True,True,,,,,,False,,ok
kb_98_top9_set5_parte2.json,TOP9_CODICI_FREQUENTI_SET5_PARTE2,GUIDA_CONSUMATORE_CLAUSOLE_VESSATORIE_180001,Tutela del consumatore - clausole vessatorie e nullità contrattuali (D.Lgs. 206/2005 Codice del Consumo),specialistica:verifica_pst_xsd_iusentra,verifica_pst_xsd_iusentra,verifica_pst_xsd_iusentra,verifica_pst_xsd_iusentra,True,True,True,True,True,,,,,,False,,ok
kb_98_top9_set5_parte2.json,TOP9_CODICI_FREQUENTI_SET5_PARTE2,GUIDA_AZIONE_NEGATORIA_SERVITU_POSSESSORIA_130031,Azione negatoria di servitù (art. 949 c.c.) o azioni possessorie (artt. 1168-1170 c.c.),denominazione,denominazione,denominazione,denominazione,True,True,True,True,True,,,,Azione negatoria di servitù (art. 949 c.c.) o azioni possessorie (artt. 1168-1170 c.c.),Azione negatoria di servitù (art. 949 c.c.) o azioni possessorie (artt. 1168-1170 c.c.),False,,ok
kb_98_top9_set5_parte2.json,TOP9_CODICI_FREQUENTI_SET5_PARTE2,GUIDA_AZIONE_NEGATORIA_SERVITU_POSSESSORIA_130031,Azione negatoria di servitù (art. 949 c.c.) o azioni possessorie (artt. 1168-1170 c.c.),categoria,categoria,categoria,categoria,True,True,True,True,True,,,,Diritti reali - tutela della proprietà e del possesso,Diritti reali - tutela della proprietà e del possesso,False,,ok
kb_98_top9_set5_parte2.json,TOP9_CODICI_FREQUENTI_SET5_PARTE2,GUIDA_AZIONE_NEGATORIA_SERVITU_POSSESSORIA_130031,Azione negatoria di servitù (art. 949 c.c.) o azioni possessorie (artt. 1168-1170 c.c.),sottocategoria,sottocategoria,sottocategoria,sottocategoria,True,True,True,True,True,,,,Negatoria servitutis + azioni di reintegrazione e manutenzione del possesso,Negatoria servitutis + azioni di reintegrazione e manutenzione del possesso,False,,ok
kb_98_top9_set5_parte2.json,TOP9_CODICI_FREQUENTI_SET5_PARTE2,GUIDA_AZIONE_NEGATORIA_SERVITU_POSSESSORIA_130031,Azione negatoria di servitù (art. 949 c.c.) o azioni possessorie (artt. 1168-1170 c.c.),rito,rito,rito,rito,True,True,True,True,True,,,,Rito ordinario per negatoria (con mediazione obbligatoria diritti reali); rito sommario speciale per possessorie ex art. 703 c.p.c.,Rito ordinario per negatoria (con mediazione obbligatoria diritti reali); rito sommario speciale per possessorie ex art. 703 c.p.c.,False,,ok
kb_98_top9_set5_parte2.json,TOP9_CODICI_FREQUENTI_SET5_PARTE2,GUIDA_AZIONE_NEGATORIA_SERVITU_POSSESSORIA_130031,Azione negatoria di servitù (art. 949 c.c.) o azioni possessorie (artt. 1168-1170 c.c.),competenza,competenza,competenza,competenza,True,True,True,True,True,,,,Tribunale del luogo dell'immobile (art. 21 c.p.c. - foro esclusivo),Tribunale del luogo dell'immobile (art. 21 c.p.c. - foro esclusivo),False,,ok
kb_98_top9_set5_parte2.json,TOP9_CODICI_FREQUENTI_SET5_PARTE2,GUIDA_AZIONE_NEGATORIA_SERVITU_POSSESSORIA_130031,Azione negatoria di servitù (art. 949 c.c.) o azioni possessorie (artt. 1168-1170 c.c.),uffici_destinatari,uffici_destinatari,uffici_destinatari,uffici_destinatari,True,True,True,True,True,,,,,,False,,ok
kb_98_top9_set5_parte2.json,TOP9_CODICI_FREQUENTI_SET5_PARTE2,GUIDA_AZIONE_NEGATORIA_SERVITU_POSSESSORIA_130031,Azione negatoria di servitù (art. 949 c.c.) o azioni possessorie (artt. 1168-1170 c.c.),tipologie_di_intervento,tipologie_di_intervento,tipologie_di_intervento,tipologie_di_intervento,False,False,False,True,False,,,,,,False,,ok
kb_98_top9_set5_parte2.json,TOP9_CODICI_FREQUENTI_SET5_PARTE2,GUIDA_AZIONE_NEGATORIA_SERVITU_POSSESSORIA_130031,Azione negatoria di servitù (art. 949 c.c.) o azioni possessorie (artt. 1168-1170 c.c.),presupposti_sostanziali,presupposti_sostanziali,presupposti_sostanziali,presupposti_sostanziali,False,False,False,True,False,,,,,,False,,ok
kb_98_top9_set5_parte2.json,TOP9_CODICI_FREQUENTI_SET5_PARTE2,GUIDA_AZIONE_NEGATORIA_SERVITU_POSSESSORIA_130031,Azione negatoria di servitù (art. 949 c.c.) o azioni possessorie (artt. 1168-1170 c.c.),legittimati_attivi,legittimati_attivi,legittimati_attivi,legittimati_attivi,False,False,False,True,False,,,,,,False,,ok
kb_98_top9_set5_parte2.json,TOP9_CODICI_FREQUENTI_SET5_PARTE2,GUIDA_AZIONE_NEGATORIA_SERVITU_POSSESSORIA_130031,Azione negatoria di servitù (art. 949 c.c.) o azioni possessorie (artt. 1168-1170 c.c.),obbligo_mediazione,obbligo_mediazione,obbligo_mediazione,obbligo_mediazione,True,True,True,True,True,,,,,,False,,ok
kb_98_top9_set5_parte2.json,TOP9_CODICI_FREQUENTI_SET5_PARTE2,GUIDA_AZIONE_NEGATORIA_SERVITU_POSSESSORIA_130031,Azione negatoria di servitù (art. 949 c.c.) o azioni possessorie (artt. 1168-1170 c.c.),adempimenti_propedeutici,adempimenti_propedeutici,adempimenti_propedeutici,adempimenti_propedeutici,False,False,True,True,True,,"1,2,3,4",,,,False,,ok
kb_98_top9_set5_parte2.json,TOP9_CODICI_FREQUENTI_SET5_PARTE2,GUIDA_AZIONE_NEGATORIA_SERVITU_POSSESSORIA_130031,Azione negatoria di servitù (art. 949 c.c.) o azioni possessorie (artt. 1168-1170 c.c.),richiesta_provvedimenti_urgenti,richiesta_provvedimenti_urgenti,richiesta_provvedimenti_urgenti,richiesta_provvedimenti_urgenti,False,False,False,True,False,,,,,,False,,ok
kb_98_top9_set5_parte2.json,TOP9_CODICI_FREQUENTI_SET5_PARTE2,GUIDA_AZIONE_NEGATORIA_SERVITU_POSSESSORIA_130031,Azione negatoria di servitù (art. 949 c.c.) o azioni possessorie (artt. 1168-1170 c.c.),avvertimenti_obbligatori,atto_principale.avvertimenti_obbligatori,atto_principale.avvertimenti_obbligatori,atto_principale.avvertimenti_obbligatori,True,True,True,True,True,,,,,,False,,ok
kb_98_top9_set5_parte2.json,TOP9_CODICI_FREQUENTI_SET5_PARTE2,GUIDA_AZIONE_NEGATORIA_SERVITU_POSSESSORIA_130031,Azione negatoria di servitù (art. 949 c.c.) o azioni possessorie (artt. 1168-1170 c.c.),allegati_obbligatori,allegati_obbligatori,allegati_obbligatori,allegati_obbligatori,True,True,True,True,True,,,,,,False,,ok
kb_98_top9_set5_parte2.json,TOP9_CODICI_FREQUENTI_SET5_PARTE2,GUIDA_AZIONE_NEGATORIA_SERVITU_POSSESSORIA_130031,Azione negatoria di servitù (art. 949 c.c.) o azioni possessorie (artt. 1168-1170 c.c.),termini_processuali,termini_processuali,termini_processuali,termini_processuali,True,True,True,True,True,,,,,,False,,ok
kb_98_top9_set5_parte2.json,TOP9_CODICI_FREQUENTI_SET5_PARTE2,GUIDA_AZIONE_NEGATORIA_SERVITU_POSSESSORIA_130031,Azione negatoria di servitù (art. 949 c.c.) o azioni possessorie (artt. 1168-1170 c.c.),esiti_processuali_tipici,esiti_processuali_tipici,esiti_processuali_tipici,esiti_processuali_tipici,True,True,True,True,True,,,,,,False,,ok
kb_98_top9_set5_parte2.json,TOP9_CODICI_FREQUENTI_SET5_PARTE2,GUIDA_AZIONE_NEGATORIA_SERVITU_POSSESSORIA_130031,Azione negatoria di servitù (art. 949 c.c.) o azioni possessorie (artt. 1168-1170 c.c.),normativa,normativa,normativa,normativa,False,False,True,True,False,,,,,,False,,ok
kb_98_top9_set5_parte2.json,TOP9_CODICI_FREQUENTI_SET5_PARTE2,GUIDA_AZIONE_NEGATORIA_SERVITU_POSSESSORIA_130031,Azione negatoria di servitù (art. 949 c.c.) o azioni possessorie (artt. 1168-1170 c.c.),atto_principale,atto_principale,atto_principale,atto_principale,True,True,True,True,True,,,,,,False,,ok
kb_98_top9_set5_parte2.json,TOP9_CODICI_FREQUENTI_SET5_PARTE2,GUIDA_AZIONE_NEGATORIA_SERVITU_POSSESSORIA_130031,Azione negatoria di servitù (art. 949 c.c.) o azioni possessorie (artt. 1168-1170 c.c.),specialistica:normativa_negatoria,normativa_negatoria,normativa_negatoria,normativa_negatoria,True,True,True,True,True,,,,,,False,,ok
kb_98_top9_set5_parte2.json,TOP9_CODICI_FREQUENTI_SET5_PARTE2,GUIDA_AZIONE_NEGATORIA_SERVITU_POSSESSORIA_130031,Azione negatoria di servitù (art. 949 c.c.) o azioni possessorie (artt. 1168-1170 c.c.),specialistica:normativa_possessorie,normativa_possessorie,normativa_possessorie,normativa_possessorie,True,True,True,True,True,,,,,,False,,ok
kb_98_top9_set5_parte2.json,TOP9_CODICI_FREQUENTI_SET5_PARTE2,GUIDA_AZIONE_NEGATORIA_SERVITU_POSSESSORIA_130031,Azione negatoria di servitù (art. 949 c.c.) o azioni possessorie (artt. 1168-1170 c.c.),specialistica:presupposti_negatoria_art_949,presupposti_negatoria_art_949,presupposti_negatoria_art_949,presupposti_negatoria_art_949,True,True,True,True,True,,,,,,False,,ok
kb_98_top9_set5_parte2.json,TOP9_CODICI_FREQUENTI_SET5_PARTE2,GUIDA_AZIONE_NEGATORIA_SERVITU_POSSESSORIA_130031,Azione negatoria di servitù (art. 949 c.c.) o azioni possessorie (artt. 1168-1170 c.c.),specialistica:presupposti_azioni_possessorie,presupposti_azioni_possessorie,presupposti_azioni_possessorie,presupposti_azioni_possessorie,True,True,True,True,True,,,,,,False,,ok
kb_98_top9_set5_parte2.json,TOP9_CODICI_FREQUENTI_SET5_PARTE2,GUIDA_AZIONE_NEGATORIA_SERVITU_POSSESSORIA_130031,Azione negatoria di servitù (art. 949 c.c.) o azioni possessorie (artt. 1168-1170 c.c.),specialistica:differenze_tra_le_azioni,differenze_tra_le_azioni,differenze_tra_le_azioni,differenze_tra_le_azioni,True,True,True,True,True,,,,,,False,,ok
kb_98_top9_set5_parte2.json,TOP9_CODICI_FREQUENTI_SET5_PARTE2,GUIDA_AZIONE_NEGATORIA_SERVITU_POSSESSORIA_130031,Azione negatoria di servitù (art. 949 c.c.) o azioni possessorie (artt. 1168-1170 c.c.),specialistica:adempimenti_propedeutici_negatoria,adempimenti_propedeutici_negatoria,adempimenti_propedeutici_negatoria,adempimenti_propedeutici_negatoria,True,True,True,True,True,,,,,,False,,ok
kb_98_top9_set5_parte2.json,TOP9_CODICI_FREQUENTI_SET5_PARTE2,GUIDA_AZIONE_NEGATORIA_SERVITU_POSSESSORIA_130031,Azione negatoria di servitù (art. 949 c.c.) o azioni possessorie (artt. 1168-1170 c.c.),specialistica:adempimenti_propedeutici_possessorie,adempimenti_propedeutici_possessorie,adempimenti_propedeutici_possessorie,adempimenti_propedeutici_possessorie,True,True,True,True,True,,,,,,False,,ok
kb_98_top9_set5_parte2.json,TOP9_CODICI_FREQUENTI_SET5_PARTE2,GUIDA_AZIONE_NEGATORIA_SERVITU_POSSESSORIA_130031,Azione negatoria di servitù (art. 949 c.c.) o azioni possessorie (artt. 1168-1170 c.c.),specialistica:guida_interna_non_depositabile,guida_interna_non_depositabile,guida_interna_non_depositabile,guida_interna_non_depositabile,True,True,True,True,True,,,,,,False,,ok
kb_98_top9_set5_parte2.json,TOP9_CODICI_FREQUENTI_SET5_PARTE2,GUIDA_AZIONE_NEGATORIA_SERVITU_POSSESSORIA_130031,Azione negatoria di servitù (art. 949 c.c.) o azioni possessorie (artt. 1168-1170 c.c.),specialistica:depositabile,depositabile,depositabile,depositabile,True,True,True,True,True,,,,,,False,,ok
kb_98_top9_set5_parte2.json,TOP9_CODICI_FREQUENTI_SET5_PARTE2,GUIDA_AZIONE_NEGATORIA_SERVITU_POSSESSORIA_130031,Azione negatoria di servitù (art. 949 c.c.) o azioni possessorie (artt. 1168-1170 c.c.),specialistica:guida_pratica_facoltativa,guida_pratica_facoltativa,guida_pratica_facoltativa,guida_pratica_facoltativa,True,True,True,True,True,,,,,,False,,ok
kb_98_top9_set5_parte2.json,TOP9_CODICI_FREQUENTI_SET5_PARTE2,GUIDA_AZIONE_NEGATORIA_SERVITU_POSSESSORIA_130031,Azione negatoria di servitù (art. 949 c.c.) o azioni possessorie (artt. 1168-1170 c.c.),specialistica:codice_deposito_automatico,codice_deposito_automatico,codice_deposito_automatico,codice_deposito_automatico,True,True,True,True,True,,,,,,False,,ok
kb_98_top9_set5_parte2.json,TOP9_CODICI_FREQUENTI_SET5_PARTE2,GUIDA_AZIONE_NEGATORIA_SERVITU_POSSESSORIA_130031,Azione negatoria di servitù (art. 949 c.c.) o azioni possessorie (artt. 1168-1170 c.c.),specialistica:nota_integrazione_iusentra,nota_integrazione_iusentra,nota_integrazione_iusentra,nota_integrazione_iusentra,True,True,True,True,True,,,,,,False,,ok
kb_98_top9_set5_parte2.json,TOP9_CODICI_FREQUENTI_SET5_PARTE2,GUIDA_AZIONE_NEGATORIA_SERVITU_POSSESSORIA_130031,Azione negatoria di servitù (art. 949 c.c.) o azioni possessorie (artt. 1168-1170 c.c.),specialistica:verifica_pst_xsd_iusentra,verifica_pst_xsd_iusentra,verifica_pst_xsd_iusentra,verifica_pst_xsd_iusentra,True,True,True,True,True,,,,,,False,,ok
