module,macro_area,codice,denominazione,field,source_path,full_path,service_path,source_present,full_kb_present,service_present,ui_supported,lex_supported,source_steps,service_steps,missing_steps_in_service,source_value,service_value,value_changed_in_service,service_error,status
kb_98_top9_codici_frequenti_dettaglio_massimo.json,TOP9_CODICI_FREQUENTI,010001,Procedimento di ingiunzione ante causam,denominazione,denominazione,denominazione,denominazione,True,True,True,True,True,,,,Procedimento di ingiunzione ante causam,Procedimento di ingiunzione ante causam,False,,ok
kb_98_top9_codici_frequenti_dettaglio_massimo.json,TOP9_CODICI_FREQUENTI,010001,Procedimento di ingiunzione ante causam,categoria,categoria,categoria,categoria,True,True,True,True,True,,,,Procedimenti speciali sommari,Procedimenti speciali sommari,False,,ok
kb_98_top9_codici_frequenti_dettaglio_massimo.json,TOP9_CODICI_FREQUENTI,010001,Procedimento di ingiunzione ante causam,sottocategoria,sottocategoria,sottocategoria,sottocategoria,True,True,True,True,True,,,,Procedimento di ingiunzione (rito monitorio),Procedimento di ingiunzione (rito monitorio),False,,ok
kb_98_top9_codici_frequenti_dettaglio_massimo.json,TOP9_CODICI_FREQUENTI,010001,Procedimento di ingiunzione ante causam,rito,rito,rito,rito,True,True,True,True,True,,,,Procedimento monitorio ex artt. 633-656 c.p.c.,Procedimento monitorio ex artt. 633-656 c.p.c.,False,,ok
kb_98_top9_codici_frequenti_dettaglio_massimo.json,TOP9_CODICI_FREQUENTI,010001,Procedimento di ingiunzione ante causam,competenza,competenza,competenza,competenza,True,True,True,True,True,,,,Giudice competente per la causa nel merito secondo le regole ordinarie - Tribunale o Giudice di Pace in base al valore (art. 637 c.p.c.); Sezione Specializzata in materia di Impresa per controversie societarie/industriali; foro speciale dell'art. 33 D.Lgs. 206/2005 per consumatore,Giudice competente per la causa nel merito secondo le regole ordinarie - Tribunale o Giudice di Pace in base al valore (art. 637 c.p.c.); Sezione Specializzata in materia di Impresa per controversie societarie/industriali; foro speciale dell'art. 33 D.Lgs. 206/2005 per consumatore,False,,ok
kb_98_top9_codici_frequenti_dettaglio_massimo.json,TOP9_CODICI_FREQUENTI,010001,Procedimento di ingiunzione ante causam,uffici_destinatari,uffici_destinatari,uffici_destinatari,uffici_destinatari,True,True,True,True,True,,,,,,False,,ok
kb_98_top9_codici_frequenti_dettaglio_massimo.json,TOP9_CODICI_FREQUENTI,010001,Procedimento di ingiunzione ante causam,tipologie_di_intervento,tipologie_di_intervento,tipologie_di_intervento,tipologie_di_intervento,False,False,False,True,False,,,,,,False,,ok
kb_98_top9_codici_frequenti_dettaglio_massimo.json,TOP9_CODICI_FREQUENTI,010001,Procedimento di ingiunzione ante causam,presupposti_sostanziali,presupposti_sostanziali,presupposti_sostanziali,presupposti_sostanziali,True,True,True,True,True,,,,,,False,,ok
kb_98_top9_codici_frequenti_dettaglio_massimo.json,TOP9_CODICI_FREQUENTI,010001,Procedimento di ingiunzione ante causam,legittimati_attivi,legittimati_attivi,legittimati_attivi,legittimati_attivi,False,False,False,True,False,,,,,,False,,ok
kb_98_top9_codici_frequenti_dettaglio_massimo.json,TOP9_CODICI_FREQUENTI,010001,Procedimento di ingiunzione ante causam,obbligo_mediazione,obbligo_mediazione,obbligo_mediazione,obbligo_mediazione,True,True,True,True,True,,,,,,False,,ok
kb_98_top9_codici_frequenti_dettaglio_massimo.json,TOP9_CODICI_FREQUENTI,010001,Procedimento di ingiunzione ante causam,adempimenti_propedeutici,adempimenti_propedeutici,adempimenti_propedeutici,adempimenti_propedeutici,True,True,True,True,True,"1,2,3,4,5,6","1,2,3,4,5,6",,,,False,,ok
kb_98_top9_codici_frequenti_dettaglio_massimo.json,TOP9_CODICI_FREQUENTI,010001,Procedimento di ingiunzione ante causam,richiesta_provvedimenti_urgenti,richiesta_provvedimenti_urgenti,richiesta_provvedimenti_urgenti,richiesta_provvedimenti_urgenti,False,False,False,True,False,,,,,,False,,ok
kb_98_top9_codici_frequenti_dettaglio_massimo.json,TOP9_CODICI_FREQUENTI,010001,Procedimento di ingiunzione ante causam,avvertimenti_obbligatori,atto_principale.avvertimenti_obbligatori,atto_principale.avvertimenti_obbligatori,atto_principale.avvertimenti_obbligatori,True,True,True,True,True,,,,,,False,,ok
kb_98_top9_codici_frequenti_dettaglio_massimo.json,TOP9_CODICI_FREQUENTI,010001,Procedimento di ingiunzione ante causam,allegati_obbligatori,allegati_obbligatori,allegati_obbligatori,allegati_obbligatori,True,True,True,True,True,,,,,,False,,ok
kb_98_top9_codici_frequenti_dettaglio_massimo.json,TOP9_CODICI_FREQUENTI,010001,Procedimento di ingiunzione ante causam,termini_processuali,termini_processuali,termini_processuali,termini_processuali,True,True,True,True,True,,,,,,False,,ok
kb_98_top9_codici_frequenti_dettaglio_massimo.json,TOP9_CODICI_FREQUENTI,010001,Procedimento di ingiunzione ante causam,esiti_processuali_tipici,esiti_processuali_tipici,esiti_processuali_tipici,esiti_processuali_tipici,True,True,True,True,True,,,,,,False,,ok
kb_98_top9_codici_frequenti_dettaglio_massimo.json,TOP9_CODICI_FREQUENTI,010001,Procedimento di ingiunzione ante causam,normativa,normativa,normativa,normativa,True,True,True,True,True,,,,,,False,,ok
kb_98_top9_codici_frequenti_dettaglio_massimo.json,TOP9_CODICI_FREQUENTI,010001,Procedimento di ingiunzione ante causam,atto_principale,atto_principale,atto_principale,atto_principale,True,True,True,True,True,,,,,,False,,ok
kb_98_top9_codici_frequenti_dettaglio_massimo.json,TOP9_CODICI_FREQUENTI,010001,Procedimento di ingiunzione ante causam,fonti_verifica_web,fonti_verifica_web,fonti_verifica_web,fonti_verifica_web,False,False,True,True,True,,,,,,False,,ok
kb_98_top9_codici_frequenti_dettaglio_massimo.json,TOP9_CODICI_FREQUENTI,010001,Procedimento di ingiunzione ante causam,presidi_operativi_integrativi,presidi_operativi_integrativi,presidi_operativi_integrativi,presidi_operativi_integrativi,False,False,True,True,True,,,,,,False,,ok
kb_98_top9_codici_frequenti_dettaglio_massimo.json,TOP9_CODICI_FREQUENTI,010001,Procedimento di ingiunzione ante causam,specialistica:registro_sgr,registro_sgr,registro_sgr,registro_sgr,True,True,True,True,True,,,,,,False,,ok
kb_98_top9_codici_frequenti_dettaglio_massimo.json,TOP9_CODICI_FREQUENTI,010001,Procedimento di ingiunzione ante causam,specialistica:controlli_qualita_input,controlli_qualita_input,controlli_qualita_input,controlli_qualita_input,True,True,True,True,True,,,,,,False,,ok
kb_98_top9_codici_frequenti_dettaglio_massimo.json,TOP9_CODICI_FREQUENTI,100001,Opposizione a precetto (art. 615 c. 1 c.p.c.),denominazione,denominazione,denominazione,denominazione,True,True,True,True,True,,,,Opposizione a precetto (art. 615 c. 1 c.p.c.),Opposizione a precetto (art. 615 c. 1 c.p.c.),False,,ok
kb_98_top9_codici_frequenti_dettaglio_massimo.json,TOP9_CODICI_FREQUENTI,100001,Opposizione a precetto (art. 615 c. 1 c.p.c.),categoria,categoria,categoria,categoria,True,True,True,True,True,,,,Opposizioni all'esecuzione,Opposizioni all'esecuzione,False,,ok
kb_98_top9_codici_frequenti_dettaglio_massimo.json,TOP9_CODICI_FREQUENTI,100001,Opposizione a precetto (art. 615 c. 1 c.p.c.),sottocategoria,sottocategoria,sottocategoria,sottocategoria,True,True,True,True,True,,,,Opposizione pre-esecutiva (contestazione del diritto a procedere),Opposizione pre-esecutiva (contestazione del diritto a procedere),False,,ok
kb_98_top9_codici_frequenti_dettaglio_massimo.json,TOP9_CODICI_FREQUENTI,100001,Opposizione a precetto (art. 615 c. 1 c.p.c.),rito,rito,rito,rito,True,True,True,True,True,,,,Rito ordinario di cognizione (anche con profili cautelari per sospensione efficacia precetto),Rito ordinario di cognizione (anche con profili cautelari per sospensione efficacia precetto),False,,ok
kb_98_top9_codici_frequenti_dettaglio_massimo.json,TOP9_CODICI_FREQUENTI,100001,Opposizione a precetto (art. 615 c. 1 c.p.c.),competenza,competenza,competenza,competenza,True,True,True,True,True,,,,Giudice competente per valore e materia secondo le regole ordinarie (art. 27 c.p.c.) - solo per opposizione ex art. 615 c. 1 (ante esecuzione); diversa la competenza per opposizione c. 2 (G.E.),Giudice competente per valore e materia secondo le regole ordinarie (art. 27 c.p.c.) - solo per opposizione ex art. 615 c. 1 (ante esecuzione); diversa la competenza per opposizione c. 2 (G.E.),False,,ok
kb_98_top9_codici_frequenti_dettaglio_massimo.json,TOP9_CODICI_FREQUENTI,100001,Opposizione a precetto (art. 615 c. 1 c.p.c.),uffici_destinatari,uffici_destinatari,uffici_destinatari,uffici_destinatari,True,True,True,True,True,,,,,,False,,ok
kb_98_top9_codici_frequenti_dettaglio_massimo.json,TOP9_CODICI_FREQUENTI,100001,Opposizione a precetto (art. 615 c. 1 c.p.c.),tipologie_di_intervento,tipologie_di_intervento,tipologie_di_intervento,tipologie_di_intervento,False,False,False,True,False,,,,,,False,,ok
kb_98_top9_codici_frequenti_dettaglio_massimo.json,TOP9_CODICI_FREQUENTI,100001,Opposizione a precetto (art. 615 c. 1 c.p.c.),presupposti_sostanziali,presupposti_sostanziali,presupposti_sostanziali,presupposti_sostanziali,True,True,True,True,True,,,,,,False,,ok
kb_98_top9_codici_frequenti_dettaglio_massimo.json,TOP9_CODICI_FREQUENTI,100001,Opposizione a precetto (art. 615 c. 1 c.p.c.),legittimati_attivi,legittimati_attivi,legittimati_attivi,legittimati_attivi,False,False,False,True,False,,,,,,False,,ok
kb_98_top9_codici_frequenti_dettaglio_massimo.json,TOP9_CODICI_FREQUENTI,100001,Opposizione a precetto (art. 615 c. 1 c.p.c.),obbligo_mediazione,obbligo_mediazione,obbligo_mediazione,obbligo_mediazione,True,True,True,True,True,,,,,,False,,ok
kb_98_top9_codici_frequenti_dettaglio_massimo.json,TOP9_CODICI_FREQUENTI,100001,Opposizione a precetto (art. 615 c. 1 c.p.c.),adempimenti_propedeutici,adempimenti_propedeutici,adempimenti_propedeutici,adempimenti_propedeutici,True,True,True,True,True,"1,2,3,4,5,6","1,2,3,4,5,6",,,,False,,ok
kb_98_top9_codici_frequenti_dettaglio_massimo.json,TOP9_CODICI_FREQUENTI,100001,Opposizione a precetto (art. 615 c. 1 c.p.c.),richiesta_provvedimenti_urgenti,richiesta_provvedimenti_urgenti,richiesta_provvedimenti_urgenti,richiesta_provvedimenti_urgenti,False,False,False,True,False,,,,,,False,,ok
kb_98_top9_codici_frequenti_dettaglio_massimo.json,TOP9_CODICI_FREQUENTI,100001,Opposizione a precetto (art. 615 c. 1 c.p.c.),avvertimenti_obbligatori,atto_principale.avvertimenti_obbligatori,atto_principale.avvertimenti_obbligatori,atto_principale.avvertimenti_obbligatori,True,True,True,True,True,,,,,,False,,ok
kb_98_top9_codici_frequenti_dettaglio_massimo.json,TOP9_CODICI_FREQUENTI,100001,Opposizione a precetto (art. 615 c. 1 c.p.c.),allegati_obbligatori,allegati_obbligatori,allegati_obbligatori,allegati_obbligatori,True,True,True,True,True,,,,,,False,,ok
kb_98_top9_codici_frequenti_dettaglio_massimo.json,TOP9_CODICI_FREQUENTI,100001,Opposizione a precetto (art. 615 c. 1 c.p.c.),termini_processuali,termini_processuali,termini_processuali,termini_processuali,True,True,True,True,True,,,,,,False,,ok
kb_98_top9_codici_frequenti_dettaglio_massimo.json,TOP9_CODICI_FREQUENTI,100001,Opposizione a precetto (art. 615 c. 1 c.p.c.),esiti_processuali_tipici,esiti_processuali_tipici,esiti_processuali_tipici,esiti_processuali_tipici,True,True,True,True,True,,,,,,False,,ok
kb_98_top9_codici_frequenti_dettaglio_massimo.json,TOP9_CODICI_FREQUENTI,100001,Opposizione a precetto (art. 615 c. 1 c.p.c.),normativa,normativa,normativa,normativa,True,True,True,True,True,,,,,,False,,ok
kb_98_top9_codici_frequenti_dettaglio_massimo.json,TOP9_CODICI_FREQUENTI,100001,Opposizione a precetto (art. 615 c. 1 c.p.c.),atto_principale,atto_principale,atto_principale,atto_principale,True,True,True,True,True,,,,,,False,,ok
kb_98_top9_codici_frequenti_dettaglio_massimo.json,TOP9_CODICI_FREQUENTI,100001,Opposizione a precetto (art. 615 c. 1 c.p.c.),fonti_verifica_web,fonti_verifica_web,fonti_verifica_web,fonti_verifica_web,False,False,True,True,True,,,,,,False,,ok
kb_98_top9_codici_frequenti_dettaglio_massimo.json,TOP9_CODICI_FREQUENTI,100001,Opposizione a precetto (art. 615 c. 1 c.p.c.),presidi_operativi_integrativi,presidi_operativi_integrativi,presidi_operativi_integrativi,presidi_operativi_integrativi,False,False,True,True,True,,,,,,False,,ok
kb_98_top9_codici_frequenti_dettaglio_massimo.json,TOP9_CODICI_FREQUENTI,111002,Separazione giudiziale,denominazione,denominazione,denominazione,denominazione,True,True,True,True,True,,,,Separazione giudiziale,Separazione giudiziale,False,,ok
kb_98_top9_codici_frequenti_dettaglio_massimo.json,TOP9_CODICI_FREQUENTI,111002,Separazione giudiziale,categoria,categoria,categoria,categoria,True,True,True,True,True,,,,Separazione coniugale contenziosa,Separazione coniugale contenziosa,False,,ok
kb_98_top9_codici_frequenti_dettaglio_massimo.json,TOP9_CODICI_FREQUENTI,111002,Separazione giudiziale,sottocategoria,sottocategoria,sottocategoria,sottocategoria,True,True,True,True,True,,,,Separazione personale dei coniugi - rito unificato persone e famiglia (post-Cartabia),Separazione personale dei coniugi - rito unificato persone e famiglia (post-Cartabia),False,,ok
kb_98_top9_codici_frequenti_dettaglio_massimo.json,TOP9_CODICI_FREQUENTI,111002,Separazione giudiziale,rito,rito,rito,rito,True,True,True,True,True,,,,Rito unificato persone e famiglia ex artt. 473-bis e ss. c.p.c. (in vigore dal 28/2/2023),Rito unificato persone e famiglia ex artt. 473-bis e ss. c.p.c. (in vigore dal 28/2/2023),False,,ok
kb_98_top9_codici_frequenti_dettaglio_massimo.json,TOP9_CODICI_FREQUENTI,111002,Separazione giudiziale,competenza,competenza,competenza,competenza,True,True,True,True,True,,,,"Tribunale ordinario - sezione famiglia (Tribunale per le persone, per i minorenni e per le famiglie quando istituito ai sensi del D.Lgs. 149/2022, sostanzialmente operativo dal 17/10/2024)","Tribunale ordinario - sezione famiglia (Tribunale per le persone, per i minorenni e per le famiglie quando istituito ai sensi del D.Lgs. 149/2022, sostanzialmente operativo dal 17/10/2024)",False,,ok
kb_98_top9_codici_frequenti_dettaglio_massimo.json,TOP9_CODICI_FREQUENTI,111002,Separazione giudiziale,uffici_destinatari,uffici_destinatari,uffici_destinatari,uffici_destinatari,True,True,True,True,True,,,,,,False,,ok
kb_98_top9_codici_frequenti_dettaglio_massimo.json,TOP9_CODICI_FREQUENTI,111002,Separazione giudiziale,tipologie_di_intervento,tipologie_di_intervento,tipologie_di_intervento,tipologie_di_intervento,False,False,False,True,False,,,,,,False,,ok
kb_98_top9_codici_frequenti_dettaglio_massimo.json,TOP9_CODICI_FREQUENTI,111002,Separazione giudiziale,presupposti_sostanziali,presupposti_sostanziali,presupposti_sostanziali,presupposti_sostanziali,True,True,True,True,True,,,,,,False,,ok
kb_98_top9_codici_frequenti_dettaglio_massimo.json,TOP9_CODICI_FREQUENTI,111002,Separazione giudiziale,legittimati_attivi,legittimati_attivi,legittimati_attivi,legittimati_attivi,False,False,False,True,False,,,,,,False,,ok
kb_98_top9_codici_frequenti_dettaglio_massimo.json,TOP9_CODICI_FREQUENTI,111002,Separazione giudiziale,obbligo_mediazione,obbligo_mediazione,obbligo_mediazione,obbligo_mediazione,True,True,True,True,True,,,,,,False,,ok
kb_98_top9_codici_frequenti_dettaglio_massimo.json,TOP9_CODICI_FREQUENTI,111002,Separazione giudiziale,adempimenti_propedeutici,adempimenti_propedeutici,adempimenti_propedeutici,adempimenti_propedeutici,True,True,True,True,True,"1,2,3,4,5,6,7","1,2,3,4,5,6,7",,,,False,,ok
kb_98_top9_codici_frequenti_dettaglio_massimo.json,TOP9_CODICI_FREQUENTI,111002,Separazione giudiziale,richiesta_provvedimenti_urgenti,richiesta_provvedimenti_urgenti,richiesta_provvedimenti_urgenti,richiesta_provvedimenti_urgenti,False,False,False,True,False,,,,,,False,,ok
kb_98_top9_codici_frequenti_dettaglio_massimo.json,TOP9_CODICI_FREQUENTI,111002,Separazione giudiziale,avvertimenti_obbligatori,atto_principale.avvertimenti_obbligatori,atto_principale.avvertimenti_obbligatori,atto_principale.avvertimenti_obbligatori,True,True,True,True,True,,,,,,False,,ok
kb_98_top9_codici_frequenti_dettaglio_massimo.json,TOP9_CODICI_FREQUENTI,111002,Separazione giudiziale,allegati_obbligatori,allegati_obbligatori,allegati_obbligatori,allegati_obbligatori,True,True,True,True,True,,,,,,False,,ok
kb_98_top9_codici_frequenti_dettaglio_massimo.json,TOP9_CODICI_FREQUENTI,111002,Separazione giudiziale,termini_processuali,termini_processuali,termini_processuali,termini_processuali,True,True,True,True,True,,,,,,False,,ok
kb_98_top9_codici_frequenti_dettaglio_massimo.json,TOP9_CODICI_FREQUENTI,111002,Separazione giudiziale,esiti_processuali_tipici,esiti_processuali_tipici,esiti_processuali_tipici,esiti_processuali_tipici,True,True,True,True,True,,,,,,False,,ok
kb_98_top9_codici_frequenti_dettaglio_massimo.json,TOP9_CODICI_FREQUENTI,111002,Separazione giudiziale,normativa,normativa,normativa,normativa,True,True,True,True,True,,,,,,False,,ok
kb_98_top9_codici_frequenti_dettaglio_massimo.json,TOP9_CODICI_FREQUENTI,111002,Separazione giudiziale,atto_principale,atto_principale,atto_principale,atto_principale,True,True,True,True,True,,,,,,False,,ok
kb_98_top9_codici_frequenti_dettaglio_massimo.json,TOP9_CODICI_FREQUENTI,111002,Separazione giudiziale,fonti_verifica_web,fonti_verifica_web,fonti_verifica_web,fonti_verifica_web,False,False,True,True,True,,,,,,False,,ok
kb_98_top9_codici_frequenti_dettaglio_massimo.json,TOP9_CODICI_FREQUENTI,111002,Separazione giudiziale,presidi_operativi_integrativi,presidi_operativi_integrativi,presidi_operativi_integrativi,presidi_operativi_integrativi,False,False,True,True,True,,,,,,False,,ok
kb_98_top9_codici_frequenti_dettaglio_massimo.json,TOP9_CODICI_FREQUENTI,111002,Separazione giudiziale,specialistica:competenza_territoriale,competenza_territoriale,competenza_territoriale,competenza_territoriale,True,True,True,True,True,,,,,,False,,ok
kb_98_top9_codici_frequenti_dettaglio_massimo.json,TOP9_CODICI_FREQUENTI,130051,Comunione e Condominio - impugnazione di delibera assembleare e spese condominiali,denominazione,denominazione,denominazione,denominazione,True,True,True,True,True,,,,Comunione e Condominio - impugnazione di delibera assembleare e spese condominiali,Comunione e Condominio - impugnazione di delibera assembleare e spese condominiali,False,,ok
kb_98_top9_codici_frequenti_dettaglio_massimo.json,TOP9_CODICI_FREQUENTI,130051,Comunione e Condominio - impugnazione di delibera assembleare e spese condominiali,categoria,categoria,categoria,categoria,True,True,True,True,True,,,,Condominio - contenzioso,Condominio - contenzioso,False,,ok
kb_98_top9_codici_frequenti_dettaglio_massimo.json,TOP9_CODICI_FREQUENTI,130051,Comunione e Condominio - impugnazione di delibera assembleare e spese condominiali,sottocategoria,sottocategoria,sottocategoria,sottocategoria,True,True,True,True,True,,,,"Impugnazione delibere assembleari, recupero spese condominiali, responsabilità amministratore","Impugnazione delibere assembleari, recupero spese condominiali, responsabilità amministratore",False,,ok
kb_98_top9_codici_frequenti_dettaglio_massimo.json,TOP9_CODICI_FREQUENTI,130051,Comunione e Condominio - impugnazione di delibera assembleare e spese condominiali,rito,rito,rito,rito,True,True,True,True,True,,,,Rito ordinario di cognizione (o sommario di cognizione ex art. 281-decies c.p.c. se valore o materia lo consente),Rito ordinario di cognizione (o sommario di cognizione ex art. 281-decies c.p.c. se valore o materia lo consente),False,,ok
kb_98_top9_codici_frequenti_dettaglio_massimo.json,TOP9_CODICI_FREQUENTI,130051,Comunione e Condominio - impugnazione di delibera assembleare e spese condominiali,competenza,competenza,competenza,competenza,True,True,True,True,True,,,,Tribunale per valore > 5.000 € o per causa di impugnazione delibera (sempre Tribunale); Giudice di Pace per cause di valore ≤ 5.000 € su rimborso/quantum spese ordinarie (art. 7 c.p.c.),Tribunale per valore > 5.000 € o per causa di impugnazione delibera (sempre Tribunale); Giudice di Pace per cause di valore ≤ 5.000 € su rimborso/quantum spese ordinarie (art. 7 c.p.c.),False,,ok
kb_98_top9_codici_frequenti_dettaglio_massimo.json,TOP9_CODICI_FREQUENTI,130051,Comunione e Condominio - impugnazione di delibera assembleare e spese condominiali,uffici_destinatari,uffici_destinatari,uffici_destinatari,uffici_destinatari,True,True,True,True,True,,,,,,False,,ok
kb_98_top9_codici_frequenti_dettaglio_massimo.json,TOP9_CODICI_FREQUENTI,130051,Comunione e Condominio - impugnazione di delibera assembleare e spese condominiali,tipologie_di_intervento,tipologie_di_intervento,tipologie_di_intervento,tipologie_di_intervento,False,False,False,True,False,,,,,,False,,ok
kb_98_top9_codici_frequenti_dettaglio_massimo.json,TOP9_CODICI_FREQUENTI,130051,Comunione e Condominio - impugnazione di delibera assembleare e spese condominiali,presupposti_sostanziali,presupposti_sostanziali,presupposti_sostanziali,presupposti_sostanziali,False,False,False,True,True,,,,,,False,,ok
kb_98_top9_codici_frequenti_dettaglio_massimo.json,TOP9_CODICI_FREQUENTI,130051,Comunione e Condominio - impugnazione di delibera assembleare e spese condominiali,legittimati_attivi,legittimati_attivi,legittimati_attivi,legittimati_attivi,False,False,False,True,False,,,,,,False,,ok
kb_98_top9_codici_frequenti_dettaglio_massimo.json,TOP9_CODICI_FREQUENTI,130051,Comunione e Condominio - impugnazione di delibera assembleare e spese condominiali,obbligo_mediazione,obbligo_mediazione,obbligo_mediazione,obbligo_mediazione,True,True,True,True,True,,,,,,False,,ok
kb_98_top9_codici_frequenti_dettaglio_massimo.json,TOP9_CODICI_FREQUENTI,130051,Comunione e Condominio - impugnazione di delibera assembleare e spese condominiali,adempimenti_propedeutici,adempimenti_propedeutici,adempimenti_propedeutici,adempimenti_propedeutici,True,True,True,True,True,"1,2,3,4,5,6","1,2,3,4,5,6",,,,False,,ok
kb_98_top9_codici_frequenti_dettaglio_massimo.json,TOP9_CODICI_FREQUENTI,130051,Comunione e Condominio - impugnazione di delibera assembleare e spese condominiali,richiesta_provvedimenti_urgenti,richiesta_provvedimenti_urgenti,richiesta_provvedimenti_urgenti,richiesta_provvedimenti_urgenti,False,False,False,True,False,,,,,,False,,ok
kb_98_top9_codici_frequenti_dettaglio_massimo.json,TOP9_CODICI_FREQUENTI,130051,Comunione e Condominio - impugnazione di delibera assembleare e spese condominiali,avvertimenti_obbligatori,atto_principale.avvertimenti_obbligatori,atto_principale.avvertimenti_obbligatori,atto_principale.avvertimenti_obbligatori,True,True,True,True,True,,,,,,False,,ok
kb_98_top9_codici_frequenti_dettaglio_massimo.json,TOP9_CODICI_FREQUENTI,130051,Comunione e Condominio - impugnazione di delibera assembleare e spese condominiali,allegati_obbligatori,allegati_obbligatori,allegati_obbligatori,allegati_obbligatori,True,True,True,True,True,,,,,,False,,ok
kb_98_top9_codici_frequenti_dettaglio_massimo.json,TOP9_CODICI_FREQUENTI,130051,Comunione e Condominio - impugnazione di delibera assembleare e spese condominiali,termini_processuali,termini_processuali,termini_processuali,termini_processuali,True,True,True,True,True,,,,,,False,,ok
kb_98_top9_codici_frequenti_dettaglio_massimo.json,TOP9_CODICI_FREQUENTI,130051,Comunione e Condominio - impugnazione di delibera assembleare e spese condominiali,esiti_processuali_tipici,esiti_processuali_tipici,esiti_processuali_tipici,esiti_processuali_tipici,True,True,True,True,True,,,,,,False,,ok
kb_98_top9_codici_frequenti_dettaglio_massimo.json,TOP9_CODICI_FREQUENTI,130051,Comunione e Condominio - impugnazione di delibera assembleare e spese condominiali,normativa,normativa,normativa,normativa,True,True,True,True,True,,,,,,False,,ok
kb_98_top9_codici_frequenti_dettaglio_massimo.json,TOP9_CODICI_FREQUENTI,130051,Comunione e Condominio - impugnazione di delibera assembleare e spese condominiali,atto_principale,atto_principale,atto_principale,atto_principale,True,True,True,True,True,,,,,,False,,ok
kb_98_top9_codici_frequenti_dettaglio_massimo.json,TOP9_CODICI_FREQUENTI,130051,Comunione e Condominio - impugnazione di delibera assembleare e spese condominiali,fonti_verifica_web,fonti_verifica_web,fonti_verifica_web,fonti_verifica_web,False,False,True,True,True,,,,,,False,,ok
kb_98_top9_codici_frequenti_dettaglio_massimo.json,TOP9_CODICI_FREQUENTI,130051,Comunione e Condominio - impugnazione di delibera assembleare e spese condominiali,presidi_operativi_integrativi,presidi_operativi_integrativi,presidi_operativi_integrativi,presidi_operativi_integrativi,False,False,True,True,True,,,,,,False,,ok
kb_98_top9_codici_frequenti_dettaglio_massimo.json,TOP9_CODICI_FREQUENTI,130051,Comunione e Condominio - impugnazione di delibera assembleare e spese condominiali,specialistica:competenza_territoriale,competenza_territoriale,competenza_territoriale,competenza_territoriale,True,True,True,True,True,,,,,,False,,ok
kb_98_top9_codici_frequenti_dettaglio_massimo.json,TOP9_CODICI_FREQUENTI,130051,Comunione e Condominio - impugnazione di delibera assembleare e spese condominiali,specialistica:presupposti_sostanziali_impugnazione_delibera,presupposti_sostanziali_impugnazione_delibera,presupposti_sostanziali_impugnazione_delibera,presupposti_sostanziali_impugnazione_delibera,True,True,True,True,True,,,,,,False,,ok
kb_98_top9_codici_frequenti_dettaglio_massimo.json,TOP9_CODICI_FREQUENTI,130051,Comunione e Condominio - impugnazione di delibera assembleare e spese condominiali,specialistica:presupposti_sostanziali_recupero_spese,presupposti_sostanziali_recupero_spese,presupposti_sostanziali_recupero_spese,presupposti_sostanziali_recupero_spese,True,True,True,True,True,,,,,,False,,ok
kb_98_top9_codici_frequenti_dettaglio_massimo.json,TOP9_CODICI_FREQUENTI,144021,Risoluzione del contratto di locazione per inadempimento - uso abitativo,denominazione,denominazione,denominazione,denominazione,True,True,True,True,True,,,,Risoluzione del contratto di locazione per inadempimento - uso abitativo,Risoluzione del contratto di locazione per inadempimento - uso abitativo,False,,ok
kb_98_top9_codici_frequenti_dettaglio_massimo.json,TOP9_CODICI_FREQUENTI,144021,Risoluzione del contratto di locazione per inadempimento - uso abitativo,categoria,categoria,categoria,categoria,True,True,True,True,True,,,,Locazioni - merito,Locazioni - merito,False,,ok
kb_98_top9_codici_frequenti_dettaglio_massimo.json,TOP9_CODICI_FREQUENTI,144021,Risoluzione del contratto di locazione per inadempimento - uso abitativo,sottocategoria,sottocategoria,sottocategoria,sottocategoria,True,True,True,True,True,,,,"Risoluzione per inadempimento (morosità, danni all'immobile, mutamento di destinazione)","Risoluzione per inadempimento (morosità, danni all'immobile, mutamento di destinazione)",False,,ok
kb_98_top9_codici_frequenti_dettaglio_massimo.json,TOP9_CODICI_FREQUENTI,144021,Risoluzione del contratto di locazione per inadempimento - uso abitativo,rito,rito,rito,rito,True,True,True,True,True,,,,Rito locatizio ex art. 447-bis c.p.c. (rito del lavoro adattato alle locazioni),Rito locatizio ex art. 447-bis c.p.c. (rito del lavoro adattato alle locazioni),False,,ok
kb_98_top9_codici_frequenti_dettaglio_massimo.json,TOP9_CODICI_FREQUENTI,144021,Risoluzione del contratto di locazione per inadempimento - uso abitativo,competenza,competenza,competenza,competenza,True,True,True,True,True,,,,Tribunale del luogo in cui è situato l'immobile (art. 21 c.p.c. - foro esclusivo),Tribunale del luogo in cui è situato l'immobile (art. 21 c.p.c. - foro esclusivo),False,,ok
kb_98_top9_codici_frequenti_dettaglio_massimo.json,TOP9_CODICI_FREQUENTI,144021,Risoluzione del contratto di locazione per inadempimento - uso abitativo,uffici_destinatari,uffici_destinatari,uffici_destinatari,uffici_destinatari,True,True,True,True,True,,,,,,False,,ok
kb_98_top9_codici_frequenti_dettaglio_massimo.json,TOP9_CODICI_FREQUENTI,144021,Risoluzione del contratto di locazione per inadempimento - uso abitativo,tipologie_di_intervento,tipologie_di_intervento,tipologie_di_intervento,tipologie_di_intervento,False,False,False,True,False,,,,,,False,,ok
kb_98_top9_codici_frequenti_dettaglio_massimo.json,TOP9_CODICI_FREQUENTI,144021,Risoluzione del contratto di locazione per inadempimento - uso abitativo,presupposti_sostanziali,presupposti_sostanziali,presupposti_sostanziali,presupposti_sostanziali,True,True,True,True,True,,,,,,False,,ok
kb_98_top9_codici_frequenti_dettaglio_massimo.json,TOP9_CODICI_FREQUENTI,144021,Risoluzione del contratto di locazione per inadempimento - uso abitativo,legittimati_attivi,legittimati_attivi,legittimati_attivi,legittimati_attivi,False,False,False,True,False,,,,,,False,,ok
kb_98_top9_codici_frequenti_dettaglio_massimo.json,TOP9_CODICI_FREQUENTI,144021,Risoluzione del contratto di locazione per inadempimento - uso abitativo,obbligo_mediazione,obbligo_mediazione,obbligo_mediazione,obbligo_mediazione,True,True,True,True,True,,,,,,False,,ok
kb_98_top9_codici_frequenti_dettaglio_massimo.json,TOP9_CODICI_FREQUENTI,144021,Risoluzione del contratto di locazione per inadempimento - uso abitativo,adempimenti_propedeutici,adempimenti_propedeutici,adempimenti_propedeutici,adempimenti_propedeutici,True,True,True,True,True,"1,2,3,4,5,6","1,2,3,4,5,6",,,,False,,ok
kb_98_top9_codici_frequenti_dettaglio_massimo.json,TOP9_CODICI_FREQUENTI,144021,Risoluzione del contratto di locazione per inadempimento - uso abitativo,richiesta_provvedimenti_urgenti,richiesta_provvedimenti_urgenti,richiesta_provvedimenti_urgenti,richiesta_provvedimenti_urgenti,False,False,False,True,False,,,,,,False,,ok
kb_98_top9_codici_frequenti_dettaglio_massimo.json,TOP9_CODICI_FREQUENTI,144021,Risoluzione del contratto di locazione per inadempimento - uso abitativo,avvertimenti_obbligatori,atto_principale.avvertimenti_obbligatori,atto_principale.avvertimenti_obbligatori,atto_principale.avvertimenti_obbligatori,True,True,True,True,True,,,,,,False,,ok
kb_98_top9_codici_frequenti_dettaglio_massimo.json,TOP9_CODICI_FREQUENTI,144021,Risoluzione del contratto di locazione per inadempimento - uso abitativo,allegati_obbligatori,allegati_obbligatori,allegati_obbligatori,allegati_obbligatori,True,True,True,True,True,,,,,,False,,ok
kb_98_top9_codici_frequenti_dettaglio_massimo.json,TOP9_CODICI_FREQUENTI,144021,Risoluzione del contratto di locazione per inadempimento - uso abitativo,termini_processuali,termini_processuali,termini_processuali,termini_processuali,True,True,True,True,True,,,,,,False,,ok
kb_98_top9_codici_frequenti_dettaglio_massimo.json,TOP9_CODICI_FREQUENTI,144021,Risoluzione del contratto di locazione per inadempimento - uso abitativo,esiti_processuali_tipici,esiti_processuali_tipici,esiti_processuali_tipici,esiti_processuali_tipici,True,True,True,True,True,,,,,,False,,ok
kb_98_top9_codici_frequenti_dettaglio_massimo.json,TOP9_CODICI_FREQUENTI,144021,Risoluzione del contratto di locazione per inadempimento - uso abitativo,normativa,normativa,normativa,normativa,True,True,True,True,True,,,,,,False,,ok
kb_98_top9_codici_frequenti_dettaglio_massimo.json,TOP9_CODICI_FREQUENTI,144021,Risoluzione del contratto di locazione per inadempimento - uso abitativo,atto_principale,atto_principale,atto_principale,atto_principale,True,True,True,True,True,,,,,,False,,ok
kb_98_top9_codici_frequenti_dettaglio_massimo.json,TOP9_CODICI_FREQUENTI,144021,Risoluzione del contratto di locazione per inadempimento - uso abitativo,fonti_verifica_web,fonti_verifica_web,fonti_verifica_web,fonti_verifica_web,False,False,True,True,True,,,,,,False,,ok
kb_98_top9_codici_frequenti_dettaglio_massimo.json,TOP9_CODICI_FREQUENTI,144021,Risoluzione del contratto di locazione per inadempimento - uso abitativo,presidi_operativi_integrativi,presidi_operativi_integrativi,presidi_operativi_integrativi,presidi_operativi_integrativi,False,False,True,True,True,,,,,,False,,ok
kb_98_top9_codici_frequenti_dettaglio_massimo.json,TOP9_CODICI_FREQUENTI,144021,Risoluzione del contratto di locazione per inadempimento - uso abitativo,specialistica:alternativa_processuale_sfratto,alternativa_processuale_sfratto,alternativa_processuale_sfratto,alternativa_processuale_sfratto,True,True,True,True,True,,,,,,False,,ok
kb_98_top9_codici_frequenti_dettaglio_massimo.json,TOP9_CODICI_FREQUENTI,220100,Licenziamento individuale per giustificato motivo soggettivo,denominazione,denominazione,denominazione,denominazione,True,True,True,True,True,,,,Licenziamento individuale per giustificato motivo soggettivo,Licenziamento individuale per giustificato motivo soggettivo,False,,ok
kb_98_top9_codici_frequenti_dettaglio_massimo.json,TOP9_CODICI_FREQUENTI,220100,Licenziamento individuale per giustificato motivo soggettivo,categoria,categoria,categoria,categoria,True,True,True,True,True,,,,Lavoro - licenziamenti individuali,Lavoro - licenziamenti individuali,False,,ok
kb_98_top9_codici_frequenti_dettaglio_massimo.json,TOP9_CODICI_FREQUENTI,220100,Licenziamento individuale per giustificato motivo soggettivo,sottocategoria,sottocategoria,sottocategoria,sottocategoria,True,True,True,True,True,,,,Impugnazione licenziamento disciplinare per giustificato motivo soggettivo (g.m.s.),Impugnazione licenziamento disciplinare per giustificato motivo soggettivo (g.m.s.),False,,ok
kb_98_top9_codici_frequenti_dettaglio_massimo.json,TOP9_CODICI_FREQUENTI,220100,Licenziamento individuale per giustificato motivo soggettivo,rito,rito,rito,rito,True,True,True,True,True,,,,Rito ordinario del lavoro ex artt. 409 e ss. c.p.c. (per assunti dal 7/3/2015 - tutele crescenti) OR Rito Fornero ex L. 92/2012 c. 47-69 (per assunti ante 7/3/2015 con tutela ex art. 18 St.Lav.),Rito ordinario del lavoro ex artt. 409 e ss. c.p.c. (per assunti dal 7/3/2015 - tutele crescenti) OR Rito Fornero ex L. 92/2012 c. 47-69 (per assunti ante 7/3/2015 con tutela ex art. 18 St.Lav.),False,,ok
kb_98_top9_codici_frequenti_dettaglio_massimo.json,TOP9_CODICI_FREQUENTI,220100,Licenziamento individuale per giustificato motivo soggettivo,competenza,competenza,competenza,competenza,True,True,True,True,True,,,,Tribunale del lavoro - giudice del lavoro - foro: luogo della sede di lavoro (art. 413 c.p.c.),Tribunale del lavoro - giudice del lavoro - foro: luogo della sede di lavoro (art. 413 c.p.c.),False,,ok
kb_98_top9_codici_frequenti_dettaglio_massimo.json,TOP9_CODICI_FREQUENTI,220100,Licenziamento individuale per giustificato motivo soggettivo,uffici_destinatari,uffici_destinatari,uffici_destinatari,uffici_destinatari,True,True,True,True,True,,,,,,False,,ok
kb_98_top9_codici_frequenti_dettaglio_massimo.json,TOP9_CODICI_FREQUENTI,220100,Licenziamento individuale per giustificato motivo soggettivo,tipologie_di_intervento,tipologie_di_intervento,tipologie_di_intervento,tipologie_di_intervento,False,False,False,True,False,,,,,,False,,ok
kb_98_top9_codici_frequenti_dettaglio_massimo.json,TOP9_CODICI_FREQUENTI,220100,Licenziamento individuale per giustificato motivo soggettivo,presupposti_sostanziali,presupposti_sostanziali,presupposti_sostanziali,presupposti_sostanziali,False,True,True,True,True,,,,,,False,,ok
kb_98_top9_codici_frequenti_dettaglio_massimo.json,TOP9_CODICI_FREQUENTI,220100,Licenziamento individuale per giustificato motivo soggettivo,legittimati_attivi,legittimati_attivi,legittimati_attivi,legittimati_attivi,False,False,False,True,False,,,,,,False,,ok
kb_98_top9_codici_frequenti_dettaglio_massimo.json,TOP9_CODICI_FREQUENTI,220100,Licenziamento individuale per giustificato motivo soggettivo,obbligo_mediazione,obbligo_mediazione,obbligo_mediazione,obbligo_mediazione,True,True,True,True,True,,,,,,False,,ok
kb_98_top9_codici_frequenti_dettaglio_massimo.json,TOP9_CODICI_FREQUENTI,220100,Licenziamento individuale per giustificato motivo soggettivo,adempimenti_propedeutici,adempimenti_propedeutici,adempimenti_propedeutici,adempimenti_propedeutici,True,True,True,True,True,"1,2,3,4,5,6,7","1,2,3,4,5,6,7",,,,False,,ok
kb_98_top9_codici_frequenti_dettaglio_massimo.json,TOP9_CODICI_FREQUENTI,220100,Licenziamento individuale per giustificato motivo soggettivo,richiesta_provvedimenti_urgenti,richiesta_provvedimenti_urgenti,richiesta_provvedimenti_urgenti,richiesta_provvedimenti_urgenti,False,False,False,True,False,,,,,,False,,ok
kb_98_top9_codici_frequenti_dettaglio_massimo.json,TOP9_CODICI_FREQUENTI,220100,Licenziamento individuale per giustificato motivo soggettivo,avvertimenti_obbligatori,atto_principale.avvertimenti_obbligatori,atto_principale.avvertimenti_obbligatori,atto_principale.avvertimenti_obbligatori,True,True,True,True,True,,,,,,False,,ok
kb_98_top9_codici_frequenti_dettaglio_massimo.json,TOP9_CODICI_FREQUENTI,220100,Licenziamento individuale per giustificato motivo soggettivo,allegati_obbligatori,allegati_obbligatori,allegati_obbligatori,allegati_obbligatori,True,True,True,True,True,,,,,,False,,ok
kb_98_top9_codici_frequenti_dettaglio_massimo.json,TOP9_CODICI_FREQUENTI,220100,Licenziamento individuale per giustificato motivo soggettivo,termini_processuali,termini_processuali,termini_processuali,termini_processuali,True,True,True,True,True,,,,,,False,,ok
kb_98_top9_codici_frequenti_dettaglio_massimo.json,TOP9_CODICI_FREQUENTI,220100,Licenziamento individuale per giustificato motivo soggettivo,esiti_processuali_tipici,esiti_processuali_tipici,esiti_processuali_tipici,esiti_processuali_tipici,True,True,True,True,True,,,,,,False,,ok
kb_98_top9_codici_frequenti_dettaglio_massimo.json,TOP9_CODICI_FREQUENTI,220100,Licenziamento individuale per giustificato motivo soggettivo,normativa,normativa,normativa,normativa,True,True,True,True,True,,,,,,False,,ok
kb_98_top9_codici_frequenti_dettaglio_massimo.json,TOP9_CODICI_FREQUENTI,220100,Licenziamento individuale per giustificato motivo soggettivo,atto_principale,atto_principale,atto_principale,atto_principale,True,True,True,True,True,,,,,,False,,ok
kb_98_top9_codici_frequenti_dettaglio_massimo.json,TOP9_CODICI_FREQUENTI,220100,Licenziamento individuale per giustificato motivo soggettivo,fonti_verifica_web,fonti_verifica_web,fonti_verifica_web,fonti_verifica_web,False,False,True,True,True,,,,,,False,,ok
kb_98_top9_codici_frequenti_dettaglio_massimo.json,TOP9_CODICI_FREQUENTI,220100,Licenziamento individuale per giustificato motivo soggettivo,presidi_operativi_integrativi,presidi_operativi_integrativi,presidi_operativi_integrativi,presidi_operativi_integrativi,False,False,True,True,True,,,,,,False,,ok
kb_98_top9_codici_frequenti_dettaglio_massimo.json,TOP9_CODICI_FREQUENTI,220100,Licenziamento individuale per giustificato motivo soggettivo,specialistica:presupposti_sostanziali_giustificato_motivo_soggettivo,presupposti_sostanziali_giustificato_motivo_soggettivo,presupposti_sostanziali_giustificato_motivo_soggettivo,presupposti_sostanziali_giustificato_motivo_soggettivo,True,True,True,True,True,,,,,,False,,ok
kb_98_top9_codici_frequenti_dettaglio_massimo.json,TOP9_CODICI_FREQUENTI,220100,Licenziamento individuale per giustificato motivo soggettivo,specialistica:vizi_dedotti_dal_lavoratore_tipici,vizi_dedotti_dal_lavoratore_tipici,vizi_dedotti_dal_lavoratore_tipici,vizi_dedotti_dal_lavoratore_tipici,True,True,True,True,True,,,,,,False,,ok
kb_98_top9_codici_frequenti_dettaglio_massimo.json,TOP9_CODICI_FREQUENTI,145002,Risarcimento del danno - lesione personale (responsabilità extracontrattuale),denominazione,denominazione,denominazione,denominazione,True,True,True,True,True,,,,Risarcimento del danno - lesione personale (responsabilità extracontrattuale),Risarcimento del danno - lesione personale (responsabilità extracontrattuale),False,,ok
kb_98_top9_codici_frequenti_dettaglio_massimo.json,TOP9_CODICI_FREQUENTI,145002,Risarcimento del danno - lesione personale (responsabilità extracontrattuale),categoria,categoria,categoria,categoria,True,True,True,True,True,,,,Responsabilità civile - danni alla persona,Responsabilità civile - danni alla persona,False,,ok
kb_98_top9_codici_frequenti_dettaglio_massimo.json,TOP9_CODICI_FREQUENTI,145002,Risarcimento del danno - lesione personale (responsabilità extracontrattuale),sottocategoria,sottocategoria,sottocategoria,sottocategoria,True,True,True,True,True,,,,"Lesione personale da fatto illecito (sinistri stradali, infortuni, ecc.)","Lesione personale da fatto illecito (sinistri stradali, infortuni, ecc.)",False,,ok
kb_98_top9_codici_frequenti_dettaglio_massimo.json,TOP9_CODICI_FREQUENTI,145002,Risarcimento del danno - lesione personale (responsabilità extracontrattuale),rito,rito,rito,rito,True,True,True,True,True,,,,Rito ordinario di cognizione (o rito sommario ex art. 281-decies se valore consente); Procedura indennizzo diretto per sinistri stradali ex D.Lgs. 209/2005 (CdA),Rito ordinario di cognizione (o rito sommario ex art. 281-decies se valore consente); Procedura indennizzo diretto per sinistri stradali ex D.Lgs. 209/2005 (CdA),False,,ok
kb_98_top9_codici_frequenti_dettaglio_massimo.json,TOP9_CODICI_FREQUENTI,145002,Risarcimento del danno - lesione personale (responsabilità extracontrattuale),competenza,competenza,competenza,competenza,True,True,True,True,True,,,,"Tribunale per valore >5.000 €; Giudice di Pace per valore ≤5.000 € (danni a cose €25.000); foro del luogo dove è sorta o deve eseguirsi l'obbligazione, residenza convenuto (art. 18, 19, 20 c.p.c.)","Tribunale per valore >5.000 €; Giudice di Pace per valore ≤5.000 € (danni a cose €25.000); foro del luogo dove è sorta o deve eseguirsi l'obbligazione, residenza convenuto (art. 18, 19, 20 c.p.c.)",False,,ok
kb_98_top9_codici_frequenti_dettaglio_massimo.json,TOP9_CODICI_FREQUENTI,145002,Risarcimento del danno - lesione personale (responsabilità extracontrattuale),uffici_destinatari,uffici_destinatari,uffici_destinatari,uffici_destinatari,True,True,True,True,True,,,,,,False,,ok
kb_98_top9_codici_frequenti_dettaglio_massimo.json,TOP9_CODICI_FREQUENTI,145002,Risarcimento del danno - lesione personale (responsabilità extracontrattuale),tipologie_di_intervento,tipologie_di_intervento,tipologie_di_intervento,tipologie_di_intervento,False,False,False,True,False,,,,,,False,,ok
kb_98_top9_codici_frequenti_dettaglio_massimo.json,TOP9_CODICI_FREQUENTI,145002,Risarcimento del danno - lesione personale (responsabilità extracontrattuale),presupposti_sostanziali,presupposti_sostanziali,presupposti_sostanziali,presupposti_sostanziali,True,True,True,True,True,,,,,,False,,ok
kb_98_top9_codici_frequenti_dettaglio_massimo.json,TOP9_CODICI_FREQUENTI,145002,Risarcimento del danno - lesione personale (responsabilità extracontrattuale),legittimati_attivi,legittimati_attivi,legittimati_attivi,legittimati_attivi,False,False,False,True,False,,,,,,False,,ok
kb_98_top9_codici_frequenti_dettaglio_massimo.json,TOP9_CODICI_FREQUENTI,145002,Risarcimento del danno - lesione personale (responsabilità extracontrattuale),obbligo_mediazione,obbligo_mediazione,obbligo_mediazione,obbligo_mediazione,False,False,False,True,False,,,,,,False,,ok
kb_98_top9_codici_frequenti_dettaglio_massimo.json,TOP9_CODICI_FREQUENTI,145002,Risarcimento del danno - lesione personale (responsabilità extracontrattuale),adempimenti_propedeutici,adempimenti_propedeutici,adempimenti_propedeutici,adempimenti_propedeutici,True,True,True,True,True,"1,2,3,4,5,6,7,8","1,2,3,4,5,6,7,8",,,,False,,ok
kb_98_top9_codici_frequenti_dettaglio_massimo.json,TOP9_CODICI_FREQUENTI,145002,Risarcimento del danno - lesione personale (responsabilità extracontrattuale),richiesta_provvedimenti_urgenti,richiesta_provvedimenti_urgenti,richiesta_provvedimenti_urgenti,richiesta_provvedimenti_urgenti,False,False,False,True,False,,,,,,False,,ok
kb_98_top9_codici_frequenti_dettaglio_massimo.json,TOP9_CODICI_FREQUENTI,145002,Risarcimento del danno - lesione personale (responsabilità extracontrattuale),avvertimenti_obbligatori,atto_principale.avvertimenti_obbligatori,atto_principale.avvertimenti_obbligatori,atto_principale.avvertimenti_obbligatori,True,True,True,True,True,,,,,,False,,ok
kb_98_top9_codici_frequenti_dettaglio_massimo.json,TOP9_CODICI_FREQUENTI,145002,Risarcimento del danno - lesione personale (responsabilità extracontrattuale),allegati_obbligatori,allegati_obbligatori,allegati_obbligatori,allegati_obbligatori,True,True,True,True,True,,,,,,False,,ok
kb_98_top9_codici_frequenti_dettaglio_massimo.json,TOP9_CODICI_FREQUENTI,145002,Risarcimento del danno - lesione personale (responsabilità extracontrattuale),termini_processuali,termini_processuali,termini_processuali,termini_processuali,True,True,True,True,True,,,,,,False,,ok
kb_98_top9_codici_frequenti_dettaglio_massimo.json,TOP9_CODICI_FREQUENTI,145002,Risarcimento del danno - lesione personale (responsabilità extracontrattuale),esiti_processuali_tipici,esiti_processuali_tipici,esiti_processuali_tipici,esiti_processuali_tipici,True,True,True,True,True,,,,,,False,,ok
kb_98_top9_codici_frequenti_dettaglio_massimo.json,TOP9_CODICI_FREQUENTI,145002,Risarcimento del danno - lesione personale (responsabilità extracontrattuale),normativa,normativa,normativa,normativa,True,True,True,True,True,,,,,,False,,ok
kb_98_top9_codici_frequenti_dettaglio_massimo.json,TOP9_CODICI_FREQUENTI,145002,Risarcimento del danno - lesione personale (responsabilità extracontrattuale),atto_principale,atto_principale,atto_principale,atto_principale,True,True,True,True,True,,,,,,False,,ok
kb_98_top9_codici_frequenti_dettaglio_massimo.json,TOP9_CODICI_FREQUENTI,145002,Risarcimento del danno - lesione personale (responsabilità extracontrattuale),fonti_verifica_web,fonti_verifica_web,fonti_verifica_web,fonti_verifica_web,False,False,True,True,True,,,,,,False,,ok
kb_98_top9_codici_frequenti_dettaglio_massimo.json,TOP9_CODICI_FREQUENTI,145002,Risarcimento del danno - lesione personale (responsabilità extracontrattuale),presidi_operativi_integrativi,presidi_operativi_integrativi,presidi_operativi_integrativi,presidi_operativi_integrativi,False,False,True,True,True,,,,,,False,,ok
kb_98_top9_codici_frequenti_dettaglio_massimo.json,TOP9_CODICI_FREQUENTI,145002,Risarcimento del danno - lesione personale (responsabilità extracontrattuale),specialistica:obbligo_negoziazione_assistita,obbligo_negoziazione_assistita,obbligo_negoziazione_assistita,obbligo_negoziazione_assistita,True,True,True,True,True,,,,,,False,,ok
kb_98_top9_codici_frequenti_dettaglio_massimo.json,TOP9_CODICI_FREQUENTI,510002,Espropriazione mobiliare presso terzi (post L. 80/2005),denominazione,denominazione,denominazione,denominazione,True,True,True,True,True,,,,Espropriazione mobiliare presso terzi (post L. 80/2005),Espropriazione mobiliare presso terzi (post L. 80/2005),False,,ok
kb_98_top9_codici_frequenti_dettaglio_massimo.json,TOP9_CODICI_FREQUENTI,510002,Espropriazione mobiliare presso terzi (post L. 80/2005),categoria,categoria,categoria,categoria,True,True,True,True,True,,,,Esecuzione forzata - presso terzi,Esecuzione forzata - presso terzi,False,,ok
kb_98_top9_codici_frequenti_dettaglio_massimo.json,TOP9_CODICI_FREQUENTI,510002,Espropriazione mobiliare presso terzi (post L. 80/2005),sottocategoria,sottocategoria,sottocategoria,sottocategoria,True,True,True,True,True,,,,"Pignoramento di crediti del debitore verso terzi (stipendio, pensione, conto corrente, crediti commerciali)","Pignoramento di crediti del debitore verso terzi (stipendio, pensione, conto corrente, crediti commerciali)",False,,ok
kb_98_top9_codici_frequenti_dettaglio_massimo.json,TOP9_CODICI_FREQUENTI,510002,Espropriazione mobiliare presso terzi (post L. 80/2005),rito,rito,rito,rito,True,True,True,True,True,,,,Esecuzione forzata presso terzi ex artt. 543-554 c.p.c.,Esecuzione forzata presso terzi ex artt. 543-554 c.p.c.,False,,ok
kb_98_top9_codici_frequenti_dettaglio_massimo.json,TOP9_CODICI_FREQUENTI,510002,Espropriazione mobiliare presso terzi (post L. 80/2005),competenza,competenza,competenza,competenza,True,True,True,True,True,,,,"Giudice dell'esecuzione del Tribunale del luogo di residenza/domicilio/sede del DEBITORE ESECUTATO (art. 26-bis c.p.c., post Cartabia)","Giudice dell'esecuzione del Tribunale del luogo di residenza/domicilio/sede del DEBITORE ESECUTATO (art. 26-bis c.p.c., post Cartabia)",False,,ok
kb_98_top9_codici_frequenti_dettaglio_massimo.json,TOP9_CODICI_FREQUENTI,510002,Espropriazione mobiliare presso terzi (post L. 80/2005),uffici_destinatari,uffici_destinatari,uffici_destinatari,uffici_destinatari,True,True,True,True,True,,,,,,False,,ok
kb_98_top9_codici_frequenti_dettaglio_massimo.json,TOP9_CODICI_FREQUENTI,510002,Espropriazione mobiliare presso terzi (post L. 80/2005),tipologie_di_intervento,tipologie_di_intervento,tipologie_di_intervento,tipologie_di_intervento,False,False,False,True,False,,,,,,False,,ok
kb_98_top9_codici_frequenti_dettaglio_massimo.json,TOP9_CODICI_FREQUENTI,510002,Espropriazione mobiliare presso terzi (post L. 80/2005),presupposti_sostanziali,presupposti_sostanziali,presupposti_sostanziali,presupposti_sostanziali,True,True,True,True,True,,,,,,False,,ok
kb_98_top9_codici_frequenti_dettaglio_massimo.json,TOP9_CODICI_FREQUENTI,510002,Espropriazione mobiliare presso terzi (post L. 80/2005),legittimati_attivi,legittimati_attivi,legittimati_attivi,legittimati_attivi,False,False,False,True,False,,,,,,False,,ok
kb_98_top9_codici_frequenti_dettaglio_massimo.json,TOP9_CODICI_FREQUENTI,510002,Espropriazione mobiliare presso terzi (post L. 80/2005),obbligo_mediazione,obbligo_mediazione,obbligo_mediazione,obbligo_mediazione,True,True,True,True,True,,,,,,False,,ok
kb_98_top9_codici_frequenti_dettaglio_massimo.json,TOP9_CODICI_FREQUENTI,510002,Espropriazione mobiliare presso terzi (post L. 80/2005),adempimenti_propedeutici,adempimenti_propedeutici,adempimenti_propedeutici,adempimenti_propedeutici,True,True,True,True,True,"1,2,3,4,5,6","1,2,3,4,5,6",,,,False,,ok
kb_98_top9_codici_frequenti_dettaglio_massimo.json,TOP9_CODICI_FREQUENTI,510002,Espropriazione mobiliare presso terzi (post L. 80/2005),richiesta_provvedimenti_urgenti,richiesta_provvedimenti_urgenti,richiesta_provvedimenti_urgenti,richiesta_provvedimenti_urgenti,False,False,False,True,False,,,,,,False,,ok
kb_98_top9_codici_frequenti_dettaglio_massimo.json,TOP9_CODICI_FREQUENTI,510002,Espropriazione mobiliare presso terzi (post L. 80/2005),avvertimenti_obbligatori,atto_principale.avvertimenti_obbligatori,atto_principale.avvertimenti_obbligatori,atto_principale.avvertimenti_obbligatori,True,True,True,True,True,,,,,,False,,ok
kb_98_top9_codici_frequenti_dettaglio_massimo.json,TOP9_CODICI_FREQUENTI,510002,Espropriazione mobiliare presso terzi (post L. 80/2005),allegati_obbligatori,allegati_obbligatori,allegati_obbligatori,allegati_obbligatori,True,True,True,True,True,,,,,,False,,ok
kb_98_top9_codici_frequenti_dettaglio_massimo.json,TOP9_CODICI_FREQUENTI,510002,Espropriazione mobiliare presso terzi (post L. 80/2005),termini_processuali,termini_processuali,termini_processuali,termini_processuali,True,True,True,True,True,,,,,,False,,ok
kb_98_top9_codici_frequenti_dettaglio_massimo.json,TOP9_CODICI_FREQUENTI,510002,Espropriazione mobiliare presso terzi (post L. 80/2005),esiti_processuali_tipici,esiti_processuali_tipici,esiti_processuali_tipici,esiti_processuali_tipici,True,True,True,True,True,,,,,,False,,ok
kb_98_top9_codici_frequenti_dettaglio_massimo.json,TOP9_CODICI_FREQUENTI,510002,Espropriazione mobiliare presso terzi (post L. 80/2005),normativa,normativa,normativa,normativa,True,True,True,True,True,,,,,,False,,ok
kb_98_top9_codici_frequenti_dettaglio_massimo.json,TOP9_CODICI_FREQUENTI,510002,Espropriazione mobiliare presso terzi (post L. 80/2005),atto_principale,atto_principale,atto_principale,atto_principale,True,True,True,True,True,,,,,,False,,ok
kb_98_top9_codici_frequenti_dettaglio_massimo.json,TOP9_CODICI_FREQUENTI,510002,Espropriazione mobiliare presso terzi (post L. 80/2005),fonti_verifica_web,fonti_verifica_web,fonti_verifica_web,fonti_verifica_web,False,False,True,True,True,,,,,,False,,ok
kb_98_top9_codici_frequenti_dettaglio_massimo.json,TOP9_CODICI_FREQUENTI,510002,Espropriazione mobiliare presso terzi (post L. 80/2005),presidi_operativi_integrativi,presidi_operativi_integrativi,presidi_operativi_integrativi,presidi_operativi_integrativi,False,False,True,True,True,,,,,,False,,ok
kb_98_top9_codici_frequenti_dettaglio_massimo.json,TOP9_CODICI_FREQUENTI,510002,Espropriazione mobiliare presso terzi (post L. 80/2005),specialistica:registro_sgr,registro_sgr,registro_sgr,registro_sgr,True,True,True,True,True,,,,,,False,,ok
kb_98_top9_codici_frequenti_dettaglio_massimo.json,TOP9_CODICI_FREQUENTI,510002,Espropriazione mobiliare presso terzi (post L. 80/2005),specialistica:limiti_pignorabilita_ex_art_545,limiti_pignorabilita_ex_art_545,limiti_pignorabilita_ex_art_545,limiti_pignorabilita_ex_art_545,True,True,True,True,True,,,,,,False,,ok
kb_98_top9_codici_frequenti_dettaglio_massimo.json,TOP9_CODICI_FREQUENTI,413061,Apertura amministrazione di sostegno,denominazione,denominazione,denominazione,denominazione,True,True,True,True,True,,,,Apertura amministrazione di sostegno,Apertura amministrazione di sostegno,False,,ok
kb_98_top9_codici_frequenti_dettaglio_massimo.json,TOP9_CODICI_FREQUENTI,413061,Apertura amministrazione di sostegno,categoria,categoria,categoria,categoria,True,True,True,True,True,,,,Volontaria giurisdizione - misure di protezione,Volontaria giurisdizione - misure di protezione,False,,ok
kb_98_top9_codici_frequenti_dettaglio_massimo.json,TOP9_CODICI_FREQUENTI,413061,Apertura amministrazione di sostegno,sottocategoria,sottocategoria,sottocategoria,sottocategoria,True,True,True,True,True,,,,Nomina amministratore di sostegno per persona incapace di provvedere ai propri interessi,Nomina amministratore di sostegno per persona incapace di provvedere ai propri interessi,False,,ok
kb_98_top9_codici_frequenti_dettaglio_massimo.json,TOP9_CODICI_FREQUENTI,413061,Apertura amministrazione di sostegno,rito,rito,rito,rito,True,True,True,True,True,,,,Procedimento camerale ex artt. 720-bis e 712-bis c.p.c. - rito camerale specifico per AdS,Procedimento camerale ex artt. 720-bis e 712-bis c.p.c. - rito camerale specifico per AdS,False,,ok
kb_98_top9_codici_frequenti_dettaglio_massimo.json,TOP9_CODICI_FREQUENTI,413061,Apertura amministrazione di sostegno,competenza,competenza,competenza,competenza,True,True,True,True,True,,,,GIUDICE TUTELARE del Tribunale del luogo di residenza/domicilio del beneficiario (art. 404 c.c.),GIUDICE TUTELARE del Tribunale del luogo di residenza/domicilio del beneficiario (art. 404 c.c.),False,,ok
kb_98_top9_codici_frequenti_dettaglio_massimo.json,TOP9_CODICI_FREQUENTI,413061,Apertura amministrazione di sostegno,uffici_destinatari,uffici_destinatari,uffici_destinatari,uffici_destinatari,True,True,True,True,True,,,,,,False,,ok
kb_98_top9_codici_frequenti_dettaglio_massimo.json,TOP9_CODICI_FREQUENTI,413061,Apertura amministrazione di sostegno,tipologie_di_intervento,tipologie_di_intervento,tipologie_di_intervento,tipologie_di_intervento,False,False,False,True,False,,,,,,False,,ok
kb_98_top9_codici_frequenti_dettaglio_massimo.json,TOP9_CODICI_FREQUENTI,413061,Apertura amministrazione di sostegno,presupposti_sostanziali,presupposti_sostanziali,presupposti_sostanziali,presupposti_sostanziali,True,True,True,True,True,,,,,,False,,ok
kb_98_top9_codici_frequenti_dettaglio_massimo.json,TOP9_CODICI_FREQUENTI,413061,Apertura amministrazione di sostegno,legittimati_attivi,legittimati_attivi,legittimati_attivi,legittimati_attivi,True,True,True,True,True,,,,,,False,,ok
kb_98_top9_codici_frequenti_dettaglio_massimo.json,TOP9_CODICI_FREQUENTI,413061,Apertura amministrazione di sostegno,obbligo_mediazione,obbligo_mediazione,obbligo_mediazione,obbligo_mediazione,True,True,True,True,True,,,,,,False,,ok
kb_98_top9_codici_frequenti_dettaglio_massimo.json,TOP9_CODICI_FREQUENTI,413061,Apertura amministrazione di sostegno,adempimenti_propedeutici,adempimenti_propedeutici,adempimenti_propedeutici,adempimenti_propedeutici,True,True,True,True,True,"1,2,3,4,5,6","1,2,3,4,5,6",,,,False,,ok
kb_98_top9_codici_frequenti_dettaglio_massimo.json,TOP9_CODICI_FREQUENTI,413061,Apertura amministrazione di sostegno,richiesta_provvedimenti_urgenti,richiesta_provvedimenti_urgenti,richiesta_provvedimenti_urgenti,richiesta_provvedimenti_urgenti,False,False,False,True,True,,,,,,False,,ok
kb_98_top9_codici_frequenti_dettaglio_massimo.json,TOP9_CODICI_FREQUENTI,413061,Apertura amministrazione di sostegno,avvertimenti_obbligatori,atto_principale.avvertimenti_obbligatori,atto_principale.avvertimenti_obbligatori,atto_principale.avvertimenti_obbligatori,True,True,True,True,True,,,,,,False,,ok
kb_98_top9_codici_frequenti_dettaglio_massimo.json,TOP9_CODICI_FREQUENTI,413061,Apertura amministrazione di sostegno,allegati_obbligatori,allegati_obbligatori,allegati_obbligatori,allegati_obbligatori,True,True,True,True,True,,,,,,False,,ok
kb_98_top9_codici_frequenti_dettaglio_massimo.json,TOP9_CODICI_FREQUENTI,413061,Apertura amministrazione di sostegno,termini_processuali,termini_processuali,termini_processuali,termini_processuali,True,True,True,True,True,,,,,,False,,ok
kb_98_top9_codici_frequenti_dettaglio_massimo.json,TOP9_CODICI_FREQUENTI,413061,Apertura amministrazione di sostegno,esiti_processuali_tipici,esiti_processuali_tipici,esiti_processuali_tipici,esiti_processuali_tipici,True,True,True,True,True,,,,,,False,,ok
kb_98_top9_codici_frequenti_dettaglio_massimo.json,TOP9_CODICI_FREQUENTI,413061,Apertura amministrazione di sostegno,normativa,normativa,normativa,normativa,True,True,True,True,True,,,,,,False,,ok
kb_98_top9_codici_frequenti_dettaglio_massimo.json,TOP9_CODICI_FREQUENTI,413061,Apertura amministrazione di sostegno,atto_principale,atto_principale,atto_principale,atto_principale,True,True,True,True,True,,,,,,False,,ok
kb_98_top9_codici_frequenti_dettaglio_massimo.json,TOP9_CODICI_FREQUENTI,413061,Apertura amministrazione di sostegno,fonti_verifica_web,fonti_verifica_web,fonti_verifica_web,fonti_verifica_web,False,False,True,True,True,,,,,,False,,ok
kb_98_top9_codici_frequenti_dettaglio_massimo.json,TOP9_CODICI_FREQUENTI,413061,Apertura amministrazione di sostegno,presidi_operativi_integrativi,presidi_operativi_integrativi,presidi_operativi_integrativi,presidi_operativi_integrativi,False,False,True,True,True,,,,,,False,,ok
kb_98_top9_codici_frequenti_dettaglio_massimo.json,TOP9_CODICI_FREQUENTI,413061,Apertura amministrazione di sostegno,specialistica:registro_sgr,registro_sgr,registro_sgr,registro_sgr,True,True,True,True,True,,,,,,False,,ok
kb_98_top9_set10_parte1.json,TOP9_CODICI_FREQUENTI_SET10_PARTE1,GUIDA_RESPONSABILIT_DEL_PREPONENTE_PER_FATTO_DEL_DIPENDENTE_PREPOSTO_ART_2049__160011,Responsabilità del preponente per fatto del dipendente/preposto (art. 2049 c.c.),denominazione,denominazione,denominazione,denominazione,True,True,True,True,True,,,,Responsabilità del preponente per fatto del dipendente/preposto (art. 2049 c.c.),Responsabilità del preponente per fatto del dipendente/preposto (art. 2049 c.c.),False,,ok
kb_98_top9_set10_parte1.json,TOP9_CODICI_FREQUENTI_SET10_PARTE1,GUIDA_RESPONSABILIT_DEL_PREPONENTE_PER_FATTO_DEL_DIPENDENTE_PREPOSTO_ART_2049__160011,Responsabilità del preponente per fatto del dipendente/preposto (art. 2049 c.c.),categoria,categoria,categoria,categoria,True,True,True,True,True,,,,Responsabilità civile - responsabilità indiretta,Responsabilità civile - responsabilità indiretta,False,,ok
kb_98_top9_set10_parte1.json,TOP9_CODICI_FREQUENTI_SET10_PARTE1,GUIDA_RESPONSABILIT_DEL_PREPONENTE_PER_FATTO_DEL_DIPENDENTE_PREPOSTO_ART_2049__160011,Responsabilità del preponente per fatto del dipendente/preposto (art. 2049 c.c.),sottocategoria,sottocategoria,sottocategoria,sottocategoria,True,True,True,True,True,,,,Responsabilità oggettiva del datore di lavoro/committente per illeciti commessi dal dipendente/preposto in occasione del servizio,Responsabilità oggettiva del datore di lavoro/committente per illeciti commessi dal dipendente/preposto in occasione del servizio,False,,ok
kb_98_top9_set10_parte1.json,TOP9_CODICI_FREQUENTI_SET10_PARTE1,GUIDA_RESPONSABILIT_DEL_PREPONENTE_PER_FATTO_DEL_DIPENDENTE_PREPOSTO_ART_2049__160011,Responsabilità del preponente per fatto del dipendente/preposto (art. 2049 c.c.),rito,rito,rito,rito,True,True,True,True,True,,,,Rito ordinario di cognizione,Rito ordinario di cognizione,False,,ok
kb_98_top9_set10_parte1.json,TOP9_CODICI_FREQUENTI_SET10_PARTE1,GUIDA_RESPONSABILIT_DEL_PREPONENTE_PER_FATTO_DEL_DIPENDENTE_PREPOSTO_ART_2049__160011,Responsabilità del preponente per fatto del dipendente/preposto (art. 2049 c.c.),competenza,competenza,competenza,competenza,True,True,True,True,True,,,,Tribunale - foro residenza convenuto o luogo fatto illecito (artt. 18-20 c.p.c.),Tribunale - foro residenza convenuto o luogo fatto illecito (artt. 18-20 c.p.c.),False,,ok
kb_98_top9_set10_parte1.json,TOP9_CODICI_FREQUENTI_SET10_PARTE1,GUIDA_RESPONSABILIT_DEL_PREPONENTE_PER_FATTO_DEL_DIPENDENTE_PREPOSTO_ART_2049__160011,Responsabilità del preponente per fatto del dipendente/preposto (art. 2049 c.c.),uffici_destinatari,uffici_destinatari,uffici_destinatari,uffici_destinatari,True,True,True,True,True,,,,,,False,,ok
kb_98_top9_set10_parte1.json,TOP9_CODICI_FREQUENTI_SET10_PARTE1,GUIDA_RESPONSABILIT_DEL_PREPONENTE_PER_FATTO_DEL_DIPENDENTE_PREPOSTO_ART_2049__160011,Responsabilità del preponente per fatto del dipendente/preposto (art. 2049 c.c.),tipologie_di_intervento,tipologie_di_intervento,tipologie_di_intervento,tipologie_di_intervento,False,False,False,True,False,,,,,,False,,ok
kb_98_top9_set10_parte1.json,TOP9_CODICI_FREQUENTI_SET10_PARTE1,GUIDA_RESPONSABILIT_DEL_PREPONENTE_PER_FATTO_DEL_DIPENDENTE_PREPOSTO_ART_2049__160011,Responsabilità del preponente per fatto del dipendente/preposto (art. 2049 c.c.),presupposti_sostanziali,presupposti_sostanziali,presupposti_sostanziali,presupposti_sostanziali,True,True,True,True,True,,,,,,False,,ok
kb_98_top9_set10_parte1.json,TOP9_CODICI_FREQUENTI_SET10_PARTE1,GUIDA_RESPONSABILIT_DEL_PREPONENTE_PER_FATTO_DEL_DIPENDENTE_PREPOSTO_ART_2049__160011,Responsabilità del preponente per fatto del dipendente/preposto (art. 2049 c.c.),legittimati_attivi,legittimati_attivi,legittimati_attivi,legittimati_attivi,False,False,False,True,False,,,,,,False,,ok
kb_98_top9_set10_parte1.json,TOP9_CODICI_FREQUENTI_SET10_PARTE1,GUIDA_RESPONSABILIT_DEL_PREPONENTE_PER_FATTO_DEL_DIPENDENTE_PREPOSTO_ART_2049__160011,Responsabilità del preponente per fatto del dipendente/preposto (art. 2049 c.c.),obbligo_mediazione,obbligo_mediazione,obbligo_mediazione,obbligo_mediazione,True,True,True,True,True,,,,,,False,,ok
kb_98_top9_set10_parte1.json,TOP9_CODICI_FREQUENTI_SET10_PARTE1,GUIDA_RESPONSABILIT_DEL_PREPONENTE_PER_FATTO_DEL_DIPENDENTE_PREPOSTO_ART_2049__160011,Responsabilità del preponente per fatto del dipendente/preposto (art. 2049 c.c.),adempimenti_propedeutici,adempimenti_propedeutici,adempimenti_propedeutici,adempimenti_propedeutici,True,True,True,True,True,"1,2,3,4,5","1,2,3,4,5",,,,False,,ok
kb_98_top9_set10_parte1.json,TOP9_CODICI_FREQUENTI_SET10_PARTE1,GUIDA_RESPONSABILIT_DEL_PREPONENTE_PER_FATTO_DEL_DIPENDENTE_PREPOSTO_ART_2049__160011,Responsabilità del preponente per fatto del dipendente/preposto (art. 2049 c.c.),richiesta_provvedimenti_urgenti,richiesta_provvedimenti_urgenti,richiesta_provvedimenti_urgenti,richiesta_provvedimenti_urgenti,False,False,False,True,False,,,,,,False,,ok
kb_98_top9_set10_parte1.json,TOP9_CODICI_FREQUENTI_SET10_PARTE1,GUIDA_RESPONSABILIT_DEL_PREPONENTE_PER_FATTO_DEL_DIPENDENTE_PREPOSTO_ART_2049__160011,Responsabilità del preponente per fatto del dipendente/preposto (art. 2049 c.c.),avvertimenti_obbligatori,atto_principale.avvertimenti_obbligatori,atto_principale.avvertimenti_obbligatori,atto_principale.avvertimenti_obbligatori,True,True,True,True,True,,,,,,False,,ok
kb_98_top9_set10_parte1.json,TOP9_CODICI_FREQUENTI_SET10_PARTE1,GUIDA_RESPONSABILIT_DEL_PREPONENTE_PER_FATTO_DEL_DIPENDENTE_PREPOSTO_ART_2049__160011,Responsabilità del preponente per fatto del dipendente/preposto (art. 2049 c.c.),allegati_obbligatori,allegati_obbligatori,allegati_obbligatori,allegati_obbligatori,True,True,True,True,True,,,,,,False,,ok
kb_98_top9_set10_parte1.json,TOP9_CODICI_FREQUENTI_SET10_PARTE1,GUIDA_RESPONSABILIT_DEL_PREPONENTE_PER_FATTO_DEL_DIPENDENTE_PREPOSTO_ART_2049__160011,Responsabilità del preponente per fatto del dipendente/preposto (art. 2049 c.c.),termini_processuali,termini_processuali,termini_processuali,termini_processuali,True,True,True,True,True,,,,,,False,,ok
kb_98_top9_set10_parte1.json,TOP9_CODICI_FREQUENTI_SET10_PARTE1,GUIDA_RESPONSABILIT_DEL_PREPONENTE_PER_FATTO_DEL_DIPENDENTE_PREPOSTO_ART_2049__160011,Responsabilità del preponente per fatto del dipendente/preposto (art. 2049 c.c.),esiti_processuali_tipici,esiti_processuali_tipici,esiti_processuali_tipici,esiti_processuali_tipici,True,True,True,True,True,,,,,,False,,ok
kb_98_top9_set10_parte1.json,TOP9_CODICI_FREQUENTI_SET10_PARTE1,GUIDA_RESPONSABILIT_DEL_PREPONENTE_PER_FATTO_DEL_DIPENDENTE_PREPOSTO_ART_2049__160011,Responsabilità del preponente per fatto del dipendente/preposto (art. 2049 c.c.),normativa,normativa,normativa,normativa,True,True,True,True,True,,,,,,False,,ok
kb_98_top9_set10_parte1.json,TOP9_CODICI_FREQUENTI_SET10_PARTE1,GUIDA_RESPONSABILIT_DEL_PREPONENTE_PER_FATTO_DEL_DIPENDENTE_PREPOSTO_ART_2049__160011,Responsabilità del preponente per fatto del dipendente/preposto (art. 2049 c.c.),atto_principale,atto_principale,atto_principale,atto_principale,True,True,True,True,True,,,,,,False,,ok
kb_98_top9_set10_parte1.json,TOP9_CODICI_FREQUENTI_SET10_PARTE1,GUIDA_RESPONSABILIT_DEL_PREPONENTE_PER_FATTO_DEL_DIPENDENTE_PREPOSTO_ART_2049__160011,Responsabilità del preponente per fatto del dipendente/preposto (art. 2049 c.c.),fonti_verifica_web,fonti_verifica_web,fonti_verifica_web,fonti_verifica_web,True,True,True,True,True,,,,,,False,,ok
kb_98_top9_set10_parte1.json,TOP9_CODICI_FREQUENTI_SET10_PARTE1,GUIDA_RESPONSABILIT_DEL_PREPONENTE_PER_FATTO_DEL_DIPENDENTE_PREPOSTO_ART_2049__160011,Responsabilità del preponente per fatto del dipendente/preposto (art. 2049 c.c.),presidi_operativi_integrativi,presidi_operativi_integrativi,presidi_operativi_integrativi,presidi_operativi_integrativi,False,False,True,True,True,,,,,,False,,ok
kb_98_top9_set10_parte1.json,TOP9_CODICI_FREQUENTI_SET10_PARTE1,GUIDA_RESPONSABILIT_DEL_PREPONENTE_PER_FATTO_DEL_DIPENDENTE_PREPOSTO_ART_2049__160011,Responsabilità del preponente per fatto del dipendente/preposto (art. 2049 c.c.),specialistica:natura_della_responsabilita,natura_della_responsabilita,natura_della_responsabilita,natura_della_responsabilita,True,True,True,True,True,,,,,,False,,ok
kb_98_top9_set10_parte1.json,TOP9_CODICI_FREQUENTI_SET10_PARTE1,GUIDA_RESPONSABILIT_DEL_PREPONENTE_PER_FATTO_DEL_DIPENDENTE_PREPOSTO_ART_2049__160011,Responsabilità del preponente per fatto del dipendente/preposto (art. 2049 c.c.),specialistica:nesso_di_occasionalita_necessaria_cass_su_6672_2022,nesso_di_occasionalita_necessaria_cass_su_6672_2022,nesso_di_occasionalita_necessaria_cass_su_6672_2022,nesso_di_occasionalita_necessaria_cass_su_6672_2022,True,True,True,True,True,,,,,,False,,ok
kb_98_top9_set10_parte1.json,TOP9_CODICI_FREQUENTI_SET10_PARTE1,GUIDA_RESPONSABILIT_DEL_PREPONENTE_PER_FATTO_DEL_DIPENDENTE_PREPOSTO_ART_2049__160011,Responsabilità del preponente per fatto del dipendente/preposto (art. 2049 c.c.),specialistica:responsabilita_solidale_2055,responsabilita_solidale_2055,responsabilita_solidale_2055,responsabilita_solidale_2055,True,True,True,True,True,,,,,,False,,ok
kb_98_top9_set10_parte1.json,TOP9_CODICI_FREQUENTI_SET10_PARTE1,GUIDA_RESPONSABILIT_DEL_PREPONENTE_PER_FATTO_DEL_DIPENDENTE_PREPOSTO_ART_2049__160011,Responsabilità del preponente per fatto del dipendente/preposto (art. 2049 c.c.),specialistica:differenza_da_1228_contrattuale,differenza_da_1228_contrattuale,differenza_da_1228_contrattuale,differenza_da_1228_contrattuale,True,True,True,True,True,,,,,,False,,ok
kb_98_top9_set10_parte1.json,TOP9_CODICI_FREQUENTI_SET10_PARTE1,131001,Usucapione di beni mobili (art. 1161 c.c.) e mobili registrati (art. 1162 c.c.),denominazione,denominazione,denominazione,denominazione,True,True,True,True,True,,,,Usucapione di beni mobili (art. 1161 c.c.) e mobili registrati (art. 1162 c.c.),Usucapione di beni mobili (art. 1161 c.c.) e mobili registrati (art. 1162 c.c.),False,,ok
kb_98_top9_set10_parte1.json,TOP9_CODICI_FREQUENTI_SET10_PARTE1,131001,Usucapione di beni mobili (art. 1161 c.c.) e mobili registrati (art. 1162 c.c.),categoria,categoria,categoria,categoria,True,True,True,True,True,,,,Diritti reali - acquisto per usucapione,Diritti reali - acquisto per usucapione,False,,ok
kb_98_top9_set10_parte1.json,TOP9_CODICI_FREQUENTI_SET10_PARTE1,131001,Usucapione di beni mobili (art. 1161 c.c.) e mobili registrati (art. 1162 c.c.),sottocategoria,sottocategoria,sottocategoria,sottocategoria,True,True,True,True,True,,,,Acquisto della proprietà di beni mobili per possesso prolungato,Acquisto della proprietà di beni mobili per possesso prolungato,False,,ok
kb_98_top9_set10_parte1.json,TOP9_CODICI_FREQUENTI_SET10_PARTE1,131001,Usucapione di beni mobili (art. 1161 c.c.) e mobili registrati (art. 1162 c.c.),rito,rito,rito,rito,True,True,True,True,True,,,,Rito ordinario di cognizione preceduto da MEDIAZIONE OBBLIGATORIA (diritti reali),Rito ordinario di cognizione preceduto da MEDIAZIONE OBBLIGATORIA (diritti reali),False,,ok
kb_98_top9_set10_parte1.json,TOP9_CODICI_FREQUENTI_SET10_PARTE1,131001,Usucapione di beni mobili (art. 1161 c.c.) e mobili registrati (art. 1162 c.c.),competenza,competenza,competenza,competenza,True,True,True,True,True,,,,Tribunale - foro residenza convenuto; per accertamento: anche foro attore,Tribunale - foro residenza convenuto; per accertamento: anche foro attore,False,,ok
kb_98_top9_set10_parte1.json,TOP9_CODICI_FREQUENTI_SET10_PARTE1,131001,Usucapione di beni mobili (art. 1161 c.c.) e mobili registrati (art. 1162 c.c.),uffici_destinatari,uffici_destinatari,uffici_destinatari,uffici_destinatari,True,True,True,True,True,,,,,,False,,ok
kb_98_top9_set10_parte1.json,TOP9_CODICI_FREQUENTI_SET10_PARTE1,131001,Usucapione di beni mobili (art. 1161 c.c.) e mobili registrati (art. 1162 c.c.),tipologie_di_intervento,tipologie_di_intervento,tipologie_di_intervento,tipologie_di_intervento,False,True,True,True,True,,,,,,False,,ok
kb_98_top9_set10_parte1.json,TOP9_CODICI_FREQUENTI_SET10_PARTE1,131001,Usucapione di beni mobili (art. 1161 c.c.) e mobili registrati (art. 1162 c.c.),presupposti_sostanziali,presupposti_sostanziali,presupposti_sostanziali,presupposti_sostanziali,True,True,True,True,True,,,,,,False,,ok
kb_98_top9_set10_parte1.json,TOP9_CODICI_FREQUENTI_SET10_PARTE1,131001,Usucapione di beni mobili (art. 1161 c.c.) e mobili registrati (art. 1162 c.c.),legittimati_attivi,legittimati_attivi,legittimati_attivi,legittimati_attivi,False,True,True,True,True,,,,,,False,,ok
kb_98_top9_set10_parte1.json,TOP9_CODICI_FREQUENTI_SET10_PARTE1,131001,Usucapione di beni mobili (art. 1161 c.c.) e mobili registrati (art. 1162 c.c.),obbligo_mediazione,obbligo_mediazione,obbligo_mediazione,obbligo_mediazione,True,True,True,True,True,,,,,,False,,ok
kb_98_top9_set10_parte1.json,TOP9_CODICI_FREQUENTI_SET10_PARTE1,131001,Usucapione di beni mobili (art. 1161 c.c.) e mobili registrati (art. 1162 c.c.),adempimenti_propedeutici,adempimenti_propedeutici,adempimenti_propedeutici,adempimenti_propedeutici,True,True,True,True,True,"1,2,3,4,5","1,2,3,4,5",,,,False,,ok
kb_98_top9_set10_parte1.json,TOP9_CODICI_FREQUENTI_SET10_PARTE1,131001,Usucapione di beni mobili (art. 1161 c.c.) e mobili registrati (art. 1162 c.c.),richiesta_provvedimenti_urgenti,richiesta_provvedimenti_urgenti,richiesta_provvedimenti_urgenti,richiesta_provvedimenti_urgenti,False,True,True,True,True,,,,,,False,,ok
kb_98_top9_set10_parte1.json,TOP9_CODICI_FREQUENTI_SET10_PARTE1,131001,Usucapione di beni mobili (art. 1161 c.c.) e mobili registrati (art. 1162 c.c.),avvertimenti_obbligatori,atto_principale.avvertimenti_obbligatori,avvertimenti_obbligatori,avvertimenti_obbligatori,True,True,True,True,True,,,,,,False,,ok
kb_98_top9_set10_parte1.json,TOP9_CODICI_FREQUENTI_SET10_PARTE1,131001,Usucapione di beni mobili (art. 1161 c.c.) e mobili registrati (art. 1162 c.c.),allegati_obbligatori,allegati_obbligatori,allegati_obbligatori,allegati_obbligatori,True,True,True,True,True,,,,,,False,,ok
kb_98_top9_set10_parte1.json,TOP9_CODICI_FREQUENTI_SET10_PARTE1,131001,Usucapione di beni mobili (art. 1161 c.c.) e mobili registrati (art. 1162 c.c.),termini_processuali,termini_processuali,termini_processuali,termini_processuali,True,True,True,True,True,,,,,,False,,ok
kb_98_top9_set10_parte1.json,TOP9_CODICI_FREQUENTI_SET10_PARTE1,131001,Usucapione di beni mobili (art. 1161 c.c.) e mobili registrati (art. 1162 c.c.),esiti_processuali_tipici,esiti_processuali_tipici,esiti_processuali_tipici,esiti_processuali_tipici,True,True,True,True,True,,,,,,False,,ok
kb_98_top9_set10_parte1.json,TOP9_CODICI_FREQUENTI_SET10_PARTE1,131001,Usucapione di beni mobili (art. 1161 c.c.) e mobili registrati (art. 1162 c.c.),normativa,normativa,normativa,normativa,True,True,True,True,True,,,,,,False,,ok
kb_98_top9_set10_parte1.json,TOP9_CODICI_FREQUENTI_SET10_PARTE1,131001,Usucapione di beni mobili (art. 1161 c.c.) e mobili registrati (art. 1162 c.c.),atto_principale,atto_principale,atto_principale,atto_principale,True,True,True,True,True,,,,,,False,,ok
kb_98_top9_set10_parte1.json,TOP9_CODICI_FREQUENTI_SET10_PARTE1,131001,Usucapione di beni mobili (art. 1161 c.c.) e mobili registrati (art. 1162 c.c.),fonti_verifica_web,fonti_verifica_web,fonti_verifica_web,fonti_verifica_web,True,True,True,True,True,,,,,,False,,ok
kb_98_top9_set10_parte1.json,TOP9_CODICI_FREQUENTI_SET10_PARTE1,131001,Usucapione di beni mobili (art. 1161 c.c.) e mobili registrati (art. 1162 c.c.),presidi_operativi_integrativi,presidi_operativi_integrativi,presidi_operativi_integrativi,presidi_operativi_integrativi,False,False,True,True,True,,,,,,False,,ok
kb_98_top9_set10_parte1.json,TOP9_CODICI_FREQUENTI_SET10_PARTE1,131001,Usucapione di beni mobili (art. 1161 c.c.) e mobili registrati (art. 1162 c.c.),specialistica:termini_usucapione_mobili,termini_usucapione_mobili,termini_usucapione_mobili,termini_usucapione_mobili,True,True,True,True,True,,,,,,False,,ok
kb_98_top9_set10_parte1.json,TOP9_CODICI_FREQUENTI_SET10_PARTE1,131001,Usucapione di beni mobili (art. 1161 c.c.) e mobili registrati (art. 1162 c.c.),specialistica:prova_del_possesso,prova_del_possesso,prova_del_possesso,prova_del_possesso,True,True,True,True,True,,,,,,False,,ok
kb_98_top9_set10_parte1.json,TOP9_CODICI_FREQUENTI_SET10_PARTE1,GUIDA_RISOLUZIONE_CONTRATTO_DI_LEASING_FINANZIARIO_PER_INADEMPIMENTO_141005,Risoluzione contratto di leasing finanziario per inadempimento,denominazione,denominazione,denominazione,denominazione,True,True,True,True,True,,,,Risoluzione contratto di leasing finanziario per inadempimento,Risoluzione contratto di leasing finanziario per inadempimento,False,,ok
kb_98_top9_set10_parte1.json,TOP9_CODICI_FREQUENTI_SET10_PARTE1,GUIDA_RISOLUZIONE_CONTRATTO_DI_LEASING_FINANZIARIO_PER_INADEMPIMENTO_141005,Risoluzione contratto di leasing finanziario per inadempimento,categoria,categoria,categoria,categoria,True,True,True,True,True,,,,Contratti - contratti di finanziamento e godimento,Contratti - contratti di finanziamento e godimento,False,,ok
kb_98_top9_set10_parte1.json,TOP9_CODICI_FREQUENTI_SET10_PARTE1,GUIDA_RISOLUZIONE_CONTRATTO_DI_LEASING_FINANZIARIO_PER_INADEMPIMENTO_141005,Risoluzione contratto di leasing finanziario per inadempimento,sottocategoria,sottocategoria,sottocategoria,sottocategoria,True,True,True,True,True,,,,Risoluzione del leasing finanziario e liquidazione post-risoluzione ex L. 124/2017,Risoluzione del leasing finanziario e liquidazione post-risoluzione ex L. 124/2017,False,,ok
kb_98_top9_set10_parte1.json,TOP9_CODICI_FREQUENTI_SET10_PARTE1,GUIDA_RISOLUZIONE_CONTRATTO_DI_LEASING_FINANZIARIO_PER_INADEMPIMENTO_141005,Risoluzione contratto di leasing finanziario per inadempimento,rito,rito,rito,rito,True,True,True,True,True,,,,Rito ordinario di cognizione preceduto da MEDIAZIONE OBBLIGATORIA (contratti bancari/finanziari),Rito ordinario di cognizione preceduto da MEDIAZIONE OBBLIGATORIA (contratti bancari/finanziari),False,,ok
kb_98_top9_set10_parte1.json,TOP9_CODICI_FREQUENTI_SET10_PARTE1,GUIDA_RISOLUZIONE_CONTRATTO_DI_LEASING_FINANZIARIO_PER_INADEMPIMENTO_141005,Risoluzione contratto di leasing finanziario per inadempimento,competenza,competenza,competenza,competenza,True,True,True,True,True,,,,Tribunale - foro residenza convenuto o luogo esecuzione,Tribunale - foro residenza convenuto o luogo esecuzione,False,,ok
kb_98_top9_set10_parte1.json,TOP9_CODICI_FREQUENTI_SET10_PARTE1,GUIDA_RISOLUZIONE_CONTRATTO_DI_LEASING_FINANZIARIO_PER_INADEMPIMENTO_141005,Risoluzione contratto di leasing finanziario per inadempimento,uffici_destinatari,uffici_destinatari,uffici_destinatari,uffici_destinatari,True,True,True,True,True,,,,,,False,,ok
kb_98_top9_set10_parte1.json,TOP9_CODICI_FREQUENTI_SET10_PARTE1,GUIDA_RISOLUZIONE_CONTRATTO_DI_LEASING_FINANZIARIO_PER_INADEMPIMENTO_141005,Risoluzione contratto di leasing finanziario per inadempimento,tipologie_di_intervento,tipologie_di_intervento,tipologie_di_intervento,tipologie_di_intervento,False,False,False,True,False,,,,,,False,,ok
kb_98_top9_set10_parte1.json,TOP9_CODICI_FREQUENTI_SET10_PARTE1,GUIDA_RISOLUZIONE_CONTRATTO_DI_LEASING_FINANZIARIO_PER_INADEMPIMENTO_141005,Risoluzione contratto di leasing finanziario per inadempimento,presupposti_sostanziali,presupposti_sostanziali,presupposti_sostanziali,presupposti_sostanziali,True,True,True,True,True,,,,,,False,,ok
kb_98_top9_set10_parte1.json,TOP9_CODICI_FREQUENTI_SET10_PARTE1,GUIDA_RISOLUZIONE_CONTRATTO_DI_LEASING_FINANZIARIO_PER_INADEMPIMENTO_141005,Risoluzione contratto di leasing finanziario per inadempimento,legittimati_attivi,legittimati_attivi,legittimati_attivi,legittimati_attivi,False,False,False,True,False,,,,,,False,,ok
kb_98_top9_set10_parte1.json,TOP9_CODICI_FREQUENTI_SET10_PARTE1,GUIDA_RISOLUZIONE_CONTRATTO_DI_LEASING_FINANZIARIO_PER_INADEMPIMENTO_141005,Risoluzione contratto di leasing finanziario per inadempimento,obbligo_mediazione,obbligo_mediazione,obbligo_mediazione,obbligo_mediazione,True,True,True,True,True,,,,,,False,,ok
kb_98_top9_set10_parte1.json,TOP9_CODICI_FREQUENTI_SET10_PARTE1,GUIDA_RISOLUZIONE_CONTRATTO_DI_LEASING_FINANZIARIO_PER_INADEMPIMENTO_141005,Risoluzione contratto di leasing finanziario per inadempimento,adempimenti_propedeutici,adempimenti_propedeutici,adempimenti_propedeutici,adempimenti_propedeutici,True,True,True,True,True,"1,2,3,4,5","1,2,3,4,5",,,,False,,ok
kb_98_top9_set10_parte1.json,TOP9_CODICI_FREQUENTI_SET10_PARTE1,GUIDA_RISOLUZIONE_CONTRATTO_DI_LEASING_FINANZIARIO_PER_INADEMPIMENTO_141005,Risoluzione contratto di leasing finanziario per inadempimento,richiesta_provvedimenti_urgenti,richiesta_provvedimenti_urgenti,richiesta_provvedimenti_urgenti,richiesta_provvedimenti_urgenti,False,False,False,True,False,,,,,,False,,ok
kb_98_top9_set10_parte1.json,TOP9_CODICI_FREQUENTI_SET10_PARTE1,GUIDA_RISOLUZIONE_CONTRATTO_DI_LEASING_FINANZIARIO_PER_INADEMPIMENTO_141005,Risoluzione contratto di leasing finanziario per inadempimento,avvertimenti_obbligatori,atto_principale.avvertimenti_obbligatori,atto_principale.avvertimenti_obbligatori,atto_principale.avvertimenti_obbligatori,True,True,True,True,True,,,,,,False,,ok
kb_98_top9_set10_parte1.json,TOP9_CODICI_FREQUENTI_SET10_PARTE1,GUIDA_RISOLUZIONE_CONTRATTO_DI_LEASING_FINANZIARIO_PER_INADEMPIMENTO_141005,Risoluzione contratto di leasing finanziario per inadempimento,allegati_obbligatori,allegati_obbligatori,allegati_obbligatori,allegati_obbligatori,True,True,True,True,True,,,,,,False,,ok
kb_98_top9_set10_parte1.json,TOP9_CODICI_FREQUENTI_SET10_PARTE1,GUIDA_RISOLUZIONE_CONTRATTO_DI_LEASING_FINANZIARIO_PER_INADEMPIMENTO_141005,Risoluzione contratto di leasing finanziario per inadempimento,termini_processuali,termini_processuali,termini_processuali,termini_processuali,True,True,True,True,True,,,,,,False,,ok
kb_98_top9_set10_parte1.json,TOP9_CODICI_FREQUENTI_SET10_PARTE1,GUIDA_RISOLUZIONE_CONTRATTO_DI_LEASING_FINANZIARIO_PER_INADEMPIMENTO_141005,Risoluzione contratto di leasing finanziario per inadempimento,esiti_processuali_tipici,esiti_processuali_tipici,esiti_processuali_tipici,esiti_processuali_tipici,True,True,True,True,True,,,,,,False,,ok
kb_98_top9_set10_parte1.json,TOP9_CODICI_FREQUENTI_SET10_PARTE1,GUIDA_RISOLUZIONE_CONTRATTO_DI_LEASING_FINANZIARIO_PER_INADEMPIMENTO_141005,Risoluzione contratto di leasing finanziario per inadempimento,normativa,normativa,normativa,normativa,True,True,True,True,True,,,,,,False,,ok
kb_98_top9_set10_parte1.json,TOP9_CODICI_FREQUENTI_SET10_PARTE1,GUIDA_RISOLUZIONE_CONTRATTO_DI_LEASING_FINANZIARIO_PER_INADEMPIMENTO_141005,Risoluzione contratto di leasing finanziario per inadempimento,atto_principale,atto_principale,atto_principale,atto_principale,True,True,True,True,True,,,,,,False,,ok
kb_98_top9_set10_parte1.json,TOP9_CODICI_FREQUENTI_SET10_PARTE1,GUIDA_RISOLUZIONE_CONTRATTO_DI_LEASING_FINANZIARIO_PER_INADEMPIMENTO_141005,Risoluzione contratto di leasing finanziario per inadempimento,fonti_verifica_web,fonti_verifica_web,fonti_verifica_web,fonti_verifica_web,True,True,True,True,True,,,,,,False,,ok
kb_98_top9_set10_parte1.json,TOP9_CODICI_FREQUENTI_SET10_PARTE1,GUIDA_RISOLUZIONE_CONTRATTO_DI_LEASING_FINANZIARIO_PER_INADEMPIMENTO_141005,Risoluzione contratto di leasing finanziario per inadempimento,presidi_operativi_integrativi,presidi_operativi_integrativi,presidi_operativi_integrativi,presidi_operativi_integrativi,False,False,True,True,True,,,,,,False,,ok
kb_98_top9_set10_parte1.json,TOP9_CODICI_FREQUENTI_SET10_PARTE1,GUIDA_RISOLUZIONE_CONTRATTO_DI_LEASING_FINANZIARIO_PER_INADEMPIMENTO_141005,Risoluzione contratto di leasing finanziario per inadempimento,specialistica:definizione_e_caratteristiche_leasing,definizione_e_caratteristiche_leasing,definizione_e_caratteristiche_leasing,definizione_e_caratteristiche_leasing,True,True,True,True,True,,,,,,False,,ok
kb_98_top9_set10_parte1.json,TOP9_CODICI_FREQUENTI_SET10_PARTE1,GUIDA_RISOLUZIONE_CONTRATTO_DI_LEASING_FINANZIARIO_PER_INADEMPIMENTO_141005,Risoluzione contratto di leasing finanziario per inadempimento,specialistica:meccanismo_liquidazione_post_risoluzione_l_124_2017,meccanismo_liquidazione_post_risoluzione_l_124_2017,meccanismo_liquidazione_post_risoluzione_l_124_2017,meccanismo_liquidazione_post_risoluzione_l_124_2017,True,True,True,True,True,,,,,,False,,ok
kb_98_top9_set10_parte1.json,TOP9_CODICI_FREQUENTI_SET10_PARTE1,111010,Affidamento e mantenimento figli nati fuori dal matrimonio (art. 473-bis c.p.c.),denominazione,denominazione,denominazione,denominazione,True,True,True,True,True,,,,Affidamento e mantenimento figli nati fuori dal matrimonio (art. 473-bis c.p.c.),Affidamento e mantenimento figli nati fuori dal matrimonio (art. 473-bis c.p.c.),False,,ok
kb_98_top9_set10_parte1.json,TOP9_CODICI_FREQUENTI_SET10_PARTE1,111010,Affidamento e mantenimento figli nati fuori dal matrimonio (art. 473-bis c.p.c.),categoria,categoria,categoria,categoria,True,True,True,True,True,,,,Persone e famiglia - filiazione,Persone e famiglia - filiazione,False,,ok
kb_98_top9_set10_parte1.json,TOP9_CODICI_FREQUENTI_SET10_PARTE1,111010,Affidamento e mantenimento figli nati fuori dal matrimonio (art. 473-bis c.p.c.),sottocategoria,sottocategoria,sottocategoria,sottocategoria,True,True,True,True,True,,,,Procedimento per regolazione dei rapporti genitori-figli nati fuori dal matrimonio (non conviventi e che non procedono congiuntamente),Procedimento per regolazione dei rapporti genitori-figli nati fuori dal matrimonio (non conviventi e che non procedono congiuntamente),False,,ok
kb_98_top9_set10_parte1.json,TOP9_CODICI_FREQUENTI_SET10_PARTE1,111010,Affidamento e mantenimento figli nati fuori dal matrimonio (art. 473-bis c.p.c.),rito,rito,rito,rito,True,True,True,True,True,,,,Rito unificato persone e famiglia ex artt. 473-bis e ss. c.p.c. (Cartabia D.Lgs. 149/2022),Rito unificato persone e famiglia ex artt. 473-bis e ss. c.p.c. (Cartabia D.Lgs. 149/2022),False,,ok
kb_98_top9_set10_parte1.json,TOP9_CODICI_FREQUENTI_SET10_PARTE1,111010,Affidamento e mantenimento figli nati fuori dal matrimonio (art. 473-bis c.p.c.),competenza,competenza,competenza,competenza,True,True,True,True,True,,,,Tribunale ordinario - sezione famiglia; residenza abituale del minore,Tribunale ordinario - sezione famiglia; residenza abituale del minore,False,,ok
kb_98_top9_set10_parte1.json,TOP9_CODICI_FREQUENTI_SET10_PARTE1,111010,Affidamento e mantenimento figli nati fuori dal matrimonio (art. 473-bis c.p.c.),uffici_destinatari,uffici_destinatari,uffici_destinatari,uffici_destinatari,True,True,True,True,True,,,,,,False,,ok
kb_98_top9_set10_parte1.json,TOP9_CODICI_FREQUENTI_SET10_PARTE1,111010,Affidamento e mantenimento figli nati fuori dal matrimonio (art. 473-bis c.p.c.),tipologie_di_intervento,tipologie_di_intervento,tipologie_di_intervento,tipologie_di_intervento,False,True,True,True,True,,,,,,False,,ok
kb_98_top9_set10_parte1.json,TOP9_CODICI_FREQUENTI_SET10_PARTE1,111010,Affidamento e mantenimento figli nati fuori dal matrimonio (art. 473-bis c.p.c.),presupposti_sostanziali,presupposti_sostanziali,presupposti_sostanziali,presupposti_sostanziali,True,True,True,True,True,,,,,,False,,ok
kb_98_top9_set10_parte1.json,TOP9_CODICI_FREQUENTI_SET10_PARTE1,111010,Affidamento e mantenimento figli nati fuori dal matrimonio (art. 473-bis c.p.c.),legittimati_attivi,legittimati_attivi,legittimati_attivi,legittimati_attivi,False,True,True,True,True,,,,,,False,,ok
kb_98_top9_set10_parte1.json,TOP9_CODICI_FREQUENTI_SET10_PARTE1,111010,Affidamento e mantenimento figli nati fuori dal matrimonio (art. 473-bis c.p.c.),obbligo_mediazione,obbligo_mediazione,obbligo_mediazione,obbligo_mediazione,True,True,True,True,True,,,,,,False,,ok
kb_98_top9_set10_parte1.json,TOP9_CODICI_FREQUENTI_SET10_PARTE1,111010,Affidamento e mantenimento figli nati fuori dal matrimonio (art. 473-bis c.p.c.),adempimenti_propedeutici,adempimenti_propedeutici,adempimenti_propedeutici,adempimenti_propedeutici,True,True,True,True,True,"1,2,3,4","1,2,3,4,5",,,,False,,ok
kb_98_top9_set10_parte1.json,TOP9_CODICI_FREQUENTI_SET10_PARTE1,111010,Affidamento e mantenimento figli nati fuori dal matrimonio (art. 473-bis c.p.c.),richiesta_provvedimenti_urgenti,richiesta_provvedimenti_urgenti,richiesta_provvedimenti_urgenti,richiesta_provvedimenti_urgenti,False,True,True,True,True,,,,,,False,,ok
kb_98_top9_set10_parte1.json,TOP9_CODICI_FREQUENTI_SET10_PARTE1,111010,Affidamento e mantenimento figli nati fuori dal matrimonio (art. 473-bis c.p.c.),avvertimenti_obbligatori,atto_principale.avvertimenti_obbligatori,avvertimenti_obbligatori,avvertimenti_obbligatori,True,True,True,True,True,,,,,,False,,ok
kb_98_top9_set10_parte1.json,TOP9_CODICI_FREQUENTI_SET10_PARTE1,111010,Affidamento e mantenimento figli nati fuori dal matrimonio (art. 473-bis c.p.c.),allegati_obbligatori,allegati_obbligatori,allegati_obbligatori,allegati_obbligatori,True,True,True,True,True,,,,,,False,,ok
kb_98_top9_set10_parte1.json,TOP9_CODICI_FREQUENTI_SET10_PARTE1,111010,Affidamento e mantenimento figli nati fuori dal matrimonio (art. 473-bis c.p.c.),termini_processuali,termini_processuali,termini_processuali,termini_processuali,True,True,True,True,True,,,,,,False,,ok
kb_98_top9_set10_parte1.json,TOP9_CODICI_FREQUENTI_SET10_PARTE1,111010,Affidamento e mantenimento figli nati fuori dal matrimonio (art. 473-bis c.p.c.),esiti_processuali_tipici,esiti_processuali_tipici,esiti_processuali_tipici,esiti_processuali_tipici,True,True,True,True,True,,,,,,False,,ok
kb_98_top9_set10_parte1.json,TOP9_CODICI_FREQUENTI_SET10_PARTE1,111010,Affidamento e mantenimento figli nati fuori dal matrimonio (art. 473-bis c.p.c.),normativa,normativa,normativa,normativa,True,True,True,True,True,,,,,,False,,ok
kb_98_top9_set10_parte1.json,TOP9_CODICI_FREQUENTI_SET10_PARTE1,111010,Affidamento e mantenimento figli nati fuori dal matrimonio (art. 473-bis c.p.c.),atto_principale,atto_principale,atto_principale,atto_principale,True,True,True,True,True,,,,,,False,,ok
kb_98_top9_set10_parte1.json,TOP9_CODICI_FREQUENTI_SET10_PARTE1,111010,Affidamento e mantenimento figli nati fuori dal matrimonio (art. 473-bis c.p.c.),fonti_verifica_web,fonti_verifica_web,fonti_verifica_web,fonti_verifica_web,True,True,True,True,True,,,,,,False,,ok
kb_98_top9_set10_parte1.json,TOP9_CODICI_FREQUENTI_SET10_PARTE1,111010,Affidamento e mantenimento figli nati fuori dal matrimonio (art. 473-bis c.p.c.),presidi_operativi_integrativi,presidi_operativi_integrativi,presidi_operativi_integrativi,presidi_operativi_integrativi,False,False,True,True,True,,,,,,False,,ok
kb_98_top9_set10_parte1.json,TOP9_CODICI_FREQUENTI_SET10_PARTE1,111010,Affidamento e mantenimento figli nati fuori dal matrimonio (art. 473-bis c.p.c.),specialistica:differenza_da_111002_separazione_giudiziale,differenza_da_111002_separazione_giudiziale,differenza_da_111002_separazione_giudiziale,differenza_da_111002_separazione_giudiziale,True,True,True,True,True,,,,,,False,,ok
kb_98_top9_set10_parte1.json,TOP9_CODICI_FREQUENTI_SET10_PARTE1,111010,Affidamento e mantenimento figli nati fuori dal matrimonio (art. 473-bis c.p.c.),specialistica:regime_di_affidamento,regime_di_affidamento,regime_di_affidamento,regime_di_affidamento,True,True,True,True,True,,,,,,False,,ok
kb_98_top9_set10_parte1.json,TOP9_CODICI_FREQUENTI_SET10_PARTE1,111010,Affidamento e mantenimento figli nati fuori dal matrimonio (art. 473-bis c.p.c.),specialistica:mantenimento_dei_figli,mantenimento_dei_figli,mantenimento_dei_figli,mantenimento_dei_figli,True,True,True,True,True,,,,,,False,,ok
kb_98_top9_set10_parte1.json,TOP9_CODICI_FREQUENTI_SET10_PARTE1,220010,Licenziamento per giusta causa (art. 2119 c.c.) - impugnazione,denominazione,denominazione,denominazione,denominazione,True,True,True,True,True,,,,Licenziamento per giusta causa (art. 2119 c.c.) - impugnazione,Licenziamento per giusta causa (art. 2119 c.c.) - impugnazione,False,,ok
kb_98_top9_set10_parte1.json,TOP9_CODICI_FREQUENTI_SET10_PARTE1,220010,Licenziamento per giusta causa (art. 2119 c.c.) - impugnazione,categoria,categoria,categoria,categoria,True,True,True,True,True,,,,Lavoro - cessazione rapporto,Lavoro - cessazione rapporto,False,,ok
kb_98_top9_set10_parte1.json,TOP9_CODICI_FREQUENTI_SET10_PARTE1,220010,Licenziamento per giusta causa (art. 2119 c.c.) - impugnazione,sottocategoria,sottocategoria,sottocategoria,sottocategoria,True,True,True,True,True,,,,Impugnazione di licenziamento per giusta causa (comportamento grave del lavoratore),Impugnazione di licenziamento per giusta causa (comportamento grave del lavoratore),False,,ok
kb_98_top9_set10_parte1.json,TOP9_CODICI_FREQUENTI_SET10_PARTE1,220010,Licenziamento per giusta causa (art. 2119 c.c.) - impugnazione,rito,rito,rito,rito,True,True,True,True,True,,,,Rito del lavoro ex artt. 409 e ss. c.p.c.,Rito del lavoro ex artt. 409 e ss. c.p.c.,False,,ok
kb_98_top9_set10_parte1.json,TOP9_CODICI_FREQUENTI_SET10_PARTE1,220010,Licenziamento per giusta causa (art. 2119 c.c.) - impugnazione,competenza,competenza,competenza,competenza,True,True,True,True,True,,,,Tribunale del lavoro - foro della sede di lavoro (art. 413 c.p.c.),Tribunale del lavoro - foro della sede di lavoro (art. 413 c.p.c.),False,,ok
kb_98_top9_set10_parte1.json,TOP9_CODICI_FREQUENTI_SET10_PARTE1,220010,Licenziamento per giusta causa (art. 2119 c.c.) - impugnazione,uffici_destinatari,uffici_destinatari,uffici_destinatari,uffici_destinatari,True,True,True,True,True,,,,,,False,,ok
kb_98_top9_set10_parte1.json,TOP9_CODICI_FREQUENTI_SET10_PARTE1,220010,Licenziamento per giusta causa (art. 2119 c.c.) - impugnazione,tipologie_di_intervento,tipologie_di_intervento,tipologie_di_intervento,tipologie_di_intervento,False,True,True,True,True,,,,,,False,,ok
kb_98_top9_set10_parte1.json,TOP9_CODICI_FREQUENTI_SET10_PARTE1,220010,Licenziamento per giusta causa (art. 2119 c.c.) - impugnazione,presupposti_sostanziali,presupposti_sostanziali,presupposti_sostanziali,presupposti_sostanziali,False,True,True,True,True,,,,,,False,,ok
kb_98_top9_set10_parte1.json,TOP9_CODICI_FREQUENTI_SET10_PARTE1,220010,Licenziamento per giusta causa (art. 2119 c.c.) - impugnazione,legittimati_attivi,legittimati_attivi,legittimati_attivi,legittimati_attivi,False,True,True,True,True,,,,,,False,,ok
kb_98_top9_set10_parte1.json,TOP9_CODICI_FREQUENTI_SET10_PARTE1,220010,Licenziamento per giusta causa (art. 2119 c.c.) - impugnazione,obbligo_mediazione,obbligo_mediazione,obbligo_mediazione,obbligo_mediazione,True,True,True,True,True,,,,,,False,,ok
kb_98_top9_set10_parte1.json,TOP9_CODICI_FREQUENTI_SET10_PARTE1,220010,Licenziamento per giusta causa (art. 2119 c.c.) - impugnazione,adempimenti_propedeutici,adempimenti_propedeutici,adempimenti_propedeutici,adempimenti_propedeutici,True,True,True,True,True,"1,2,3,4,5,6","1,2,3,4,5,6",,,,False,,ok
kb_98_top9_set10_parte1.json,TOP9_CODICI_FREQUENTI_SET10_PARTE1,220010,Licenziamento per giusta causa (art. 2119 c.c.) - impugnazione,richiesta_provvedimenti_urgenti,richiesta_provvedimenti_urgenti,richiesta_provvedimenti_urgenti,richiesta_provvedimenti_urgenti,False,True,True,True,True,,,,,,False,,ok
kb_98_top9_set10_parte1.json,TOP9_CODICI_FREQUENTI_SET10_PARTE1,220010,Licenziamento per giusta causa (art. 2119 c.c.) - impugnazione,avvertimenti_obbligatori,atto_principale.avvertimenti_obbligatori,avvertimenti_obbligatori,avvertimenti_obbligatori,True,True,True,True,True,,,,,,False,,ok
kb_98_top9_set10_parte1.json,TOP9_CODICI_FREQUENTI_SET10_PARTE1,220010,Licenziamento per giusta causa (art. 2119 c.c.) - impugnazione,allegati_obbligatori,allegati_obbligatori,allegati_obbligatori,allegati_obbligatori,True,True,True,True,True,,,,,,False,,ok
kb_98_top9_set10_parte1.json,TOP9_CODICI_FREQUENTI_SET10_PARTE1,220010,Licenziamento per giusta causa (art. 2119 c.c.) - impugnazione,termini_processuali,termini_processuali,termini_processuali,termini_processuali,True,True,True,True,True,,,,,,False,,ok
kb_98_top9_set10_parte1.json,TOP9_CODICI_FREQUENTI_SET10_PARTE1,220010,Licenziamento per giusta causa (art. 2119 c.c.) - impugnazione,esiti_processuali_tipici,esiti_processuali_tipici,esiti_processuali_tipici,esiti_processuali_tipici,True,True,True,True,True,,,,,,False,,ok
kb_98_top9_set10_parte1.json,TOP9_CODICI_FREQUENTI_SET10_PARTE1,220010,Licenziamento per giusta causa (art. 2119 c.c.) - impugnazione,normativa,normativa,normativa,normativa,True,True,True,True,True,,,,,,False,,ok
kb_98_top9_set10_parte1.json,TOP9_CODICI_FREQUENTI_SET10_PARTE1,220010,Licenziamento per giusta causa (art. 2119 c.c.) - impugnazione,atto_principale,atto_principale,atto_principale,atto_principale,True,True,True,True,True,,,,,,False,,ok
kb_98_top9_set10_parte1.json,TOP9_CODICI_FREQUENTI_SET10_PARTE1,220010,Licenziamento per giusta causa (art. 2119 c.c.) - impugnazione,fonti_verifica_web,fonti_verifica_web,fonti_verifica_web,fonti_verifica_web,True,True,True,True,True,,,,,,False,,ok
kb_98_top9_set10_parte1.json,TOP9_CODICI_FREQUENTI_SET10_PARTE1,220010,Licenziamento per giusta causa (art. 2119 c.c.) - impugnazione,presidi_operativi_integrativi,presidi_operativi_integrativi,presidi_operativi_integrativi,presidi_operativi_integrativi,False,False,True,True,True,,,,,,False,,ok
kb_98_top9_set10_parte1.json,TOP9_CODICI_FREQUENTI_SET10_PARTE1,220010,Licenziamento per giusta causa (art. 2119 c.c.) - impugnazione,specialistica:differenza_giusta_causa_vs_GMO,differenza_giusta_causa_vs_GMO,differenza_giusta_causa_vs_GMO,differenza_giusta_causa_vs_GMO,True,True,True,True,True,,,,,,False,,ok
kb_98_top9_set10_parte1.json,TOP9_CODICI_FREQUENTI_SET10_PARTE1,220010,Licenziamento per giusta causa (art. 2119 c.c.) - impugnazione,specialistica:procedura_disciplinare_obbligatoria_art_7_st_lav,procedura_disciplinare_obbligatoria_art_7_st_lav,procedura_disciplinare_obbligatoria_art_7_st_lav,procedura_disciplinare_obbligatoria_art_7_st_lav,True,True,True,True,True,,,,,,False,,ok
kb_98_top9_set10_parte1.json,TOP9_CODICI_FREQUENTI_SET10_PARTE1,220010,Licenziamento per giusta causa (art. 2119 c.c.) - impugnazione,specialistica:tutele_per_assunti_post_7_marzo_2015,tutele_per_assunti_post_7_marzo_2015,tutele_per_assunti_post_7_marzo_2015,tutele_per_assunti_post_7_marzo_2015,True,True,True,True,True,,,,,,False,,ok
kb_98_top9_set10_parte2.json,TOP9_CODICI_FREQUENTI_SET10_PARTE2,GUIDA_AZIONE_DI_SIMULAZIONE_CONTRATTUALE_ARTT_1414_1417_C_C_102010,Azione di simulazione contrattuale (artt. 1414-1417 c.c.),denominazione,denominazione,denominazione,denominazione,True,True,True,True,True,,,,Azione di simulazione contrattuale (artt. 1414-1417 c.c.),Azione di simulazione contrattuale (artt. 1414-1417 c.c.),False,,ok
kb_98_top9_set10_parte2.json,TOP9_CODICI_FREQUENTI_SET10_PARTE2,GUIDA_AZIONE_DI_SIMULAZIONE_CONTRATTUALE_ARTT_1414_1417_C_C_102010,Azione di simulazione contrattuale (artt. 1414-1417 c.c.),categoria,categoria,categoria,categoria,True,True,True,True,True,,,,Contratti - patologia - simulazione,Contratti - patologia - simulazione,False,,ok
kb_98_top9_set10_parte2.json,TOP9_CODICI_FREQUENTI_SET10_PARTE2,GUIDA_AZIONE_DI_SIMULAZIONE_CONTRATTUALE_ARTT_1414_1417_C_C_102010,Azione di simulazione contrattuale (artt. 1414-1417 c.c.),sottocategoria,sottocategoria,sottocategoria,sottocategoria,True,True,True,True,True,,,,Accertamento della simulazione assoluta o relativa di un contratto + effetti,Accertamento della simulazione assoluta o relativa di un contratto + effetti,False,,ok
kb_98_top9_set10_parte2.json,TOP9_CODICI_FREQUENTI_SET10_PARTE2,GUIDA_AZIONE_DI_SIMULAZIONE_CONTRATTUALE_ARTT_1414_1417_C_C_102010,Azione di simulazione contrattuale (artt. 1414-1417 c.c.),rito,rito,rito,rito,True,True,True,True,True,,,,Rito ordinario di cognizione preceduto da MEDIAZIONE OBBLIGATORIA (se contratto immobiliare rientra in diritti reali),Rito ordinario di cognizione preceduto da MEDIAZIONE OBBLIGATORIA (se contratto immobiliare rientra in diritti reali),False,,ok
kb_98_top9_set10_parte2.json,TOP9_CODICI_FREQUENTI_SET10_PARTE2,GUIDA_AZIONE_DI_SIMULAZIONE_CONTRATTUALE_ARTT_1414_1417_C_C_102010,Azione di simulazione contrattuale (artt. 1414-1417 c.c.),competenza,competenza,competenza,competenza,True,True,True,True,True,,,,Tribunale - foro residenza convenuto o luogo esecuzione (art. 20 c.p.c.),Tribunale - foro residenza convenuto o luogo esecuzione (art. 20 c.p.c.),False,,ok
kb_98_top9_set10_parte2.json,TOP9_CODICI_FREQUENTI_SET10_PARTE2,GUIDA_AZIONE_DI_SIMULAZIONE_CONTRATTUALE_ARTT_1414_1417_C_C_102010,Azione di simulazione contrattuale (artt. 1414-1417 c.c.),uffici_destinatari,uffici_destinatari,uffici_destinatari,uffici_destinatari,True,True,True,True,True,,,,,,False,,ok
kb_98_top9_set10_parte2.json,TOP9_CODICI_FREQUENTI_SET10_PARTE2,GUIDA_AZIONE_DI_SIMULAZIONE_CONTRATTUALE_ARTT_1414_1417_C_C_102010,Azione di simulazione contrattuale (artt. 1414-1417 c.c.),tipologie_di_intervento,tipologie_di_intervento,tipologie_di_intervento,tipologie_di_intervento,False,False,False,True,False,,,,,,False,,ok
kb_98_top9_set10_parte2.json,TOP9_CODICI_FREQUENTI_SET10_PARTE2,GUIDA_AZIONE_DI_SIMULAZIONE_CONTRATTUALE_ARTT_1414_1417_C_C_102010,Azione di simulazione contrattuale (artt. 1414-1417 c.c.),presupposti_sostanziali,presupposti_sostanziali,presupposti_sostanziali,presupposti_sostanziali,True,True,True,True,True,,,,,,False,,ok
kb_98_top9_set10_parte2.json,TOP9_CODICI_FREQUENTI_SET10_PARTE2,GUIDA_AZIONE_DI_SIMULAZIONE_CONTRATTUALE_ARTT_1414_1417_C_C_102010,Azione di simulazione contrattuale (artt. 1414-1417 c.c.),legittimati_attivi,legittimati_attivi,legittimati_attivi,legittimati_attivi,False,False,False,True,False,,,,,,False,,ok
kb_98_top9_set10_parte2.json,TOP9_CODICI_FREQUENTI_SET10_PARTE2,GUIDA_AZIONE_DI_SIMULAZIONE_CONTRATTUALE_ARTT_1414_1417_C_C_102010,Azione di simulazione contrattuale (artt. 1414-1417 c.c.),obbligo_mediazione,obbligo_mediazione,obbligo_mediazione,obbligo_mediazione,True,True,True,True,True,,,,,,False,,ok
kb_98_top9_set10_parte2.json,TOP9_CODICI_FREQUENTI_SET10_PARTE2,GUIDA_AZIONE_DI_SIMULAZIONE_CONTRATTUALE_ARTT_1414_1417_C_C_102010,Azione di simulazione contrattuale (artt. 1414-1417 c.c.),adempimenti_propedeutici,adempimenti_propedeutici,adempimenti_propedeutici,adempimenti_propedeutici,True,True,True,True,True,"1,2,3,4","1,2,3,4",,,,False,,ok
kb_98_top9_set10_parte2.json,TOP9_CODICI_FREQUENTI_SET10_PARTE2,GUIDA_AZIONE_DI_SIMULAZIONE_CONTRATTUALE_ARTT_1414_1417_C_C_102010,Azione di simulazione contrattuale (artt. 1414-1417 c.c.),richiesta_provvedimenti_urgenti,richiesta_provvedimenti_urgenti,richiesta_provvedimenti_urgenti,richiesta_provvedimenti_urgenti,False,False,False,True,False,,,,,,False,,ok
kb_98_top9_set10_parte2.json,TOP9_CODICI_FREQUENTI_SET10_PARTE2,GUIDA_AZIONE_DI_SIMULAZIONE_CONTRATTUALE_ARTT_1414_1417_C_C_102010,Azione di simulazione contrattuale (artt. 1414-1417 c.c.),avvertimenti_obbligatori,atto_principale.avvertimenti_obbligatori,atto_principale.avvertimenti_obbligatori,atto_principale.avvertimenti_obbligatori,True,True,True,True,True,,,,,,False,,ok
kb_98_top9_set10_parte2.json,TOP9_CODICI_FREQUENTI_SET10_PARTE2,GUIDA_AZIONE_DI_SIMULAZIONE_CONTRATTUALE_ARTT_1414_1417_C_C_102010,Azione di simulazione contrattuale (artt. 1414-1417 c.c.),allegati_obbligatori,allegati_obbligatori,allegati_obbligatori,allegati_obbligatori,True,True,True,True,True,,,,,,False,,ok
kb_98_top9_set10_parte2.json,TOP9_CODICI_FREQUENTI_SET10_PARTE2,GUIDA_AZIONE_DI_SIMULAZIONE_CONTRATTUALE_ARTT_1414_1417_C_C_102010,Azione di simulazione contrattuale (artt. 1414-1417 c.c.),termini_processuali,termini_processuali,termini_processuali,termini_processuali,True,True,True,True,True,,,,,,False,,ok
kb_98_top9_set10_parte2.json,TOP9_CODICI_FREQUENTI_SET10_PARTE2,GUIDA_AZIONE_DI_SIMULAZIONE_CONTRATTUALE_ARTT_1414_1417_C_C_102010,Azione di simulazione contrattuale (artt. 1414-1417 c.c.),esiti_processuali_tipici,esiti_processuali_tipici,esiti_processuali_tipici,esiti_processuali_tipici,True,True,True,True,True,,,,,,False,,ok
kb_98_top9_set10_parte2.json,TOP9_CODICI_FREQUENTI_SET10_PARTE2,GUIDA_AZIONE_DI_SIMULAZIONE_CONTRATTUALE_ARTT_1414_1417_C_C_102010,Azione di simulazione contrattuale (artt. 1414-1417 c.c.),normativa,normativa,normativa,normativa,True,True,True,True,True,,,,,,False,,ok
kb_98_top9_set10_parte2.json,TOP9_CODICI_FREQUENTI_SET10_PARTE2,GUIDA_AZIONE_DI_SIMULAZIONE_CONTRATTUALE_ARTT_1414_1417_C_C_102010,Azione di simulazione contrattuale (artt. 1414-1417 c.c.),atto_principale,atto_principale,atto_principale,atto_principale,True,True,True,True,True,,,,,,False,,ok
kb_98_top9_set10_parte2.json,TOP9_CODICI_FREQUENTI_SET10_PARTE2,GUIDA_AZIONE_DI_SIMULAZIONE_CONTRATTUALE_ARTT_1414_1417_C_C_102010,Azione di simulazione contrattuale (artt. 1414-1417 c.c.),fonti_verifica_web,fonti_verifica_web,fonti_verifica_web,fonti_verifica_web,True,True,True,True,True,,,,,,False,,ok
kb_98_top9_set10_parte2.json,TOP9_CODICI_FREQUENTI_SET10_PARTE2,GUIDA_AZIONE_DI_SIMULAZIONE_CONTRATTUALE_ARTT_1414_1417_C_C_102010,Azione di simulazione contrattuale (artt. 1414-1417 c.c.),presidi_operativi_integrativi,presidi_operativi_integrativi,presidi_operativi_integrativi,presidi_operativi_integrativi,False,False,True,True,True,,,,,,False,,ok
kb_98_top9_set10_parte2.json,TOP9_CODICI_FREQUENTI_SET10_PARTE2,GUIDA_AZIONE_DI_SIMULAZIONE_CONTRATTUALE_ARTT_1414_1417_C_C_102010,Azione di simulazione contrattuale (artt. 1414-1417 c.c.),specialistica:tipologie_di_simulazione,tipologie_di_simulazione,tipologie_di_simulazione,tipologie_di_simulazione,True,True,True,True,True,,,,,,False,,ok
kb_98_top9_set10_parte2.json,TOP9_CODICI_FREQUENTI_SET10_PARTE2,GUIDA_AZIONE_DI_SIMULAZIONE_CONTRATTUALE_ARTT_1414_1417_C_C_102010,Azione di simulazione contrattuale (artt. 1414-1417 c.c.),specialistica:prova_della_simulazione_art_1417,prova_della_simulazione_art_1417,prova_della_simulazione_art_1417,prova_della_simulazione_art_1417,True,True,True,True,True,,,,,,False,,ok
kb_98_top9_set10_parte2.json,TOP9_CODICI_FREQUENTI_SET10_PARTE2,GUIDA_AZIONE_DI_SIMULAZIONE_CONTRATTUALE_ARTT_1414_1417_C_C_102010,Azione di simulazione contrattuale (artt. 1414-1417 c.c.),specialistica:tutela_dei_terzi_di_buona_fede_1415,tutela_dei_terzi_di_buona_fede_1415,tutela_dei_terzi_di_buona_fede_1415,tutela_dei_terzi_di_buona_fede_1415,True,True,True,True,True,,,,,,False,,ok
kb_98_top9_set10_parte2.json,TOP9_CODICI_FREQUENTI_SET10_PARTE2,GUIDA_ESPROPRIAZIONE_FORZATA_PRESSO_TERZI_CONTROVERSIE_ARTT_548_554_C_P_C_512010,Espropriazione forzata presso terzi - controversie (artt. 548-554 c.p.c.),denominazione,denominazione,denominazione,denominazione,True,True,True,True,True,,,,Espropriazione forzata presso terzi - controversie (artt. 548-554 c.p.c.),Espropriazione forzata presso terzi - controversie (artt. 548-554 c.p.c.),False,,ok
kb_98_top9_set10_parte2.json,TOP9_CODICI_FREQUENTI_SET10_PARTE2,GUIDA_ESPROPRIAZIONE_FORZATA_PRESSO_TERZI_CONTROVERSIE_ARTT_548_554_C_P_C_512010,Espropriazione forzata presso terzi - controversie (artt. 548-554 c.p.c.),categoria,categoria,categoria,categoria,True,True,True,True,True,,,,Esecuzioni forzate - espropriazione presso terzi,Esecuzioni forzate - espropriazione presso terzi,False,,ok
kb_98_top9_set10_parte2.json,TOP9_CODICI_FREQUENTI_SET10_PARTE2,GUIDA_ESPROPRIAZIONE_FORZATA_PRESSO_TERZI_CONTROVERSIE_ARTT_548_554_C_P_C_512010,Espropriazione forzata presso terzi - controversie (artt. 548-554 c.p.c.),sottocategoria,sottocategoria,sottocategoria,sottocategoria,True,True,True,True,True,,,,Mancata o contestata dichiarazione del terzo pignorato + distribuzione del ricavato,Mancata o contestata dichiarazione del terzo pignorato + distribuzione del ricavato,False,,ok
kb_98_top9_set10_parte2.json,TOP9_CODICI_FREQUENTI_SET10_PARTE2,GUIDA_ESPROPRIAZIONE_FORZATA_PRESSO_TERZI_CONTROVERSIE_ARTT_548_554_C_P_C_512010,Espropriazione forzata presso terzi - controversie (artt. 548-554 c.p.c.),rito,rito,rito,rito,True,True,True,True,True,,,,Procedimento speciale davanti al GE (art. 548) + eventuale giudizio ordinario,Procedimento speciale davanti al GE (art. 548) + eventuale giudizio ordinario,False,,ok
kb_98_top9_set10_parte2.json,TOP9_CODICI_FREQUENTI_SET10_PARTE2,GUIDA_ESPROPRIAZIONE_FORZATA_PRESSO_TERZI_CONTROVERSIE_ARTT_548_554_C_P_C_512010,Espropriazione forzata presso terzi - controversie (artt. 548-554 c.p.c.),competenza,competenza,competenza,competenza,True,True,True,True,True,,,,GIUDICE DELL'ESECUZIONE del tribunale competente,GIUDICE DELL'ESECUZIONE del tribunale competente,False,,ok
kb_98_top9_set10_parte2.json,TOP9_CODICI_FREQUENTI_SET10_PARTE2,GUIDA_ESPROPRIAZIONE_FORZATA_PRESSO_TERZI_CONTROVERSIE_ARTT_548_554_C_P_C_512010,Espropriazione forzata presso terzi - controversie (artt. 548-554 c.p.c.),uffici_destinatari,uffici_destinatari,uffici_destinatari,uffici_destinatari,True,True,True,True,True,,,,,,False,,ok
kb_98_top9_set10_parte2.json,TOP9_CODICI_FREQUENTI_SET10_PARTE2,GUIDA_ESPROPRIAZIONE_FORZATA_PRESSO_TERZI_CONTROVERSIE_ARTT_548_554_C_P_C_512010,Espropriazione forzata presso terzi - controversie (artt. 548-554 c.p.c.),tipologie_di_intervento,tipologie_di_intervento,tipologie_di_intervento,tipologie_di_intervento,False,False,False,True,False,,,,,,False,,ok
kb_98_top9_set10_parte2.json,TOP9_CODICI_FREQUENTI_SET10_PARTE2,GUIDA_ESPROPRIAZIONE_FORZATA_PRESSO_TERZI_CONTROVERSIE_ARTT_548_554_C_P_C_512010,Espropriazione forzata presso terzi - controversie (artt. 548-554 c.p.c.),presupposti_sostanziali,presupposti_sostanziali,presupposti_sostanziali,presupposti_sostanziali,False,False,False,True,False,,,,,,False,,ok
kb_98_top9_set10_parte2.json,TOP9_CODICI_FREQUENTI_SET10_PARTE2,GUIDA_ESPROPRIAZIONE_FORZATA_PRESSO_TERZI_CONTROVERSIE_ARTT_548_554_C_P_C_512010,Espropriazione forzata presso terzi - controversie (artt. 548-554 c.p.c.),legittimati_attivi,legittimati_attivi,legittimati_attivi,legittimati_attivi,False,False,False,True,False,,,,,,False,,ok
kb_98_top9_set10_parte2.json,TOP9_CODICI_FREQUENTI_SET10_PARTE2,GUIDA_ESPROPRIAZIONE_FORZATA_PRESSO_TERZI_CONTROVERSIE_ARTT_548_554_C_P_C_512010,Espropriazione forzata presso terzi - controversie (artt. 548-554 c.p.c.),obbligo_mediazione,obbligo_mediazione,obbligo_mediazione,obbligo_mediazione,True,True,True,True,True,,,,,,False,,ok
kb_98_top9_set10_parte2.json,TOP9_CODICI_FREQUENTI_SET10_PARTE2,GUIDA_ESPROPRIAZIONE_FORZATA_PRESSO_TERZI_CONTROVERSIE_ARTT_548_554_C_P_C_512010,Espropriazione forzata presso terzi - controversie (artt. 548-554 c.p.c.),adempimenti_propedeutici,adempimenti_propedeutici,adempimenti_propedeutici,adempimenti_propedeutici,True,True,True,True,True,"1,2,3,4,5","1,2,3,4,5",,,,False,,ok
kb_98_top9_set10_parte2.json,TOP9_CODICI_FREQUENTI_SET10_PARTE2,GUIDA_ESPROPRIAZIONE_FORZATA_PRESSO_TERZI_CONTROVERSIE_ARTT_548_554_C_P_C_512010,Espropriazione forzata presso terzi - controversie (artt. 548-554 c.p.c.),richiesta_provvedimenti_urgenti,richiesta_provvedimenti_urgenti,richiesta_provvedimenti_urgenti,richiesta_provvedimenti_urgenti,False,False,False,True,False,,,,,,False,,ok
kb_98_top9_set10_parte2.json,TOP9_CODICI_FREQUENTI_SET10_PARTE2,GUIDA_ESPROPRIAZIONE_FORZATA_PRESSO_TERZI_CONTROVERSIE_ARTT_548_554_C_P_C_512010,Espropriazione forzata presso terzi - controversie (artt. 548-554 c.p.c.),avvertimenti_obbligatori,atto_principale.avvertimenti_obbligatori,atto_principale.avvertimenti_obbligatori,atto_principale.avvertimenti_obbligatori,True,True,True,True,True,,,,,,False,,ok
kb_98_top9_set10_parte2.json,TOP9_CODICI_FREQUENTI_SET10_PARTE2,GUIDA_ESPROPRIAZIONE_FORZATA_PRESSO_TERZI_CONTROVERSIE_ARTT_548_554_C_P_C_512010,Espropriazione forzata presso terzi - controversie (artt. 548-554 c.p.c.),allegati_obbligatori,allegati_obbligatori,allegati_obbligatori,allegati_obbligatori,True,True,True,True,True,,,,,,False,,ok
kb_98_top9_set10_parte2.json,TOP9_CODICI_FREQUENTI_SET10_PARTE2,GUIDA_ESPROPRIAZIONE_FORZATA_PRESSO_TERZI_CONTROVERSIE_ARTT_548_554_C_P_C_512010,Espropriazione forzata presso terzi - controversie (artt. 548-554 c.p.c.),termini_processuali,termini_processuali,termini_processuali,termini_processuali,True,True,True,True,True,,,,,,False,,ok
kb_98_top9_set10_parte2.json,TOP9_CODICI_FREQUENTI_SET10_PARTE2,GUIDA_ESPROPRIAZIONE_FORZATA_PRESSO_TERZI_CONTROVERSIE_ARTT_548_554_C_P_C_512010,Espropriazione forzata presso terzi - controversie (artt. 548-554 c.p.c.),esiti_processuali_tipici,esiti_processuali_tipici,esiti_processuali_tipici,esiti_processuali_tipici,True,True,True,True,True,,,,,,False,,ok
kb_98_top9_set10_parte2.json,TOP9_CODICI_FREQUENTI_SET10_PARTE2,GUIDA_ESPROPRIAZIONE_FORZATA_PRESSO_TERZI_CONTROVERSIE_ARTT_548_554_C_P_C_512010,Espropriazione forzata presso terzi - controversie (artt. 548-554 c.p.c.),normativa,normativa,normativa,normativa,True,True,True,True,True,,,,,,False,,ok
kb_98_top9_set10_parte2.json,TOP9_CODICI_FREQUENTI_SET10_PARTE2,GUIDA_ESPROPRIAZIONE_FORZATA_PRESSO_TERZI_CONTROVERSIE_ARTT_548_554_C_P_C_512010,Espropriazione forzata presso terzi - controversie (artt. 548-554 c.p.c.),atto_principale,atto_principale,atto_principale,atto_principale,True,True,True,True,True,,,,,,False,,ok
kb_98_top9_set10_parte2.json,TOP9_CODICI_FREQUENTI_SET10_PARTE2,GUIDA_ESPROPRIAZIONE_FORZATA_PRESSO_TERZI_CONTROVERSIE_ARTT_548_554_C_P_C_512010,Espropriazione forzata presso terzi - controversie (artt. 548-554 c.p.c.),fonti_verifica_web,fonti_verifica_web,fonti_verifica_web,fonti_verifica_web,True,True,True,True,True,,,,,,False,,ok
kb_98_top9_set10_parte2.json,TOP9_CODICI_FREQUENTI_SET10_PARTE2,GUIDA_ESPROPRIAZIONE_FORZATA_PRESSO_TERZI_CONTROVERSIE_ARTT_548_554_C_P_C_512010,Espropriazione forzata presso terzi - controversie (artt. 548-554 c.p.c.),presidi_operativi_integrativi,presidi_operativi_integrativi,presidi_operativi_integrativi,presidi_operativi_integrativi,False,False,True,True,True,,,,,,False,,ok
kb_98_top9_set10_parte2.json,TOP9_CODICI_FREQUENTI_SET10_PARTE2,GUIDA_ESPROPRIAZIONE_FORZATA_PRESSO_TERZI_CONTROVERSIE_ARTT_548_554_C_P_C_512010,Espropriazione forzata presso terzi - controversie (artt. 548-554 c.p.c.),specialistica:tipologie_di_controversie_in_questo_codice,tipologie_di_controversie_in_questo_codice,tipologie_di_controversie_in_questo_codice,tipologie_di_controversie_in_questo_codice,True,True,True,True,True,,,,,,False,,ok
kb_98_top9_set10_parte2.json,TOP9_CODICI_FREQUENTI_SET10_PARTE2,GUIDA_ESPROPRIAZIONE_FORZATA_PRESSO_TERZI_CONTROVERSIE_ARTT_548_554_C_P_C_512010,Espropriazione forzata presso terzi - controversie (artt. 548-554 c.p.c.),specialistica:procedura_dichiarazione_terzo_547,procedura_dichiarazione_terzo_547,procedura_dichiarazione_terzo_547,procedura_dichiarazione_terzo_547,True,True,True,True,True,,,,,,False,,ok
kb_98_top9_set10_parte2.json,TOP9_CODICI_FREQUENTI_SET10_PARTE2,GUIDA_ESPROPRIAZIONE_FORZATA_PRESSO_TERZI_CONTROVERSIE_ARTT_548_554_C_P_C_512010,Espropriazione forzata presso terzi - controversie (artt. 548-554 c.p.c.),specialistica:mancata_dichiarazione_548,mancata_dichiarazione_548,mancata_dichiarazione_548,mancata_dichiarazione_548,True,True,True,True,True,,,,,,False,,ok
kb_98_top9_set10_parte2.json,TOP9_CODICI_FREQUENTI_SET10_PARTE2,GUIDA_ESPROPRIAZIONE_FORZATA_PRESSO_TERZI_CONTROVERSIE_ARTT_548_554_C_P_C_512010,Espropriazione forzata presso terzi - controversie (artt. 548-554 c.p.c.),specialistica:controversia_sulla_dichiarazione_549,controversia_sulla_dichiarazione_549,controversia_sulla_dichiarazione_549,controversia_sulla_dichiarazione_549,True,True,True,True,True,,,,,,False,,ok
kb_98_top9_set10_parte2.json,TOP9_CODICI_FREQUENTI_SET10_PARTE2,GUIDA_ESPROPRIAZIONE_FORZATA_PRESSO_TERZI_CONTROVERSIE_ARTT_548_554_C_P_C_512010,Espropriazione forzata presso terzi - controversie (artt. 548-554 c.p.c.),specialistica:distribuzione_del_ricavato_511_512,distribuzione_del_ricavato_511_512,distribuzione_del_ricavato_511_512,distribuzione_del_ricavato_511_512,True,True,True,True,True,,,,,,False,,ok
kb_98_top9_set10_parte2.json,TOP9_CODICI_FREQUENTI_SET10_PARTE2,GUIDA_RESPONSABILIT_DA_PRODOTTO_DIFETTOSO_D_LGS_206_2005_ARTT_114_127_COD_CONS_160050,Responsabilità da prodotto difettoso (D.Lgs. 206/2005 artt. 114-127 Cod. Consumo),denominazione,denominazione,denominazione,denominazione,True,True,True,True,True,,,,Responsabilità da prodotto difettoso (D.Lgs. 206/2005 artt. 114-127 Cod. Consumo),Responsabilità da prodotto difettoso (D.Lgs. 206/2005 artt. 114-127 Cod. Consumo),False,,ok
kb_98_top9_set10_parte2.json,TOP9_CODICI_FREQUENTI_SET10_PARTE2,GUIDA_RESPONSABILIT_DA_PRODOTTO_DIFETTOSO_D_LGS_206_2005_ARTT_114_127_COD_CONS_160050,Responsabilità da prodotto difettoso (D.Lgs. 206/2005 artt. 114-127 Cod. Consumo),categoria,categoria,categoria,categoria,True,True,True,True,True,,,,Responsabilità civile - responsabilità speciale,Responsabilità civile - responsabilità speciale,False,,ok
kb_98_top9_set10_parte2.json,TOP9_CODICI_FREQUENTI_SET10_PARTE2,GUIDA_RESPONSABILIT_DA_PRODOTTO_DIFETTOSO_D_LGS_206_2005_ARTT_114_127_COD_CONS_160050,Responsabilità da prodotto difettoso (D.Lgs. 206/2005 artt. 114-127 Cod. Consumo),sottocategoria,sottocategoria,sottocategoria,sottocategoria,True,True,True,True,True,,,,Azione del consumatore/danneggiato per danni causati da prodotto difettoso,Azione del consumatore/danneggiato per danni causati da prodotto difettoso,False,,ok
kb_98_top9_set10_parte2.json,TOP9_CODICI_FREQUENTI_SET10_PARTE2,GUIDA_RESPONSABILIT_DA_PRODOTTO_DIFETTOSO_D_LGS_206_2005_ARTT_114_127_COD_CONS_160050,Responsabilità da prodotto difettoso (D.Lgs. 206/2005 artt. 114-127 Cod. Consumo),rito,rito,rito,rito,True,True,True,True,True,,,,Rito ordinario di cognizione,Rito ordinario di cognizione,False,,ok
kb_98_top9_set10_parte2.json,TOP9_CODICI_FREQUENTI_SET10_PARTE2,GUIDA_RESPONSABILIT_DA_PRODOTTO_DIFETTOSO_D_LGS_206_2005_ARTT_114_127_COD_CONS_160050,Responsabilità da prodotto difettoso (D.Lgs. 206/2005 artt. 114-127 Cod. Consumo),competenza,competenza,competenza,competenza,True,True,True,True,True,,,,Tribunale - foro residenza convenuto o luogo fatto (foro speciale del consumatore ex Cod. Consumo),Tribunale - foro residenza convenuto o luogo fatto (foro speciale del consumatore ex Cod. Consumo),False,,ok
kb_98_top9_set10_parte2.json,TOP9_CODICI_FREQUENTI_SET10_PARTE2,GUIDA_RESPONSABILIT_DA_PRODOTTO_DIFETTOSO_D_LGS_206_2005_ARTT_114_127_COD_CONS_160050,Responsabilità da prodotto difettoso (D.Lgs. 206/2005 artt. 114-127 Cod. Consumo),uffici_destinatari,uffici_destinatari,uffici_destinatari,uffici_destinatari,True,True,True,True,True,,,,,,False,,ok
kb_98_top9_set10_parte2.json,TOP9_CODICI_FREQUENTI_SET10_PARTE2,GUIDA_RESPONSABILIT_DA_PRODOTTO_DIFETTOSO_D_LGS_206_2005_ARTT_114_127_COD_CONS_160050,Responsabilità da prodotto difettoso (D.Lgs. 206/2005 artt. 114-127 Cod. Consumo),tipologie_di_intervento,tipologie_di_intervento,tipologie_di_intervento,tipologie_di_intervento,False,False,False,True,False,,,,,,False,,ok
kb_98_top9_set10_parte2.json,TOP9_CODICI_FREQUENTI_SET10_PARTE2,GUIDA_RESPONSABILIT_DA_PRODOTTO_DIFETTOSO_D_LGS_206_2005_ARTT_114_127_COD_CONS_160050,Responsabilità da prodotto difettoso (D.Lgs. 206/2005 artt. 114-127 Cod. Consumo),presupposti_sostanziali,presupposti_sostanziali,presupposti_sostanziali,presupposti_sostanziali,True,True,True,True,True,,,,,,False,,ok
kb_98_top9_set10_parte2.json,TOP9_CODICI_FREQUENTI_SET10_PARTE2,GUIDA_RESPONSABILIT_DA_PRODOTTO_DIFETTOSO_D_LGS_206_2005_ARTT_114_127_COD_CONS_160050,Responsabilità da prodotto difettoso (D.Lgs. 206/2005 artt. 114-127 Cod. Consumo),legittimati_attivi,legittimati_attivi,legittimati_attivi,legittimati_attivi,False,False,False,True,False,,,,,,False,,ok
kb_98_top9_set10_parte2.json,TOP9_CODICI_FREQUENTI_SET10_PARTE2,GUIDA_RESPONSABILIT_DA_PRODOTTO_DIFETTOSO_D_LGS_206_2005_ARTT_114_127_COD_CONS_160050,Responsabilità da prodotto difettoso (D.Lgs. 206/2005 artt. 114-127 Cod. Consumo),obbligo_mediazione,obbligo_mediazione,obbligo_mediazione,obbligo_mediazione,True,True,True,True,True,,,,,,False,,ok
kb_98_top9_set10_parte2.json,TOP9_CODICI_FREQUENTI_SET10_PARTE2,GUIDA_RESPONSABILIT_DA_PRODOTTO_DIFETTOSO_D_LGS_206_2005_ARTT_114_127_COD_CONS_160050,Responsabilità da prodotto difettoso (D.Lgs. 206/2005 artt. 114-127 Cod. Consumo),adempimenti_propedeutici,adempimenti_propedeutici,adempimenti_propedeutici,adempimenti_propedeutici,True,True,True,True,True,"1,2,3,4,5","1,2,3,4,5",,,,False,,ok
kb_98_top9_set10_parte2.json,TOP9_CODICI_FREQUENTI_SET10_PARTE2,GUIDA_RESPONSABILIT_DA_PRODOTTO_DIFETTOSO_D_LGS_206_2005_ARTT_114_127_COD_CONS_160050,Responsabilità da prodotto difettoso (D.Lgs. 206/2005 artt. 114-127 Cod. Consumo),richiesta_provvedimenti_urgenti,richiesta_provvedimenti_urgenti,richiesta_provvedimenti_urgenti,richiesta_provvedimenti_urgenti,False,False,False,True,False,,,,,,False,,ok
kb_98_top9_set10_parte2.json,TOP9_CODICI_FREQUENTI_SET10_PARTE2,GUIDA_RESPONSABILIT_DA_PRODOTTO_DIFETTOSO_D_LGS_206_2005_ARTT_114_127_COD_CONS_160050,Responsabilità da prodotto difettoso (D.Lgs. 206/2005 artt. 114-127 Cod. Consumo),avvertimenti_obbligatori,atto_principale.avvertimenti_obbligatori,atto_principale.avvertimenti_obbligatori,atto_principale.avvertimenti_obbligatori,True,True,True,True,True,,,,,,False,,ok
kb_98_top9_set10_parte2.json,TOP9_CODICI_FREQUENTI_SET10_PARTE2,GUIDA_RESPONSABILIT_DA_PRODOTTO_DIFETTOSO_D_LGS_206_2005_ARTT_114_127_COD_CONS_160050,Responsabilità da prodotto difettoso (D.Lgs. 206/2005 artt. 114-127 Cod. Consumo),allegati_obbligatori,allegati_obbligatori,allegati_obbligatori,allegati_obbligatori,True,True,True,True,True,,,,,,False,,ok
kb_98_top9_set10_parte2.json,TOP9_CODICI_FREQUENTI_SET10_PARTE2,GUIDA_RESPONSABILIT_DA_PRODOTTO_DIFETTOSO_D_LGS_206_2005_ARTT_114_127_COD_CONS_160050,Responsabilità da prodotto difettoso (D.Lgs. 206/2005 artt. 114-127 Cod. Consumo),termini_processuali,termini_processuali,termini_processuali,termini_processuali,True,True,True,True,True,,,,,,False,,ok
kb_98_top9_set10_parte2.json,TOP9_CODICI_FREQUENTI_SET10_PARTE2,GUIDA_RESPONSABILIT_DA_PRODOTTO_DIFETTOSO_D_LGS_206_2005_ARTT_114_127_COD_CONS_160050,Responsabilità da prodotto difettoso (D.Lgs. 206/2005 artt. 114-127 Cod. Consumo),esiti_processuali_tipici,esiti_processuali_tipici,esiti_processuali_tipici,esiti_processuali_tipici,True,True,True,True,True,,,,,,False,,ok
kb_98_top9_set10_parte2.json,TOP9_CODICI_FREQUENTI_SET10_PARTE2,GUIDA_RESPONSABILIT_DA_PRODOTTO_DIFETTOSO_D_LGS_206_2005_ARTT_114_127_COD_CONS_160050,Responsabilità da prodotto difettoso (D.Lgs. 206/2005 artt. 114-127 Cod. Consumo),normativa,normativa,normativa,normativa,True,True,True,True,True,,,,,,False,,ok
kb_98_top9_set10_parte2.json,TOP9_CODICI_FREQUENTI_SET10_PARTE2,GUIDA_RESPONSABILIT_DA_PRODOTTO_DIFETTOSO_D_LGS_206_2005_ARTT_114_127_COD_CONS_160050,Responsabilità da prodotto difettoso (D.Lgs. 206/2005 artt. 114-127 Cod. Consumo),atto_principale,atto_principale,atto_principale,atto_principale,True,True,True,True,True,,,,,,False,,ok
kb_98_top9_set10_parte2.json,TOP9_CODICI_FREQUENTI_SET10_PARTE2,GUIDA_RESPONSABILIT_DA_PRODOTTO_DIFETTOSO_D_LGS_206_2005_ARTT_114_127_COD_CONS_160050,Responsabilità da prodotto difettoso (D.Lgs. 206/2005 artt. 114-127 Cod. Consumo),fonti_verifica_web,fonti_verifica_web,fonti_verifica_web,fonti_verifica_web,True,True,True,True,True,,,,,,False,,ok
kb_98_top9_set10_parte2.json,TOP9_CODICI_FREQUENTI_SET10_PARTE2,GUIDA_RESPONSABILIT_DA_PRODOTTO_DIFETTOSO_D_LGS_206_2005_ARTT_114_127_COD_CONS_160050,Responsabilità da prodotto difettoso (D.Lgs. 206/2005 artt. 114-127 Cod. Consumo),presidi_operativi_integrativi,presidi_operativi_integrativi,presidi_operativi_integrativi,presidi_operativi_integrativi,False,False,True,True,True,,,,,,False,,ok
kb_98_top9_set10_parte2.json,TOP9_CODICI_FREQUENTI_SET10_PARTE2,GUIDA_RESPONSABILIT_DA_PRODOTTO_DIFETTOSO_D_LGS_206_2005_ARTT_114_127_COD_CONS_160050,Responsabilità da prodotto difettoso (D.Lgs. 206/2005 artt. 114-127 Cod. Consumo),specialistica:definizione_prodotto_difettoso_art_117,definizione_prodotto_difettoso_art_117,definizione_prodotto_difettoso_art_117,definizione_prodotto_difettoso_art_117,True,True,True,True,True,,,,,,False,,ok
kb_98_top9_set10_parte2.json,TOP9_CODICI_FREQUENTI_SET10_PARTE2,GUIDA_RESPONSABILIT_DA_PRODOTTO_DIFETTOSO_D_LGS_206_2005_ARTT_114_127_COD_CONS_160050,Responsabilità da prodotto difettoso (D.Lgs. 206/2005 artt. 114-127 Cod. Consumo),specialistica:cause_di_esclusione_responsabilita_art_118,cause_di_esclusione_responsabilita_art_118,cause_di_esclusione_responsabilita_art_118,cause_di_esclusione_responsabilita_art_118,True,True,True,True,True,,,,,,False,,ok
kb_98_top9_set10_parte2.json,TOP9_CODICI_FREQUENTI_SET10_PARTE2,GUIDA_RESPONSABILIT_DA_PRODOTTO_DIFETTOSO_D_LGS_206_2005_ARTT_114_127_COD_CONS_160050,Responsabilità da prodotto difettoso (D.Lgs. 206/2005 artt. 114-127 Cod. Consumo),specialistica:onere_della_prova_art_120,onere_della_prova_art_120,onere_della_prova_art_120,onere_della_prova_art_120,True,True,True,True,True,,,,,,False,,ok
kb_98_top9_set10_parte2.json,TOP9_CODICI_FREQUENTI_SET10_PARTE2,GUIDA_RESPONSABILIT_DA_PRODOTTO_DIFETTOSO_D_LGS_206_2005_ARTT_114_127_COD_CONS_160050,Responsabilità da prodotto difettoso (D.Lgs. 206/2005 artt. 114-127 Cod. Consumo),specialistica:danni_risarcibili_art_124,danni_risarcibili_art_124,danni_risarcibili_art_124,danni_risarcibili_art_124,True,True,True,True,True,,,,,,False,,ok
kb_98_top9_set10_parte2.json,TOP9_CODICI_FREQUENTI_SET10_PARTE2,152001,Responsabilità dell'amministratore di condominio e impugnazione delibere (artt. 1130-1137 c.c.),denominazione,denominazione,denominazione,denominazione,True,True,True,True,True,,,,Responsabilità dell'amministratore di condominio e impugnazione delibere (artt. 1130-1137 c.c.),Responsabilità dell'amministratore di condominio e impugnazione delibere (artt. 1130-1137 c.c.),False,,ok
kb_98_top9_set10_parte2.json,TOP9_CODICI_FREQUENTI_SET10_PARTE2,152001,Responsabilità dell'amministratore di condominio e impugnazione delibere (artt. 1130-1137 c.c.),categoria,categoria,categoria,categoria,True,True,True,True,True,,,,Diritti reali - condominio,Diritti reali - condominio,False,,ok
kb_98_top9_set10_parte2.json,TOP9_CODICI_FREQUENTI_SET10_PARTE2,152001,Responsabilità dell'amministratore di condominio e impugnazione delibere (artt. 1130-1137 c.c.),sottocategoria,sottocategoria,sottocategoria,sottocategoria,True,True,True,True,True,,,,Azione di responsabilità contro l'amministratore di condominio + impugnazione delibere assembleari,Azione di responsabilità contro l'amministratore di condominio + impugnazione delibere assembleari,False,,ok
kb_98_top9_set10_parte2.json,TOP9_CODICI_FREQUENTI_SET10_PARTE2,152001,Responsabilità dell'amministratore di condominio e impugnazione delibere (artt. 1130-1137 c.c.),rito,rito,rito,rito,True,True,True,True,True,,,,Rito ordinario di cognizione preceduto da MEDIAZIONE OBBLIGATORIA (condominio),Rito ordinario di cognizione preceduto da MEDIAZIONE OBBLIGATORIA (condominio),False,,ok
kb_98_top9_set10_parte2.json,TOP9_CODICI_FREQUENTI_SET10_PARTE2,152001,Responsabilità dell'amministratore di condominio e impugnazione delibere (artt. 1130-1137 c.c.),competenza,competenza,competenza,competenza,True,True,True,True,True,,,,Tribunale del luogo dell'edificio (art. 21 c.p.c.) - foro esclusivo,Tribunale del luogo dell'edificio (art. 21 c.p.c.) - foro esclusivo,False,,ok
kb_98_top9_set10_parte2.json,TOP9_CODICI_FREQUENTI_SET10_PARTE2,152001,Responsabilità dell'amministratore di condominio e impugnazione delibere (artt. 1130-1137 c.c.),uffici_destinatari,uffici_destinatari,uffici_destinatari,uffici_destinatari,True,True,True,True,True,,,,,,False,,ok
kb_98_top9_set10_parte2.json,TOP9_CODICI_FREQUENTI_SET10_PARTE2,152001,Responsabilità dell'amministratore di condominio e impugnazione delibere (artt. 1130-1137 c.c.),tipologie_di_intervento,tipologie_di_intervento,tipologie_di_intervento,tipologie_di_intervento,False,True,True,True,True,,,,,,False,,ok
kb_98_top9_set10_parte2.json,TOP9_CODICI_FREQUENTI_SET10_PARTE2,152001,Responsabilità dell'amministratore di condominio e impugnazione delibere (artt. 1130-1137 c.c.),presupposti_sostanziali,presupposti_sostanziali,presupposti_sostanziali,presupposti_sostanziali,True,True,True,True,True,,,,,,False,,ok
kb_98_top9_set10_parte2.json,TOP9_CODICI_FREQUENTI_SET10_PARTE2,152001,Responsabilità dell'amministratore di condominio e impugnazione delibere (artt. 1130-1137 c.c.),legittimati_attivi,legittimati_attivi,legittimati_attivi,legittimati_attivi,False,True,True,True,True,,,,,,False,,ok
kb_98_top9_set10_parte2.json,TOP9_CODICI_FREQUENTI_SET10_PARTE2,152001,Responsabilità dell'amministratore di condominio e impugnazione delibere (artt. 1130-1137 c.c.),obbligo_mediazione,obbligo_mediazione,obbligo_mediazione,obbligo_mediazione,True,True,True,True,True,,,,,,False,,ok
kb_98_top9_set10_parte2.json,TOP9_CODICI_FREQUENTI_SET10_PARTE2,152001,Responsabilità dell'amministratore di condominio e impugnazione delibere (artt. 1130-1137 c.c.),adempimenti_propedeutici,adempimenti_propedeutici,adempimenti_propedeutici,adempimenti_propedeutici,True,True,True,True,True,"1,2,3,4","1,2,3,4,5",,,,False,,ok
kb_98_top9_set10_parte2.json,TOP9_CODICI_FREQUENTI_SET10_PARTE2,152001,Responsabilità dell'amministratore di condominio e impugnazione delibere (artt. 1130-1137 c.c.),richiesta_provvedimenti_urgenti,richiesta_provvedimenti_urgenti,richiesta_provvedimenti_urgenti,richiesta_provvedimenti_urgenti,False,True,True,True,True,,,,,,False,,ok
kb_98_top9_set10_parte2.json,TOP9_CODICI_FREQUENTI_SET10_PARTE2,152001,Responsabilità dell'amministratore di condominio e impugnazione delibere (artt. 1130-1137 c.c.),avvertimenti_obbligatori,atto_principale.avvertimenti_obbligatori,avvertimenti_obbligatori,avvertimenti_obbligatori,True,True,True,True,True,,,,,,False,,ok
kb_98_top9_set10_parte2.json,TOP9_CODICI_FREQUENTI_SET10_PARTE2,152001,Responsabilità dell'amministratore di condominio e impugnazione delibere (artt. 1130-1137 c.c.),allegati_obbligatori,allegati_obbligatori,allegati_obbligatori,allegati_obbligatori,True,True,True,True,True,,,,,,False,,ok
kb_98_top9_set10_parte2.json,TOP9_CODICI_FREQUENTI_SET10_PARTE2,152001,Responsabilità dell'amministratore di condominio e impugnazione delibere (artt. 1130-1137 c.c.),termini_processuali,termini_processuali,termini_processuali,termini_processuali,True,True,True,True,True,,,,,,False,,ok
kb_98_top9_set10_parte2.json,TOP9_CODICI_FREQUENTI_SET10_PARTE2,152001,Responsabilità dell'amministratore di condominio e impugnazione delibere (artt. 1130-1137 c.c.),esiti_processuali_tipici,esiti_processuali_tipici,esiti_processuali_tipici,esiti_processuali_tipici,True,True,True,True,True,,,,,,False,,ok
kb_98_top9_set10_parte2.json,TOP9_CODICI_FREQUENTI_SET10_PARTE2,152001,Responsabilità dell'amministratore di condominio e impugnazione delibere (artt. 1130-1137 c.c.),normativa,normativa,normativa,normativa,True,True,True,True,True,,,,,,False,,ok
kb_98_top9_set10_parte2.json,TOP9_CODICI_FREQUENTI_SET10_PARTE2,152001,Responsabilità dell'amministratore di condominio e impugnazione delibere (artt. 1130-1137 c.c.),atto_principale,atto_principale,atto_principale,atto_principale,True,True,True,True,True,,,,,,False,,ok
kb_98_top9_set10_parte2.json,TOP9_CODICI_FREQUENTI_SET10_PARTE2,152001,Responsabilità dell'amministratore di condominio e impugnazione delibere (artt. 1130-1137 c.c.),fonti_verifica_web,fonti_verifica_web,fonti_verifica_web,fonti_verifica_web,True,True,True,True,True,,,,,,False,,ok
kb_98_top9_set10_parte2.json,TOP9_CODICI_FREQUENTI_SET10_PARTE2,152001,Responsabilità dell'amministratore di condominio e impugnazione delibere (artt. 1130-1137 c.c.),presidi_operativi_integrativi,presidi_operativi_integrativi,presidi_operativi_integrativi,presidi_operativi_integrativi,False,False,True,True,True,,,,,,False,,ok
kb_98_top9_set10_parte2.json,TOP9_CODICI_FREQUENTI_SET10_PARTE2,152001,Responsabilità dell'amministratore di condominio e impugnazione delibere (artt. 1130-1137 c.c.),specialistica:distinzione_nullita_vs_annullabilita_delibere,distinzione_nullita_vs_annullabilita_delibere,distinzione_nullita_vs_annullabilita_delibere,distinzione_nullita_vs_annullabilita_delibere,True,True,True,True,True,,,,,,False,,ok
kb_98_top9_set10_parte2.json,TOP9_CODICI_FREQUENTI_SET10_PARTE2,152001,Responsabilità dell'amministratore di condominio e impugnazione delibere (artt. 1130-1137 c.c.),specialistica:obblighi_amministratore_art_1130,obblighi_amministratore_art_1130,obblighi_amministratore_art_1130,obblighi_amministratore_art_1130,True,True,True,True,True,,,,,,False,,ok
kb_98_top9_set11_parte1.json,TOP9_CODICI_FREQUENTI_SET11_PARTE1,GUIDA_RESPONSABILIT_DA_CIRCOLAZIONE_STRADALE_SINISTRO_CON_VEICOLO_NON_ASSICURA_160030,Responsabilità da circolazione stradale - sinistro con veicolo non assicurato/non identificato (Fondo di Garanzia Vittime della Strada),denominazione,denominazione,denominazione,denominazione,True,True,True,True,True,,,,Responsabilità da circolazione stradale - sinistro con veicolo non assicurato/non identificato (Fondo di Garanzia Vittime della Strada),Responsabilità da circolazione stradale - sinistro con veicolo non assicurato/non identificato (Fondo di Garanzia Vittime della Strada),False,,ok
kb_98_top9_set11_parte1.json,TOP9_CODICI_FREQUENTI_SET11_PARTE1,GUIDA_RESPONSABILIT_DA_CIRCOLAZIONE_STRADALE_SINISTRO_CON_VEICOLO_NON_ASSICURA_160030,Responsabilità da circolazione stradale - sinistro con veicolo non assicurato/non identificato (Fondo di Garanzia Vittime della Strada),categoria,categoria,categoria,categoria,True,True,True,True,True,,,,Responsabilità civile - RC veicoli - casi speciali,Responsabilità civile - RC veicoli - casi speciali,False,,ok
kb_98_top9_set11_parte1.json,TOP9_CODICI_FREQUENTI_SET11_PARTE1,GUIDA_RESPONSABILIT_DA_CIRCOLAZIONE_STRADALE_SINISTRO_CON_VEICOLO_NON_ASSICURA_160030,Responsabilità da circolazione stradale - sinistro con veicolo non assicurato/non identificato (Fondo di Garanzia Vittime della Strada),sottocategoria,sottocategoria,sottocategoria,sottocategoria,True,True,True,True,True,,,,"Azione risarcitoria verso il Fondo di Garanzia Vittime della Strada (FGVS) gestito da Consap quando il responsabile è non assicurato, non identificato o con assicuratore in liquidazione","Azione risarcitoria verso il Fondo di Garanzia Vittime della Strada (FGVS) gestito da Consap quando il responsabile è non assicurato, non identificato o con assicuratore in liquidazione",False,,ok
kb_98_top9_set11_parte1.json,TOP9_CODICI_FREQUENTI_SET11_PARTE1,GUIDA_RESPONSABILIT_DA_CIRCOLAZIONE_STRADALE_SINISTRO_CON_VEICOLO_NON_ASSICURA_160030,Responsabilità da circolazione stradale - sinistro con veicolo non assicurato/non identificato (Fondo di Garanzia Vittime della Strada),rito,rito,rito,rito,True,True,True,True,True,,,,Rito ordinario di cognizione; negoziazione assistita obbligatoria ex D.L. 132/2014 per RC veicoli,Rito ordinario di cognizione; negoziazione assistita obbligatoria ex D.L. 132/2014 per RC veicoli,False,,ok
kb_98_top9_set11_parte1.json,TOP9_CODICI_FREQUENTI_SET11_PARTE1,GUIDA_RESPONSABILIT_DA_CIRCOLAZIONE_STRADALE_SINISTRO_CON_VEICOLO_NON_ASSICURA_160030,Responsabilità da circolazione stradale - sinistro con veicolo non assicurato/non identificato (Fondo di Garanzia Vittime della Strada),competenza,competenza,competenza,competenza,True,True,True,True,True,,,,Tribunale del luogo del sinistro o del domicilio del danneggiato (foro consumatore Cass. SU 23633/2022),Tribunale del luogo del sinistro o del domicilio del danneggiato (foro consumatore Cass. SU 23633/2022),False,,ok
kb_98_top9_set11_parte1.json,TOP9_CODICI_FREQUENTI_SET11_PARTE1,GUIDA_RESPONSABILIT_DA_CIRCOLAZIONE_STRADALE_SINISTRO_CON_VEICOLO_NON_ASSICURA_160030,Responsabilità da circolazione stradale - sinistro con veicolo non assicurato/non identificato (Fondo di Garanzia Vittime della Strada),uffici_destinatari,uffici_destinatari,uffici_destinatari,uffici_destinatari,True,True,True,True,True,,,,,,False,,ok
kb_98_top9_set11_parte1.json,TOP9_CODICI_FREQUENTI_SET11_PARTE1,GUIDA_RESPONSABILIT_DA_CIRCOLAZIONE_STRADALE_SINISTRO_CON_VEICOLO_NON_ASSICURA_160030,Responsabilità da circolazione stradale - sinistro con veicolo non assicurato/non identificato (Fondo di Garanzia Vittime della Strada),tipologie_di_intervento,tipologie_di_intervento,tipologie_di_intervento,tipologie_di_intervento,False,False,False,True,False,,,,,,False,,ok
kb_98_top9_set11_parte1.json,TOP9_CODICI_FREQUENTI_SET11_PARTE1,GUIDA_RESPONSABILIT_DA_CIRCOLAZIONE_STRADALE_SINISTRO_CON_VEICOLO_NON_ASSICURA_160030,Responsabilità da circolazione stradale - sinistro con veicolo non assicurato/non identificato (Fondo di Garanzia Vittime della Strada),presupposti_sostanziali,presupposti_sostanziali,presupposti_sostanziali,presupposti_sostanziali,False,False,False,True,False,,,,,,False,,ok
kb_98_top9_set11_parte1.json,TOP9_CODICI_FREQUENTI_SET11_PARTE1,GUIDA_RESPONSABILIT_DA_CIRCOLAZIONE_STRADALE_SINISTRO_CON_VEICOLO_NON_ASSICURA_160030,Responsabilità da circolazione stradale - sinistro con veicolo non assicurato/non identificato (Fondo di Garanzia Vittime della Strada),legittimati_attivi,legittimati_attivi,legittimati_attivi,legittimati_attivi,False,False,False,True,False,,,,,,False,,ok
kb_98_top9_set11_parte1.json,TOP9_CODICI_FREQUENTI_SET11_PARTE1,GUIDA_RESPONSABILIT_DA_CIRCOLAZIONE_STRADALE_SINISTRO_CON_VEICOLO_NON_ASSICURA_160030,Responsabilità da circolazione stradale - sinistro con veicolo non assicurato/non identificato (Fondo di Garanzia Vittime della Strada),obbligo_mediazione,obbligo_mediazione,obbligo_mediazione,obbligo_mediazione,True,True,True,True,True,,,,,,False,,ok
kb_98_top9_set11_parte1.json,TOP9_CODICI_FREQUENTI_SET11_PARTE1,GUIDA_RESPONSABILIT_DA_CIRCOLAZIONE_STRADALE_SINISTRO_CON_VEICOLO_NON_ASSICURA_160030,Responsabilità da circolazione stradale - sinistro con veicolo non assicurato/non identificato (Fondo di Garanzia Vittime della Strada),adempimenti_propedeutici,adempimenti_propedeutici,adempimenti_propedeutici,adempimenti_propedeutici,True,True,True,True,True,"1,2,3,4,5,6","1,2,3,4,5,6",,,,False,,ok
kb_98_top9_set11_parte1.json,TOP9_CODICI_FREQUENTI_SET11_PARTE1,GUIDA_RESPONSABILIT_DA_CIRCOLAZIONE_STRADALE_SINISTRO_CON_VEICOLO_NON_ASSICURA_160030,Responsabilità da circolazione stradale - sinistro con veicolo non assicurato/non identificato (Fondo di Garanzia Vittime della Strada),richiesta_provvedimenti_urgenti,richiesta_provvedimenti_urgenti,richiesta_provvedimenti_urgenti,richiesta_provvedimenti_urgenti,False,False,False,True,False,,,,,,False,,ok
kb_98_top9_set11_parte1.json,TOP9_CODICI_FREQUENTI_SET11_PARTE1,GUIDA_RESPONSABILIT_DA_CIRCOLAZIONE_STRADALE_SINISTRO_CON_VEICOLO_NON_ASSICURA_160030,Responsabilità da circolazione stradale - sinistro con veicolo non assicurato/non identificato (Fondo di Garanzia Vittime della Strada),avvertimenti_obbligatori,atto_principale.avvertimenti_obbligatori,atto_principale.avvertimenti_obbligatori,atto_principale.avvertimenti_obbligatori,True,True,True,True,True,,,,,,False,,ok
kb_98_top9_set11_parte1.json,TOP9_CODICI_FREQUENTI_SET11_PARTE1,GUIDA_RESPONSABILIT_DA_CIRCOLAZIONE_STRADALE_SINISTRO_CON_VEICOLO_NON_ASSICURA_160030,Responsabilità da circolazione stradale - sinistro con veicolo non assicurato/non identificato (Fondo di Garanzia Vittime della Strada),allegati_obbligatori,allegati_obbligatori,allegati_obbligatori,allegati_obbligatori,True,True,True,True,True,,,,,,False,,ok
kb_98_top9_set11_parte1.json,TOP9_CODICI_FREQUENTI_SET11_PARTE1,GUIDA_RESPONSABILIT_DA_CIRCOLAZIONE_STRADALE_SINISTRO_CON_VEICOLO_NON_ASSICURA_160030,Responsabilità da circolazione stradale - sinistro con veicolo non assicurato/non identificato (Fondo di Garanzia Vittime della Strada),termini_processuali,termini_processuali,termini_processuali,termini_processuali,True,True,True,True,True,,,,,,False,,ok
kb_98_top9_set11_parte1.json,TOP9_CODICI_FREQUENTI_SET11_PARTE1,GUIDA_RESPONSABILIT_DA_CIRCOLAZIONE_STRADALE_SINISTRO_CON_VEICOLO_NON_ASSICURA_160030,Responsabilità da circolazione stradale - sinistro con veicolo non assicurato/non identificato (Fondo di Garanzia Vittime della Strada),esiti_processuali_tipici,esiti_processuali_tipici,esiti_processuali_tipici,esiti_processuali_tipici,True,True,True,True,True,,,,,,False,,ok
kb_98_top9_set11_parte1.json,TOP9_CODICI_FREQUENTI_SET11_PARTE1,GUIDA_RESPONSABILIT_DA_CIRCOLAZIONE_STRADALE_SINISTRO_CON_VEICOLO_NON_ASSICURA_160030,Responsabilità da circolazione stradale - sinistro con veicolo non assicurato/non identificato (Fondo di Garanzia Vittime della Strada),normativa,normativa,normativa,normativa,True,True,True,True,True,,,,,,False,,ok
kb_98_top9_set11_parte1.json,TOP9_CODICI_FREQUENTI_SET11_PARTE1,GUIDA_RESPONSABILIT_DA_CIRCOLAZIONE_STRADALE_SINISTRO_CON_VEICOLO_NON_ASSICURA_160030,Responsabilità da circolazione stradale - sinistro con veicolo non assicurato/non identificato (Fondo di Garanzia Vittime della Strada),atto_principale,atto_principale,atto_principale,atto_principale,True,True,True,True,True,,,,,,False,,ok
kb_98_top9_set11_parte1.json,TOP9_CODICI_FREQUENTI_SET11_PARTE1,GUIDA_RESPONSABILIT_DA_CIRCOLAZIONE_STRADALE_SINISTRO_CON_VEICOLO_NON_ASSICURA_160030,Responsabilità da circolazione stradale - sinistro con veicolo non assicurato/non identificato (Fondo di Garanzia Vittime della Strada),fonti_verifica_web,fonti_verifica_web,fonti_verifica_web,fonti_verifica_web,True,True,True,True,True,,,,,,False,,ok
kb_98_top9_set11_parte1.json,TOP9_CODICI_FREQUENTI_SET11_PARTE1,GUIDA_RESPONSABILIT_DA_CIRCOLAZIONE_STRADALE_SINISTRO_CON_VEICOLO_NON_ASSICURA_160030,Responsabilità da circolazione stradale - sinistro con veicolo non assicurato/non identificato (Fondo di Garanzia Vittime della Strada),presidi_operativi_integrativi,presidi_operativi_integrativi,presidi_operativi_integrativi,presidi_operativi_integrativi,False,False,True,True,True,,,,,,False,,ok
kb_98_top9_set11_parte1.json,TOP9_CODICI_FREQUENTI_SET11_PARTE1,GUIDA_RESPONSABILIT_DA_CIRCOLAZIONE_STRADALE_SINISTRO_CON_VEICOLO_NON_ASSICURA_160030,Responsabilità da circolazione stradale - sinistro con veicolo non assicurato/non identificato (Fondo di Garanzia Vittime della Strada),specialistica:casi_di_operativita_del_FGVS,casi_di_operativita_del_FGVS,casi_di_operativita_del_FGVS,casi_di_operativita_del_FGVS,True,True,True,True,True,,,,,,False,,ok
kb_98_top9_set11_parte1.json,TOP9_CODICI_FREQUENTI_SET11_PARTE1,GUIDA_RESPONSABILIT_DA_CIRCOLAZIONE_STRADALE_SINISTRO_CON_VEICOLO_NON_ASSICURA_160030,Responsabilità da circolazione stradale - sinistro con veicolo non assicurato/non identificato (Fondo di Garanzia Vittime della Strada),specialistica:impresa_designata_286,impresa_designata_286,impresa_designata_286,impresa_designata_286,True,True,True,True,True,,,,,,False,,ok
kb_98_top9_set11_parte1.json,TOP9_CODICI_FREQUENTI_SET11_PARTE1,GUIDA_DECADENZA_LIMITAZIONE_DELLA_RESPONSABILIT_GENITORIALE_E_AFFIDAMENTO_FAMI_113001,Decadenza/limitazione della responsabilità genitoriale e affidamento familiare (artt. 330-336 c.c.),denominazione,denominazione,denominazione,denominazione,True,True,True,True,True,,,,Decadenza/limitazione della responsabilità genitoriale e affidamento familiare (artt. 330-336 c.c.),Decadenza/limitazione della responsabilità genitoriale e affidamento familiare (artt. 330-336 c.c.),False,,ok
kb_98_top9_set11_parte1.json,TOP9_CODICI_FREQUENTI_SET11_PARTE1,GUIDA_DECADENZA_LIMITAZIONE_DELLA_RESPONSABILIT_GENITORIALE_E_AFFIDAMENTO_FAMI_113001,Decadenza/limitazione della responsabilità genitoriale e affidamento familiare (artt. 330-336 c.c.),categoria,categoria,categoria,categoria,True,True,True,True,True,,,,Persone e famiglia - protezione del minore,Persone e famiglia - protezione del minore,False,,ok
kb_98_top9_set11_parte1.json,TOP9_CODICI_FREQUENTI_SET11_PARTE1,GUIDA_DECADENZA_LIMITAZIONE_DELLA_RESPONSABILIT_GENITORIALE_E_AFFIDAMENTO_FAMI_113001,Decadenza/limitazione della responsabilità genitoriale e affidamento familiare (artt. 330-336 c.c.),sottocategoria,sottocategoria,sottocategoria,sottocategoria,True,True,True,True,True,,,,"Procedimenti a tutela del minore contro l'inadeguatezza genitoriale: decadenza, limitazione, sospensione, nomina tutore, affidamento","Procedimenti a tutela del minore contro l'inadeguatezza genitoriale: decadenza, limitazione, sospensione, nomina tutore, affidamento",False,,ok
kb_98_top9_set11_parte1.json,TOP9_CODICI_FREQUENTI_SET11_PARTE1,GUIDA_DECADENZA_LIMITAZIONE_DELLA_RESPONSABILIT_GENITORIALE_E_AFFIDAMENTO_FAMI_113001,Decadenza/limitazione della responsabilità genitoriale e affidamento familiare (artt. 330-336 c.c.),rito,rito,rito,rito,True,True,True,True,True,,,,Rito camerale ex art. 336 c.c. + 473-bis c.p.c. (post-Cartabia) davanti al Tribunale per le persone/Tribunale ordinario sezione famiglia,Rito camerale ex art. 336 c.c. + 473-bis c.p.c. (post-Cartabia) davanti al Tribunale per le persone/Tribunale ordinario sezione famiglia,False,,ok
kb_98_top9_set11_parte1.json,TOP9_CODICI_FREQUENTI_SET11_PARTE1,GUIDA_DECADENZA_LIMITAZIONE_DELLA_RESPONSABILIT_GENITORIALE_E_AFFIDAMENTO_FAMI_113001,Decadenza/limitazione della responsabilità genitoriale e affidamento familiare (artt. 330-336 c.c.),competenza,competenza,competenza,competenza,True,True,True,True,True,,,,Tribunale ordinario - sezione famiglia; residenza abituale del minore,Tribunale ordinario - sezione famiglia; residenza abituale del minore,False,,ok
kb_98_top9_set11_parte1.json,TOP9_CODICI_FREQUENTI_SET11_PARTE1,GUIDA_DECADENZA_LIMITAZIONE_DELLA_RESPONSABILIT_GENITORIALE_E_AFFIDAMENTO_FAMI_113001,Decadenza/limitazione della responsabilità genitoriale e affidamento familiare (artt. 330-336 c.c.),uffici_destinatari,uffici_destinatari,uffici_destinatari,uffici_destinatari,True,True,True,True,True,,,,,,False,,ok
kb_98_top9_set11_parte1.json,TOP9_CODICI_FREQUENTI_SET11_PARTE1,GUIDA_DECADENZA_LIMITAZIONE_DELLA_RESPONSABILIT_GENITORIALE_E_AFFIDAMENTO_FAMI_113001,Decadenza/limitazione della responsabilità genitoriale e affidamento familiare (artt. 330-336 c.c.),tipologie_di_intervento,tipologie_di_intervento,tipologie_di_intervento,tipologie_di_intervento,False,False,False,True,False,,,,,,False,,ok
kb_98_top9_set11_parte1.json,TOP9_CODICI_FREQUENTI_SET11_PARTE1,GUIDA_DECADENZA_LIMITAZIONE_DELLA_RESPONSABILIT_GENITORIALE_E_AFFIDAMENTO_FAMI_113001,Decadenza/limitazione della responsabilità genitoriale e affidamento familiare (artt. 330-336 c.c.),presupposti_sostanziali,presupposti_sostanziali,presupposti_sostanziali,presupposti_sostanziali,True,True,True,True,True,,,,,,False,,ok
kb_98_top9_set11_parte1.json,TOP9_CODICI_FREQUENTI_SET11_PARTE1,GUIDA_DECADENZA_LIMITAZIONE_DELLA_RESPONSABILIT_GENITORIALE_E_AFFIDAMENTO_FAMI_113001,Decadenza/limitazione della responsabilità genitoriale e affidamento familiare (artt. 330-336 c.c.),legittimati_attivi,legittimati_attivi,legittimati_attivi,legittimati_attivi,True,True,True,True,True,,,,,,False,,ok
kb_98_top9_set11_parte1.json,TOP9_CODICI_FREQUENTI_SET11_PARTE1,GUIDA_DECADENZA_LIMITAZIONE_DELLA_RESPONSABILIT_GENITORIALE_E_AFFIDAMENTO_FAMI_113001,Decadenza/limitazione della responsabilità genitoriale e affidamento familiare (artt. 330-336 c.c.),obbligo_mediazione,obbligo_mediazione,obbligo_mediazione,obbligo_mediazione,True,True,True,True,True,,,,,,False,,ok
kb_98_top9_set11_parte1.json,TOP9_CODICI_FREQUENTI_SET11_PARTE1,GUIDA_DECADENZA_LIMITAZIONE_DELLA_RESPONSABILIT_GENITORIALE_E_AFFIDAMENTO_FAMI_113001,Decadenza/limitazione della responsabilità genitoriale e affidamento familiare (artt. 330-336 c.c.),adempimenti_propedeutici,adempimenti_propedeutici,adempimenti_propedeutici,adempimenti_propedeutici,True,True,True,True,True,"1,2,3,4","1,2,3,4",,,,False,,ok
kb_98_top9_set11_parte1.json,TOP9_CODICI_FREQUENTI_SET11_PARTE1,GUIDA_DECADENZA_LIMITAZIONE_DELLA_RESPONSABILIT_GENITORIALE_E_AFFIDAMENTO_FAMI_113001,Decadenza/limitazione della responsabilità genitoriale e affidamento familiare (artt. 330-336 c.c.),richiesta_provvedimenti_urgenti,richiesta_provvedimenti_urgenti,richiesta_provvedimenti_urgenti,richiesta_provvedimenti_urgenti,False,False,False,True,False,,,,,,False,,ok
kb_98_top9_set11_parte1.json,TOP9_CODICI_FREQUENTI_SET11_PARTE1,GUIDA_DECADENZA_LIMITAZIONE_DELLA_RESPONSABILIT_GENITORIALE_E_AFFIDAMENTO_FAMI_113001,Decadenza/limitazione della responsabilità genitoriale e affidamento familiare (artt. 330-336 c.c.),avvertimenti_obbligatori,atto_principale.avvertimenti_obbligatori,atto_principale.avvertimenti_obbligatori,atto_principale.avvertimenti_obbligatori,True,True,True,True,True,,,,,,False,,ok
kb_98_top9_set11_parte1.json,TOP9_CODICI_FREQUENTI_SET11_PARTE1,GUIDA_DECADENZA_LIMITAZIONE_DELLA_RESPONSABILIT_GENITORIALE_E_AFFIDAMENTO_FAMI_113001,Decadenza/limitazione della responsabilità genitoriale e affidamento familiare (artt. 330-336 c.c.),allegati_obbligatori,allegati_obbligatori,allegati_obbligatori,allegati_obbligatori,True,True,True,True,True,,,,,,False,,ok
kb_98_top9_set11_parte1.json,TOP9_CODICI_FREQUENTI_SET11_PARTE1,GUIDA_DECADENZA_LIMITAZIONE_DELLA_RESPONSABILIT_GENITORIALE_E_AFFIDAMENTO_FAMI_113001,Decadenza/limitazione della responsabilità genitoriale e affidamento familiare (artt. 330-336 c.c.),termini_processuali,termini_processuali,termini_processuali,termini_processuali,True,True,True,True,True,,,,,,False,,ok
kb_98_top9_set11_parte1.json,TOP9_CODICI_FREQUENTI_SET11_PARTE1,GUIDA_DECADENZA_LIMITAZIONE_DELLA_RESPONSABILIT_GENITORIALE_E_AFFIDAMENTO_FAMI_113001,Decadenza/limitazione della responsabilità genitoriale e affidamento familiare (artt. 330-336 c.c.),esiti_processuali_tipici,esiti_processuali_tipici,esiti_processuali_tipici,esiti_processuali_tipici,True,True,True,True,True,,,,,,False,,ok
kb_98_top9_set11_parte1.json,TOP9_CODICI_FREQUENTI_SET11_PARTE1,GUIDA_DECADENZA_LIMITAZIONE_DELLA_RESPONSABILIT_GENITORIALE_E_AFFIDAMENTO_FAMI_113001,Decadenza/limitazione della responsabilità genitoriale e affidamento familiare (artt. 330-336 c.c.),normativa,normativa,normativa,normativa,True,True,True,True,True,,,,,,False,,ok
kb_98_top9_set11_parte1.json,TOP9_CODICI_FREQUENTI_SET11_PARTE1,GUIDA_DECADENZA_LIMITAZIONE_DELLA_RESPONSABILIT_GENITORIALE_E_AFFIDAMENTO_FAMI_113001,Decadenza/limitazione della responsabilità genitoriale e affidamento familiare (artt. 330-336 c.c.),atto_principale,atto_principale,atto_principale,atto_principale,True,True,True,True,True,,,,,,False,,ok
kb_98_top9_set11_parte1.json,TOP9_CODICI_FREQUENTI_SET11_PARTE1,GUIDA_DECADENZA_LIMITAZIONE_DELLA_RESPONSABILIT_GENITORIALE_E_AFFIDAMENTO_FAMI_113001,Decadenza/limitazione della responsabilità genitoriale e affidamento familiare (artt. 330-336 c.c.),fonti_verifica_web,fonti_verifica_web,fonti_verifica_web,fonti_verifica_web,True,True,True,True,True,,,,,,False,,ok
kb_98_top9_set11_parte1.json,TOP9_CODICI_FREQUENTI_SET11_PARTE1,GUIDA_DECADENZA_LIMITAZIONE_DELLA_RESPONSABILIT_GENITORIALE_E_AFFIDAMENTO_FAMI_113001,Decadenza/limitazione della responsabilità genitoriale e affidamento familiare (artt. 330-336 c.c.),presidi_operativi_integrativi,presidi_operativi_integrativi,presidi_operativi_integrativi,presidi_operativi_integrativi,False,False,True,True,True,,,,,,False,,ok
kb_98_top9_set11_parte1.json,TOP9_CODICI_FREQUENTI_SET11_PARTE1,GUIDA_DECADENZA_LIMITAZIONE_DELLA_RESPONSABILIT_GENITORIALE_E_AFFIDAMENTO_FAMI_113001,Decadenza/limitazione della responsabilità genitoriale e affidamento familiare (artt. 330-336 c.c.),specialistica:scala_degli_interventi_art_330_333_334,scala_degli_interventi_art_330_333_334,scala_degli_interventi_art_330_333_334,scala_degli_interventi_art_330_333_334,True,True,True,True,True,,,,,,False,,ok
kb_98_top9_set11_parte1.json,TOP9_CODICI_FREQUENTI_SET11_PARTE1,GUIDA_RISOLUZIONE_CONTRATTO_DI_SOMMINISTRAZIONE_PER_INADEMPIMENTO_ARTT_1559_15_141010,Risoluzione contratto di somministrazione per inadempimento (artt. 1559-1570 c.c.),denominazione,denominazione,denominazione,denominazione,True,True,True,True,True,,,,Risoluzione contratto di somministrazione per inadempimento (artt. 1559-1570 c.c.),Risoluzione contratto di somministrazione per inadempimento (artt. 1559-1570 c.c.),False,,ok
kb_98_top9_set11_parte1.json,TOP9_CODICI_FREQUENTI_SET11_PARTE1,GUIDA_RISOLUZIONE_CONTRATTO_DI_SOMMINISTRAZIONE_PER_INADEMPIMENTO_ARTT_1559_15_141010,Risoluzione contratto di somministrazione per inadempimento (artt. 1559-1570 c.c.),categoria,categoria,categoria,categoria,True,True,True,True,True,,,,Contratti - contratti di durata,Contratti - contratti di durata,False,,ok
kb_98_top9_set11_parte1.json,TOP9_CODICI_FREQUENTI_SET11_PARTE1,GUIDA_RISOLUZIONE_CONTRATTO_DI_SOMMINISTRAZIONE_PER_INADEMPIMENTO_ARTT_1559_15_141010,Risoluzione contratto di somministrazione per inadempimento (artt. 1559-1570 c.c.),sottocategoria,sottocategoria,sottocategoria,sottocategoria,True,True,True,True,True,,,,Azione per risoluzione del contratto di somministrazione (fornitura continuativa di beni o servizi) + danni,Azione per risoluzione del contratto di somministrazione (fornitura continuativa di beni o servizi) + danni,False,,ok
kb_98_top9_set11_parte1.json,TOP9_CODICI_FREQUENTI_SET11_PARTE1,GUIDA_RISOLUZIONE_CONTRATTO_DI_SOMMINISTRAZIONE_PER_INADEMPIMENTO_ARTT_1559_15_141010,Risoluzione contratto di somministrazione per inadempimento (artt. 1559-1570 c.c.),rito,rito,rito,rito,True,True,True,True,True,,,,Rito ordinario di cognizione,Rito ordinario di cognizione,False,,ok
kb_98_top9_set11_parte1.json,TOP9_CODICI_FREQUENTI_SET11_PARTE1,GUIDA_RISOLUZIONE_CONTRATTO_DI_SOMMINISTRAZIONE_PER_INADEMPIMENTO_ARTT_1559_15_141010,Risoluzione contratto di somministrazione per inadempimento (artt. 1559-1570 c.c.),competenza,competenza,competenza,competenza,True,True,True,True,True,,,,Tribunale - foro esecuzione contratto o residenza convenuto,Tribunale - foro esecuzione contratto o residenza convenuto,False,,ok
kb_98_top9_set11_parte1.json,TOP9_CODICI_FREQUENTI_SET11_PARTE1,GUIDA_RISOLUZIONE_CONTRATTO_DI_SOMMINISTRAZIONE_PER_INADEMPIMENTO_ARTT_1559_15_141010,Risoluzione contratto di somministrazione per inadempimento (artt. 1559-1570 c.c.),uffici_destinatari,uffici_destinatari,uffici_destinatari,uffici_destinatari,True,True,True,True,True,,,,,,False,,ok
kb_98_top9_set11_parte1.json,TOP9_CODICI_FREQUENTI_SET11_PARTE1,GUIDA_RISOLUZIONE_CONTRATTO_DI_SOMMINISTRAZIONE_PER_INADEMPIMENTO_ARTT_1559_15_141010,Risoluzione contratto di somministrazione per inadempimento (artt. 1559-1570 c.c.),tipologie_di_intervento,tipologie_di_intervento,tipologie_di_intervento,tipologie_di_intervento,False,False,False,True,False,,,,,,False,,ok
kb_98_top9_set11_parte1.json,TOP9_CODICI_FREQUENTI_SET11_PARTE1,GUIDA_RISOLUZIONE_CONTRATTO_DI_SOMMINISTRAZIONE_PER_INADEMPIMENTO_ARTT_1559_15_141010,Risoluzione contratto di somministrazione per inadempimento (artt. 1559-1570 c.c.),presupposti_sostanziali,presupposti_sostanziali,presupposti_sostanziali,presupposti_sostanziali,True,True,True,True,True,,,,,,False,,ok
kb_98_top9_set11_parte1.json,TOP9_CODICI_FREQUENTI_SET11_PARTE1,GUIDA_RISOLUZIONE_CONTRATTO_DI_SOMMINISTRAZIONE_PER_INADEMPIMENTO_ARTT_1559_15_141010,Risoluzione contratto di somministrazione per inadempimento (artt. 1559-1570 c.c.),legittimati_attivi,legittimati_attivi,legittimati_attivi,legittimati_attivi,False,False,False,True,False,,,,,,False,,ok
kb_98_top9_set11_parte1.json,TOP9_CODICI_FREQUENTI_SET11_PARTE1,GUIDA_RISOLUZIONE_CONTRATTO_DI_SOMMINISTRAZIONE_PER_INADEMPIMENTO_ARTT_1559_15_141010,Risoluzione contratto di somministrazione per inadempimento (artt. 1559-1570 c.c.),obbligo_mediazione,obbligo_mediazione,obbligo_mediazione,obbligo_mediazione,True,True,True,True,True,,,,,,False,,ok
kb_98_top9_set11_parte1.json,TOP9_CODICI_FREQUENTI_SET11_PARTE1,GUIDA_RISOLUZIONE_CONTRATTO_DI_SOMMINISTRAZIONE_PER_INADEMPIMENTO_ARTT_1559_15_141010,Risoluzione contratto di somministrazione per inadempimento (artt. 1559-1570 c.c.),adempimenti_propedeutici,adempimenti_propedeutici,adempimenti_propedeutici,adempimenti_propedeutici,True,True,True,True,True,"1,2,3,4","1,2,3,4",,,,False,,ok
kb_98_top9_set11_parte1.json,TOP9_CODICI_FREQUENTI_SET11_PARTE1,GUIDA_RISOLUZIONE_CONTRATTO_DI_SOMMINISTRAZIONE_PER_INADEMPIMENTO_ARTT_1559_15_141010,Risoluzione contratto di somministrazione per inadempimento (artt. 1559-1570 c.c.),richiesta_provvedimenti_urgenti,richiesta_provvedimenti_urgenti,richiesta_provvedimenti_urgenti,richiesta_provvedimenti_urgenti,False,False,False,True,False,,,,,,False,,ok
kb_98_top9_set11_parte1.json,TOP9_CODICI_FREQUENTI_SET11_PARTE1,GUIDA_RISOLUZIONE_CONTRATTO_DI_SOMMINISTRAZIONE_PER_INADEMPIMENTO_ARTT_1559_15_141010,Risoluzione contratto di somministrazione per inadempimento (artt. 1559-1570 c.c.),avvertimenti_obbligatori,atto_principale.avvertimenti_obbligatori,atto_principale.avvertimenti_obbligatori,atto_principale.avvertimenti_obbligatori,True,True,True,True,True,,,,,,False,,ok
kb_98_top9_set11_parte1.json,TOP9_CODICI_FREQUENTI_SET11_PARTE1,GUIDA_RISOLUZIONE_CONTRATTO_DI_SOMMINISTRAZIONE_PER_INADEMPIMENTO_ARTT_1559_15_141010,Risoluzione contratto di somministrazione per inadempimento (artt. 1559-1570 c.c.),allegati_obbligatori,allegati_obbligatori,allegati_obbligatori,allegati_obbligatori,True,True,True,True,True,,,,,,False,,ok
kb_98_top9_set11_parte1.json,TOP9_CODICI_FREQUENTI_SET11_PARTE1,GUIDA_RISOLUZIONE_CONTRATTO_DI_SOMMINISTRAZIONE_PER_INADEMPIMENTO_ARTT_1559_15_141010,Risoluzione contratto di somministrazione per inadempimento (artt. 1559-1570 c.c.),termini_processuali,termini_processuali,termini_processuali,termini_processuali,True,True,True,True,True,,,,,,False,,ok
kb_98_top9_set11_parte1.json,TOP9_CODICI_FREQUENTI_SET11_PARTE1,GUIDA_RISOLUZIONE_CONTRATTO_DI_SOMMINISTRAZIONE_PER_INADEMPIMENTO_ARTT_1559_15_141010,Risoluzione contratto di somministrazione per inadempimento (artt. 1559-1570 c.c.),esiti_processuali_tipici,esiti_processuali_tipici,esiti_processuali_tipici,esiti_processuali_tipici,True,True,True,True,True,,,,,,False,,ok
kb_98_top9_set11_parte1.json,TOP9_CODICI_FREQUENTI_SET11_PARTE1,GUIDA_RISOLUZIONE_CONTRATTO_DI_SOMMINISTRAZIONE_PER_INADEMPIMENTO_ARTT_1559_15_141010,Risoluzione contratto di somministrazione per inadempimento (artt. 1559-1570 c.c.),normativa,normativa,normativa,normativa,True,True,True,True,True,,,,,,False,,ok
kb_98_top9_set11_parte1.json,TOP9_CODICI_FREQUENTI_SET11_PARTE1,GUIDA_RISOLUZIONE_CONTRATTO_DI_SOMMINISTRAZIONE_PER_INADEMPIMENTO_ARTT_1559_15_141010,Risoluzione contratto di somministrazione per inadempimento (artt. 1559-1570 c.c.),atto_principale,atto_principale,atto_principale,atto_principale,True,True,True,True,True,,,,,,False,,ok
kb_98_top9_set11_parte1.json,TOP9_CODICI_FREQUENTI_SET11_PARTE1,GUIDA_RISOLUZIONE_CONTRATTO_DI_SOMMINISTRAZIONE_PER_INADEMPIMENTO_ARTT_1559_15_141010,Risoluzione contratto di somministrazione per inadempimento (artt. 1559-1570 c.c.),fonti_verifica_web,fonti_verifica_web,fonti_verifica_web,fonti_verifica_web,True,True,True,True,True,,,,,,False,,ok
kb_98_top9_set11_parte1.json,TOP9_CODICI_FREQUENTI_SET11_PARTE1,GUIDA_RISOLUZIONE_CONTRATTO_DI_SOMMINISTRAZIONE_PER_INADEMPIMENTO_ARTT_1559_15_141010,Risoluzione contratto di somministrazione per inadempimento (artt. 1559-1570 c.c.),presidi_operativi_integrativi,presidi_operativi_integrativi,presidi_operativi_integrativi,presidi_operativi_integrativi,False,False,True,True,True,,,,,,False,,ok
kb_98_top9_set11_parte1.json,TOP9_CODICI_FREQUENTI_SET11_PARTE1,GUIDA_RISOLUZIONE_CONTRATTO_DI_SOMMINISTRAZIONE_PER_INADEMPIMENTO_ARTT_1559_15_141010,Risoluzione contratto di somministrazione per inadempimento (artt. 1559-1570 c.c.),specialistica:differenza_da_altri_contratti,differenza_da_altri_contratti,differenza_da_altri_contratti,differenza_da_altri_contratti,True,True,True,True,True,,,,,,False,,ok
kb_98_top9_set11_parte1.json,TOP9_CODICI_FREQUENTI_SET11_PARTE1,GUIDA_RISOLUZIONE_CONTRATTO_DI_SOMMINISTRAZIONE_PER_INADEMPIMENTO_ARTT_1559_15_141010,Risoluzione contratto di somministrazione per inadempimento (artt. 1559-1570 c.c.),specialistica:regola_speciale_inadempimento_singola_prestazione_1564,regola_speciale_inadempimento_singola_prestazione_1564,regola_speciale_inadempimento_singola_prestazione_1564,regola_speciale_inadempimento_singola_prestazione_1564,True,True,True,True,True,,,,,,False,,ok
kb_98_top9_set11_parte1.json,TOP9_CODICI_FREQUENTI_SET11_PARTE1,GUIDA_SCIOGLIMENTO_E_LIQUIDAZIONE_DI_S_R_L_ARTT_2484_2496_C_C_154001,Scioglimento e liquidazione di S.r.l. (artt. 2484-2496 c.c.),denominazione,denominazione,denominazione,denominazione,True,True,True,True,True,,,,Scioglimento e liquidazione di S.r.l. (artt. 2484-2496 c.c.),Scioglimento e liquidazione di S.r.l. (artt. 2484-2496 c.c.),False,,ok
kb_98_top9_set11_parte1.json,TOP9_CODICI_FREQUENTI_SET11_PARTE1,GUIDA_SCIOGLIMENTO_E_LIQUIDAZIONE_DI_S_R_L_ARTT_2484_2496_C_C_154001,Scioglimento e liquidazione di S.r.l. (artt. 2484-2496 c.c.),categoria,categoria,categoria,categoria,True,True,True,True,True,,,,Diritto societario - vicende estintive S.r.l.,Diritto societario - vicende estintive S.r.l.,False,,ok
kb_98_top9_set11_parte1.json,TOP9_CODICI_FREQUENTI_SET11_PARTE1,GUIDA_SCIOGLIMENTO_E_LIQUIDAZIONE_DI_S_R_L_ARTT_2484_2496_C_C_154001,Scioglimento e liquidazione di S.r.l. (artt. 2484-2496 c.c.),sottocategoria,sottocategoria,sottocategoria,sottocategoria,True,True,True,True,True,,,,Accertamento delle cause di scioglimento + procedura di liquidazione di S.r.l.,Accertamento delle cause di scioglimento + procedura di liquidazione di S.r.l.,False,,ok
kb_98_top9_set11_parte1.json,TOP9_CODICI_FREQUENTI_SET11_PARTE1,GUIDA_SCIOGLIMENTO_E_LIQUIDAZIONE_DI_S_R_L_ARTT_2484_2496_C_C_154001,Scioglimento e liquidazione di S.r.l. (artt. 2484-2496 c.c.),rito,rito,rito,rito,True,True,True,True,True,,,,Rito ordinario di cognizione per controversie + procedimento camerale per nomina liquidatori,Rito ordinario di cognizione per controversie + procedimento camerale per nomina liquidatori,False,,ok
kb_98_top9_set11_parte1.json,TOP9_CODICI_FREQUENTI_SET11_PARTE1,GUIDA_SCIOGLIMENTO_E_LIQUIDAZIONE_DI_S_R_L_ARTT_2484_2496_C_C_154001,Scioglimento e liquidazione di S.r.l. (artt. 2484-2496 c.c.),competenza,competenza,competenza,competenza,True,True,True,True,True,,,,Tribunale delle imprese - sede della società,Tribunale delle imprese - sede della società,False,,ok
kb_98_top9_set11_parte1.json,TOP9_CODICI_FREQUENTI_SET11_PARTE1,GUIDA_SCIOGLIMENTO_E_LIQUIDAZIONE_DI_S_R_L_ARTT_2484_2496_C_C_154001,Scioglimento e liquidazione di S.r.l. (artt. 2484-2496 c.c.),uffici_destinatari,uffici_destinatari,uffici_destinatari,uffici_destinatari,True,True,True,True,True,,,,,,False,,ok
kb_98_top9_set11_parte1.json,TOP9_CODICI_FREQUENTI_SET11_PARTE1,GUIDA_SCIOGLIMENTO_E_LIQUIDAZIONE_DI_S_R_L_ARTT_2484_2496_C_C_154001,Scioglimento e liquidazione di S.r.l. (artt. 2484-2496 c.c.),tipologie_di_intervento,tipologie_di_intervento,tipologie_di_intervento,tipologie_di_intervento,False,False,False,True,False,,,,,,False,,ok
kb_98_top9_set11_parte1.json,TOP9_CODICI_FREQUENTI_SET11_PARTE1,GUIDA_SCIOGLIMENTO_E_LIQUIDAZIONE_DI_S_R_L_ARTT_2484_2496_C_C_154001,Scioglimento e liquidazione di S.r.l. (artt. 2484-2496 c.c.),presupposti_sostanziali,presupposti_sostanziali,presupposti_sostanziali,presupposti_sostanziali,True,True,True,True,True,,,,,,False,,ok
kb_98_top9_set11_parte1.json,TOP9_CODICI_FREQUENTI_SET11_PARTE1,GUIDA_SCIOGLIMENTO_E_LIQUIDAZIONE_DI_S_R_L_ARTT_2484_2496_C_C_154001,Scioglimento e liquidazione di S.r.l. (artt. 2484-2496 c.c.),legittimati_attivi,legittimati_attivi,legittimati_attivi,legittimati_attivi,False,False,False,True,False,,,,,,False,,ok
kb_98_top9_set11_parte1.json,TOP9_CODICI_FREQUENTI_SET11_PARTE1,GUIDA_SCIOGLIMENTO_E_LIQUIDAZIONE_DI_S_R_L_ARTT_2484_2496_C_C_154001,Scioglimento e liquidazione di S.r.l. (artt. 2484-2496 c.c.),obbligo_mediazione,obbligo_mediazione,obbligo_mediazione,obbligo_mediazione,True,True,True,True,True,,,,,,False,,ok
kb_98_top9_set11_parte1.json,TOP9_CODICI_FREQUENTI_SET11_PARTE1,GUIDA_SCIOGLIMENTO_E_LIQUIDAZIONE_DI_S_R_L_ARTT_2484_2496_C_C_154001,Scioglimento e liquidazione di S.r.l. (artt. 2484-2496 c.c.),adempimenti_propedeutici,adempimenti_propedeutici,adempimenti_propedeutici,adempimenti_propedeutici,True,True,True,True,True,"1,2,3,4","1,2,3,4",,,,False,,ok
kb_98_top9_set11_parte1.json,TOP9_CODICI_FREQUENTI_SET11_PARTE1,GUIDA_SCIOGLIMENTO_E_LIQUIDAZIONE_DI_S_R_L_ARTT_2484_2496_C_C_154001,Scioglimento e liquidazione di S.r.l. (artt. 2484-2496 c.c.),richiesta_provvedimenti_urgenti,richiesta_provvedimenti_urgenti,richiesta_provvedimenti_urgenti,richiesta_provvedimenti_urgenti,False,False,False,True,False,,,,,,False,,ok
kb_98_top9_set11_parte1.json,TOP9_CODICI_FREQUENTI_SET11_PARTE1,GUIDA_SCIOGLIMENTO_E_LIQUIDAZIONE_DI_S_R_L_ARTT_2484_2496_C_C_154001,Scioglimento e liquidazione di S.r.l. (artt. 2484-2496 c.c.),avvertimenti_obbligatori,atto_principale.avvertimenti_obbligatori,atto_principale.avvertimenti_obbligatori,atto_principale.avvertimenti_obbligatori,True,True,True,True,True,,,,,,False,,ok
kb_98_top9_set11_parte1.json,TOP9_CODICI_FREQUENTI_SET11_PARTE1,GUIDA_SCIOGLIMENTO_E_LIQUIDAZIONE_DI_S_R_L_ARTT_2484_2496_C_C_154001,Scioglimento e liquidazione di S.r.l. (artt. 2484-2496 c.c.),allegati_obbligatori,allegati_obbligatori,allegati_obbligatori,allegati_obbligatori,True,True,True,True,True,,,,,,False,,ok
kb_98_top9_set11_parte1.json,TOP9_CODICI_FREQUENTI_SET11_PARTE1,GUIDA_SCIOGLIMENTO_E_LIQUIDAZIONE_DI_S_R_L_ARTT_2484_2496_C_C_154001,Scioglimento e liquidazione di S.r.l. (artt. 2484-2496 c.c.),termini_processuali,termini_processuali,termini_processuali,termini_processuali,True,True,True,True,True,,,,,,False,,ok
kb_98_top9_set11_parte1.json,TOP9_CODICI_FREQUENTI_SET11_PARTE1,GUIDA_SCIOGLIMENTO_E_LIQUIDAZIONE_DI_S_R_L_ARTT_2484_2496_C_C_154001,Scioglimento e liquidazione di S.r.l. (artt. 2484-2496 c.c.),esiti_processuali_tipici,esiti_processuali_tipici,esiti_processuali_tipici,esiti_processuali_tipici,True,True,True,True,True,,,,,,False,,ok
kb_98_top9_set11_parte1.json,TOP9_CODICI_FREQUENTI_SET11_PARTE1,GUIDA_SCIOGLIMENTO_E_LIQUIDAZIONE_DI_S_R_L_ARTT_2484_2496_C_C_154001,Scioglimento e liquidazione di S.r.l. (artt. 2484-2496 c.c.),normativa,normativa,normativa,normativa,True,True,True,True,True,,,,,,False,,ok
kb_98_top9_set11_parte1.json,TOP9_CODICI_FREQUENTI_SET11_PARTE1,GUIDA_SCIOGLIMENTO_E_LIQUIDAZIONE_DI_S_R_L_ARTT_2484_2496_C_C_154001,Scioglimento e liquidazione di S.r.l. (artt. 2484-2496 c.c.),atto_principale,atto_principale,atto_principale,atto_principale,True,True,True,True,True,,,,,,False,,ok
kb_98_top9_set11_parte1.json,TOP9_CODICI_FREQUENTI_SET11_PARTE1,GUIDA_SCIOGLIMENTO_E_LIQUIDAZIONE_DI_S_R_L_ARTT_2484_2496_C_C_154001,Scioglimento e liquidazione di S.r.l. (artt. 2484-2496 c.c.),fonti_verifica_web,fonti_verifica_web,fonti_verifica_web,fonti_verifica_web,True,True,True,True,True,,,,,,False,,ok
kb_98_top9_set11_parte1.json,TOP9_CODICI_FREQUENTI_SET11_PARTE1,GUIDA_SCIOGLIMENTO_E_LIQUIDAZIONE_DI_S_R_L_ARTT_2484_2496_C_C_154001,Scioglimento e liquidazione di S.r.l. (artt. 2484-2496 c.c.),presidi_operativi_integrativi,presidi_operativi_integrativi,presidi_operativi_integrativi,presidi_operativi_integrativi,False,False,True,True,True,,,,,,False,,ok
kb_98_top9_set11_parte1.json,TOP9_CODICI_FREQUENTI_SET11_PARTE1,GUIDA_SCIOGLIMENTO_E_LIQUIDAZIONE_DI_S_R_L_ARTT_2484_2496_C_C_154001,Scioglimento e liquidazione di S.r.l. (artt. 2484-2496 c.c.),specialistica:cause_di_scioglimento_srl_2484,cause_di_scioglimento_srl_2484,cause_di_scioglimento_srl_2484,cause_di_scioglimento_srl_2484,True,True,True,True,True,,,,,,False,,ok
kb_98_top9_set11_parte1.json,TOP9_CODICI_FREQUENTI_SET11_PARTE1,GUIDA_SCIOGLIMENTO_E_LIQUIDAZIONE_DI_S_R_L_ARTT_2484_2496_C_C_154001,Scioglimento e liquidazione di S.r.l. (artt. 2484-2496 c.c.),specialistica:obblighi_amministratori_post_scioglimento_2485_2486,obblighi_amministratori_post_scioglimento_2485_2486,obblighi_amministratori_post_scioglimento_2485_2486,obblighi_amministratori_post_scioglimento_2485_2486,True,True,True,True,True,,,,,,False,,ok
kb_98_top9_set11_parte1.json,TOP9_CODICI_FREQUENTI_SET11_PARTE1,220040,Distacco del lavoratore - contestazioni e nullità (art. 30 D.Lgs. 276/2003),denominazione,denominazione,denominazione,denominazione,True,True,True,True,True,,,,Distacco del lavoratore - contestazioni e nullità (art. 30 D.Lgs. 276/2003),Distacco del lavoratore - contestazioni e nullità (art. 30 D.Lgs. 276/2003),False,,ok
kb_98_top9_set11_parte1.json,TOP9_CODICI_FREQUENTI_SET11_PARTE1,220040,Distacco del lavoratore - contestazioni e nullità (art. 30 D.Lgs. 276/2003),categoria,categoria,categoria,categoria,True,True,True,True,True,,,,Lavoro - modifiche soggettive del rapporto,Lavoro - modifiche soggettive del rapporto,False,,ok
kb_98_top9_set11_parte1.json,TOP9_CODICI_FREQUENTI_SET11_PARTE1,220040,Distacco del lavoratore - contestazioni e nullità (art. 30 D.Lgs. 276/2003),sottocategoria,sottocategoria,sottocategoria,sottocategoria,True,True,True,True,True,,,,Azione del lavoratore per accertamento nullità del distacco illegittimo o per contestazioni sul rapporto durante distacco,Azione del lavoratore per accertamento nullità del distacco illegittimo o per contestazioni sul rapporto durante distacco,False,,ok
kb_98_top9_set11_parte1.json,TOP9_CODICI_FREQUENTI_SET11_PARTE1,220040,Distacco del lavoratore - contestazioni e nullità (art. 30 D.Lgs. 276/2003),rito,rito,rito,rito,True,True,True,True,True,,,,Rito del lavoro ex artt. 409 e ss. c.p.c.,Rito del lavoro ex artt. 409 e ss. c.p.c.,False,,ok
kb_98_top9_set11_parte1.json,TOP9_CODICI_FREQUENTI_SET11_PARTE1,220040,Distacco del lavoratore - contestazioni e nullità (art. 30 D.Lgs. 276/2003),competenza,competenza,competenza,competenza,True,True,True,True,True,,,,Tribunale del lavoro - foro della sede di lavoro (art. 413 c.p.c.),Tribunale del lavoro - foro della sede di lavoro (art. 413 c.p.c.),False,,ok
kb_98_top9_set11_parte1.json,TOP9_CODICI_FREQUENTI_SET11_PARTE1,220040,Distacco del lavoratore - contestazioni e nullità (art. 30 D.Lgs. 276/2003),uffici_destinatari,uffici_destinatari,uffici_destinatari,uffici_destinatari,True,True,True,True,True,,,,,,False,,ok
kb_98_top9_set11_parte1.json,TOP9_CODICI_FREQUENTI_SET11_PARTE1,220040,Distacco del lavoratore - contestazioni e nullità (art. 30 D.Lgs. 276/2003),tipologie_di_intervento,tipologie_di_intervento,tipologie_di_intervento,tipologie_di_intervento,False,True,True,True,True,,,,,,False,,ok
kb_98_top9_set11_parte1.json,TOP9_CODICI_FREQUENTI_SET11_PARTE1,220040,Distacco del lavoratore - contestazioni e nullità (art. 30 D.Lgs. 276/2003),presupposti_sostanziali,presupposti_sostanziali,presupposti_sostanziali,presupposti_sostanziali,False,True,True,True,True,,,,,,False,,ok
kb_98_top9_set11_parte1.json,TOP9_CODICI_FREQUENTI_SET11_PARTE1,220040,Distacco del lavoratore - contestazioni e nullità (art. 30 D.Lgs. 276/2003),legittimati_attivi,legittimati_attivi,legittimati_attivi,legittimati_attivi,False,True,True,True,True,,,,,,False,,ok
kb_98_top9_set11_parte1.json,TOP9_CODICI_FREQUENTI_SET11_PARTE1,220040,Distacco del lavoratore - contestazioni e nullità (art. 30 D.Lgs. 276/2003),obbligo_mediazione,obbligo_mediazione,obbligo_mediazione,obbligo_mediazione,True,True,True,True,True,,,,,,False,,ok
kb_98_top9_set11_parte1.json,TOP9_CODICI_FREQUENTI_SET11_PARTE1,220040,Distacco del lavoratore - contestazioni e nullità (art. 30 D.Lgs. 276/2003),adempimenti_propedeutici,adempimenti_propedeutici,adempimenti_propedeutici,adempimenti_propedeutici,True,True,True,True,True,"1,2,3,4","1,2,3,4,5",,,,False,,ok
kb_98_top9_set11_parte1.json,TOP9_CODICI_FREQUENTI_SET11_PARTE1,220040,Distacco del lavoratore - contestazioni e nullità (art. 30 D.Lgs. 276/2003),richiesta_provvedimenti_urgenti,richiesta_provvedimenti_urgenti,richiesta_provvedimenti_urgenti,richiesta_provvedimenti_urgenti,False,True,True,True,True,,,,,,False,,ok
kb_98_top9_set11_parte1.json,TOP9_CODICI_FREQUENTI_SET11_PARTE1,220040,Distacco del lavoratore - contestazioni e nullità (art. 30 D.Lgs. 276/2003),avvertimenti_obbligatori,atto_principale.avvertimenti_obbligatori,avvertimenti_obbligatori,avvertimenti_obbligatori,True,True,True,True,True,,,,,,False,,ok
kb_98_top9_set11_parte1.json,TOP9_CODICI_FREQUENTI_SET11_PARTE1,220040,Distacco del lavoratore - contestazioni e nullità (art. 30 D.Lgs. 276/2003),allegati_obbligatori,allegati_obbligatori,allegati_obbligatori,allegati_obbligatori,True,True,True,True,True,,,,,,False,,ok
kb_98_top9_set11_parte1.json,TOP9_CODICI_FREQUENTI_SET11_PARTE1,220040,Distacco del lavoratore - contestazioni e nullità (art. 30 D.Lgs. 276/2003),termini_processuali,termini_processuali,termini_processuali,termini_processuali,True,True,True,True,True,,,,,,False,,ok
kb_98_top9_set11_parte1.json,TOP9_CODICI_FREQUENTI_SET11_PARTE1,220040,Distacco del lavoratore - contestazioni e nullità (art. 30 D.Lgs. 276/2003),esiti_processuali_tipici,esiti_processuali_tipici,esiti_processuali_tipici,esiti_processuali_tipici,True,True,True,True,True,,,,,,False,,ok
kb_98_top9_set11_parte1.json,TOP9_CODICI_FREQUENTI_SET11_PARTE1,220040,Distacco del lavoratore - contestazioni e nullità (art. 30 D.Lgs. 276/2003),normativa,normativa,normativa,normativa,True,True,True,True,True,,,,,,False,,ok
kb_98_top9_set11_parte1.json,TOP9_CODICI_FREQUENTI_SET11_PARTE1,220040,Distacco del lavoratore - contestazioni e nullità (art. 30 D.Lgs. 276/2003),atto_principale,atto_principale,atto_principale,atto_principale,True,True,True,True,True,,,,,,False,,ok
kb_98_top9_set11_parte1.json,TOP9_CODICI_FREQUENTI_SET11_PARTE1,220040,Distacco del lavoratore - contestazioni e nullità (art. 30 D.Lgs. 276/2003),fonti_verifica_web,fonti_verifica_web,fonti_verifica_web,fonti_verifica_web,True,True,True,True,True,,,,,,False,,ok
kb_98_top9_set11_parte1.json,TOP9_CODICI_FREQUENTI_SET11_PARTE1,220040,Distacco del lavoratore - contestazioni e nullità (art. 30 D.Lgs. 276/2003),presidi_operativi_integrativi,presidi_operativi_integrativi,presidi_operativi_integrativi,presidi_operativi_integrativi,False,False,True,True,True,,,,,,False,,ok
kb_98_top9_set11_parte1.json,TOP9_CODICI_FREQUENTI_SET11_PARTE1,220040,Distacco del lavoratore - contestazioni e nullità (art. 30 D.Lgs. 276/2003),specialistica:presupposti_distacco_legittimo_art_30,presupposti_distacco_legittimo_art_30,presupposti_distacco_legittimo_art_30,presupposti_distacco_legittimo_art_30,True,True,True,True,True,,,,,,False,,ok
kb_98_top9_set11_parte1.json,TOP9_CODICI_FREQUENTI_SET11_PARTE1,220040,Distacco del lavoratore - contestazioni e nullità (art. 30 D.Lgs. 276/2003),specialistica:conseguenze_distacco_illecito_art_30_c5,conseguenze_distacco_illecito_art_30_c5,conseguenze_distacco_illecito_art_30_c5,conseguenze_distacco_illecito_art_30_c5,True,True,True,True,True,,,,,,False,,ok
kb_98_top9_set11_parte1.json,TOP9_CODICI_FREQUENTI_SET11_PARTE1,220040,Distacco del lavoratore - contestazioni e nullità (art. 30 D.Lgs. 276/2003),specialistica:differenza_da_interposizione_illecita,differenza_da_interposizione_illecita,differenza_da_interposizione_illecita,differenza_da_interposizione_illecita,True,True,True,True,True,,,,,,False,,ok
kb_98_top9_set11_parte2.json,TOP9_CODICI_FREQUENTI_SET11_PARTE2,103001,Azione di arricchimento senza causa (art. 2041 c.c.),denominazione,denominazione,denominazione,denominazione,True,True,True,True,True,,,,Azione di arricchimento senza causa (art. 2041 c.c.),Azione di arricchimento senza causa (art. 2041 c.c.),False,,ok
kb_98_top9_set11_parte2.json,TOP9_CODICI_FREQUENTI_SET11_PARTE2,103001,Azione di arricchimento senza causa (art. 2041 c.c.),categoria,categoria,categoria,categoria,True,True,True,True,True,,,,Obbligazioni - fonti non contrattuali,Obbligazioni - fonti non contrattuali,False,,ok
kb_98_top9_set11_parte2.json,TOP9_CODICI_FREQUENTI_SET11_PARTE2,103001,Azione di arricchimento senza causa (art. 2041 c.c.),sottocategoria,sottocategoria,sottocategoria,sottocategoria,True,True,True,True,True,,,,Azione di ingiustificato arricchimento - sussidiaria rispetto ad altre azioni,Azione di ingiustificato arricchimento - sussidiaria rispetto ad altre azioni,False,,ok
kb_98_top9_set11_parte2.json,TOP9_CODICI_FREQUENTI_SET11_PARTE2,103001,Azione di arricchimento senza causa (art. 2041 c.c.),rito,rito,rito,rito,True,True,True,True,True,,,,Rito ordinario di cognizione,Rito ordinario di cognizione,False,,ok
kb_98_top9_set11_parte2.json,TOP9_CODICI_FREQUENTI_SET11_PARTE2,103001,Azione di arricchimento senza causa (art. 2041 c.c.),competenza,competenza,competenza,competenza,True,True,True,True,True,,,,Tribunale o GdP (per valore); foro residenza convenuto,Tribunale o GdP (per valore); foro residenza convenuto,False,,ok
kb_98_top9_set11_parte2.json,TOP9_CODICI_FREQUENTI_SET11_PARTE2,103001,Azione di arricchimento senza causa (art. 2041 c.c.),uffici_destinatari,uffici_destinatari,uffici_destinatari,uffici_destinatari,True,True,True,True,True,,,,,,False,,ok
kb_98_top9_set11_parte2.json,TOP9_CODICI_FREQUENTI_SET11_PARTE2,103001,Azione di arricchimento senza causa (art. 2041 c.c.),tipologie_di_intervento,tipologie_di_intervento,tipologie_di_intervento,tipologie_di_intervento,False,True,True,True,True,,,,,,False,,ok
kb_98_top9_set11_parte2.json,TOP9_CODICI_FREQUENTI_SET11_PARTE2,103001,Azione di arricchimento senza causa (art. 2041 c.c.),presupposti_sostanziali,presupposti_sostanziali,presupposti_sostanziali,presupposti_sostanziali,True,True,True,True,True,,,,,,False,,ok
kb_98_top9_set11_parte2.json,TOP9_CODICI_FREQUENTI_SET11_PARTE2,103001,Azione di arricchimento senza causa (art. 2041 c.c.),legittimati_attivi,legittimati_attivi,legittimati_attivi,legittimati_attivi,False,True,True,True,True,,,,,,False,,ok
kb_98_top9_set11_parte2.json,TOP9_CODICI_FREQUENTI_SET11_PARTE2,103001,Azione di arricchimento senza causa (art. 2041 c.c.),obbligo_mediazione,obbligo_mediazione,obbligo_mediazione,obbligo_mediazione,True,True,True,True,True,,,,,,False,,ok
kb_98_top9_set11_parte2.json,TOP9_CODICI_FREQUENTI_SET11_PARTE2,103001,Azione di arricchimento senza causa (art. 2041 c.c.),adempimenti_propedeutici,adempimenti_propedeutici,adempimenti_propedeutici,adempimenti_propedeutici,True,True,True,True,True,"1,2,3","1,2,3,4,5",,,,False,,ok
kb_98_top9_set11_parte2.json,TOP9_CODICI_FREQUENTI_SET11_PARTE2,103001,Azione di arricchimento senza causa (art. 2041 c.c.),richiesta_provvedimenti_urgenti,richiesta_provvedimenti_urgenti,richiesta_provvedimenti_urgenti,richiesta_provvedimenti_urgenti,False,True,True,True,True,,,,,,False,,ok
kb_98_top9_set11_parte2.json,TOP9_CODICI_FREQUENTI_SET11_PARTE2,103001,Azione di arricchimento senza causa (art. 2041 c.c.),avvertimenti_obbligatori,atto_principale.avvertimenti_obbligatori,avvertimenti_obbligatori,avvertimenti_obbligatori,True,True,True,True,True,,,,,,False,,ok
kb_98_top9_set11_parte2.json,TOP9_CODICI_FREQUENTI_SET11_PARTE2,103001,Azione di arricchimento senza causa (art. 2041 c.c.),allegati_obbligatori,allegati_obbligatori,allegati_obbligatori,allegati_obbligatori,True,True,True,True,True,,,,,,False,,ok
kb_98_top9_set11_parte2.json,TOP9_CODICI_FREQUENTI_SET11_PARTE2,103001,Azione di arricchimento senza causa (art. 2041 c.c.),termini_processuali,termini_processuali,termini_processuali,termini_processuali,True,True,True,True,True,,,,,,False,,ok
kb_98_top9_set11_parte2.json,TOP9_CODICI_FREQUENTI_SET11_PARTE2,103001,Azione di arricchimento senza causa (art. 2041 c.c.),esiti_processuali_tipici,esiti_processuali_tipici,esiti_processuali_tipici,esiti_processuali_tipici,True,True,True,True,True,,,,,,False,,ok
kb_98_top9_set11_parte2.json,TOP9_CODICI_FREQUENTI_SET11_PARTE2,103001,Azione di arricchimento senza causa (art. 2041 c.c.),normativa,normativa,normativa,normativa,True,True,True,True,True,,,,,,False,,ok
kb_98_top9_set11_parte2.json,TOP9_CODICI_FREQUENTI_SET11_PARTE2,103001,Azione di arricchimento senza causa (art. 2041 c.c.),atto_principale,atto_principale,atto_principale,atto_principale,True,True,True,True,True,,,,,,False,,ok
kb_98_top9_set11_parte2.json,TOP9_CODICI_FREQUENTI_SET11_PARTE2,103001,Azione di arricchimento senza causa (art. 2041 c.c.),fonti_verifica_web,fonti_verifica_web,fonti_verifica_web,fonti_verifica_web,True,True,True,True,True,,,,,,False,,ok
kb_98_top9_set11_parte2.json,TOP9_CODICI_FREQUENTI_SET11_PARTE2,103001,Azione di arricchimento senza causa (art. 2041 c.c.),presidi_operativi_integrativi,presidi_operativi_integrativi,presidi_operativi_integrativi,presidi_operativi_integrativi,False,False,True,True,True,,,,,,False,,ok
kb_98_top9_set11_parte2.json,TOP9_CODICI_FREQUENTI_SET11_PARTE2,103001,Azione di arricchimento senza causa (art. 2041 c.c.),specialistica:sussidiarieta_art_2042_critica,sussidiarieta_art_2042_critica,sussidiarieta_art_2042_critica,sussidiarieta_art_2042_critica,True,True,True,True,True,,,,,,False,,ok
kb_98_top9_set11_parte2.json,TOP9_CODICI_FREQUENTI_SET11_PARTE2,103001,Azione di arricchimento senza causa (art. 2041 c.c.),specialistica:misura_dell_indennizzo,misura_dell_indennizzo,misura_dell_indennizzo,misura_dell_indennizzo,True,True,True,True,True,,,,,,False,,ok
kb_98_top9_set11_parte2.json,TOP9_CODICI_FREQUENTI_SET11_PARTE2,103001,Azione di arricchimento senza causa (art. 2041 c.c.),specialistica:casi_tipici_di_applicazione,casi_tipici_di_applicazione,casi_tipici_di_applicazione,casi_tipici_di_applicazione,True,True,True,True,True,,,,,,False,,ok
kb_98_top9_set11_parte2.json,TOP9_CODICI_FREQUENTI_SET11_PARTE2,512020,Opposizione all'esecuzione immobiliare / contestazioni in corso di espropriazione ipotecaria,denominazione,denominazione,denominazione,denominazione,True,True,True,True,True,,,,Opposizione all'esecuzione immobiliare / contestazioni in corso di espropriazione ipotecaria,Opposizione all'esecuzione immobiliare / contestazioni in corso di espropriazione ipotecaria,False,,ok
kb_98_top9_set11_parte2.json,TOP9_CODICI_FREQUENTI_SET11_PARTE2,512020,Opposizione all'esecuzione immobiliare / contestazioni in corso di espropriazione ipotecaria,categoria,categoria,categoria,categoria,True,True,True,True,True,,,,Esecuzioni forzate - opposizioni in executivis,Esecuzioni forzate - opposizioni in executivis,False,,ok
kb_98_top9_set11_parte2.json,TOP9_CODICI_FREQUENTI_SET11_PARTE2,512020,Opposizione all'esecuzione immobiliare / contestazioni in corso di espropriazione ipotecaria,sottocategoria,sottocategoria,sottocategoria,sottocategoria,True,True,True,True,True,,,,Opposizione all'esecuzione (615 c.2) e agli atti esecutivi (617) nell'ambito di procedura esecutiva immobiliare,Opposizione all'esecuzione (615 c.2) e agli atti esecutivi (617) nell'ambito di procedura esecutiva immobiliare,False,,ok
kb_98_top9_set11_parte2.json,TOP9_CODICI_FREQUENTI_SET11_PARTE2,512020,Opposizione all'esecuzione immobiliare / contestazioni in corso di espropriazione ipotecaria,rito,rito,rito,rito,True,True,True,True,True,,,,Rito speciale GE ex artt. 615-617 c.p.c. + eventuale giudizio di merito,Rito speciale GE ex artt. 615-617 c.p.c. + eventuale giudizio di merito,False,,ok
kb_98_top9_set11_parte2.json,TOP9_CODICI_FREQUENTI_SET11_PARTE2,512020,Opposizione all'esecuzione immobiliare / contestazioni in corso di espropriazione ipotecaria,competenza,competenza,competenza,competenza,True,True,True,True,True,,,,GIUDICE DELL'ESECUZIONE del luogo dell'immobile,GIUDICE DELL'ESECUZIONE del luogo dell'immobile,False,,ok
kb_98_top9_set11_parte2.json,TOP9_CODICI_FREQUENTI_SET11_PARTE2,512020,Opposizione all'esecuzione immobiliare / contestazioni in corso di espropriazione ipotecaria,uffici_destinatari,uffici_destinatari,uffici_destinatari,uffici_destinatari,True,True,True,True,True,,,,,,False,,ok
kb_98_top9_set11_parte2.json,TOP9_CODICI_FREQUENTI_SET11_PARTE2,512020,Opposizione all'esecuzione immobiliare / contestazioni in corso di espropriazione ipotecaria,tipologie_di_intervento,tipologie_di_intervento,tipologie_di_intervento,tipologie_di_intervento,False,False,False,True,False,,,,,,False,,ok
kb_98_top9_set11_parte2.json,TOP9_CODICI_FREQUENTI_SET11_PARTE2,512020,Opposizione all'esecuzione immobiliare / contestazioni in corso di espropriazione ipotecaria,presupposti_sostanziali,presupposti_sostanziali,presupposti_sostanziali,presupposti_sostanziali,False,False,False,True,False,,,,,,False,,ok
kb_98_top9_set11_parte2.json,TOP9_CODICI_FREQUENTI_SET11_PARTE2,512020,Opposizione all'esecuzione immobiliare / contestazioni in corso di espropriazione ipotecaria,legittimati_attivi,legittimati_attivi,legittimati_attivi,legittimati_attivi,False,False,False,True,False,,,,,,False,,ok
kb_98_top9_set11_parte2.json,TOP9_CODICI_FREQUENTI_SET11_PARTE2,512020,Opposizione all'esecuzione immobiliare / contestazioni in corso di espropriazione ipotecaria,obbligo_mediazione,obbligo_mediazione,obbligo_mediazione,obbligo_mediazione,True,True,True,True,True,,,,,,False,,ok
kb_98_top9_set11_parte2.json,TOP9_CODICI_FREQUENTI_SET11_PARTE2,512020,Opposizione all'esecuzione immobiliare / contestazioni in corso di espropriazione ipotecaria,adempimenti_propedeutici,adempimenti_propedeutici,adempimenti_propedeutici,adempimenti_propedeutici,True,True,True,True,True,"1,2,3,4","1,2,3,4",,,,False,,ok
kb_98_top9_set11_parte2.json,TOP9_CODICI_FREQUENTI_SET11_PARTE2,512020,Opposizione all'esecuzione immobiliare / contestazioni in corso di espropriazione ipotecaria,richiesta_provvedimenti_urgenti,richiesta_provvedimenti_urgenti,richiesta_provvedimenti_urgenti,richiesta_provvedimenti_urgenti,False,False,False,True,False,,,,,,False,,ok
kb_98_top9_set11_parte2.json,TOP9_CODICI_FREQUENTI_SET11_PARTE2,512020,Opposizione all'esecuzione immobiliare / contestazioni in corso di espropriazione ipotecaria,avvertimenti_obbligatori,atto_principale.avvertimenti_obbligatori,atto_principale.avvertimenti_obbligatori,atto_principale.avvertimenti_obbligatori,True,True,True,True,True,,,,,,False,,ok
kb_98_top9_set11_parte2.json,TOP9_CODICI_FREQUENTI_SET11_PARTE2,512020,Opposizione all'esecuzione immobiliare / contestazioni in corso di espropriazione ipotecaria,allegati_obbligatori,allegati_obbligatori,allegati_obbligatori,allegati_obbligatori,True,True,True,True,True,,,,,,False,,ok
kb_98_top9_set11_parte2.json,TOP9_CODICI_FREQUENTI_SET11_PARTE2,512020,Opposizione all'esecuzione immobiliare / contestazioni in corso di espropriazione ipotecaria,termini_processuali,termini_processuali,termini_processuali,termini_processuali,True,True,True,True,True,,,,,,False,,ok
kb_98_top9_set11_parte2.json,TOP9_CODICI_FREQUENTI_SET11_PARTE2,512020,Opposizione all'esecuzione immobiliare / contestazioni in corso di espropriazione ipotecaria,esiti_processuali_tipici,esiti_processuali_tipici,esiti_processuali_tipici,esiti_processuali_tipici,True,True,True,True,True,,,,,,False,,ok
kb_98_top9_set11_parte2.json,TOP9_CODICI_FREQUENTI_SET11_PARTE2,512020,Opposizione all'esecuzione immobiliare / contestazioni in corso di espropriazione ipotecaria,normativa,normativa,normativa,normativa,True,True,True,True,True,,,,,,False,,ok
kb_98_top9_set11_parte2.json,TOP9_CODICI_FREQUENTI_SET11_PARTE2,512020,Opposizione all'esecuzione immobiliare / contestazioni in corso di espropriazione ipotecaria,atto_principale,atto_principale,atto_principale,atto_principale,True,True,True,True,True,,,,,,False,,ok
kb_98_top9_set11_parte2.json,TOP9_CODICI_FREQUENTI_SET11_PARTE2,512020,Opposizione all'esecuzione immobiliare / contestazioni in corso di espropriazione ipotecaria,fonti_verifica_web,fonti_verifica_web,fonti_verifica_web,fonti_verifica_web,True,True,True,True,True,,,,,,False,,ok
kb_98_top9_set11_parte2.json,TOP9_CODICI_FREQUENTI_SET11_PARTE2,512020,Opposizione all'esecuzione immobiliare / contestazioni in corso di espropriazione ipotecaria,presidi_operativi_integrativi,presidi_operativi_integrativi,presidi_operativi_integrativi,presidi_operativi_integrativi,False,False,True,True,True,,,,,,False,,ok
kb_98_top9_set11_parte2.json,TOP9_CODICI_FREQUENTI_SET11_PARTE2,512020,Opposizione all'esecuzione immobiliare / contestazioni in corso di espropriazione ipotecaria,specialistica:tipologie_di_opposizione_in_esecuzione_immobiliare,tipologie_di_opposizione_in_esecuzione_immobiliare,tipologie_di_opposizione_in_esecuzione_immobiliare,tipologie_di_opposizione_in_esecuzione_immobiliare,True,True,True,True,True,,,,,,False,,ok
kb_98_top9_set11_parte2.json,TOP9_CODICI_FREQUENTI_SET11_PARTE2,512020,Opposizione all'esecuzione immobiliare / contestazioni in corso di espropriazione ipotecaria,specialistica:sospensione_esecuzione_618,sospensione_esecuzione_618,sospensione_esecuzione_618,sospensione_esecuzione_618,True,True,True,True,True,,,,,,False,,ok
kb_98_top9_set11_parte2.json,TOP9_CODICI_FREQUENTI_SET11_PARTE2,512020,Opposizione all'esecuzione immobiliare / contestazioni in corso di espropriazione ipotecaria,specialistica:motivi_tipici_opposizione_615_c2_immobiliare,motivi_tipici_opposizione_615_c2_immobiliare,motivi_tipici_opposizione_615_c2_immobiliare,motivi_tipici_opposizione_615_c2_immobiliare,True,True,True,True,True,,,,,,False,,ok
kb_98_top9_set11_parte2.json,TOP9_CODICI_FREQUENTI_SET11_PARTE2,512020,Opposizione all'esecuzione immobiliare / contestazioni in corso di espropriazione ipotecaria,specialistica:vizi_tipici_opposizione_617_immobiliare,vizi_tipici_opposizione_617_immobiliare,vizi_tipici_opposizione_617_immobiliare,vizi_tipici_opposizione_617_immobiliare,True,True,True,True,True,,,,,,False,,ok
kb_98_top9_set11_parte2.json,TOP9_CODICI_FREQUENTI_SET11_PARTE2,GUIDA_INIBITORIA_PER_PRATICHE_COMMERCIALI_SCORRETTE_D_LGS_206_2005_ARTT_18_27__180010,Inibitoria per pratiche commerciali scorrette (D.Lgs. 206/2005 artt. 18-27-ter),denominazione,denominazione,denominazione,denominazione,True,True,True,True,True,,,,Inibitoria per pratiche commerciali scorrette (D.Lgs. 206/2005 artt. 18-27-ter),Inibitoria per pratiche commerciali scorrette (D.Lgs. 206/2005 artt. 18-27-ter),False,,ok
kb_98_top9_set11_parte2.json,TOP9_CODICI_FREQUENTI_SET11_PARTE2,GUIDA_INIBITORIA_PER_PRATICHE_COMMERCIALI_SCORRETTE_D_LGS_206_2005_ARTT_18_27__180010,Inibitoria per pratiche commerciali scorrette (D.Lgs. 206/2005 artt. 18-27-ter),categoria,categoria,categoria,categoria,True,True,True,True,True,,,,Diritto del consumo - pratiche commerciali,Diritto del consumo - pratiche commerciali,False,,ok
kb_98_top9_set11_parte2.json,TOP9_CODICI_FREQUENTI_SET11_PARTE2,GUIDA_INIBITORIA_PER_PRATICHE_COMMERCIALI_SCORRETTE_D_LGS_206_2005_ARTT_18_27__180010,Inibitoria per pratiche commerciali scorrette (D.Lgs. 206/2005 artt. 18-27-ter),sottocategoria,sottocategoria,sottocategoria,sottocategoria,True,True,True,True,True,,,,Azione inibitoria individuale o collettiva per pratiche commerciali scorrette e ingannevoli,Azione inibitoria individuale o collettiva per pratiche commerciali scorrette e ingannevoli,False,,ok
kb_98_top9_set11_parte2.json,TOP9_CODICI_FREQUENTI_SET11_PARTE2,GUIDA_INIBITORIA_PER_PRATICHE_COMMERCIALI_SCORRETTE_D_LGS_206_2005_ARTT_18_27__180010,Inibitoria per pratiche commerciali scorrette (D.Lgs. 206/2005 artt. 18-27-ter),rito,rito,rito,rito,True,True,True,True,True,,,,Rito sommario di cognizione o rito ordinario; inibitoria urgente possibile ex 700 c.p.c.,Rito sommario di cognizione o rito ordinario; inibitoria urgente possibile ex 700 c.p.c.,False,,ok
kb_98_top9_set11_parte2.json,TOP9_CODICI_FREQUENTI_SET11_PARTE2,GUIDA_INIBITORIA_PER_PRATICHE_COMMERCIALI_SCORRETTE_D_LGS_206_2005_ARTT_18_27__180010,Inibitoria per pratiche commerciali scorrette (D.Lgs. 206/2005 artt. 18-27-ter),competenza,competenza,competenza,competenza,True,True,True,True,True,,,,Tribunale del luogo sede del professionista o residenza del consumatore; AGCM per procedimento amministrativo alternativo,Tribunale del luogo sede del professionista o residenza del consumatore; AGCM per procedimento amministrativo alternativo,False,,ok
kb_98_top9_set11_parte2.json,TOP9_CODICI_FREQUENTI_SET11_PARTE2,GUIDA_INIBITORIA_PER_PRATICHE_COMMERCIALI_SCORRETTE_D_LGS_206_2005_ARTT_18_27__180010,Inibitoria per pratiche commerciali scorrette (D.Lgs. 206/2005 artt. 18-27-ter),uffici_destinatari,uffici_destinatari,uffici_destinatari,uffici_destinatari,True,True,True,True,True,,,,,,False,,ok
kb_98_top9_set11_parte2.json,TOP9_CODICI_FREQUENTI_SET11_PARTE2,GUIDA_INIBITORIA_PER_PRATICHE_COMMERCIALI_SCORRETTE_D_LGS_206_2005_ARTT_18_27__180010,Inibitoria per pratiche commerciali scorrette (D.Lgs. 206/2005 artt. 18-27-ter),tipologie_di_intervento,tipologie_di_intervento,tipologie_di_intervento,tipologie_di_intervento,False,False,False,True,False,,,,,,False,,ok
kb_98_top9_set11_parte2.json,TOP9_CODICI_FREQUENTI_SET11_PARTE2,GUIDA_INIBITORIA_PER_PRATICHE_COMMERCIALI_SCORRETTE_D_LGS_206_2005_ARTT_18_27__180010,Inibitoria per pratiche commerciali scorrette (D.Lgs. 206/2005 artt. 18-27-ter),presupposti_sostanziali,presupposti_sostanziali,presupposti_sostanziali,presupposti_sostanziali,False,False,False,True,False,,,,,,False,,ok
kb_98_top9_set11_parte2.json,TOP9_CODICI_FREQUENTI_SET11_PARTE2,GUIDA_INIBITORIA_PER_PRATICHE_COMMERCIALI_SCORRETTE_D_LGS_206_2005_ARTT_18_27__180010,Inibitoria per pratiche commerciali scorrette (D.Lgs. 206/2005 artt. 18-27-ter),legittimati_attivi,legittimati_attivi,legittimati_attivi,legittimati_attivi,False,False,False,True,False,,,,,,False,,ok
kb_98_top9_set11_parte2.json,TOP9_CODICI_FREQUENTI_SET11_PARTE2,GUIDA_INIBITORIA_PER_PRATICHE_COMMERCIALI_SCORRETTE_D_LGS_206_2005_ARTT_18_27__180010,Inibitoria per pratiche commerciali scorrette (D.Lgs. 206/2005 artt. 18-27-ter),obbligo_mediazione,obbligo_mediazione,obbligo_mediazione,obbligo_mediazione,True,True,True,True,True,,,,,,False,,ok
kb_98_top9_set11_parte2.json,TOP9_CODICI_FREQUENTI_SET11_PARTE2,GUIDA_INIBITORIA_PER_PRATICHE_COMMERCIALI_SCORRETTE_D_LGS_206_2005_ARTT_18_27__180010,Inibitoria per pratiche commerciali scorrette (D.Lgs. 206/2005 artt. 18-27-ter),adempimenti_propedeutici,adempimenti_propedeutici,adempimenti_propedeutici,adempimenti_propedeutici,True,True,True,True,True,"1,2,3,4","1,2,3,4",,,,False,,ok
kb_98_top9_set11_parte2.json,TOP9_CODICI_FREQUENTI_SET11_PARTE2,GUIDA_INIBITORIA_PER_PRATICHE_COMMERCIALI_SCORRETTE_D_LGS_206_2005_ARTT_18_27__180010,Inibitoria per pratiche commerciali scorrette (D.Lgs. 206/2005 artt. 18-27-ter),richiesta_provvedimenti_urgenti,richiesta_provvedimenti_urgenti,richiesta_provvedimenti_urgenti,richiesta_provvedimenti_urgenti,False,False,False,True,False,,,,,,False,,ok
kb_98_top9_set11_parte2.json,TOP9_CODICI_FREQUENTI_SET11_PARTE2,GUIDA_INIBITORIA_PER_PRATICHE_COMMERCIALI_SCORRETTE_D_LGS_206_2005_ARTT_18_27__180010,Inibitoria per pratiche commerciali scorrette (D.Lgs. 206/2005 artt. 18-27-ter),avvertimenti_obbligatori,atto_principale.avvertimenti_obbligatori,atto_principale.avvertimenti_obbligatori,atto_principale.avvertimenti_obbligatori,True,True,True,True,True,,,,,,False,,ok
kb_98_top9_set11_parte2.json,TOP9_CODICI_FREQUENTI_SET11_PARTE2,GUIDA_INIBITORIA_PER_PRATICHE_COMMERCIALI_SCORRETTE_D_LGS_206_2005_ARTT_18_27__180010,Inibitoria per pratiche commerciali scorrette (D.Lgs. 206/2005 artt. 18-27-ter),allegati_obbligatori,allegati_obbligatori,allegati_obbligatori,allegati_obbligatori,True,True,True,True,True,,,,,,False,,ok
kb_98_top9_set11_parte2.json,TOP9_CODICI_FREQUENTI_SET11_PARTE2,GUIDA_INIBITORIA_PER_PRATICHE_COMMERCIALI_SCORRETTE_D_LGS_206_2005_ARTT_18_27__180010,Inibitoria per pratiche commerciali scorrette (D.Lgs. 206/2005 artt. 18-27-ter),termini_processuali,termini_processuali,termini_processuali,termini_processuali,True,True,True,True,True,,,,,,False,,ok
kb_98_top9_set11_parte2.json,TOP9_CODICI_FREQUENTI_SET11_PARTE2,GUIDA_INIBITORIA_PER_PRATICHE_COMMERCIALI_SCORRETTE_D_LGS_206_2005_ARTT_18_27__180010,Inibitoria per pratiche commerciali scorrette (D.Lgs. 206/2005 artt. 18-27-ter),esiti_processuali_tipici,esiti_processuali_tipici,esiti_processuali_tipici,esiti_processuali_tipici,True,True,True,True,True,,,,,,False,,ok
kb_98_top9_set11_parte2.json,TOP9_CODICI_FREQUENTI_SET11_PARTE2,GUIDA_INIBITORIA_PER_PRATICHE_COMMERCIALI_SCORRETTE_D_LGS_206_2005_ARTT_18_27__180010,Inibitoria per pratiche commerciali scorrette (D.Lgs. 206/2005 artt. 18-27-ter),normativa,normativa,normativa,normativa,True,True,True,True,True,,,,,,False,,ok
kb_98_top9_set11_parte2.json,TOP9_CODICI_FREQUENTI_SET11_PARTE2,GUIDA_INIBITORIA_PER_PRATICHE_COMMERCIALI_SCORRETTE_D_LGS_206_2005_ARTT_18_27__180010,Inibitoria per pratiche commerciali scorrette (D.Lgs. 206/2005 artt. 18-27-ter),atto_principale,atto_principale,atto_principale,atto_principale,True,True,True,True,True,,,,,,False,,ok
kb_98_top9_set11_parte2.json,TOP9_CODICI_FREQUENTI_SET11_PARTE2,GUIDA_INIBITORIA_PER_PRATICHE_COMMERCIALI_SCORRETTE_D_LGS_206_2005_ARTT_18_27__180010,Inibitoria per pratiche commerciali scorrette (D.Lgs. 206/2005 artt. 18-27-ter),fonti_verifica_web,fonti_verifica_web,fonti_verifica_web,fonti_verifica_web,True,True,True,True,True,,,,,,False,,ok
kb_98_top9_set11_parte2.json,TOP9_CODICI_FREQUENTI_SET11_PARTE2,GUIDA_INIBITORIA_PER_PRATICHE_COMMERCIALI_SCORRETTE_D_LGS_206_2005_ARTT_18_27__180010,Inibitoria per pratiche commerciali scorrette (D.Lgs. 206/2005 artt. 18-27-ter),presidi_operativi_integrativi,presidi_operativi_integrativi,presidi_operativi_integrativi,presidi_operativi_integrativi,False,False,True,True,True,,,,,,False,,ok
kb_98_top9_set11_parte2.json,TOP9_CODICI_FREQUENTI_SET11_PARTE2,GUIDA_INIBITORIA_PER_PRATICHE_COMMERCIALI_SCORRETTE_D_LGS_206_2005_ARTT_18_27__180010,Inibitoria per pratiche commerciali scorrette (D.Lgs. 206/2005 artt. 18-27-ter),specialistica:tipologie_di_pratiche_scorrette,tipologie_di_pratiche_scorrette,tipologie_di_pratiche_scorrette,tipologie_di_pratiche_scorrette,True,True,True,True,True,,,,,,False,,ok
kb_98_top9_set11_parte2.json,TOP9_CODICI_FREQUENTI_SET11_PARTE2,GUIDA_INIBITORIA_PER_PRATICHE_COMMERCIALI_SCORRETTE_D_LGS_206_2005_ARTT_18_27__180010,Inibitoria per pratiche commerciali scorrette (D.Lgs. 206/2005 artt. 18-27-ter),specialistica:tutele_disponibili,tutele_disponibili,tutele_disponibili,tutele_disponibili,True,True,True,True,True,,,,,,False,,ok
kb_98_top9_set11_parte2.json,TOP9_CODICI_FREQUENTI_SET11_PARTE2,GUIDA_REGOLAMENTO_DI_CONFINI_TRA_FONDI_CONTIGUI_ART_950_C_C_130060,Regolamento di confini tra fondi contigui (art. 950 c.c.),denominazione,denominazione,denominazione,denominazione,True,True,True,True,True,,,,Regolamento di confini tra fondi contigui (art. 950 c.c.),Regolamento di confini tra fondi contigui (art. 950 c.c.),False,,ok
kb_98_top9_set11_parte2.json,TOP9_CODICI_FREQUENTI_SET11_PARTE2,GUIDA_REGOLAMENTO_DI_CONFINI_TRA_FONDI_CONTIGUI_ART_950_C_C_130060,Regolamento di confini tra fondi contigui (art. 950 c.c.),categoria,categoria,categoria,categoria,True,True,True,True,True,,,,Diritti reali - rapporti di vicinato,Diritti reali - rapporti di vicinato,False,,ok
kb_98_top9_set11_parte2.json,TOP9_CODICI_FREQUENTI_SET11_PARTE2,GUIDA_REGOLAMENTO_DI_CONFINI_TRA_FONDI_CONTIGUI_ART_950_C_C_130060,Regolamento di confini tra fondi contigui (art. 950 c.c.),sottocategoria,sottocategoria,sottocategoria,sottocategoria,True,True,True,True,True,,,,Azione petitoria per determinazione dei confini tra fondi contigui quando incerti o contestati,Azione petitoria per determinazione dei confini tra fondi contigui quando incerti o contestati,False,,ok
kb_98_top9_set11_parte2.json,TOP9_CODICI_FREQUENTI_SET11_PARTE2,GUIDA_REGOLAMENTO_DI_CONFINI_TRA_FONDI_CONTIGUI_ART_950_C_C_130060,Regolamento di confini tra fondi contigui (art. 950 c.c.),rito,rito,rito,rito,True,True,True,True,True,,,,Rito ordinario di cognizione preceduto da MEDIAZIONE OBBLIGATORIA (diritti reali),Rito ordinario di cognizione preceduto da MEDIAZIONE OBBLIGATORIA (diritti reali),False,,ok
kb_98_top9_set11_parte2.json,TOP9_CODICI_FREQUENTI_SET11_PARTE2,GUIDA_REGOLAMENTO_DI_CONFINI_TRA_FONDI_CONTIGUI_ART_950_C_C_130060,Regolamento di confini tra fondi contigui (art. 950 c.c.),competenza,competenza,competenza,competenza,True,True,True,True,True,,,,Tribunale del luogo dell'immobile (art. 21 c.p.c.) - foro esclusivo,Tribunale del luogo dell'immobile (art. 21 c.p.c.) - foro esclusivo,False,,ok
kb_98_top9_set11_parte2.json,TOP9_CODICI_FREQUENTI_SET11_PARTE2,GUIDA_REGOLAMENTO_DI_CONFINI_TRA_FONDI_CONTIGUI_ART_950_C_C_130060,Regolamento di confini tra fondi contigui (art. 950 c.c.),uffici_destinatari,uffici_destinatari,uffici_destinatari,uffici_destinatari,True,True,True,True,True,,,,,,False,,ok
kb_98_top9_set11_parte2.json,TOP9_CODICI_FREQUENTI_SET11_PARTE2,GUIDA_REGOLAMENTO_DI_CONFINI_TRA_FONDI_CONTIGUI_ART_950_C_C_130060,Regolamento di confini tra fondi contigui (art. 950 c.c.),tipologie_di_intervento,tipologie_di_intervento,tipologie_di_intervento,tipologie_di_intervento,False,False,False,True,False,,,,,,False,,ok
kb_98_top9_set11_parte2.json,TOP9_CODICI_FREQUENTI_SET11_PARTE2,GUIDA_REGOLAMENTO_DI_CONFINI_TRA_FONDI_CONTIGUI_ART_950_C_C_130060,Regolamento di confini tra fondi contigui (art. 950 c.c.),presupposti_sostanziali,presupposti_sostanziali,presupposti_sostanziali,presupposti_sostanziali,True,True,True,True,True,,,,,,False,,ok
kb_98_top9_set11_parte2.json,TOP9_CODICI_FREQUENTI_SET11_PARTE2,GUIDA_REGOLAMENTO_DI_CONFINI_TRA_FONDI_CONTIGUI_ART_950_C_C_130060,Regolamento di confini tra fondi contigui (art. 950 c.c.),legittimati_attivi,legittimati_attivi,legittimati_attivi,legittimati_attivi,False,False,False,True,False,,,,,,False,,ok
kb_98_top9_set11_parte2.json,TOP9_CODICI_FREQUENTI_SET11_PARTE2,GUIDA_REGOLAMENTO_DI_CONFINI_TRA_FONDI_CONTIGUI_ART_950_C_C_130060,Regolamento di confini tra fondi contigui (art. 950 c.c.),obbligo_mediazione,obbligo_mediazione,obbligo_mediazione,obbligo_mediazione,True,True,True,True,True,,,,,,False,,ok
kb_98_top9_set11_parte2.json,TOP9_CODICI_FREQUENTI_SET11_PARTE2,GUIDA_REGOLAMENTO_DI_CONFINI_TRA_FONDI_CONTIGUI_ART_950_C_C_130060,Regolamento di confini tra fondi contigui (art. 950 c.c.),adempimenti_propedeutici,adempimenti_propedeutici,adempimenti_propedeutici,adempimenti_propedeutici,True,True,True,True,True,"1,2,3,4","1,2,3,4",,,,False,,ok
kb_98_top9_set11_parte2.json,TOP9_CODICI_FREQUENTI_SET11_PARTE2,GUIDA_REGOLAMENTO_DI_CONFINI_TRA_FONDI_CONTIGUI_ART_950_C_C_130060,Regolamento di confini tra fondi contigui (art. 950 c.c.),richiesta_provvedimenti_urgenti,richiesta_provvedimenti_urgenti,richiesta_provvedimenti_urgenti,richiesta_provvedimenti_urgenti,False,False,False,True,False,,,,,,False,,ok
kb_98_top9_set11_parte2.json,TOP9_CODICI_FREQUENTI_SET11_PARTE2,GUIDA_REGOLAMENTO_DI_CONFINI_TRA_FONDI_CONTIGUI_ART_950_C_C_130060,Regolamento di confini tra fondi contigui (art. 950 c.c.),avvertimenti_obbligatori,atto_principale.avvertimenti_obbligatori,atto_principale.avvertimenti_obbligatori,atto_principale.avvertimenti_obbligatori,True,True,True,True,True,,,,,,False,,ok
kb_98_top9_set11_parte2.json,TOP9_CODICI_FREQUENTI_SET11_PARTE2,GUIDA_REGOLAMENTO_DI_CONFINI_TRA_FONDI_CONTIGUI_ART_950_C_C_130060,Regolamento di confini tra fondi contigui (art. 950 c.c.),allegati_obbligatori,allegati_obbligatori,allegati_obbligatori,allegati_obbligatori,True,True,True,True,True,,,,,,False,,ok
kb_98_top9_set11_parte2.json,TOP9_CODICI_FREQUENTI_SET11_PARTE2,GUIDA_REGOLAMENTO_DI_CONFINI_TRA_FONDI_CONTIGUI_ART_950_C_C_130060,Regolamento di confini tra fondi contigui (art. 950 c.c.),termini_processuali,termini_processuali,termini_processuali,termini_processuali,True,True,True,True,True,,,,,,False,,ok
kb_98_top9_set11_parte2.json,TOP9_CODICI_FREQUENTI_SET11_PARTE2,GUIDA_REGOLAMENTO_DI_CONFINI_TRA_FONDI_CONTIGUI_ART_950_C_C_130060,Regolamento di confini tra fondi contigui (art. 950 c.c.),esiti_processuali_tipici,esiti_processuali_tipici,esiti_processuali_tipici,esiti_processuali_tipici,True,True,True,True,True,,,,,,False,,ok
kb_98_top9_set11_parte2.json,TOP9_CODICI_FREQUENTI_SET11_PARTE2,GUIDA_REGOLAMENTO_DI_CONFINI_TRA_FONDI_CONTIGUI_ART_950_C_C_130060,Regolamento di confini tra fondi contigui (art. 950 c.c.),normativa,normativa,normativa,normativa,True,True,True,True,True,,,,,,False,,ok
kb_98_top9_set11_parte2.json,TOP9_CODICI_FREQUENTI_SET11_PARTE2,GUIDA_REGOLAMENTO_DI_CONFINI_TRA_FONDI_CONTIGUI_ART_950_C_C_130060,Regolamento di confini tra fondi contigui (art. 950 c.c.),atto_principale,atto_principale,atto_principale,atto_principale,True,True,True,True,True,,,,,,False,,ok
kb_98_top9_set11_parte2.json,TOP9_CODICI_FREQUENTI_SET11_PARTE2,GUIDA_REGOLAMENTO_DI_CONFINI_TRA_FONDI_CONTIGUI_ART_950_C_C_130060,Regolamento di confini tra fondi contigui (art. 950 c.c.),fonti_verifica_web,fonti_verifica_web,fonti_verifica_web,fonti_verifica_web,True,True,True,True,True,,,,,,False,,ok
kb_98_top9_set11_parte2.json,TOP9_CODICI_FREQUENTI_SET11_PARTE2,GUIDA_REGOLAMENTO_DI_CONFINI_TRA_FONDI_CONTIGUI_ART_950_C_C_130060,Regolamento di confini tra fondi contigui (art. 950 c.c.),presidi_operativi_integrativi,presidi_operativi_integrativi,presidi_operativi_integrativi,presidi_operativi_integrativi,False,False,True,True,True,,,,,,False,,ok
kb_98_top9_set11_parte2.json,TOP9_CODICI_FREQUENTI_SET11_PARTE2,GUIDA_REGOLAMENTO_DI_CONFINI_TRA_FONDI_CONTIGUI_ART_950_C_C_130060,Regolamento di confini tra fondi contigui (art. 950 c.c.),specialistica:natura_dell_azione_di_regolamento_confini,natura_dell_azione_di_regolamento_confini,natura_dell_azione_di_regolamento_confini,natura_dell_azione_di_regolamento_confini,True,True,True,True,True,,,,,,False,,ok
kb_98_top9_set11_parte2.json,TOP9_CODICI_FREQUENTI_SET11_PARTE2,GUIDA_REGOLAMENTO_DI_CONFINI_TRA_FONDI_CONTIGUI_ART_950_C_C_130060,Regolamento di confini tra fondi contigui (art. 950 c.c.),specialistica:prova_del_confine,prova_del_confine,prova_del_confine,prova_del_confine,True,True,True,True,True,,,,,,False,,ok
kb_98_top9_set12_parte1.json,TOP9_CODICI_FREQUENTI_SET12_PARTE1,GUIDA_RISARCIMENTO_DANNI_DA_SINISTRO_STRADALE_PEDONE_O_CICLISTA_INVESTITO_DA_V_144010,Risarcimento danni da sinistro stradale - pedone o ciclista investito da veicolo (art. 2054 c.c.),denominazione,denominazione,denominazione,denominazione,True,True,True,True,True,,,,Risarcimento danni da sinistro stradale - pedone o ciclista investito da veicolo (art. 2054 c.c.),Risarcimento danni da sinistro stradale - pedone o ciclista investito da veicolo (art. 2054 c.c.),False,,ok
kb_98_top9_set12_parte1.json,TOP9_CODICI_FREQUENTI_SET12_PARTE1,GUIDA_RISARCIMENTO_DANNI_DA_SINISTRO_STRADALE_PEDONE_O_CICLISTA_INVESTITO_DA_V_144010,Risarcimento danni da sinistro stradale - pedone o ciclista investito da veicolo (art. 2054 c.c.),categoria,categoria,categoria,categoria,True,True,True,True,True,,,,Responsabilità civile - RC veicoli - soggetti deboli,Responsabilità civile - RC veicoli - soggetti deboli,False,,ok
kb_98_top9_set12_parte1.json,TOP9_CODICI_FREQUENTI_SET12_PARTE1,GUIDA_RISARCIMENTO_DANNI_DA_SINISTRO_STRADALE_PEDONE_O_CICLISTA_INVESTITO_DA_V_144010,Risarcimento danni da sinistro stradale - pedone o ciclista investito da veicolo (art. 2054 c.c.),sottocategoria,sottocategoria,sottocategoria,sottocategoria,True,True,True,True,True,,,,Azione risarcitoria del pedone o ciclista investito verso il conducente/proprietario del veicolo e la sua assicurazione RC,Azione risarcitoria del pedone o ciclista investito verso il conducente/proprietario del veicolo e la sua assicurazione RC,False,,ok
kb_98_top9_set12_parte1.json,TOP9_CODICI_FREQUENTI_SET12_PARTE1,GUIDA_RISARCIMENTO_DANNI_DA_SINISTRO_STRADALE_PEDONE_O_CICLISTA_INVESTITO_DA_V_144010,Risarcimento danni da sinistro stradale - pedone o ciclista investito da veicolo (art. 2054 c.c.),rito,rito,rito,rito,True,True,True,True,True,,,,Rito ordinario; negoziazione assistita obbligatoria ex D.L. 132/2014,Rito ordinario; negoziazione assistita obbligatoria ex D.L. 132/2014,False,,ok
kb_98_top9_set12_parte1.json,TOP9_CODICI_FREQUENTI_SET12_PARTE1,GUIDA_RISARCIMENTO_DANNI_DA_SINISTRO_STRADALE_PEDONE_O_CICLISTA_INVESTITO_DA_V_144010,Risarcimento danni da sinistro stradale - pedone o ciclista investito da veicolo (art. 2054 c.c.),competenza,competenza,competenza,competenza,True,True,True,True,True,,,,Tribunale del luogo del sinistro o residenza del danneggiato (foro consumatore),Tribunale del luogo del sinistro o residenza del danneggiato (foro consumatore),False,,ok
kb_98_top9_set12_parte1.json,TOP9_CODICI_FREQUENTI_SET12_PARTE1,GUIDA_RISARCIMENTO_DANNI_DA_SINISTRO_STRADALE_PEDONE_O_CICLISTA_INVESTITO_DA_V_144010,Risarcimento danni da sinistro stradale - pedone o ciclista investito da veicolo (art. 2054 c.c.),uffici_destinatari,uffici_destinatari,uffici_destinatari,uffici_destinatari,True,True,True,True,True,,,,,,False,,ok
kb_98_top9_set12_parte1.json,TOP9_CODICI_FREQUENTI_SET12_PARTE1,GUIDA_RISARCIMENTO_DANNI_DA_SINISTRO_STRADALE_PEDONE_O_CICLISTA_INVESTITO_DA_V_144010,Risarcimento danni da sinistro stradale - pedone o ciclista investito da veicolo (art. 2054 c.c.),tipologie_di_intervento,tipologie_di_intervento,tipologie_di_intervento,tipologie_di_intervento,False,False,False,True,False,,,,,,False,,ok
kb_98_top9_set12_parte1.json,TOP9_CODICI_FREQUENTI_SET12_PARTE1,GUIDA_RISARCIMENTO_DANNI_DA_SINISTRO_STRADALE_PEDONE_O_CICLISTA_INVESTITO_DA_V_144010,Risarcimento danni da sinistro stradale - pedone o ciclista investito da veicolo (art. 2054 c.c.),presupposti_sostanziali,presupposti_sostanziali,presupposti_sostanziali,presupposti_sostanziali,False,False,False,True,False,,,,,,False,,ok
kb_98_top9_set12_parte1.json,TOP9_CODICI_FREQUENTI_SET12_PARTE1,GUIDA_RISARCIMENTO_DANNI_DA_SINISTRO_STRADALE_PEDONE_O_CICLISTA_INVESTITO_DA_V_144010,Risarcimento danni da sinistro stradale - pedone o ciclista investito da veicolo (art. 2054 c.c.),legittimati_attivi,legittimati_attivi,legittimati_attivi,legittimati_attivi,False,False,False,True,False,,,,,,False,,ok
kb_98_top9_set12_parte1.json,TOP9_CODICI_FREQUENTI_SET12_PARTE1,GUIDA_RISARCIMENTO_DANNI_DA_SINISTRO_STRADALE_PEDONE_O_CICLISTA_INVESTITO_DA_V_144010,Risarcimento danni da sinistro stradale - pedone o ciclista investito da veicolo (art. 2054 c.c.),obbligo_mediazione,obbligo_mediazione,obbligo_mediazione,obbligo_mediazione,True,True,True,True,True,,,,,,False,,ok
kb_98_top9_set12_parte1.json,TOP9_CODICI_FREQUENTI_SET12_PARTE1,GUIDA_RISARCIMENTO_DANNI_DA_SINISTRO_STRADALE_PEDONE_O_CICLISTA_INVESTITO_DA_V_144010,Risarcimento danni da sinistro stradale - pedone o ciclista investito da veicolo (art. 2054 c.c.),adempimenti_propedeutici,adempimenti_propedeutici,adempimenti_propedeutici,adempimenti_propedeutici,True,True,True,True,True,"1,2,3,4,5,6","1,2,3,4,5,6",,,,False,,ok
kb_98_top9_set12_parte1.json,TOP9_CODICI_FREQUENTI_SET12_PARTE1,GUIDA_RISARCIMENTO_DANNI_DA_SINISTRO_STRADALE_PEDONE_O_CICLISTA_INVESTITO_DA_V_144010,Risarcimento danni da sinistro stradale - pedone o ciclista investito da veicolo (art. 2054 c.c.),richiesta_provvedimenti_urgenti,richiesta_provvedimenti_urgenti,richiesta_provvedimenti_urgenti,richiesta_provvedimenti_urgenti,False,False,False,True,False,,,,,,False,,ok
kb_98_top9_set12_parte1.json,TOP9_CODICI_FREQUENTI_SET12_PARTE1,GUIDA_RISARCIMENTO_DANNI_DA_SINISTRO_STRADALE_PEDONE_O_CICLISTA_INVESTITO_DA_V_144010,Risarcimento danni da sinistro stradale - pedone o ciclista investito da veicolo (art. 2054 c.c.),avvertimenti_obbligatori,atto_principale.avvertimenti_obbligatori,atto_principale.avvertimenti_obbligatori,atto_principale.avvertimenti_obbligatori,True,True,True,True,True,,,,,,False,,ok
kb_98_top9_set12_parte1.json,TOP9_CODICI_FREQUENTI_SET12_PARTE1,GUIDA_RISARCIMENTO_DANNI_DA_SINISTRO_STRADALE_PEDONE_O_CICLISTA_INVESTITO_DA_V_144010,Risarcimento danni da sinistro stradale - pedone o ciclista investito da veicolo (art. 2054 c.c.),allegati_obbligatori,allegati_obbligatori,allegati_obbligatori,allegati_obbligatori,True,True,True,True,True,,,,,,False,,ok
kb_98_top9_set12_parte1.json,TOP9_CODICI_FREQUENTI_SET12_PARTE1,GUIDA_RISARCIMENTO_DANNI_DA_SINISTRO_STRADALE_PEDONE_O_CICLISTA_INVESTITO_DA_V_144010,Risarcimento danni da sinistro stradale - pedone o ciclista investito da veicolo (art. 2054 c.c.),termini_processuali,termini_processuali,termini_processuali,termini_processuali,True,True,True,True,True,,,,,,False,,ok
kb_98_top9_set12_parte1.json,TOP9_CODICI_FREQUENTI_SET12_PARTE1,GUIDA_RISARCIMENTO_DANNI_DA_SINISTRO_STRADALE_PEDONE_O_CICLISTA_INVESTITO_DA_V_144010,Risarcimento danni da sinistro stradale - pedone o ciclista investito da veicolo (art. 2054 c.c.),esiti_processuali_tipici,esiti_processuali_tipici,esiti_processuali_tipici,esiti_processuali_tipici,True,True,True,True,True,,,,,,False,,ok
kb_98_top9_set12_parte1.json,TOP9_CODICI_FREQUENTI_SET12_PARTE1,GUIDA_RISARCIMENTO_DANNI_DA_SINISTRO_STRADALE_PEDONE_O_CICLISTA_INVESTITO_DA_V_144010,Risarcimento danni da sinistro stradale - pedone o ciclista investito da veicolo (art. 2054 c.c.),normativa,normativa,normativa,normativa,True,True,True,True,True,,,,,,False,,ok
kb_98_top9_set12_parte1.json,TOP9_CODICI_FREQUENTI_SET12_PARTE1,GUIDA_RISARCIMENTO_DANNI_DA_SINISTRO_STRADALE_PEDONE_O_CICLISTA_INVESTITO_DA_V_144010,Risarcimento danni da sinistro stradale - pedone o ciclista investito da veicolo (art. 2054 c.c.),atto_principale,atto_principale,atto_principale,atto_principale,True,True,True,True,True,,,,,,False,,ok
kb_98_top9_set12_parte1.json,TOP9_CODICI_FREQUENTI_SET12_PARTE1,GUIDA_RISARCIMENTO_DANNI_DA_SINISTRO_STRADALE_PEDONE_O_CICLISTA_INVESTITO_DA_V_144010,Risarcimento danni da sinistro stradale - pedone o ciclista investito da veicolo (art. 2054 c.c.),fonti_verifica_web,fonti_verifica_web,fonti_verifica_web,fonti_verifica_web,True,True,True,True,True,,,,,,False,,ok
kb_98_top9_set12_parte1.json,TOP9_CODICI_FREQUENTI_SET12_PARTE1,GUIDA_RISARCIMENTO_DANNI_DA_SINISTRO_STRADALE_PEDONE_O_CICLISTA_INVESTITO_DA_V_144010,Risarcimento danni da sinistro stradale - pedone o ciclista investito da veicolo (art. 2054 c.c.),presidi_operativi_integrativi,presidi_operativi_integrativi,presidi_operativi_integrativi,presidi_operativi_integrativi,False,False,True,True,True,,,,,,False,,ok
kb_98_top9_set12_parte1.json,TOP9_CODICI_FREQUENTI_SET12_PARTE1,GUIDA_RISARCIMENTO_DANNI_DA_SINISTRO_STRADALE_PEDONE_O_CICLISTA_INVESTITO_DA_V_144010,Risarcimento danni da sinistro stradale - pedone o ciclista investito da veicolo (art. 2054 c.c.),specialistica:regime_di_responsabilita_art_2054,regime_di_responsabilita_art_2054,regime_di_responsabilita_art_2054,regime_di_responsabilita_art_2054,True,True,True,True,True,,,,,,False,,ok
kb_98_top9_set12_parte1.json,TOP9_CODICI_FREQUENTI_SET12_PARTE1,GUIDA_RISARCIMENTO_DANNI_DA_SINISTRO_STRADALE_PEDONE_O_CICLISTA_INVESTITO_DA_V_144010,Risarcimento danni da sinistro stradale - pedone o ciclista investito da veicolo (art. 2054 c.c.),specialistica:concorso_di_colpa_del_pedone,concorso_di_colpa_del_pedone,concorso_di_colpa_del_pedone,concorso_di_colpa_del_pedone,True,True,True,True,True,,,,,,False,,ok
kb_98_top9_set12_parte1.json,TOP9_CODICI_FREQUENTI_SET12_PARTE1,GUIDA_ESPULSIONE_ESCLUSIONE_DEL_SOCIO_DA_S_R_L_PER_GIUSTA_CAUSA_ART_2473_BIS_C_150020,Espulsione/esclusione del socio da S.r.l. per giusta causa (art. 2473-bis c.c.),denominazione,denominazione,denominazione,denominazione,True,True,True,True,True,,,,Espulsione/esclusione del socio da S.r.l. per giusta causa (art. 2473-bis c.c.),Espulsione/esclusione del socio da S.r.l. per giusta causa (art. 2473-bis c.c.),False,,ok
kb_98_top9_set12_parte1.json,TOP9_CODICI_FREQUENTI_SET12_PARTE1,GUIDA_ESPULSIONE_ESCLUSIONE_DEL_SOCIO_DA_S_R_L_PER_GIUSTA_CAUSA_ART_2473_BIS_C_150020,Espulsione/esclusione del socio da S.r.l. per giusta causa (art. 2473-bis c.c.),categoria,categoria,categoria,categoria,True,True,True,True,True,,,,Diritto societario - S.r.l. - vicende del socio,Diritto societario - S.r.l. - vicende del socio,False,,ok
kb_98_top9_set12_parte1.json,TOP9_CODICI_FREQUENTI_SET12_PARTE1,GUIDA_ESPULSIONE_ESCLUSIONE_DEL_SOCIO_DA_S_R_L_PER_GIUSTA_CAUSA_ART_2473_BIS_C_150020,Espulsione/esclusione del socio da S.r.l. per giusta causa (art. 2473-bis c.c.),sottocategoria,sottocategoria,sottocategoria,sottocategoria,True,True,True,True,True,,,,Esclusione del socio per giusta causa prevista dallo statuto o per inadempimento,Esclusione del socio per giusta causa prevista dallo statuto o per inadempimento,False,,ok
kb_98_top9_set12_parte1.json,TOP9_CODICI_FREQUENTI_SET12_PARTE1,GUIDA_ESPULSIONE_ESCLUSIONE_DEL_SOCIO_DA_S_R_L_PER_GIUSTA_CAUSA_ART_2473_BIS_C_150020,Espulsione/esclusione del socio da S.r.l. per giusta causa (art. 2473-bis c.c.),rito,rito,rito,rito,True,True,True,True,True,,,,Rito ordinario di cognizione - Tribunale delle Imprese,Rito ordinario di cognizione - Tribunale delle Imprese,False,,ok
kb_98_top9_set12_parte1.json,TOP9_CODICI_FREQUENTI_SET12_PARTE1,GUIDA_ESPULSIONE_ESCLUSIONE_DEL_SOCIO_DA_S_R_L_PER_GIUSTA_CAUSA_ART_2473_BIS_C_150020,Espulsione/esclusione del socio da S.r.l. per giusta causa (art. 2473-bis c.c.),competenza,competenza,competenza,competenza,True,True,True,True,True,,,,Tribunale delle Imprese - sede della società,Tribunale delle Imprese - sede della società,False,,ok
kb_98_top9_set12_parte1.json,TOP9_CODICI_FREQUENTI_SET12_PARTE1,GUIDA_ESPULSIONE_ESCLUSIONE_DEL_SOCIO_DA_S_R_L_PER_GIUSTA_CAUSA_ART_2473_BIS_C_150020,Espulsione/esclusione del socio da S.r.l. per giusta causa (art. 2473-bis c.c.),uffici_destinatari,uffici_destinatari,uffici_destinatari,uffici_destinatari,True,True,True,True,True,,,,,,False,,ok
kb_98_top9_set12_parte1.json,TOP9_CODICI_FREQUENTI_SET12_PARTE1,GUIDA_ESPULSIONE_ESCLUSIONE_DEL_SOCIO_DA_S_R_L_PER_GIUSTA_CAUSA_ART_2473_BIS_C_150020,Espulsione/esclusione del socio da S.r.l. per giusta causa (art. 2473-bis c.c.),tipologie_di_intervento,tipologie_di_intervento,tipologie_di_intervento,tipologie_di_intervento,False,False,False,True,False,,,,,,False,,ok
kb_98_top9_set12_parte1.json,TOP9_CODICI_FREQUENTI_SET12_PARTE1,GUIDA_ESPULSIONE_ESCLUSIONE_DEL_SOCIO_DA_S_R_L_PER_GIUSTA_CAUSA_ART_2473_BIS_C_150020,Espulsione/esclusione del socio da S.r.l. per giusta causa (art. 2473-bis c.c.),presupposti_sostanziali,presupposti_sostanziali,presupposti_sostanziali,presupposti_sostanziali,False,False,False,True,True,,,,,,False,,ok
kb_98_top9_set12_parte1.json,TOP9_CODICI_FREQUENTI_SET12_PARTE1,GUIDA_ESPULSIONE_ESCLUSIONE_DEL_SOCIO_DA_S_R_L_PER_GIUSTA_CAUSA_ART_2473_BIS_C_150020,Espulsione/esclusione del socio da S.r.l. per giusta causa (art. 2473-bis c.c.),legittimati_attivi,legittimati_attivi,legittimati_attivi,legittimati_attivi,False,False,False,True,False,,,,,,False,,ok
kb_98_top9_set12_parte1.json,TOP9_CODICI_FREQUENTI_SET12_PARTE1,GUIDA_ESPULSIONE_ESCLUSIONE_DEL_SOCIO_DA_S_R_L_PER_GIUSTA_CAUSA_ART_2473_BIS_C_150020,Espulsione/esclusione del socio da S.r.l. per giusta causa (art. 2473-bis c.c.),obbligo_mediazione,obbligo_mediazione,obbligo_mediazione,obbligo_mediazione,True,True,True,True,True,,,,,,False,,ok
kb_98_top9_set12_parte1.json,TOP9_CODICI_FREQUENTI_SET12_PARTE1,GUIDA_ESPULSIONE_ESCLUSIONE_DEL_SOCIO_DA_S_R_L_PER_GIUSTA_CAUSA_ART_2473_BIS_C_150020,Espulsione/esclusione del socio da S.r.l. per giusta causa (art. 2473-bis c.c.),adempimenti_propedeutici,adempimenti_propedeutici,adempimenti_propedeutici,adempimenti_propedeutici,True,True,True,True,True,"1,2,3,4","1,2,3,4",,,,False,,ok
kb_98_top9_set12_parte1.json,TOP9_CODICI_FREQUENTI_SET12_PARTE1,GUIDA_ESPULSIONE_ESCLUSIONE_DEL_SOCIO_DA_S_R_L_PER_GIUSTA_CAUSA_ART_2473_BIS_C_150020,Espulsione/esclusione del socio da S.r.l. per giusta causa (art. 2473-bis c.c.),richiesta_provvedimenti_urgenti,richiesta_provvedimenti_urgenti,richiesta_provvedimenti_urgenti,richiesta_provvedimenti_urgenti,False,False,False,True,False,,,,,,False,,ok
kb_98_top9_set12_parte1.json,TOP9_CODICI_FREQUENTI_SET12_PARTE1,GUIDA_ESPULSIONE_ESCLUSIONE_DEL_SOCIO_DA_S_R_L_PER_GIUSTA_CAUSA_ART_2473_BIS_C_150020,Espulsione/esclusione del socio da S.r.l. per giusta causa (art. 2473-bis c.c.),avvertimenti_obbligatori,atto_principale.avvertimenti_obbligatori,atto_principale.avvertimenti_obbligatori,atto_principale.avvertimenti_obbligatori,True,True,True,True,True,,,,,,False,,ok
kb_98_top9_set12_parte1.json,TOP9_CODICI_FREQUENTI_SET12_PARTE1,GUIDA_ESPULSIONE_ESCLUSIONE_DEL_SOCIO_DA_S_R_L_PER_GIUSTA_CAUSA_ART_2473_BIS_C_150020,Espulsione/esclusione del socio da S.r.l. per giusta causa (art. 2473-bis c.c.),allegati_obbligatori,allegati_obbligatori,allegati_obbligatori,allegati_obbligatori,True,True,True,True,True,,,,,,False,,ok
kb_98_top9_set12_parte1.json,TOP9_CODICI_FREQUENTI_SET12_PARTE1,GUIDA_ESPULSIONE_ESCLUSIONE_DEL_SOCIO_DA_S_R_L_PER_GIUSTA_CAUSA_ART_2473_BIS_C_150020,Espulsione/esclusione del socio da S.r.l. per giusta causa (art. 2473-bis c.c.),termini_processuali,termini_processuali,termini_processuali,termini_processuali,True,True,True,True,True,,,,,,False,,ok
kb_98_top9_set12_parte1.json,TOP9_CODICI_FREQUENTI_SET12_PARTE1,GUIDA_ESPULSIONE_ESCLUSIONE_DEL_SOCIO_DA_S_R_L_PER_GIUSTA_CAUSA_ART_2473_BIS_C_150020,Espulsione/esclusione del socio da S.r.l. per giusta causa (art. 2473-bis c.c.),esiti_processuali_tipici,esiti_processuali_tipici,esiti_processuali_tipici,esiti_processuali_tipici,True,True,True,True,True,,,,,,False,,ok
kb_98_top9_set12_parte1.json,TOP9_CODICI_FREQUENTI_SET12_PARTE1,GUIDA_ESPULSIONE_ESCLUSIONE_DEL_SOCIO_DA_S_R_L_PER_GIUSTA_CAUSA_ART_2473_BIS_C_150020,Espulsione/esclusione del socio da S.r.l. per giusta causa (art. 2473-bis c.c.),normativa,normativa,normativa,normativa,True,True,True,True,True,,,,,,False,,ok
kb_98_top9_set12_parte1.json,TOP9_CODICI_FREQUENTI_SET12_PARTE1,GUIDA_ESPULSIONE_ESCLUSIONE_DEL_SOCIO_DA_S_R_L_PER_GIUSTA_CAUSA_ART_2473_BIS_C_150020,Espulsione/esclusione del socio da S.r.l. per giusta causa (art. 2473-bis c.c.),atto_principale,atto_principale,atto_principale,atto_principale,True,True,True,True,True,,,,,,False,,ok
kb_98_top9_set12_parte1.json,TOP9_CODICI_FREQUENTI_SET12_PARTE1,GUIDA_ESPULSIONE_ESCLUSIONE_DEL_SOCIO_DA_S_R_L_PER_GIUSTA_CAUSA_ART_2473_BIS_C_150020,Espulsione/esclusione del socio da S.r.l. per giusta causa (art. 2473-bis c.c.),fonti_verifica_web,fonti_verifica_web,fonti_verifica_web,fonti_verifica_web,True,True,True,True,True,,,,,,False,,ok
kb_98_top9_set12_parte1.json,TOP9_CODICI_FREQUENTI_SET12_PARTE1,GUIDA_ESPULSIONE_ESCLUSIONE_DEL_SOCIO_DA_S_R_L_PER_GIUSTA_CAUSA_ART_2473_BIS_C_150020,Espulsione/esclusione del socio da S.r.l. per giusta causa (art. 2473-bis c.c.),presidi_operativi_integrativi,presidi_operativi_integrativi,presidi_operativi_integrativi,presidi_operativi_integrativi,False,False,True,True,True,,,,,,False,,ok
kb_98_top9_set12_parte1.json,TOP9_CODICI_FREQUENTI_SET12_PARTE1,GUIDA_ESPULSIONE_ESCLUSIONE_DEL_SOCIO_DA_S_R_L_PER_GIUSTA_CAUSA_ART_2473_BIS_C_150020,Espulsione/esclusione del socio da S.r.l. per giusta causa (art. 2473-bis c.c.),specialistica:presupposti_sostanziali_esclusione,presupposti_sostanziali_esclusione,presupposti_sostanziali_esclusione,presupposti_sostanziali_esclusione,True,True,True,True,True,,,,,,False,,ok
kb_98_top9_set12_parte1.json,TOP9_CODICI_FREQUENTI_SET12_PARTE1,GUIDA_ESPULSIONE_ESCLUSIONE_DEL_SOCIO_DA_S_R_L_PER_GIUSTA_CAUSA_ART_2473_BIS_C_150020,Espulsione/esclusione del socio da S.r.l. per giusta causa (art. 2473-bis c.c.),specialistica:procedura_di_esclusione,procedura_di_esclusione,procedura_di_esclusione,procedura_di_esclusione,True,True,True,True,True,,,,,,False,,ok
kb_98_top9_set12_parte1.json,TOP9_CODICI_FREQUENTI_SET12_PARTE1,GUIDA_ESPULSIONE_ESCLUSIONE_DEL_SOCIO_DA_S_R_L_PER_GIUSTA_CAUSA_ART_2473_BIS_C_150020,Espulsione/esclusione del socio da S.r.l. per giusta causa (art. 2473-bis c.c.),specialistica:liquidazione_quota_socio_escluso,liquidazione_quota_socio_escluso,liquidazione_quota_socio_escluso,liquidazione_quota_socio_escluso,True,True,True,True,True,,,,,,False,,ok
kb_98_top9_set12_parte1.json,TOP9_CODICI_FREQUENTI_SET12_PARTE1,GUIDA_RESPONSABILIT_DELLA_PUBBLICA_AMMINISTRAZIONE_PER_FATTO_ILLECITO_ART_2043_160060,Responsabilità della Pubblica Amministrazione per fatto illecito (art. 2043 c.c. + D.Lgs. 104/2010),denominazione,denominazione,denominazione,denominazione,True,True,True,True,True,,,,Responsabilità della Pubblica Amministrazione per fatto illecito (art. 2043 c.c. + D.Lgs. 104/2010),Responsabilità della Pubblica Amministrazione per fatto illecito (art. 2043 c.c. + D.Lgs. 104/2010),False,,ok
kb_98_top9_set12_parte1.json,TOP9_CODICI_FREQUENTI_SET12_PARTE1,GUIDA_RESPONSABILIT_DELLA_PUBBLICA_AMMINISTRAZIONE_PER_FATTO_ILLECITO_ART_2043_160060,Responsabilità della Pubblica Amministrazione per fatto illecito (art. 2043 c.c. + D.Lgs. 104/2010),categoria,categoria,categoria,categoria,True,True,True,True,True,,,,Responsabilità civile - responsabilità PA,Responsabilità civile - responsabilità PA,False,,ok
kb_98_top9_set12_parte1.json,TOP9_CODICI_FREQUENTI_SET12_PARTE1,GUIDA_RESPONSABILIT_DELLA_PUBBLICA_AMMINISTRAZIONE_PER_FATTO_ILLECITO_ART_2043_160060,Responsabilità della Pubblica Amministrazione per fatto illecito (art. 2043 c.c. + D.Lgs. 104/2010),sottocategoria,sottocategoria,sottocategoria,sottocategoria,True,True,True,True,True,,,,Azione risarcitoria contro la P.A. per danni da attività illegittima o da comportamento illecito,Azione risarcitoria contro la P.A. per danni da attività illegittima o da comportamento illecito,False,,ok
kb_98_top9_set12_parte1.json,TOP9_CODICI_FREQUENTI_SET12_PARTE1,GUIDA_RESPONSABILIT_DELLA_PUBBLICA_AMMINISTRAZIONE_PER_FATTO_ILLECITO_ART_2043_160060,Responsabilità della Pubblica Amministrazione per fatto illecito (art. 2043 c.c. + D.Lgs. 104/2010),rito,rito,rito,rito,True,True,True,True,True,,,,GIURISDIZIONE ORDINARIA per danni da comportamento (non provvedimento): Tribunale ordinario; GIURISDIZIONE AMMINISTRATIVA (TAR/Consiglio di Stato) per danni da provvedimento illegittimo,GIURISDIZIONE ORDINARIA per danni da comportamento (non provvedimento): Tribunale ordinario; GIURISDIZIONE AMMINISTRATIVA (TAR/Consiglio di Stato) per danni da provvedimento illegittimo,False,,ok
kb_98_top9_set12_parte1.json,TOP9_CODICI_FREQUENTI_SET12_PARTE1,GUIDA_RESPONSABILIT_DELLA_PUBBLICA_AMMINISTRAZIONE_PER_FATTO_ILLECITO_ART_2043_160060,Responsabilità della Pubblica Amministrazione per fatto illecito (art. 2043 c.c. + D.Lgs. 104/2010),competenza,competenza,competenza,competenza,True,True,True,True,True,,,,Tribunale civile per comportamenti illeciti; TAR per danni da provvedimento previa annullamento,Tribunale civile per comportamenti illeciti; TAR per danni da provvedimento previa annullamento,False,,ok
kb_98_top9_set12_parte1.json,TOP9_CODICI_FREQUENTI_SET12_PARTE1,GUIDA_RESPONSABILIT_DELLA_PUBBLICA_AMMINISTRAZIONE_PER_FATTO_ILLECITO_ART_2043_160060,Responsabilità della Pubblica Amministrazione per fatto illecito (art. 2043 c.c. + D.Lgs. 104/2010),uffici_destinatari,uffici_destinatari,uffici_destinatari,uffici_destinatari,True,True,True,True,True,,,,,,False,,ok
kb_98_top9_set12_parte1.json,TOP9_CODICI_FREQUENTI_SET12_PARTE1,GUIDA_RESPONSABILIT_DELLA_PUBBLICA_AMMINISTRAZIONE_PER_FATTO_ILLECITO_ART_2043_160060,Responsabilità della Pubblica Amministrazione per fatto illecito (art. 2043 c.c. + D.Lgs. 104/2010),tipologie_di_intervento,tipologie_di_intervento,tipologie_di_intervento,tipologie_di_intervento,False,False,False,True,False,,,,,,False,,ok
kb_98_top9_set12_parte1.json,TOP9_CODICI_FREQUENTI_SET12_PARTE1,GUIDA_RESPONSABILIT_DELLA_PUBBLICA_AMMINISTRAZIONE_PER_FATTO_ILLECITO_ART_2043_160060,Responsabilità della Pubblica Amministrazione per fatto illecito (art. 2043 c.c. + D.Lgs. 104/2010),presupposti_sostanziali,presupposti_sostanziali,presupposti_sostanziali,presupposti_sostanziali,False,False,False,True,False,,,,,,False,,ok
kb_98_top9_set12_parte1.json,TOP9_CODICI_FREQUENTI_SET12_PARTE1,GUIDA_RESPONSABILIT_DELLA_PUBBLICA_AMMINISTRAZIONE_PER_FATTO_ILLECITO_ART_2043_160060,Responsabilità della Pubblica Amministrazione per fatto illecito (art. 2043 c.c. + D.Lgs. 104/2010),legittimati_attivi,legittimati_attivi,legittimati_attivi,legittimati_attivi,False,False,False,True,False,,,,,,False,,ok
kb_98_top9_set12_parte1.json,TOP9_CODICI_FREQUENTI_SET12_PARTE1,GUIDA_RESPONSABILIT_DELLA_PUBBLICA_AMMINISTRAZIONE_PER_FATTO_ILLECITO_ART_2043_160060,Responsabilità della Pubblica Amministrazione per fatto illecito (art. 2043 c.c. + D.Lgs. 104/2010),obbligo_mediazione,obbligo_mediazione,obbligo_mediazione,obbligo_mediazione,True,True,True,True,True,,,,,,False,,ok
kb_98_top9_set12_parte1.json,TOP9_CODICI_FREQUENTI_SET12_PARTE1,GUIDA_RESPONSABILIT_DELLA_PUBBLICA_AMMINISTRAZIONE_PER_FATTO_ILLECITO_ART_2043_160060,Responsabilità della Pubblica Amministrazione per fatto illecito (art. 2043 c.c. + D.Lgs. 104/2010),adempimenti_propedeutici,adempimenti_propedeutici,adempimenti_propedeutici,adempimenti_propedeutici,True,True,True,True,True,"1,2,3,4","1,2,3,4",,,,False,,ok
kb_98_top9_set12_parte1.json,TOP9_CODICI_FREQUENTI_SET12_PARTE1,GUIDA_RESPONSABILIT_DELLA_PUBBLICA_AMMINISTRAZIONE_PER_FATTO_ILLECITO_ART_2043_160060,Responsabilità della Pubblica Amministrazione per fatto illecito (art. 2043 c.c. + D.Lgs. 104/2010),richiesta_provvedimenti_urgenti,richiesta_provvedimenti_urgenti,richiesta_provvedimenti_urgenti,richiesta_provvedimenti_urgenti,False,False,False,True,False,,,,,,False,,ok
kb_98_top9_set12_parte1.json,TOP9_CODICI_FREQUENTI_SET12_PARTE1,GUIDA_RESPONSABILIT_DELLA_PUBBLICA_AMMINISTRAZIONE_PER_FATTO_ILLECITO_ART_2043_160060,Responsabilità della Pubblica Amministrazione per fatto illecito (art. 2043 c.c. + D.Lgs. 104/2010),avvertimenti_obbligatori,atto_principale.avvertimenti_obbligatori,atto_principale.avvertimenti_obbligatori,atto_principale.avvertimenti_obbligatori,True,True,True,True,True,,,,,,False,,ok
kb_98_top9_set12_parte1.json,TOP9_CODICI_FREQUENTI_SET12_PARTE1,GUIDA_RESPONSABILIT_DELLA_PUBBLICA_AMMINISTRAZIONE_PER_FATTO_ILLECITO_ART_2043_160060,Responsabilità della Pubblica Amministrazione per fatto illecito (art. 2043 c.c. + D.Lgs. 104/2010),allegati_obbligatori,allegati_obbligatori,allegati_obbligatori,allegati_obbligatori,True,True,True,True,True,,,,,,False,,ok
kb_98_top9_set12_parte1.json,TOP9_CODICI_FREQUENTI_SET12_PARTE1,GUIDA_RESPONSABILIT_DELLA_PUBBLICA_AMMINISTRAZIONE_PER_FATTO_ILLECITO_ART_2043_160060,Responsabilità della Pubblica Amministrazione per fatto illecito (art. 2043 c.c. + D.Lgs. 104/2010),termini_processuali,termini_processuali,termini_processuali,termini_processuali,True,True,True,True,True,,,,,,False,,ok
kb_98_top9_set12_parte1.json,TOP9_CODICI_FREQUENTI_SET12_PARTE1,GUIDA_RESPONSABILIT_DELLA_PUBBLICA_AMMINISTRAZIONE_PER_FATTO_ILLECITO_ART_2043_160060,Responsabilità della Pubblica Amministrazione per fatto illecito (art. 2043 c.c. + D.Lgs. 104/2010),esiti_processuali_tipici,esiti_processuali_tipici,esiti_processuali_tipici,esiti_processuali_tipici,True,True,True,True,True,,,,,,False,,ok
kb_98_top9_set12_parte1.json,TOP9_CODICI_FREQUENTI_SET12_PARTE1,GUIDA_RESPONSABILIT_DELLA_PUBBLICA_AMMINISTRAZIONE_PER_FATTO_ILLECITO_ART_2043_160060,Responsabilità della Pubblica Amministrazione per fatto illecito (art. 2043 c.c. + D.Lgs. 104/2010),normativa,normativa,normativa,normativa,True,True,True,True,True,,,,,,False,,ok
kb_98_top9_set12_parte1.json,TOP9_CODICI_FREQUENTI_SET12_PARTE1,GUIDA_RESPONSABILIT_DELLA_PUBBLICA_AMMINISTRAZIONE_PER_FATTO_ILLECITO_ART_2043_160060,Responsabilità della Pubblica Amministrazione per fatto illecito (art. 2043 c.c. + D.Lgs. 104/2010),atto_principale,atto_principale,atto_principale,atto_principale,True,True,True,True,True,,,,,,False,,ok
kb_98_top9_set12_parte1.json,TOP9_CODICI_FREQUENTI_SET12_PARTE1,GUIDA_RESPONSABILIT_DELLA_PUBBLICA_AMMINISTRAZIONE_PER_FATTO_ILLECITO_ART_2043_160060,Responsabilità della Pubblica Amministrazione per fatto illecito (art. 2043 c.c. + D.Lgs. 104/2010),fonti_verifica_web,fonti_verifica_web,fonti_verifica_web,fonti_verifica_web,True,True,True,True,True,,,,,,False,,ok
kb_98_top9_set12_parte1.json,TOP9_CODICI_FREQUENTI_SET12_PARTE1,GUIDA_RESPONSABILIT_DELLA_PUBBLICA_AMMINISTRAZIONE_PER_FATTO_ILLECITO_ART_2043_160060,Responsabilità della Pubblica Amministrazione per fatto illecito (art. 2043 c.c. + D.Lgs. 104/2010),presidi_operativi_integrativi,presidi_operativi_integrativi,presidi_operativi_integrativi,presidi_operativi_integrativi,False,False,True,True,True,,,,,,False,,ok
kb_98_top9_set12_parte1.json,TOP9_CODICI_FREQUENTI_SET12_PARTE1,GUIDA_RESPONSABILIT_DELLA_PUBBLICA_AMMINISTRAZIONE_PER_FATTO_ILLECITO_ART_2043_160060,Responsabilità della Pubblica Amministrazione per fatto illecito (art. 2043 c.c. + D.Lgs. 104/2010),specialistica:riparto_di_giurisdizione,riparto_di_giurisdizione,riparto_di_giurisdizione,riparto_di_giurisdizione,True,True,True,True,True,,,,,,False,,ok
kb_98_top9_set12_parte1.json,TOP9_CODICI_FREQUENTI_SET12_PARTE1,GUIDA_CESSIONE_DI_RAMO_D_AZIENDA_CONTESTAZIONI_DEI_LAVORATORI_TRASFERITI_ART_2_220015,Cessione di ramo d'azienda - contestazioni dei lavoratori trasferiti (art. 2112 c.c. + art. 47 L. 428/1990),denominazione,denominazione,denominazione,denominazione,True,True,True,True,True,,,,Cessione di ramo d'azienda - contestazioni dei lavoratori trasferiti (art. 2112 c.c. + art. 47 L. 428/1990),Cessione di ramo d'azienda - contestazioni dei lavoratori trasferiti (art. 2112 c.c. + art. 47 L. 428/1990),False,,ok
kb_98_top9_set12_parte1.json,TOP9_CODICI_FREQUENTI_SET12_PARTE1,GUIDA_CESSIONE_DI_RAMO_D_AZIENDA_CONTESTAZIONI_DEI_LAVORATORI_TRASFERITI_ART_2_220015,Cessione di ramo d'azienda - contestazioni dei lavoratori trasferiti (art. 2112 c.c. + art. 47 L. 428/1990),categoria,categoria,categoria,categoria,True,True,True,True,True,,,,Lavoro - modifiche soggettive del rapporto di lavoro,Lavoro - modifiche soggettive del rapporto di lavoro,False,,ok
kb_98_top9_set12_parte1.json,TOP9_CODICI_FREQUENTI_SET12_PARTE1,GUIDA_CESSIONE_DI_RAMO_D_AZIENDA_CONTESTAZIONI_DEI_LAVORATORI_TRASFERITI_ART_2_220015,Cessione di ramo d'azienda - contestazioni dei lavoratori trasferiti (art. 2112 c.c. + art. 47 L. 428/1990),sottocategoria,sottocategoria,sottocategoria,sottocategoria,True,True,True,True,True,,,,Azione del lavoratore per contestare le condizioni del trasferimento o la qualificazione del ramo ceduto,Azione del lavoratore per contestare le condizioni del trasferimento o la qualificazione del ramo ceduto,False,,ok
kb_98_top9_set12_parte1.json,TOP9_CODICI_FREQUENTI_SET12_PARTE1,GUIDA_CESSIONE_DI_RAMO_D_AZIENDA_CONTESTAZIONI_DEI_LAVORATORI_TRASFERITI_ART_2_220015,Cessione di ramo d'azienda - contestazioni dei lavoratori trasferiti (art. 2112 c.c. + art. 47 L. 428/1990),rito,rito,rito,rito,True,True,True,True,True,,,,Rito del lavoro ex artt. 409 e ss. c.p.c.,Rito del lavoro ex artt. 409 e ss. c.p.c.,False,,ok
kb_98_top9_set12_parte1.json,TOP9_CODICI_FREQUENTI_SET12_PARTE1,GUIDA_CESSIONE_DI_RAMO_D_AZIENDA_CONTESTAZIONI_DEI_LAVORATORI_TRASFERITI_ART_2_220015,Cessione di ramo d'azienda - contestazioni dei lavoratori trasferiti (art. 2112 c.c. + art. 47 L. 428/1990),competenza,competenza,competenza,competenza,True,True,True,True,True,,,,Tribunale del lavoro - foro della sede di lavoro,Tribunale del lavoro - foro della sede di lavoro,False,,ok
kb_98_top9_set12_parte1.json,TOP9_CODICI_FREQUENTI_SET12_PARTE1,GUIDA_CESSIONE_DI_RAMO_D_AZIENDA_CONTESTAZIONI_DEI_LAVORATORI_TRASFERITI_ART_2_220015,Cessione di ramo d'azienda - contestazioni dei lavoratori trasferiti (art. 2112 c.c. + art. 47 L. 428/1990),uffici_destinatari,uffici_destinatari,uffici_destinatari,uffici_destinatari,True,True,True,True,True,,,,,,False,,ok
kb_98_top9_set12_parte1.json,TOP9_CODICI_FREQUENTI_SET12_PARTE1,GUIDA_CESSIONE_DI_RAMO_D_AZIENDA_CONTESTAZIONI_DEI_LAVORATORI_TRASFERITI_ART_2_220015,Cessione di ramo d'azienda - contestazioni dei lavoratori trasferiti (art. 2112 c.c. + art. 47 L. 428/1990),tipologie_di_intervento,tipologie_di_intervento,tipologie_di_intervento,tipologie_di_intervento,False,False,False,True,False,,,,,,False,,ok
kb_98_top9_set12_parte1.json,TOP9_CODICI_FREQUENTI_SET12_PARTE1,GUIDA_CESSIONE_DI_RAMO_D_AZIENDA_CONTESTAZIONI_DEI_LAVORATORI_TRASFERITI_ART_2_220015,Cessione di ramo d'azienda - contestazioni dei lavoratori trasferiti (art. 2112 c.c. + art. 47 L. 428/1990),presupposti_sostanziali,presupposti_sostanziali,presupposti_sostanziali,presupposti_sostanziali,False,False,False,True,False,,,,,,False,,ok
kb_98_top9_set12_parte1.json,TOP9_CODICI_FREQUENTI_SET12_PARTE1,GUIDA_CESSIONE_DI_RAMO_D_AZIENDA_CONTESTAZIONI_DEI_LAVORATORI_TRASFERITI_ART_2_220015,Cessione di ramo d'azienda - contestazioni dei lavoratori trasferiti (art. 2112 c.c. + art. 47 L. 428/1990),legittimati_attivi,legittimati_attivi,legittimati_attivi,legittimati_attivi,False,False,False,True,False,,,,,,False,,ok
kb_98_top9_set12_parte1.json,TOP9_CODICI_FREQUENTI_SET12_PARTE1,GUIDA_CESSIONE_DI_RAMO_D_AZIENDA_CONTESTAZIONI_DEI_LAVORATORI_TRASFERITI_ART_2_220015,Cessione di ramo d'azienda - contestazioni dei lavoratori trasferiti (art. 2112 c.c. + art. 47 L. 428/1990),obbligo_mediazione,obbligo_mediazione,obbligo_mediazione,obbligo_mediazione,True,True,True,True,True,,,,,,False,,ok
kb_98_top9_set12_parte1.json,TOP9_CODICI_FREQUENTI_SET12_PARTE1,GUIDA_CESSIONE_DI_RAMO_D_AZIENDA_CONTESTAZIONI_DEI_LAVORATORI_TRASFERITI_ART_2_220015,Cessione di ramo d'azienda - contestazioni dei lavoratori trasferiti (art. 2112 c.c. + art. 47 L. 428/1990),adempimenti_propedeutici,adempimenti_propedeutici,adempimenti_propedeutici,adempimenti_propedeutici,True,True,True,True,True,"1,2,3,4","1,2,3,4",,,,False,,ok
kb_98_top9_set12_parte1.json,TOP9_CODICI_FREQUENTI_SET12_PARTE1,GUIDA_CESSIONE_DI_RAMO_D_AZIENDA_CONTESTAZIONI_DEI_LAVORATORI_TRASFERITI_ART_2_220015,Cessione di ramo d'azienda - contestazioni dei lavoratori trasferiti (art. 2112 c.c. + art. 47 L. 428/1990),richiesta_provvedimenti_urgenti,richiesta_provvedimenti_urgenti,richiesta_provvedimenti_urgenti,richiesta_provvedimenti_urgenti,False,False,False,True,False,,,,,,False,,ok
kb_98_top9_set12_parte1.json,TOP9_CODICI_FREQUENTI_SET12_PARTE1,GUIDA_CESSIONE_DI_RAMO_D_AZIENDA_CONTESTAZIONI_DEI_LAVORATORI_TRASFERITI_ART_2_220015,Cessione di ramo d'azienda - contestazioni dei lavoratori trasferiti (art. 2112 c.c. + art. 47 L. 428/1990),avvertimenti_obbligatori,atto_principale.avvertimenti_obbligatori,atto_principale.avvertimenti_obbligatori,atto_principale.avvertimenti_obbligatori,True,True,True,True,True,,,,,,False,,ok
kb_98_top9_set12_parte1.json,TOP9_CODICI_FREQUENTI_SET12_PARTE1,GUIDA_CESSIONE_DI_RAMO_D_AZIENDA_CONTESTAZIONI_DEI_LAVORATORI_TRASFERITI_ART_2_220015,Cessione di ramo d'azienda - contestazioni dei lavoratori trasferiti (art. 2112 c.c. + art. 47 L. 428/1990),allegati_obbligatori,allegati_obbligatori,allegati_obbligatori,allegati_obbligatori,True,True,True,True,True,,,,,,False,,ok
kb_98_top9_set12_parte1.json,TOP9_CODICI_FREQUENTI_SET12_PARTE1,GUIDA_CESSIONE_DI_RAMO_D_AZIENDA_CONTESTAZIONI_DEI_LAVORATORI_TRASFERITI_ART_2_220015,Cessione di ramo d'azienda - contestazioni dei lavoratori trasferiti (art. 2112 c.c. + art. 47 L. 428/1990),termini_processuali,termini_processuali,termini_processuali,termini_processuali,True,True,True,True,True,,,,,,False,,ok
kb_98_top9_set12_parte1.json,TOP9_CODICI_FREQUENTI_SET12_PARTE1,GUIDA_CESSIONE_DI_RAMO_D_AZIENDA_CONTESTAZIONI_DEI_LAVORATORI_TRASFERITI_ART_2_220015,Cessione di ramo d'azienda - contestazioni dei lavoratori trasferiti (art. 2112 c.c. + art. 47 L. 428/1990),esiti_processuali_tipici,esiti_processuali_tipici,esiti_processuali_tipici,esiti_processuali_tipici,True,True,True,True,True,,,,,,False,,ok
kb_98_top9_set12_parte1.json,TOP9_CODICI_FREQUENTI_SET12_PARTE1,GUIDA_CESSIONE_DI_RAMO_D_AZIENDA_CONTESTAZIONI_DEI_LAVORATORI_TRASFERITI_ART_2_220015,Cessione di ramo d'azienda - contestazioni dei lavoratori trasferiti (art. 2112 c.c. + art. 47 L. 428/1990),normativa,normativa,normativa,normativa,True,True,True,True,True,,,,,,False,,ok
kb_98_top9_set12_parte1.json,TOP9_CODICI_FREQUENTI_SET12_PARTE1,GUIDA_CESSIONE_DI_RAMO_D_AZIENDA_CONTESTAZIONI_DEI_LAVORATORI_TRASFERITI_ART_2_220015,Cessione di ramo d'azienda - contestazioni dei lavoratori trasferiti (art. 2112 c.c. + art. 47 L. 428/1990),atto_principale,atto_principale,atto_principale,atto_principale,True,True,True,True,True,,,,,,False,,ok
kb_98_top9_set12_parte1.json,TOP9_CODICI_FREQUENTI_SET12_PARTE1,GUIDA_CESSIONE_DI_RAMO_D_AZIENDA_CONTESTAZIONI_DEI_LAVORATORI_TRASFERITI_ART_2_220015,Cessione di ramo d'azienda - contestazioni dei lavoratori trasferiti (art. 2112 c.c. + art. 47 L. 428/1990),fonti_verifica_web,fonti_verifica_web,fonti_verifica_web,fonti_verifica_web,True,True,True,True,True,,,,,,False,,ok
kb_98_top9_set12_parte1.json,TOP9_CODICI_FREQUENTI_SET12_PARTE1,GUIDA_CESSIONE_DI_RAMO_D_AZIENDA_CONTESTAZIONI_DEI_LAVORATORI_TRASFERITI_ART_2_220015,Cessione di ramo d'azienda - contestazioni dei lavoratori trasferiti (art. 2112 c.c. + art. 47 L. 428/1990),presidi_operativi_integrativi,presidi_operativi_integrativi,presidi_operativi_integrativi,presidi_operativi_integrativi,False,False,True,True,True,,,,,,False,,ok
kb_98_top9_set12_parte1.json,TOP9_CODICI_FREQUENTI_SET12_PARTE1,GUIDA_CESSIONE_DI_RAMO_D_AZIENDA_CONTESTAZIONI_DEI_LAVORATORI_TRASFERITI_ART_2_220015,Cessione di ramo d'azienda - contestazioni dei lavoratori trasferiti (art. 2112 c.c. + art. 47 L. 428/1990),specialistica:requisiti_ramo_azienda_art_2112_c5,requisiti_ramo_azienda_art_2112_c5,requisiti_ramo_azienda_art_2112_c5,requisiti_ramo_azienda_art_2112_c5,True,True,True,True,True,,,,,,False,,ok
kb_98_top9_set12_parte1.json,TOP9_CODICI_FREQUENTI_SET12_PARTE1,GUIDA_CESSIONE_DI_RAMO_D_AZIENDA_CONTESTAZIONI_DEI_LAVORATORI_TRASFERITI_ART_2_220015,Cessione di ramo d'azienda - contestazioni dei lavoratori trasferiti (art. 2112 c.c. + art. 47 L. 428/1990),specialistica:tutele_del_lavoratore_art_2112,tutele_del_lavoratore_art_2112,tutele_del_lavoratore_art_2112,tutele_del_lavoratore_art_2112,True,True,True,True,True,,,,,,False,,ok
kb_98_top9_set12_parte1.json,TOP9_CODICI_FREQUENTI_SET12_PARTE1,GUIDA_PROCEDIMENTO_DI_ADOTTABILIT_E_STATO_DI_ABBANDONO_DEL_MINORE_L_184_1983_A_414010,Procedimento di adottabilità e stato di abbandono del minore (L. 184/1983 artt. 8-21),denominazione,denominazione,denominazione,denominazione,True,True,True,True,True,,,,Procedimento di adottabilità e stato di abbandono del minore (L. 184/1983 artt. 8-21),Procedimento di adottabilità e stato di abbandono del minore (L. 184/1983 artt. 8-21),False,,ok
kb_98_top9_set12_parte1.json,TOP9_CODICI_FREQUENTI_SET12_PARTE1,GUIDA_PROCEDIMENTO_DI_ADOTTABILIT_E_STATO_DI_ABBANDONO_DEL_MINORE_L_184_1983_A_414010,Procedimento di adottabilità e stato di abbandono del minore (L. 184/1983 artt. 8-21),categoria,categoria,categoria,categoria,True,True,True,True,True,,,,Persone e famiglia - protezione del minore - adozione,Persone e famiglia - protezione del minore - adozione,False,,ok
kb_98_top9_set12_parte1.json,TOP9_CODICI_FREQUENTI_SET12_PARTE1,GUIDA_PROCEDIMENTO_DI_ADOTTABILIT_E_STATO_DI_ABBANDONO_DEL_MINORE_L_184_1983_A_414010,Procedimento di adottabilità e stato di abbandono del minore (L. 184/1983 artt. 8-21),sottocategoria,sottocategoria,sottocategoria,sottocategoria,True,True,True,True,True,,,,Procedimento per la dichiarazione dello stato di adottabilità del minore in stato di abbandono + eventuale impugnazione,Procedimento per la dichiarazione dello stato di adottabilità del minore in stato di abbandono + eventuale impugnazione,False,,ok
kb_98_top9_set12_parte1.json,TOP9_CODICI_FREQUENTI_SET12_PARTE1,GUIDA_PROCEDIMENTO_DI_ADOTTABILIT_E_STATO_DI_ABBANDONO_DEL_MINORE_L_184_1983_A_414010,Procedimento di adottabilità e stato di abbandono del minore (L. 184/1983 artt. 8-21),rito,rito,rito,rito,True,True,True,True,True,,,,Rito camerale speciale ex artt. 8-14 L. 184/1983 davanti al Tribunale per i Minorenni (ora Tribunale per le persone/minorenni/famiglie post-Cartabia),Rito camerale speciale ex artt. 8-14 L. 184/1983 davanti al Tribunale per i Minorenni (ora Tribunale per le persone/minorenni/famiglie post-Cartabia),False,,ok
kb_98_top9_set12_parte1.json,TOP9_CODICI_FREQUENTI_SET12_PARTE1,GUIDA_PROCEDIMENTO_DI_ADOTTABILIT_E_STATO_DI_ABBANDONO_DEL_MINORE_L_184_1983_A_414010,Procedimento di adottabilità e stato di abbandono del minore (L. 184/1983 artt. 8-21),competenza,competenza,competenza,competenza,True,True,True,True,True,,,,"Tribunale per le persone, per i minorenni e per le famiglie (o TM fino a istituzione) - luogo residenza del minore","Tribunale per le persone, per i minorenni e per le famiglie (o TM fino a istituzione) - luogo residenza del minore",False,,ok
kb_98_top9_set12_parte1.json,TOP9_CODICI_FREQUENTI_SET12_PARTE1,GUIDA_PROCEDIMENTO_DI_ADOTTABILIT_E_STATO_DI_ABBANDONO_DEL_MINORE_L_184_1983_A_414010,Procedimento di adottabilità e stato di abbandono del minore (L. 184/1983 artt. 8-21),uffici_destinatari,uffici_destinatari,uffici_destinatari,uffici_destinatari,True,True,True,True,True,,,,,,False,,ok
kb_98_top9_set12_parte1.json,TOP9_CODICI_FREQUENTI_SET12_PARTE1,GUIDA_PROCEDIMENTO_DI_ADOTTABILIT_E_STATO_DI_ABBANDONO_DEL_MINORE_L_184_1983_A_414010,Procedimento di adottabilità e stato di abbandono del minore (L. 184/1983 artt. 8-21),tipologie_di_intervento,tipologie_di_intervento,tipologie_di_intervento,tipologie_di_intervento,False,False,False,True,False,,,,,,False,,ok
kb_98_top9_set12_parte1.json,TOP9_CODICI_FREQUENTI_SET12_PARTE1,GUIDA_PROCEDIMENTO_DI_ADOTTABILIT_E_STATO_DI_ABBANDONO_DEL_MINORE_L_184_1983_A_414010,Procedimento di adottabilità e stato di abbandono del minore (L. 184/1983 artt. 8-21),presupposti_sostanziali,presupposti_sostanziali,presupposti_sostanziali,presupposti_sostanziali,False,False,False,True,False,,,,,,False,,ok
kb_98_top9_set12_parte1.json,TOP9_CODICI_FREQUENTI_SET12_PARTE1,GUIDA_PROCEDIMENTO_DI_ADOTTABILIT_E_STATO_DI_ABBANDONO_DEL_MINORE_L_184_1983_A_414010,Procedimento di adottabilità e stato di abbandono del minore (L. 184/1983 artt. 8-21),legittimati_attivi,legittimati_attivi,legittimati_attivi,legittimati_attivi,False,False,False,True,False,,,,,,False,,ok
kb_98_top9_set12_parte1.json,TOP9_CODICI_FREQUENTI_SET12_PARTE1,GUIDA_PROCEDIMENTO_DI_ADOTTABILIT_E_STATO_DI_ABBANDONO_DEL_MINORE_L_184_1983_A_414010,Procedimento di adottabilità e stato di abbandono del minore (L. 184/1983 artt. 8-21),obbligo_mediazione,obbligo_mediazione,obbligo_mediazione,obbligo_mediazione,True,True,True,True,True,,,,,,False,,ok
kb_98_top9_set12_parte1.json,TOP9_CODICI_FREQUENTI_SET12_PARTE1,GUIDA_PROCEDIMENTO_DI_ADOTTABILIT_E_STATO_DI_ABBANDONO_DEL_MINORE_L_184_1983_A_414010,Procedimento di adottabilità e stato di abbandono del minore (L. 184/1983 artt. 8-21),adempimenti_propedeutici,adempimenti_propedeutici,adempimenti_propedeutici,adempimenti_propedeutici,True,True,True,True,True,"1,2,3","1,2,3",,,,False,,ok
kb_98_top9_set12_parte1.json,TOP9_CODICI_FREQUENTI_SET12_PARTE1,GUIDA_PROCEDIMENTO_DI_ADOTTABILIT_E_STATO_DI_ABBANDONO_DEL_MINORE_L_184_1983_A_414010,Procedimento di adottabilità e stato di abbandono del minore (L. 184/1983 artt. 8-21),richiesta_provvedimenti_urgenti,richiesta_provvedimenti_urgenti,richiesta_provvedimenti_urgenti,richiesta_provvedimenti_urgenti,False,False,False,True,False,,,,,,False,,ok
kb_98_top9_set12_parte1.json,TOP9_CODICI_FREQUENTI_SET12_PARTE1,GUIDA_PROCEDIMENTO_DI_ADOTTABILIT_E_STATO_DI_ABBANDONO_DEL_MINORE_L_184_1983_A_414010,Procedimento di adottabilità e stato di abbandono del minore (L. 184/1983 artt. 8-21),avvertimenti_obbligatori,atto_principale.avvertimenti_obbligatori,atto_principale.avvertimenti_obbligatori,atto_principale.avvertimenti_obbligatori,True,True,True,True,True,,,,,,False,,ok
kb_98_top9_set12_parte1.json,TOP9_CODICI_FREQUENTI_SET12_PARTE1,GUIDA_PROCEDIMENTO_DI_ADOTTABILIT_E_STATO_DI_ABBANDONO_DEL_MINORE_L_184_1983_A_414010,Procedimento di adottabilità e stato di abbandono del minore (L. 184/1983 artt. 8-21),allegati_obbligatori,allegati_obbligatori,allegati_obbligatori,allegati_obbligatori,True,True,True,True,True,,,,,,False,,ok
kb_98_top9_set12_parte1.json,TOP9_CODICI_FREQUENTI_SET12_PARTE1,GUIDA_PROCEDIMENTO_DI_ADOTTABILIT_E_STATO_DI_ABBANDONO_DEL_MINORE_L_184_1983_A_414010,Procedimento di adottabilità e stato di abbandono del minore (L. 184/1983 artt. 8-21),termini_processuali,termini_processuali,termini_processuali,termini_processuali,True,True,True,True,True,,,,,,False,,ok
kb_98_top9_set12_parte1.json,TOP9_CODICI_FREQUENTI_SET12_PARTE1,GUIDA_PROCEDIMENTO_DI_ADOTTABILIT_E_STATO_DI_ABBANDONO_DEL_MINORE_L_184_1983_A_414010,Procedimento di adottabilità e stato di abbandono del minore (L. 184/1983 artt. 8-21),esiti_processuali_tipici,esiti_processuali_tipici,esiti_processuali_tipici,esiti_processuali_tipici,True,True,True,True,True,,,,,,False,,ok
kb_98_top9_set12_parte1.json,TOP9_CODICI_FREQUENTI_SET12_PARTE1,GUIDA_PROCEDIMENTO_DI_ADOTTABILIT_E_STATO_DI_ABBANDONO_DEL_MINORE_L_184_1983_A_414010,Procedimento di adottabilità e stato di abbandono del minore (L. 184/1983 artt. 8-21),normativa,normativa,normativa,normativa,True,True,True,True,True,,,,,,False,,ok
kb_98_top9_set12_parte1.json,TOP9_CODICI_FREQUENTI_SET12_PARTE1,GUIDA_PROCEDIMENTO_DI_ADOTTABILIT_E_STATO_DI_ABBANDONO_DEL_MINORE_L_184_1983_A_414010,Procedimento di adottabilità e stato di abbandono del minore (L. 184/1983 artt. 8-21),atto_principale,atto_principale,atto_principale,atto_principale,True,True,True,True,True,,,,,,False,,ok
kb_98_top9_set12_parte1.json,TOP9_CODICI_FREQUENTI_SET12_PARTE1,GUIDA_PROCEDIMENTO_DI_ADOTTABILIT_E_STATO_DI_ABBANDONO_DEL_MINORE_L_184_1983_A_414010,Procedimento di adottabilità e stato di abbandono del minore (L. 184/1983 artt. 8-21),fonti_verifica_web,fonti_verifica_web,fonti_verifica_web,fonti_verifica_web,True,True,True,True,True,,,,,,False,,ok
kb_98_top9_set12_parte1.json,TOP9_CODICI_FREQUENTI_SET12_PARTE1,GUIDA_PROCEDIMENTO_DI_ADOTTABILIT_E_STATO_DI_ABBANDONO_DEL_MINORE_L_184_1983_A_414010,Procedimento di adottabilità e stato di abbandono del minore (L. 184/1983 artt. 8-21),presidi_operativi_integrativi,presidi_operativi_integrativi,presidi_operativi_integrativi,presidi_operativi_integrativi,False,False,True,True,True,,,,,,False,,ok
kb_98_top9_set12_parte1.json,TOP9_CODICI_FREQUENTI_SET12_PARTE1,GUIDA_PROCEDIMENTO_DI_ADOTTABILIT_E_STATO_DI_ABBANDONO_DEL_MINORE_L_184_1983_A_414010,Procedimento di adottabilità e stato di abbandono del minore (L. 184/1983 artt. 8-21),specialistica:definizione_stato_abbandono_art_8,definizione_stato_abbandono_art_8,definizione_stato_abbandono_art_8,definizione_stato_abbandono_art_8,True,True,True,True,True,,,,,,False,,ok
kb_98_top9_set12_parte1.json,TOP9_CODICI_FREQUENTI_SET12_PARTE1,GUIDA_PROCEDIMENTO_DI_ADOTTABILIT_E_STATO_DI_ABBANDONO_DEL_MINORE_L_184_1983_A_414010,Procedimento di adottabilità e stato di abbandono del minore (L. 184/1983 artt. 8-21),specialistica:fasi_del_procedimento,fasi_del_procedimento,fasi_del_procedimento,fasi_del_procedimento,True,True,True,True,True,,,,,,False,,ok
kb_98_top9_set12_parte1.json,TOP9_CODICI_FREQUENTI_SET12_PARTE1,GUIDA_PROCEDIMENTO_DI_ADOTTABILIT_E_STATO_DI_ABBANDONO_DEL_MINORE_L_184_1983_A_414010,Procedimento di adottabilità e stato di abbandono del minore (L. 184/1983 artt. 8-21),specialistica:diritti_dei_GENITORI_nel_procedimento,diritti_dei_GENITORI_nel_procedimento,diritti_dei_GENITORI_nel_procedimento,diritti_dei_GENITORI_nel_procedimento,True,True,True,True,True,,,,,,False,,ok
kb_98_top9_set12_parte2.json,TOP9_CODICI_FREQUENTI_SET12_PARTE2,GUIDA_RISOLUZIONE_CONTRATTO_DI_TRASPORTO_E_RESPONSABILIT_DEL_VETTORE_PER_PERDI_143010,Risoluzione contratto di trasporto e responsabilità del vettore per perdita/avaria (artt. 1693-1702 c.c.),denominazione,denominazione,denominazione,denominazione,True,True,True,True,True,,,,Risoluzione contratto di trasporto e responsabilità del vettore per perdita/avaria (artt. 1693-1702 c.c.),Risoluzione contratto di trasporto e responsabilità del vettore per perdita/avaria (artt. 1693-1702 c.c.),False,,ok
kb_98_top9_set12_parte2.json,TOP9_CODICI_FREQUENTI_SET12_PARTE2,GUIDA_RISOLUZIONE_CONTRATTO_DI_TRASPORTO_E_RESPONSABILIT_DEL_VETTORE_PER_PERDI_143010,Risoluzione contratto di trasporto e responsabilità del vettore per perdita/avaria (artt. 1693-1702 c.c.),categoria,categoria,categoria,categoria,True,True,True,True,True,,,,Contratti - trasporto - patologia,Contratti - trasporto - patologia,False,,ok
kb_98_top9_set12_parte2.json,TOP9_CODICI_FREQUENTI_SET12_PARTE2,GUIDA_RISOLUZIONE_CONTRATTO_DI_TRASPORTO_E_RESPONSABILIT_DEL_VETTORE_PER_PERDI_143010,Risoluzione contratto di trasporto e responsabilità del vettore per perdita/avaria (artt. 1693-1702 c.c.),sottocategoria,sottocategoria,sottocategoria,sottocategoria,True,True,True,True,True,,,,"Azione del mittente/destinatario per perdita, avaria o ritardo nella consegna delle merci trasportate","Azione del mittente/destinatario per perdita, avaria o ritardo nella consegna delle merci trasportate",False,,ok
kb_98_top9_set12_parte2.json,TOP9_CODICI_FREQUENTI_SET12_PARTE2,GUIDA_RISOLUZIONE_CONTRATTO_DI_TRASPORTO_E_RESPONSABILIT_DEL_VETTORE_PER_PERDI_143010,Risoluzione contratto di trasporto e responsabilità del vettore per perdita/avaria (artt. 1693-1702 c.c.),rito,rito,rito,rito,True,True,True,True,True,,,,Rito ordinario di cognizione,Rito ordinario di cognizione,False,,ok
kb_98_top9_set12_parte2.json,TOP9_CODICI_FREQUENTI_SET12_PARTE2,GUIDA_RISOLUZIONE_CONTRATTO_DI_TRASPORTO_E_RESPONSABILIT_DEL_VETTORE_PER_PERDI_143010,Risoluzione contratto di trasporto e responsabilità del vettore per perdita/avaria (artt. 1693-1702 c.c.),competenza,competenza,competenza,competenza,True,True,True,True,True,,,,Tribunale - foro luogo di partenza o destinazione del trasporto; per trasporti marittimi/aerei: foro speciale,Tribunale - foro luogo di partenza o destinazione del trasporto; per trasporti marittimi/aerei: foro speciale,False,,ok
kb_98_top9_set12_parte2.json,TOP9_CODICI_FREQUENTI_SET12_PARTE2,GUIDA_RISOLUZIONE_CONTRATTO_DI_TRASPORTO_E_RESPONSABILIT_DEL_VETTORE_PER_PERDI_143010,Risoluzione contratto di trasporto e responsabilità del vettore per perdita/avaria (artt. 1693-1702 c.c.),uffici_destinatari,uffici_destinatari,uffici_destinatari,uffici_destinatari,True,True,True,True,True,,,,,,False,,ok
kb_98_top9_set12_parte2.json,TOP9_CODICI_FREQUENTI_SET12_PARTE2,GUIDA_RISOLUZIONE_CONTRATTO_DI_TRASPORTO_E_RESPONSABILIT_DEL_VETTORE_PER_PERDI_143010,Risoluzione contratto di trasporto e responsabilità del vettore per perdita/avaria (artt. 1693-1702 c.c.),tipologie_di_intervento,tipologie_di_intervento,tipologie_di_intervento,tipologie_di_intervento,False,False,False,True,False,,,,,,False,,ok
kb_98_top9_set12_parte2.json,TOP9_CODICI_FREQUENTI_SET12_PARTE2,GUIDA_RISOLUZIONE_CONTRATTO_DI_TRASPORTO_E_RESPONSABILIT_DEL_VETTORE_PER_PERDI_143010,Risoluzione contratto di trasporto e responsabilità del vettore per perdita/avaria (artt. 1693-1702 c.c.),presupposti_sostanziali,presupposti_sostanziali,presupposti_sostanziali,presupposti_sostanziali,False,False,False,True,False,,,,,,False,,ok
kb_98_top9_set12_parte2.json,TOP9_CODICI_FREQUENTI_SET12_PARTE2,GUIDA_RISOLUZIONE_CONTRATTO_DI_TRASPORTO_E_RESPONSABILIT_DEL_VETTORE_PER_PERDI_143010,Risoluzione contratto di trasporto e responsabilità del vettore per perdita/avaria (artt. 1693-1702 c.c.),legittimati_attivi,legittimati_attivi,legittimati_attivi,legittimati_attivi,False,False,False,True,False,,,,,,False,,ok
kb_98_top9_set12_parte2.json,TOP9_CODICI_FREQUENTI_SET12_PARTE2,GUIDA_RISOLUZIONE_CONTRATTO_DI_TRASPORTO_E_RESPONSABILIT_DEL_VETTORE_PER_PERDI_143010,Risoluzione contratto di trasporto e responsabilità del vettore per perdita/avaria (artt. 1693-1702 c.c.),obbligo_mediazione,obbligo_mediazione,obbligo_mediazione,obbligo_mediazione,True,True,True,True,True,,,,,,False,,ok
kb_98_top9_set12_parte2.json,TOP9_CODICI_FREQUENTI_SET12_PARTE2,GUIDA_RISOLUZIONE_CONTRATTO_DI_TRASPORTO_E_RESPONSABILIT_DEL_VETTORE_PER_PERDI_143010,Risoluzione contratto di trasporto e responsabilità del vettore per perdita/avaria (artt. 1693-1702 c.c.),adempimenti_propedeutici,adempimenti_propedeutici,adempimenti_propedeutici,adempimenti_propedeutici,True,True,True,True,True,"1,2,3,4","1,2,3,4",,,,False,,ok
kb_98_top9_set12_parte2.json,TOP9_CODICI_FREQUENTI_SET12_PARTE2,GUIDA_RISOLUZIONE_CONTRATTO_DI_TRASPORTO_E_RESPONSABILIT_DEL_VETTORE_PER_PERDI_143010,Risoluzione contratto di trasporto e responsabilità del vettore per perdita/avaria (artt. 1693-1702 c.c.),richiesta_provvedimenti_urgenti,richiesta_provvedimenti_urgenti,richiesta_provvedimenti_urgenti,richiesta_provvedimenti_urgenti,False,False,False,True,False,,,,,,False,,ok
kb_98_top9_set12_parte2.json,TOP9_CODICI_FREQUENTI_SET12_PARTE2,GUIDA_RISOLUZIONE_CONTRATTO_DI_TRASPORTO_E_RESPONSABILIT_DEL_VETTORE_PER_PERDI_143010,Risoluzione contratto di trasporto e responsabilità del vettore per perdita/avaria (artt. 1693-1702 c.c.),avvertimenti_obbligatori,atto_principale.avvertimenti_obbligatori,atto_principale.avvertimenti_obbligatori,atto_principale.avvertimenti_obbligatori,True,True,True,True,True,,,,,,False,,ok
kb_98_top9_set12_parte2.json,TOP9_CODICI_FREQUENTI_SET12_PARTE2,GUIDA_RISOLUZIONE_CONTRATTO_DI_TRASPORTO_E_RESPONSABILIT_DEL_VETTORE_PER_PERDI_143010,Risoluzione contratto di trasporto e responsabilità del vettore per perdita/avaria (artt. 1693-1702 c.c.),allegati_obbligatori,allegati_obbligatori,allegati_obbligatori,allegati_obbligatori,True,True,True,True,True,,,,,,False,,ok
kb_98_top9_set12_parte2.json,TOP9_CODICI_FREQUENTI_SET12_PARTE2,GUIDA_RISOLUZIONE_CONTRATTO_DI_TRASPORTO_E_RESPONSABILIT_DEL_VETTORE_PER_PERDI_143010,Risoluzione contratto di trasporto e responsabilità del vettore per perdita/avaria (artt. 1693-1702 c.c.),termini_processuali,termini_processuali,termini_processuali,termini_processuali,True,True,True,True,True,,,,,,False,,ok
kb_98_top9_set12_parte2.json,TOP9_CODICI_FREQUENTI_SET12_PARTE2,GUIDA_RISOLUZIONE_CONTRATTO_DI_TRASPORTO_E_RESPONSABILIT_DEL_VETTORE_PER_PERDI_143010,Risoluzione contratto di trasporto e responsabilità del vettore per perdita/avaria (artt. 1693-1702 c.c.),esiti_processuali_tipici,esiti_processuali_tipici,esiti_processuali_tipici,esiti_processuali_tipici,True,True,True,True,True,,,,,,False,,ok
kb_98_top9_set12_parte2.json,TOP9_CODICI_FREQUENTI_SET12_PARTE2,GUIDA_RISOLUZIONE_CONTRATTO_DI_TRASPORTO_E_RESPONSABILIT_DEL_VETTORE_PER_PERDI_143010,Risoluzione contratto di trasporto e responsabilità del vettore per perdita/avaria (artt. 1693-1702 c.c.),normativa,normativa,normativa,normativa,True,True,True,True,True,,,,,,False,,ok
kb_98_top9_set12_parte2.json,TOP9_CODICI_FREQUENTI_SET12_PARTE2,GUIDA_RISOLUZIONE_CONTRATTO_DI_TRASPORTO_E_RESPONSABILIT_DEL_VETTORE_PER_PERDI_143010,Risoluzione contratto di trasporto e responsabilità del vettore per perdita/avaria (artt. 1693-1702 c.c.),atto_principale,atto_principale,atto_principale,atto_principale,True,True,True,True,True,,,,,,False,,ok
kb_98_top9_set12_parte2.json,TOP9_CODICI_FREQUENTI_SET12_PARTE2,GUIDA_RISOLUZIONE_CONTRATTO_DI_TRASPORTO_E_RESPONSABILIT_DEL_VETTORE_PER_PERDI_143010,Risoluzione contratto di trasporto e responsabilità del vettore per perdita/avaria (artt. 1693-1702 c.c.),fonti_verifica_web,fonti_verifica_web,fonti_verifica_web,fonti_verifica_web,True,True,True,True,True,,,,,,False,,ok
kb_98_top9_set12_parte2.json,TOP9_CODICI_FREQUENTI_SET12_PARTE2,GUIDA_RISOLUZIONE_CONTRATTO_DI_TRASPORTO_E_RESPONSABILIT_DEL_VETTORE_PER_PERDI_143010,Risoluzione contratto di trasporto e responsabilità del vettore per perdita/avaria (artt. 1693-1702 c.c.),presidi_operativi_integrativi,presidi_operativi_integrativi,presidi_operativi_integrativi,presidi_operativi_integrativi,False,False,True,True,True,,,,,,False,,ok
kb_98_top9_set12_parte2.json,TOP9_CODICI_FREQUENTI_SET12_PARTE2,GUIDA_RISOLUZIONE_CONTRATTO_DI_TRASPORTO_E_RESPONSABILIT_DEL_VETTORE_PER_PERDI_143010,Risoluzione contratto di trasporto e responsabilità del vettore per perdita/avaria (artt. 1693-1702 c.c.),specialistica:regime_di_responsabilita_vettore_1693,regime_di_responsabilita_vettore_1693,regime_di_responsabilita_vettore_1693,regime_di_responsabilita_vettore_1693,True,True,True,True,True,,,,,,False,,ok
kb_98_top9_set12_parte2.json,TOP9_CODICI_FREQUENTI_SET12_PARTE2,GUIDA_RISOLUZIONE_CONTRATTO_DI_TRASPORTO_E_RESPONSABILIT_DEL_VETTORE_PER_PERDI_143010,Risoluzione contratto di trasporto e responsabilità del vettore per perdita/avaria (artt. 1693-1702 c.c.),specialistica:cause_di_esonero_vettore,cause_di_esonero_vettore,cause_di_esonero_vettore,cause_di_esonero_vettore,True,True,True,True,True,,,,,,False,,ok
kb_98_top9_set12_parte2.json,TOP9_CODICI_FREQUENTI_SET12_PARTE2,GUIDA_RISOLUZIONE_CONTRATTO_DI_TRASPORTO_E_RESPONSABILIT_DEL_VETTORE_PER_PERDI_143010,Risoluzione contratto di trasporto e responsabilità del vettore per perdita/avaria (artt. 1693-1702 c.c.),specialistica:prassi_contrattuale,prassi_contrattuale,prassi_contrattuale,prassi_contrattuale,True,True,True,True,True,,,,,,False,,ok
kb_98_top9_set12_parte2.json,TOP9_CODICI_FREQUENTI_SET12_PARTE2,GUIDA_REGIME_DELLE_ACQUE_NEI_RAPPORTI_DI_VICINATO_SCOLO_GRONDA_ACQUE_PIOVANE_A_130080,"Regime delle acque nei rapporti di vicinato - scolo, gronda, acque piovane (artt. 913-921 c.c.)",denominazione,denominazione,denominazione,denominazione,True,True,True,True,True,,,,"Regime delle acque nei rapporti di vicinato - scolo, gronda, acque piovane (artt. 913-921 c.c.)","Regime delle acque nei rapporti di vicinato - scolo, gronda, acque piovane (artt. 913-921 c.c.)",False,,ok
kb_98_top9_set12_parte2.json,TOP9_CODICI_FREQUENTI_SET12_PARTE2,GUIDA_REGIME_DELLE_ACQUE_NEI_RAPPORTI_DI_VICINATO_SCOLO_GRONDA_ACQUE_PIOVANE_A_130080,"Regime delle acque nei rapporti di vicinato - scolo, gronda, acque piovane (artt. 913-921 c.c.)",categoria,categoria,categoria,categoria,True,True,True,True,True,,,,Diritti reali - rapporti di vicinato,Diritti reali - rapporti di vicinato,False,,ok
kb_98_top9_set12_parte2.json,TOP9_CODICI_FREQUENTI_SET12_PARTE2,GUIDA_REGIME_DELLE_ACQUE_NEI_RAPPORTI_DI_VICINATO_SCOLO_GRONDA_ACQUE_PIOVANE_A_130080,"Regime delle acque nei rapporti di vicinato - scolo, gronda, acque piovane (artt. 913-921 c.c.)",sottocategoria,sottocategoria,sottocategoria,sottocategoria,True,True,True,True,True,,,,Controversie sul regime dello scolo delle acque nei rapporti tra fondi contigui,Controversie sul regime dello scolo delle acque nei rapporti tra fondi contigui,False,,ok
kb_98_top9_set12_parte2.json,TOP9_CODICI_FREQUENTI_SET12_PARTE2,GUIDA_REGIME_DELLE_ACQUE_NEI_RAPPORTI_DI_VICINATO_SCOLO_GRONDA_ACQUE_PIOVANE_A_130080,"Regime delle acque nei rapporti di vicinato - scolo, gronda, acque piovane (artt. 913-921 c.c.)",rito,rito,rito,rito,True,True,True,True,True,,,,Rito ordinario di cognizione preceduto da MEDIAZIONE OBBLIGATORIA (diritti reali),Rito ordinario di cognizione preceduto da MEDIAZIONE OBBLIGATORIA (diritti reali),False,,ok
kb_98_top9_set12_parte2.json,TOP9_CODICI_FREQUENTI_SET12_PARTE2,GUIDA_REGIME_DELLE_ACQUE_NEI_RAPPORTI_DI_VICINATO_SCOLO_GRONDA_ACQUE_PIOVANE_A_130080,"Regime delle acque nei rapporti di vicinato - scolo, gronda, acque piovane (artt. 913-921 c.c.)",competenza,competenza,competenza,competenza,True,True,True,True,True,,,,Tribunale del luogo dell'immobile (art. 21 c.p.c.) - foro esclusivo,Tribunale del luogo dell'immobile (art. 21 c.p.c.) - foro esclusivo,False,,ok
kb_98_top9_set12_parte2.json,TOP9_CODICI_FREQUENTI_SET12_PARTE2,GUIDA_REGIME_DELLE_ACQUE_NEI_RAPPORTI_DI_VICINATO_SCOLO_GRONDA_ACQUE_PIOVANE_A_130080,"Regime delle acque nei rapporti di vicinato - scolo, gronda, acque piovane (artt. 913-921 c.c.)",uffici_destinatari,uffici_destinatari,uffici_destinatari,uffici_destinatari,True,True,True,True,True,,,,,,False,,ok
kb_98_top9_set12_parte2.json,TOP9_CODICI_FREQUENTI_SET12_PARTE2,GUIDA_REGIME_DELLE_ACQUE_NEI_RAPPORTI_DI_VICINATO_SCOLO_GRONDA_ACQUE_PIOVANE_A_130080,"Regime delle acque nei rapporti di vicinato - scolo, gronda, acque piovane (artt. 913-921 c.c.)",tipologie_di_intervento,tipologie_di_intervento,tipologie_di_intervento,tipologie_di_intervento,False,False,False,True,False,,,,,,False,,ok
kb_98_top9_set12_parte2.json,TOP9_CODICI_FREQUENTI_SET12_PARTE2,GUIDA_REGIME_DELLE_ACQUE_NEI_RAPPORTI_DI_VICINATO_SCOLO_GRONDA_ACQUE_PIOVANE_A_130080,"Regime delle acque nei rapporti di vicinato - scolo, gronda, acque piovane (artt. 913-921 c.c.)",presupposti_sostanziali,presupposti_sostanziali,presupposti_sostanziali,presupposti_sostanziali,True,True,True,True,True,,,,,,False,,ok
kb_98_top9_set12_parte2.json,TOP9_CODICI_FREQUENTI_SET12_PARTE2,GUIDA_REGIME_DELLE_ACQUE_NEI_RAPPORTI_DI_VICINATO_SCOLO_GRONDA_ACQUE_PIOVANE_A_130080,"Regime delle acque nei rapporti di vicinato - scolo, gronda, acque piovane (artt. 913-921 c.c.)",legittimati_attivi,legittimati_attivi,legittimati_attivi,legittimati_attivi,False,False,False,True,False,,,,,,False,,ok
kb_98_top9_set12_parte2.json,TOP9_CODICI_FREQUENTI_SET12_PARTE2,GUIDA_REGIME_DELLE_ACQUE_NEI_RAPPORTI_DI_VICINATO_SCOLO_GRONDA_ACQUE_PIOVANE_A_130080,"Regime delle acque nei rapporti di vicinato - scolo, gronda, acque piovane (artt. 913-921 c.c.)",obbligo_mediazione,obbligo_mediazione,obbligo_mediazione,obbligo_mediazione,True,True,True,True,True,,,,,,False,,ok
kb_98_top9_set12_parte2.json,TOP9_CODICI_FREQUENTI_SET12_PARTE2,GUIDA_REGIME_DELLE_ACQUE_NEI_RAPPORTI_DI_VICINATO_SCOLO_GRONDA_ACQUE_PIOVANE_A_130080,"Regime delle acque nei rapporti di vicinato - scolo, gronda, acque piovane (artt. 913-921 c.c.)",adempimenti_propedeutici,adempimenti_propedeutici,adempimenti_propedeutici,adempimenti_propedeutici,True,True,True,True,True,"1,2,3","1,2,3",,,,False,,ok
kb_98_top9_set12_parte2.json,TOP9_CODICI_FREQUENTI_SET12_PARTE2,GUIDA_REGIME_DELLE_ACQUE_NEI_RAPPORTI_DI_VICINATO_SCOLO_GRONDA_ACQUE_PIOVANE_A_130080,"Regime delle acque nei rapporti di vicinato - scolo, gronda, acque piovane (artt. 913-921 c.c.)",richiesta_provvedimenti_urgenti,richiesta_provvedimenti_urgenti,richiesta_provvedimenti_urgenti,richiesta_provvedimenti_urgenti,False,False,False,True,False,,,,,,False,,ok
kb_98_top9_set12_parte2.json,TOP9_CODICI_FREQUENTI_SET12_PARTE2,GUIDA_REGIME_DELLE_ACQUE_NEI_RAPPORTI_DI_VICINATO_SCOLO_GRONDA_ACQUE_PIOVANE_A_130080,"Regime delle acque nei rapporti di vicinato - scolo, gronda, acque piovane (artt. 913-921 c.c.)",avvertimenti_obbligatori,atto_principale.avvertimenti_obbligatori,atto_principale.avvertimenti_obbligatori,atto_principale.avvertimenti_obbligatori,True,True,True,True,True,,,,,,False,,ok
kb_98_top9_set12_parte2.json,TOP9_CODICI_FREQUENTI_SET12_PARTE2,GUIDA_REGIME_DELLE_ACQUE_NEI_RAPPORTI_DI_VICINATO_SCOLO_GRONDA_ACQUE_PIOVANE_A_130080,"Regime delle acque nei rapporti di vicinato - scolo, gronda, acque piovane (artt. 913-921 c.c.)",allegati_obbligatori,allegati_obbligatori,allegati_obbligatori,allegati_obbligatori,True,True,True,True,True,,,,,,False,,ok
kb_98_top9_set12_parte2.json,TOP9_CODICI_FREQUENTI_SET12_PARTE2,GUIDA_REGIME_DELLE_ACQUE_NEI_RAPPORTI_DI_VICINATO_SCOLO_GRONDA_ACQUE_PIOVANE_A_130080,"Regime delle acque nei rapporti di vicinato - scolo, gronda, acque piovane (artt. 913-921 c.c.)",termini_processuali,termini_processuali,termini_processuali,termini_processuali,True,True,True,True,True,,,,,,False,,ok
kb_98_top9_set12_parte2.json,TOP9_CODICI_FREQUENTI_SET12_PARTE2,GUIDA_REGIME_DELLE_ACQUE_NEI_RAPPORTI_DI_VICINATO_SCOLO_GRONDA_ACQUE_PIOVANE_A_130080,"Regime delle acque nei rapporti di vicinato - scolo, gronda, acque piovane (artt. 913-921 c.c.)",esiti_processuali_tipici,esiti_processuali_tipici,esiti_processuali_tipici,esiti_processuali_tipici,True,True,True,True,True,,,,,,False,,ok
kb_98_top9_set12_parte2.json,TOP9_CODICI_FREQUENTI_SET12_PARTE2,GUIDA_REGIME_DELLE_ACQUE_NEI_RAPPORTI_DI_VICINATO_SCOLO_GRONDA_ACQUE_PIOVANE_A_130080,"Regime delle acque nei rapporti di vicinato - scolo, gronda, acque piovane (artt. 913-921 c.c.)",normativa,normativa,normativa,normativa,True,True,True,True,True,,,,,,False,,ok
kb_98_top9_set12_parte2.json,TOP9_CODICI_FREQUENTI_SET12_PARTE2,GUIDA_REGIME_DELLE_ACQUE_NEI_RAPPORTI_DI_VICINATO_SCOLO_GRONDA_ACQUE_PIOVANE_A_130080,"Regime delle acque nei rapporti di vicinato - scolo, gronda, acque piovane (artt. 913-921 c.c.)",atto_principale,atto_principale,atto_principale,atto_principale,True,True,True,True,True,,,,,,False,,ok
kb_98_top9_set12_parte2.json,TOP9_CODICI_FREQUENTI_SET12_PARTE2,GUIDA_REGIME_DELLE_ACQUE_NEI_RAPPORTI_DI_VICINATO_SCOLO_GRONDA_ACQUE_PIOVANE_A_130080,"Regime delle acque nei rapporti di vicinato - scolo, gronda, acque piovane (artt. 913-921 c.c.)",fonti_verifica_web,fonti_verifica_web,fonti_verifica_web,fonti_verifica_web,True,True,True,True,True,,,,,,False,,ok
kb_98_top9_set12_parte2.json,TOP9_CODICI_FREQUENTI_SET12_PARTE2,GUIDA_REGIME_DELLE_ACQUE_NEI_RAPPORTI_DI_VICINATO_SCOLO_GRONDA_ACQUE_PIOVANE_A_130080,"Regime delle acque nei rapporti di vicinato - scolo, gronda, acque piovane (artt. 913-921 c.c.)",presidi_operativi_integrativi,presidi_operativi_integrativi,presidi_operativi_integrativi,presidi_operativi_integrativi,False,False,True,True,True,,,,,,False,,ok
kb_98_top9_set12_parte2.json,TOP9_CODICI_FREQUENTI_SET12_PARTE2,GUIDA_REGIME_DELLE_ACQUE_NEI_RAPPORTI_DI_VICINATO_SCOLO_GRONDA_ACQUE_PIOVANE_A_130080,"Regime delle acque nei rapporti di vicinato - scolo, gronda, acque piovane (artt. 913-921 c.c.)",specialistica:tipologie_di_controversie,tipologie_di_controversie,tipologie_di_controversie,tipologie_di_controversie,True,True,True,True,True,,,,,,False,,ok
kb_98_top9_set12_parte2.json,TOP9_CODICI_FREQUENTI_SET12_PARTE2,GUIDA_RESPONSABILIT_DEGLI_AMMINISTRATORI_DI_S_R_L_VERSO_LA_SOCIET_E_I_CREDITOR_154010,Responsabilità degli amministratori di S.r.l. verso la società e i creditori (artt. 2476-2476-bis c.c.),denominazione,denominazione,denominazione,denominazione,True,True,True,True,True,,,,Responsabilità degli amministratori di S.r.l. verso la società e i creditori (artt. 2476-2476-bis c.c.),Responsabilità degli amministratori di S.r.l. verso la società e i creditori (artt. 2476-2476-bis c.c.),False,,ok
kb_98_top9_set12_parte2.json,TOP9_CODICI_FREQUENTI_SET12_PARTE2,GUIDA_RESPONSABILIT_DEGLI_AMMINISTRATORI_DI_S_R_L_VERSO_LA_SOCIET_E_I_CREDITOR_154010,Responsabilità degli amministratori di S.r.l. verso la società e i creditori (artt. 2476-2476-bis c.c.),categoria,categoria,categoria,categoria,True,True,True,True,True,,,,Diritto societario - responsabilità organi S.r.l.,Diritto societario - responsabilità organi S.r.l.,False,,ok
kb_98_top9_set12_parte2.json,TOP9_CODICI_FREQUENTI_SET12_PARTE2,GUIDA_RESPONSABILIT_DEGLI_AMMINISTRATORI_DI_S_R_L_VERSO_LA_SOCIET_E_I_CREDITOR_154010,Responsabilità degli amministratori di S.r.l. verso la società e i creditori (artt. 2476-2476-bis c.c.),sottocategoria,sottocategoria,sottocategoria,sottocategoria,True,True,True,True,True,,,,Azione di responsabilità contrattuale degli amministratori di S.r.l. per danni causati alla società o ai creditori sociali,Azione di responsabilità contrattuale degli amministratori di S.r.l. per danni causati alla società o ai creditori sociali,False,,ok
kb_98_top9_set12_parte2.json,TOP9_CODICI_FREQUENTI_SET12_PARTE2,GUIDA_RESPONSABILIT_DEGLI_AMMINISTRATORI_DI_S_R_L_VERSO_LA_SOCIET_E_I_CREDITOR_154010,Responsabilità degli amministratori di S.r.l. verso la società e i creditori (artt. 2476-2476-bis c.c.),rito,rito,rito,rito,True,True,True,True,True,,,,Rito ordinario di cognizione - Tribunale delle Imprese,Rito ordinario di cognizione - Tribunale delle Imprese,False,,ok
kb_98_top9_set12_parte2.json,TOP9_CODICI_FREQUENTI_SET12_PARTE2,GUIDA_RESPONSABILIT_DEGLI_AMMINISTRATORI_DI_S_R_L_VERSO_LA_SOCIET_E_I_CREDITOR_154010,Responsabilità degli amministratori di S.r.l. verso la società e i creditori (artt. 2476-2476-bis c.c.),competenza,competenza,competenza,competenza,True,True,True,True,True,,,,Tribunale delle Imprese - sede della società,Tribunale delle Imprese - sede della società,False,,ok
kb_98_top9_set12_parte2.json,TOP9_CODICI_FREQUENTI_SET12_PARTE2,GUIDA_RESPONSABILIT_DEGLI_AMMINISTRATORI_DI_S_R_L_VERSO_LA_SOCIET_E_I_CREDITOR_154010,Responsabilità degli amministratori di S.r.l. verso la società e i creditori (artt. 2476-2476-bis c.c.),uffici_destinatari,uffici_destinatari,uffici_destinatari,uffici_destinatari,True,True,True,True,True,,,,,,False,,ok
kb_98_top9_set12_parte2.json,TOP9_CODICI_FREQUENTI_SET12_PARTE2,GUIDA_RESPONSABILIT_DEGLI_AMMINISTRATORI_DI_S_R_L_VERSO_LA_SOCIET_E_I_CREDITOR_154010,Responsabilità degli amministratori di S.r.l. verso la società e i creditori (artt. 2476-2476-bis c.c.),tipologie_di_intervento,tipologie_di_intervento,tipologie_di_intervento,tipologie_di_intervento,False,False,False,True,False,,,,,,False,,ok
kb_98_top9_set12_parte2.json,TOP9_CODICI_FREQUENTI_SET12_PARTE2,GUIDA_RESPONSABILIT_DEGLI_AMMINISTRATORI_DI_S_R_L_VERSO_LA_SOCIET_E_I_CREDITOR_154010,Responsabilità degli amministratori di S.r.l. verso la società e i creditori (artt. 2476-2476-bis c.c.),presupposti_sostanziali,presupposti_sostanziali,presupposti_sostanziali,presupposti_sostanziali,False,False,False,True,False,,,,,,False,,ok
kb_98_top9_set12_parte2.json,TOP9_CODICI_FREQUENTI_SET12_PARTE2,GUIDA_RESPONSABILIT_DEGLI_AMMINISTRATORI_DI_S_R_L_VERSO_LA_SOCIET_E_I_CREDITOR_154010,Responsabilità degli amministratori di S.r.l. verso la società e i creditori (artt. 2476-2476-bis c.c.),legittimati_attivi,legittimati_attivi,legittimati_attivi,legittimati_attivi,False,False,False,True,False,,,,,,False,,ok
kb_98_top9_set12_parte2.json,TOP9_CODICI_FREQUENTI_SET12_PARTE2,GUIDA_RESPONSABILIT_DEGLI_AMMINISTRATORI_DI_S_R_L_VERSO_LA_SOCIET_E_I_CREDITOR_154010,Responsabilità degli amministratori di S.r.l. verso la società e i creditori (artt. 2476-2476-bis c.c.),obbligo_mediazione,obbligo_mediazione,obbligo_mediazione,obbligo_mediazione,True,True,True,True,True,,,,,,False,,ok
kb_98_top9_set12_parte2.json,TOP9_CODICI_FREQUENTI_SET12_PARTE2,GUIDA_RESPONSABILIT_DEGLI_AMMINISTRATORI_DI_S_R_L_VERSO_LA_SOCIET_E_I_CREDITOR_154010,Responsabilità degli amministratori di S.r.l. verso la società e i creditori (artt. 2476-2476-bis c.c.),adempimenti_propedeutici,adempimenti_propedeutici,adempimenti_propedeutici,adempimenti_propedeutici,True,True,True,True,True,"1,2,3","1,2,3",,,,False,,ok
kb_98_top9_set12_parte2.json,TOP9_CODICI_FREQUENTI_SET12_PARTE2,GUIDA_RESPONSABILIT_DEGLI_AMMINISTRATORI_DI_S_R_L_VERSO_LA_SOCIET_E_I_CREDITOR_154010,Responsabilità degli amministratori di S.r.l. verso la società e i creditori (artt. 2476-2476-bis c.c.),richiesta_provvedimenti_urgenti,richiesta_provvedimenti_urgenti,richiesta_provvedimenti_urgenti,richiesta_provvedimenti_urgenti,False,False,False,True,False,,,,,,False,,ok
kb_98_top9_set12_parte2.json,TOP9_CODICI_FREQUENTI_SET12_PARTE2,GUIDA_RESPONSABILIT_DEGLI_AMMINISTRATORI_DI_S_R_L_VERSO_LA_SOCIET_E_I_CREDITOR_154010,Responsabilità degli amministratori di S.r.l. verso la società e i creditori (artt. 2476-2476-bis c.c.),avvertimenti_obbligatori,atto_principale.avvertimenti_obbligatori,atto_principale.avvertimenti_obbligatori,atto_principale.avvertimenti_obbligatori,True,True,True,True,True,,,,,,False,,ok
kb_98_top9_set12_parte2.json,TOP9_CODICI_FREQUENTI_SET12_PARTE2,GUIDA_RESPONSABILIT_DEGLI_AMMINISTRATORI_DI_S_R_L_VERSO_LA_SOCIET_E_I_CREDITOR_154010,Responsabilità degli amministratori di S.r.l. verso la società e i creditori (artt. 2476-2476-bis c.c.),allegati_obbligatori,allegati_obbligatori,allegati_obbligatori,allegati_obbligatori,True,True,True,True,True,,,,,,False,,ok
kb_98_top9_set12_parte2.json,TOP9_CODICI_FREQUENTI_SET12_PARTE2,GUIDA_RESPONSABILIT_DEGLI_AMMINISTRATORI_DI_S_R_L_VERSO_LA_SOCIET_E_I_CREDITOR_154010,Responsabilità degli amministratori di S.r.l. verso la società e i creditori (artt. 2476-2476-bis c.c.),termini_processuali,termini_processuali,termini_processuali,termini_processuali,True,True,True,True,True,,,,,,False,,ok
kb_98_top9_set12_parte2.json,TOP9_CODICI_FREQUENTI_SET12_PARTE2,GUIDA_RESPONSABILIT_DEGLI_AMMINISTRATORI_DI_S_R_L_VERSO_LA_SOCIET_E_I_CREDITOR_154010,Responsabilità degli amministratori di S.r.l. verso la società e i creditori (artt. 2476-2476-bis c.c.),esiti_processuali_tipici,esiti_processuali_tipici,esiti_processuali_tipici,esiti_processuali_tipici,True,True,True,True,True,,,,,,False,,ok
kb_98_top9_set12_parte2.json,TOP9_CODICI_FREQUENTI_SET12_PARTE2,GUIDA_RESPONSABILIT_DEGLI_AMMINISTRATORI_DI_S_R_L_VERSO_LA_SOCIET_E_I_CREDITOR_154010,Responsabilità degli amministratori di S.r.l. verso la società e i creditori (artt. 2476-2476-bis c.c.),normativa,normativa,normativa,normativa,True,True,True,True,True,,,,,,False,,ok
kb_98_top9_set12_parte2.json,TOP9_CODICI_FREQUENTI_SET12_PARTE2,GUIDA_RESPONSABILIT_DEGLI_AMMINISTRATORI_DI_S_R_L_VERSO_LA_SOCIET_E_I_CREDITOR_154010,Responsabilità degli amministratori di S.r.l. verso la società e i creditori (artt. 2476-2476-bis c.c.),atto_principale,atto_principale,atto_principale,atto_principale,True,True,True,True,True,,,,,,False,,ok
kb_98_top9_set12_parte2.json,TOP9_CODICI_FREQUENTI_SET12_PARTE2,GUIDA_RESPONSABILIT_DEGLI_AMMINISTRATORI_DI_S_R_L_VERSO_LA_SOCIET_E_I_CREDITOR_154010,Responsabilità degli amministratori di S.r.l. verso la società e i creditori (artt. 2476-2476-bis c.c.),fonti_verifica_web,fonti_verifica_web,fonti_verifica_web,fonti_verifica_web,True,True,True,True,True,,,,,,False,,ok
kb_98_top9_set12_parte2.json,TOP9_CODICI_FREQUENTI_SET12_PARTE2,GUIDA_RESPONSABILIT_DEGLI_AMMINISTRATORI_DI_S_R_L_VERSO_LA_SOCIET_E_I_CREDITOR_154010,Responsabilità degli amministratori di S.r.l. verso la società e i creditori (artt. 2476-2476-bis c.c.),presidi_operativi_integrativi,presidi_operativi_integrativi,presidi_operativi_integrativi,presidi_operativi_integrativi,False,False,True,True,True,,,,,,False,,ok
kb_98_top9_set12_parte2.json,TOP9_CODICI_FREQUENTI_SET12_PARTE2,GUIDA_RESPONSABILIT_DEGLI_AMMINISTRATORI_DI_S_R_L_VERSO_LA_SOCIET_E_I_CREDITOR_154010,Responsabilità degli amministratori di S.r.l. verso la società e i creditori (artt. 2476-2476-bis c.c.),specialistica:tipologie_di_azioni_di_responsabilita,tipologie_di_azioni_di_responsabilita,tipologie_di_azioni_di_responsabilita,tipologie_di_azioni_di_responsabilita,True,True,True,True,True,,,,,,False,,ok
kb_98_top9_set12_parte2.json,TOP9_CODICI_FREQUENTI_SET12_PARTE2,GUIDA_RESPONSABILIT_DEGLI_AMMINISTRATORI_DI_S_R_L_VERSO_LA_SOCIET_E_I_CREDITOR_154010,Responsabilità degli amministratori di S.r.l. verso la società e i creditori (artt. 2476-2476-bis c.c.),specialistica:business_judgment_rule_Cass_SU_1839_2023,business_judgment_rule_Cass_SU_1839_2023,business_judgment_rule_Cass_SU_1839_2023,business_judgment_rule_Cass_SU_1839_2023,True,True,True,True,True,,,,,,False,,ok
kb_98_top9_set12_parte2.json,TOP9_CODICI_FREQUENTI_SET12_PARTE2,GUIDA_DISTRIBUZIONE_E_PIANO_DI_RIPARTO_NELL_ESECUZIONE_IMMOBILIARE_ARTT_596_59_512030,Distribuzione e piano di riparto nell'esecuzione immobiliare (artt. 596-598 c.p.c.),denominazione,denominazione,denominazione,denominazione,True,True,True,True,True,,,,Distribuzione e piano di riparto nell'esecuzione immobiliare (artt. 596-598 c.p.c.),Distribuzione e piano di riparto nell'esecuzione immobiliare (artt. 596-598 c.p.c.),False,,ok
kb_98_top9_set12_parte2.json,TOP9_CODICI_FREQUENTI_SET12_PARTE2,GUIDA_DISTRIBUZIONE_E_PIANO_DI_RIPARTO_NELL_ESECUZIONE_IMMOBILIARE_ARTT_596_59_512030,Distribuzione e piano di riparto nell'esecuzione immobiliare (artt. 596-598 c.p.c.),categoria,categoria,categoria,categoria,True,True,True,True,True,,,,Esecuzioni forzate - distribuzione del ricavato,Esecuzioni forzate - distribuzione del ricavato,False,,ok
kb_98_top9_set12_parte2.json,TOP9_CODICI_FREQUENTI_SET12_PARTE2,GUIDA_DISTRIBUZIONE_E_PIANO_DI_RIPARTO_NELL_ESECUZIONE_IMMOBILIARE_ARTT_596_59_512030,Distribuzione e piano di riparto nell'esecuzione immobiliare (artt. 596-598 c.p.c.),sottocategoria,sottocategoria,sottocategoria,sottocategoria,True,True,True,True,True,,,,Procedimento di distribuzione del ricavato dalla vendita immobiliare + controversie sul piano di riparto,Procedimento di distribuzione del ricavato dalla vendita immobiliare + controversie sul piano di riparto,False,,ok
kb_98_top9_set12_parte2.json,TOP9_CODICI_FREQUENTI_SET12_PARTE2,GUIDA_DISTRIBUZIONE_E_PIANO_DI_RIPARTO_NELL_ESECUZIONE_IMMOBILIARE_ARTT_596_59_512030,Distribuzione e piano di riparto nell'esecuzione immobiliare (artt. 596-598 c.p.c.),rito,rito,rito,rito,True,True,True,True,True,,,,Procedimento speciale davanti al GE (artt. 596-598) + eventuale opposizione giudiziale,Procedimento speciale davanti al GE (artt. 596-598) + eventuale opposizione giudiziale,False,,ok
kb_98_top9_set12_parte2.json,TOP9_CODICI_FREQUENTI_SET12_PARTE2,GUIDA_DISTRIBUZIONE_E_PIANO_DI_RIPARTO_NELL_ESECUZIONE_IMMOBILIARE_ARTT_596_59_512030,Distribuzione e piano di riparto nell'esecuzione immobiliare (artt. 596-598 c.p.c.),competenza,competenza,competenza,competenza,True,True,True,True,True,,,,GIUDICE DELL'ESECUZIONE,GIUDICE DELL'ESECUZIONE,False,,ok
kb_98_top9_set12_parte2.json,TOP9_CODICI_FREQUENTI_SET12_PARTE2,GUIDA_DISTRIBUZIONE_E_PIANO_DI_RIPARTO_NELL_ESECUZIONE_IMMOBILIARE_ARTT_596_59_512030,Distribuzione e piano di riparto nell'esecuzione immobiliare (artt. 596-598 c.p.c.),uffici_destinatari,uffici_destinatari,uffici_destinatari,uffici_destinatari,True,True,True,True,True,,,,,,False,,ok
kb_98_top9_set12_parte2.json,TOP9_CODICI_FREQUENTI_SET12_PARTE2,GUIDA_DISTRIBUZIONE_E_PIANO_DI_RIPARTO_NELL_ESECUZIONE_IMMOBILIARE_ARTT_596_59_512030,Distribuzione e piano di riparto nell'esecuzione immobiliare (artt. 596-598 c.p.c.),tipologie_di_intervento,tipologie_di_intervento,tipologie_di_intervento,tipologie_di_intervento,False,False,False,True,False,,,,,,False,,ok
kb_98_top9_set12_parte2.json,TOP9_CODICI_FREQUENTI_SET12_PARTE2,GUIDA_DISTRIBUZIONE_E_PIANO_DI_RIPARTO_NELL_ESECUZIONE_IMMOBILIARE_ARTT_596_59_512030,Distribuzione e piano di riparto nell'esecuzione immobiliare (artt. 596-598 c.p.c.),presupposti_sostanziali,presupposti_sostanziali,presupposti_sostanziali,presupposti_sostanziali,False,False,False,True,False,,,,,,False,,ok
kb_98_top9_set12_parte2.json,TOP9_CODICI_FREQUENTI_SET12_PARTE2,GUIDA_DISTRIBUZIONE_E_PIANO_DI_RIPARTO_NELL_ESECUZIONE_IMMOBILIARE_ARTT_596_59_512030,Distribuzione e piano di riparto nell'esecuzione immobiliare (artt. 596-598 c.p.c.),legittimati_attivi,legittimati_attivi,legittimati_attivi,legittimati_attivi,False,False,False,True,False,,,,,,False,,ok
kb_98_top9_set12_parte2.json,TOP9_CODICI_FREQUENTI_SET12_PARTE2,GUIDA_DISTRIBUZIONE_E_PIANO_DI_RIPARTO_NELL_ESECUZIONE_IMMOBILIARE_ARTT_596_59_512030,Distribuzione e piano di riparto nell'esecuzione immobiliare (artt. 596-598 c.p.c.),obbligo_mediazione,obbligo_mediazione,obbligo_mediazione,obbligo_mediazione,True,True,True,True,True,,,,,,False,,ok
kb_98_top9_set12_parte2.json,TOP9_CODICI_FREQUENTI_SET12_PARTE2,GUIDA_DISTRIBUZIONE_E_PIANO_DI_RIPARTO_NELL_ESECUZIONE_IMMOBILIARE_ARTT_596_59_512030,Distribuzione e piano di riparto nell'esecuzione immobiliare (artt. 596-598 c.p.c.),adempimenti_propedeutici,adempimenti_propedeutici,adempimenti_propedeutici,adempimenti_propedeutici,True,True,True,True,True,"1,2,3,4","1,2,3,4",,,,False,,ok
kb_98_top9_set12_parte2.json,TOP9_CODICI_FREQUENTI_SET12_PARTE2,GUIDA_DISTRIBUZIONE_E_PIANO_DI_RIPARTO_NELL_ESECUZIONE_IMMOBILIARE_ARTT_596_59_512030,Distribuzione e piano di riparto nell'esecuzione immobiliare (artt. 596-598 c.p.c.),richiesta_provvedimenti_urgenti,richiesta_provvedimenti_urgenti,richiesta_provvedimenti_urgenti,richiesta_provvedimenti_urgenti,False,False,False,True,False,,,,,,False,,ok
kb_98_top9_set12_parte2.json,TOP9_CODICI_FREQUENTI_SET12_PARTE2,GUIDA_DISTRIBUZIONE_E_PIANO_DI_RIPARTO_NELL_ESECUZIONE_IMMOBILIARE_ARTT_596_59_512030,Distribuzione e piano di riparto nell'esecuzione immobiliare (artt. 596-598 c.p.c.),avvertimenti_obbligatori,atto_principale.avvertimenti_obbligatori,atto_principale.avvertimenti_obbligatori,atto_principale.avvertimenti_obbligatori,True,True,True,True,True,,,,,,False,,ok
kb_98_top9_set12_parte2.json,TOP9_CODICI_FREQUENTI_SET12_PARTE2,GUIDA_DISTRIBUZIONE_E_PIANO_DI_RIPARTO_NELL_ESECUZIONE_IMMOBILIARE_ARTT_596_59_512030,Distribuzione e piano di riparto nell'esecuzione immobiliare (artt. 596-598 c.p.c.),allegati_obbligatori,allegati_obbligatori,allegati_obbligatori,allegati_obbligatori,True,True,True,True,True,,,,,,False,,ok
kb_98_top9_set12_parte2.json,TOP9_CODICI_FREQUENTI_SET12_PARTE2,GUIDA_DISTRIBUZIONE_E_PIANO_DI_RIPARTO_NELL_ESECUZIONE_IMMOBILIARE_ARTT_596_59_512030,Distribuzione e piano di riparto nell'esecuzione immobiliare (artt. 596-598 c.p.c.),termini_processuali,termini_processuali,termini_processuali,termini_processuali,True,True,True,True,True,,,,,,False,,ok
kb_98_top9_set12_parte2.json,TOP9_CODICI_FREQUENTI_SET12_PARTE2,GUIDA_DISTRIBUZIONE_E_PIANO_DI_RIPARTO_NELL_ESECUZIONE_IMMOBILIARE_ARTT_596_59_512030,Distribuzione e piano di riparto nell'esecuzione immobiliare (artt. 596-598 c.p.c.),esiti_processuali_tipici,esiti_processuali_tipici,esiti_processuali_tipici,esiti_processuali_tipici,True,True,True,True,True,,,,,,False,,ok
kb_98_top9_set12_parte2.json,TOP9_CODICI_FREQUENTI_SET12_PARTE2,GUIDA_DISTRIBUZIONE_E_PIANO_DI_RIPARTO_NELL_ESECUZIONE_IMMOBILIARE_ARTT_596_59_512030,Distribuzione e piano di riparto nell'esecuzione immobiliare (artt. 596-598 c.p.c.),normativa,normativa,normativa,normativa,True,True,True,True,True,,,,,,False,,ok
kb_98_top9_set12_parte2.json,TOP9_CODICI_FREQUENTI_SET12_PARTE2,GUIDA_DISTRIBUZIONE_E_PIANO_DI_RIPARTO_NELL_ESECUZIONE_IMMOBILIARE_ARTT_596_59_512030,Distribuzione e piano di riparto nell'esecuzione immobiliare (artt. 596-598 c.p.c.),atto_principale,atto_principale,atto_principale,atto_principale,True,True,True,True,True,,,,,,False,,ok
kb_98_top9_set12_parte2.json,TOP9_CODICI_FREQUENTI_SET12_PARTE2,GUIDA_DISTRIBUZIONE_E_PIANO_DI_RIPARTO_NELL_ESECUZIONE_IMMOBILIARE_ARTT_596_59_512030,Distribuzione e piano di riparto nell'esecuzione immobiliare (artt. 596-598 c.p.c.),fonti_verifica_web,fonti_verifica_web,fonti_verifica_web,fonti_verifica_web,True,True,True,True,True,,,,,,False,,ok
kb_98_top9_set12_parte2.json,TOP9_CODICI_FREQUENTI_SET12_PARTE2,GUIDA_DISTRIBUZIONE_E_PIANO_DI_RIPARTO_NELL_ESECUZIONE_IMMOBILIARE_ARTT_596_59_512030,Distribuzione e piano di riparto nell'esecuzione immobiliare (artt. 596-598 c.p.c.),presidi_operativi_integrativi,presidi_operativi_integrativi,presidi_operativi_integrativi,presidi_operativi_integrativi,False,False,True,True,True,,,,,,False,,ok
kb_98_top9_set12_parte2.json,TOP9_CODICI_FREQUENTI_SET12_PARTE2,GUIDA_DISTRIBUZIONE_E_PIANO_DI_RIPARTO_NELL_ESECUZIONE_IMMOBILIARE_ARTT_596_59_512030,Distribuzione e piano di riparto nell'esecuzione immobiliare (artt. 596-598 c.p.c.),specialistica:ordine_di_distribuzione,ordine_di_distribuzione,ordine_di_distribuzione,ordine_di_distribuzione,True,True,True,True,True,,,,,,False,,ok
kb_98_top9_set12_parte2.json,TOP9_CODICI_FREQUENTI_SET12_PARTE2,GUIDA_DISTRIBUZIONE_E_PIANO_DI_RIPARTO_NELL_ESECUZIONE_IMMOBILIARE_ARTT_596_59_512030,Distribuzione e piano di riparto nell'esecuzione immobiliare (artt. 596-598 c.p.c.),specialistica:contestazioni_tipiche_sul_piano,contestazioni_tipiche_sul_piano,contestazioni_tipiche_sul_piano,contestazioni_tipiche_sul_piano,True,True,True,True,True,,,,,,False,,ok
kb_98_top9_set14_parte1.json,TOP9_CODICI_FREQUENTI_SET14_PARTE1,GUIDA_CONTRATTO_D_OPERA_INTELLETTUALE_RESPONSABILIT_PROFESSIONALE_ARTT_2229_22_143020,Contratto d'opera intellettuale - responsabilità professionale (artt. 2229-2238 c.c.),denominazione,denominazione,denominazione,denominazione,True,True,True,True,True,,,,Contratto d'opera intellettuale - responsabilità professionale (artt. 2229-2238 c.c.),Contratto d'opera intellettuale - responsabilità professionale (artt. 2229-2238 c.c.),False,,ok
kb_98_top9_set14_parte1.json,TOP9_CODICI_FREQUENTI_SET14_PARTE1,GUIDA_CONTRATTO_D_OPERA_INTELLETTUALE_RESPONSABILIT_PROFESSIONALE_ARTT_2229_22_143020,Contratto d'opera intellettuale - responsabilità professionale (artt. 2229-2238 c.c.),categoria,categoria,categoria,categoria,True,True,True,True,True,,,,Contratti - professioni intellettuali,Contratti - professioni intellettuali,False,,ok
kb_98_top9_set14_parte1.json,TOP9_CODICI_FREQUENTI_SET14_PARTE1,GUIDA_CONTRATTO_D_OPERA_INTELLETTUALE_RESPONSABILIT_PROFESSIONALE_ARTT_2229_22_143020,Contratto d'opera intellettuale - responsabilità professionale (artt. 2229-2238 c.c.),sottocategoria,sottocategoria,sottocategoria,sottocategoria,True,True,True,True,True,,,,"Azione del cliente per inadempimento/negligenza del professionista intellettuale (avvocato, medico in studio privato, ingegnere, commercialista, ecc.)","Azione del cliente per inadempimento/negligenza del professionista intellettuale (avvocato, medico in studio privato, ingegnere, commercialista, ecc.)",False,,ok
kb_98_top9_set14_parte1.json,TOP9_CODICI_FREQUENTI_SET14_PARTE1,GUIDA_CONTRATTO_D_OPERA_INTELLETTUALE_RESPONSABILIT_PROFESSIONALE_ARTT_2229_22_143020,Contratto d'opera intellettuale - responsabilità professionale (artt. 2229-2238 c.c.),rito,rito,rito,rito,True,True,True,True,True,,,,Rito ordinario di cognizione,Rito ordinario di cognizione,False,,ok
kb_98_top9_set14_parte1.json,TOP9_CODICI_FREQUENTI_SET14_PARTE1,GUIDA_CONTRATTO_D_OPERA_INTELLETTUALE_RESPONSABILIT_PROFESSIONALE_ARTT_2229_22_143020,Contratto d'opera intellettuale - responsabilità professionale (artt. 2229-2238 c.c.),competenza,competenza,competenza,competenza,True,True,True,True,True,,,,Tribunale - foro residenza convenuto o luogo esecuzione (art. 20 c.p.c.); per avvocati: foro cliente se consumatore,Tribunale - foro residenza convenuto o luogo esecuzione (art. 20 c.p.c.); per avvocati: foro cliente se consumatore,False,,ok
kb_98_top9_set14_parte1.json,TOP9_CODICI_FREQUENTI_SET14_PARTE1,GUIDA_CONTRATTO_D_OPERA_INTELLETTUALE_RESPONSABILIT_PROFESSIONALE_ARTT_2229_22_143020,Contratto d'opera intellettuale - responsabilità professionale (artt. 2229-2238 c.c.),uffici_destinatari,uffici_destinatari,uffici_destinatari,uffici_destinatari,True,True,True,True,True,,,,,,False,,ok
kb_98_top9_set14_parte1.json,TOP9_CODICI_FREQUENTI_SET14_PARTE1,GUIDA_CONTRATTO_D_OPERA_INTELLETTUALE_RESPONSABILIT_PROFESSIONALE_ARTT_2229_22_143020,Contratto d'opera intellettuale - responsabilità professionale (artt. 2229-2238 c.c.),tipologie_di_intervento,tipologie_di_intervento,tipologie_di_intervento,tipologie_di_intervento,False,False,False,True,False,,,,,,False,,ok
kb_98_top9_set14_parte1.json,TOP9_CODICI_FREQUENTI_SET14_PARTE1,GUIDA_CONTRATTO_D_OPERA_INTELLETTUALE_RESPONSABILIT_PROFESSIONALE_ARTT_2229_22_143020,Contratto d'opera intellettuale - responsabilità professionale (artt. 2229-2238 c.c.),presupposti_sostanziali,presupposti_sostanziali,presupposti_sostanziali,presupposti_sostanziali,True,True,True,True,True,,,,,,False,,ok
kb_98_top9_set14_parte1.json,TOP9_CODICI_FREQUENTI_SET14_PARTE1,GUIDA_CONTRATTO_D_OPERA_INTELLETTUALE_RESPONSABILIT_PROFESSIONALE_ARTT_2229_22_143020,Contratto d'opera intellettuale - responsabilità professionale (artt. 2229-2238 c.c.),legittimati_attivi,legittimati_attivi,legittimati_attivi,legittimati_attivi,False,False,False,True,False,,,,,,False,,ok
kb_98_top9_set14_parte1.json,TOP9_CODICI_FREQUENTI_SET14_PARTE1,GUIDA_CONTRATTO_D_OPERA_INTELLETTUALE_RESPONSABILIT_PROFESSIONALE_ARTT_2229_22_143020,Contratto d'opera intellettuale - responsabilità professionale (artt. 2229-2238 c.c.),obbligo_mediazione,obbligo_mediazione,obbligo_mediazione,obbligo_mediazione,True,True,True,True,True,,,,,,False,,ok
kb_98_top9_set14_parte1.json,TOP9_CODICI_FREQUENTI_SET14_PARTE1,GUIDA_CONTRATTO_D_OPERA_INTELLETTUALE_RESPONSABILIT_PROFESSIONALE_ARTT_2229_22_143020,Contratto d'opera intellettuale - responsabilità professionale (artt. 2229-2238 c.c.),adempimenti_propedeutici,adempimenti_propedeutici,adempimenti_propedeutici,adempimenti_propedeutici,True,True,True,True,True,"1,2,3,4","1,2,3,4",,,,False,,ok
kb_98_top9_set14_parte1.json,TOP9_CODICI_FREQUENTI_SET14_PARTE1,GUIDA_CONTRATTO_D_OPERA_INTELLETTUALE_RESPONSABILIT_PROFESSIONALE_ARTT_2229_22_143020,Contratto d'opera intellettuale - responsabilità professionale (artt. 2229-2238 c.c.),richiesta_provvedimenti_urgenti,richiesta_provvedimenti_urgenti,richiesta_provvedimenti_urgenti,richiesta_provvedimenti_urgenti,False,False,False,True,False,,,,,,False,,ok
kb_98_top9_set14_parte1.json,TOP9_CODICI_FREQUENTI_SET14_PARTE1,GUIDA_CONTRATTO_D_OPERA_INTELLETTUALE_RESPONSABILIT_PROFESSIONALE_ARTT_2229_22_143020,Contratto d'opera intellettuale - responsabilità professionale (artt. 2229-2238 c.c.),avvertimenti_obbligatori,atto_principale.avvertimenti_obbligatori,atto_principale.avvertimenti_obbligatori,atto_principale.avvertimenti_obbligatori,True,True,True,True,True,,,,,,False,,ok
kb_98_top9_set14_parte1.json,TOP9_CODICI_FREQUENTI_SET14_PARTE1,GUIDA_CONTRATTO_D_OPERA_INTELLETTUALE_RESPONSABILIT_PROFESSIONALE_ARTT_2229_22_143020,Contratto d'opera intellettuale - responsabilità professionale (artt. 2229-2238 c.c.),allegati_obbligatori,allegati_obbligatori,allegati_obbligatori,allegati_obbligatori,True,True,True,True,True,,,,,,False,,ok
kb_98_top9_set14_parte1.json,TOP9_CODICI_FREQUENTI_SET14_PARTE1,GUIDA_CONTRATTO_D_OPERA_INTELLETTUALE_RESPONSABILIT_PROFESSIONALE_ARTT_2229_22_143020,Contratto d'opera intellettuale - responsabilità professionale (artt. 2229-2238 c.c.),termini_processuali,termini_processuali,termini_processuali,termini_processuali,True,True,True,True,True,,,,,,False,,ok
kb_98_top9_set14_parte1.json,TOP9_CODICI_FREQUENTI_SET14_PARTE1,GUIDA_CONTRATTO_D_OPERA_INTELLETTUALE_RESPONSABILIT_PROFESSIONALE_ARTT_2229_22_143020,Contratto d'opera intellettuale - responsabilità professionale (artt. 2229-2238 c.c.),esiti_processuali_tipici,esiti_processuali_tipici,esiti_processuali_tipici,esiti_processuali_tipici,True,True,True,True,True,,,,,,False,,ok
kb_98_top9_set14_parte1.json,TOP9_CODICI_FREQUENTI_SET14_PARTE1,GUIDA_CONTRATTO_D_OPERA_INTELLETTUALE_RESPONSABILIT_PROFESSIONALE_ARTT_2229_22_143020,Contratto d'opera intellettuale - responsabilità professionale (artt. 2229-2238 c.c.),normativa,normativa,normativa,normativa,True,True,True,True,True,,,,,,False,,ok
kb_98_top9_set14_parte1.json,TOP9_CODICI_FREQUENTI_SET14_PARTE1,GUIDA_CONTRATTO_D_OPERA_INTELLETTUALE_RESPONSABILIT_PROFESSIONALE_ARTT_2229_22_143020,Contratto d'opera intellettuale - responsabilità professionale (artt. 2229-2238 c.c.),atto_principale,atto_principale,atto_principale,atto_principale,True,True,True,True,True,,,,,,False,,ok
kb_98_top9_set14_parte1.json,TOP9_CODICI_FREQUENTI_SET14_PARTE1,GUIDA_CONTRATTO_D_OPERA_INTELLETTUALE_RESPONSABILIT_PROFESSIONALE_ARTT_2229_22_143020,Contratto d'opera intellettuale - responsabilità professionale (artt. 2229-2238 c.c.),fonti_verifica_web,fonti_verifica_web,fonti_verifica_web,fonti_verifica_web,True,True,True,True,True,,,,,,False,,ok
kb_98_top9_set14_parte1.json,TOP9_CODICI_FREQUENTI_SET14_PARTE1,GUIDA_CONTRATTO_D_OPERA_INTELLETTUALE_RESPONSABILIT_PROFESSIONALE_ARTT_2229_22_143020,Contratto d'opera intellettuale - responsabilità professionale (artt. 2229-2238 c.c.),presidi_operativi_integrativi,presidi_operativi_integrativi,presidi_operativi_integrativi,presidi_operativi_integrativi,False,False,True,True,True,,,,,,False,,ok
kb_98_top9_set14_parte1.json,TOP9_CODICI_FREQUENTI_SET14_PARTE1,GUIDA_CONTRATTO_D_OPERA_INTELLETTUALE_RESPONSABILIT_PROFESSIONALE_ARTT_2229_22_143020,Contratto d'opera intellettuale - responsabilità professionale (artt. 2229-2238 c.c.),specialistica:distinzione_obbligazione_mezzi_vs_risultato,distinzione_obbligazione_mezzi_vs_risultato,distinzione_obbligazione_mezzi_vs_risultato,distinzione_obbligazione_mezzi_vs_risultato,True,True,True,True,True,,,,,,False,,ok
kb_98_top9_set14_parte1.json,TOP9_CODICI_FREQUENTI_SET14_PARTE1,GUIDA_CONTRATTO_D_OPERA_INTELLETTUALE_RESPONSABILIT_PROFESSIONALE_ARTT_2229_22_143020,Contratto d'opera intellettuale - responsabilità professionale (artt. 2229-2238 c.c.),specialistica:art_2236_colpa_grave_per_difficolta_speciale,art_2236_colpa_grave_per_difficolta_speciale,art_2236_colpa_grave_per_difficolta_speciale,art_2236_colpa_grave_per_difficolta_speciale,True,True,True,True,True,,,,,,False,,ok
kb_98_top9_set14_parte1.json,TOP9_CODICI_FREQUENTI_SET14_PARTE1,GUIDA_CONTRATTO_D_OPERA_INTELLETTUALE_RESPONSABILIT_PROFESSIONALE_ARTT_2229_22_143020,Contratto d'opera intellettuale - responsabilità professionale (artt. 2229-2238 c.c.),specialistica:responsabilita_avvocato_tipica,responsabilita_avvocato_tipica,responsabilita_avvocato_tipica,responsabilita_avvocato_tipica,True,True,True,True,True,,,,,,False,,ok
kb_98_top9_set14_parte1.json,TOP9_CODICI_FREQUENTI_SET14_PARTE1,GUIDA_LAVORO_A_TERMINE_ILLEGITTIMO_CONVERSIONE_A_TEMPO_INDETERMINATO_D_LGS_81__220080,Lavoro a termine illegittimo - conversione a tempo indeterminato (D.Lgs. 81/2015 artt. 19-29),denominazione,denominazione,denominazione,denominazione,True,True,True,True,True,,,,Lavoro a termine illegittimo - conversione a tempo indeterminato (D.Lgs. 81/2015 artt. 19-29),Lavoro a termine illegittimo - conversione a tempo indeterminato (D.Lgs. 81/2015 artt. 19-29),False,,ok
kb_98_top9_set14_parte1.json,TOP9_CODICI_FREQUENTI_SET14_PARTE1,GUIDA_LAVORO_A_TERMINE_ILLEGITTIMO_CONVERSIONE_A_TEMPO_INDETERMINATO_D_LGS_81__220080,Lavoro a termine illegittimo - conversione a tempo indeterminato (D.Lgs. 81/2015 artt. 19-29),categoria,categoria,categoria,categoria,True,True,True,True,True,,,,Lavoro - tipologie contrattuali,Lavoro - tipologie contrattuali,False,,ok
kb_98_top9_set14_parte1.json,TOP9_CODICI_FREQUENTI_SET14_PARTE1,GUIDA_LAVORO_A_TERMINE_ILLEGITTIMO_CONVERSIONE_A_TEMPO_INDETERMINATO_D_LGS_81__220080,Lavoro a termine illegittimo - conversione a tempo indeterminato (D.Lgs. 81/2015 artt. 19-29),sottocategoria,sottocategoria,sottocategoria,sottocategoria,True,True,True,True,True,,,,Azione del lavoratore per accertamento illegittimità del contratto a termine e conversione a tempo indeterminato,Azione del lavoratore per accertamento illegittimità del contratto a termine e conversione a tempo indeterminato,False,,ok
kb_98_top9_set14_parte1.json,TOP9_CODICI_FREQUENTI_SET14_PARTE1,GUIDA_LAVORO_A_TERMINE_ILLEGITTIMO_CONVERSIONE_A_TEMPO_INDETERMINATO_D_LGS_81__220080,Lavoro a termine illegittimo - conversione a tempo indeterminato (D.Lgs. 81/2015 artt. 19-29),rito,rito,rito,rito,True,True,True,True,True,,,,Rito del lavoro ex artt. 409 e ss. c.p.c.,Rito del lavoro ex artt. 409 e ss. c.p.c.,False,,ok
kb_98_top9_set14_parte1.json,TOP9_CODICI_FREQUENTI_SET14_PARTE1,GUIDA_LAVORO_A_TERMINE_ILLEGITTIMO_CONVERSIONE_A_TEMPO_INDETERMINATO_D_LGS_81__220080,Lavoro a termine illegittimo - conversione a tempo indeterminato (D.Lgs. 81/2015 artt. 19-29),competenza,competenza,competenza,competenza,True,True,True,True,True,,,,Tribunale del lavoro - foro della sede di lavoro (art. 413 c.p.c.),Tribunale del lavoro - foro della sede di lavoro (art. 413 c.p.c.),False,,ok
kb_98_top9_set14_parte1.json,TOP9_CODICI_FREQUENTI_SET14_PARTE1,GUIDA_LAVORO_A_TERMINE_ILLEGITTIMO_CONVERSIONE_A_TEMPO_INDETERMINATO_D_LGS_81__220080,Lavoro a termine illegittimo - conversione a tempo indeterminato (D.Lgs. 81/2015 artt. 19-29),uffici_destinatari,uffici_destinatari,uffici_destinatari,uffici_destinatari,True,True,True,True,True,,,,,,False,,ok
kb_98_top9_set14_parte1.json,TOP9_CODICI_FREQUENTI_SET14_PARTE1,GUIDA_LAVORO_A_TERMINE_ILLEGITTIMO_CONVERSIONE_A_TEMPO_INDETERMINATO_D_LGS_81__220080,Lavoro a termine illegittimo - conversione a tempo indeterminato (D.Lgs. 81/2015 artt. 19-29),tipologie_di_intervento,tipologie_di_intervento,tipologie_di_intervento,tipologie_di_intervento,False,False,False,True,False,,,,,,False,,ok
kb_98_top9_set14_parte1.json,TOP9_CODICI_FREQUENTI_SET14_PARTE1,GUIDA_LAVORO_A_TERMINE_ILLEGITTIMO_CONVERSIONE_A_TEMPO_INDETERMINATO_D_LGS_81__220080,Lavoro a termine illegittimo - conversione a tempo indeterminato (D.Lgs. 81/2015 artt. 19-29),presupposti_sostanziali,presupposti_sostanziali,presupposti_sostanziali,presupposti_sostanziali,False,False,False,True,False,,,,,,False,,ok
kb_98_top9_set14_parte1.json,TOP9_CODICI_FREQUENTI_SET14_PARTE1,GUIDA_LAVORO_A_TERMINE_ILLEGITTIMO_CONVERSIONE_A_TEMPO_INDETERMINATO_D_LGS_81__220080,Lavoro a termine illegittimo - conversione a tempo indeterminato (D.Lgs. 81/2015 artt. 19-29),legittimati_attivi,legittimati_attivi,legittimati_attivi,legittimati_attivi,False,False,False,True,False,,,,,,False,,ok
kb_98_top9_set14_parte1.json,TOP9_CODICI_FREQUENTI_SET14_PARTE1,GUIDA_LAVORO_A_TERMINE_ILLEGITTIMO_CONVERSIONE_A_TEMPO_INDETERMINATO_D_LGS_81__220080,Lavoro a termine illegittimo - conversione a tempo indeterminato (D.Lgs. 81/2015 artt. 19-29),obbligo_mediazione,obbligo_mediazione,obbligo_mediazione,obbligo_mediazione,True,True,True,True,True,,,,,,False,,ok
kb_98_top9_set14_parte1.json,TOP9_CODICI_FREQUENTI_SET14_PARTE1,GUIDA_LAVORO_A_TERMINE_ILLEGITTIMO_CONVERSIONE_A_TEMPO_INDETERMINATO_D_LGS_81__220080,Lavoro a termine illegittimo - conversione a tempo indeterminato (D.Lgs. 81/2015 artt. 19-29),adempimenti_propedeutici,adempimenti_propedeutici,adempimenti_propedeutici,adempimenti_propedeutici,True,True,True,True,True,"1,2,3,4,5","1,2,3,4,5",,,,False,,ok
kb_98_top9_set14_parte1.json,TOP9_CODICI_FREQUENTI_SET14_PARTE1,GUIDA_LAVORO_A_TERMINE_ILLEGITTIMO_CONVERSIONE_A_TEMPO_INDETERMINATO_D_LGS_81__220080,Lavoro a termine illegittimo - conversione a tempo indeterminato (D.Lgs. 81/2015 artt. 19-29),richiesta_provvedimenti_urgenti,richiesta_provvedimenti_urgenti,richiesta_provvedimenti_urgenti,richiesta_provvedimenti_urgenti,False,False,False,True,False,,,,,,False,,ok
kb_98_top9_set14_parte1.json,TOP9_CODICI_FREQUENTI_SET14_PARTE1,GUIDA_LAVORO_A_TERMINE_ILLEGITTIMO_CONVERSIONE_A_TEMPO_INDETERMINATO_D_LGS_81__220080,Lavoro a termine illegittimo - conversione a tempo indeterminato (D.Lgs. 81/2015 artt. 19-29),avvertimenti_obbligatori,atto_principale.avvertimenti_obbligatori,atto_principale.avvertimenti_obbligatori,atto_principale.avvertimenti_obbligatori,True,True,True,True,True,,,,,,False,,ok
kb_98_top9_set14_parte1.json,TOP9_CODICI_FREQUENTI_SET14_PARTE1,GUIDA_LAVORO_A_TERMINE_ILLEGITTIMO_CONVERSIONE_A_TEMPO_INDETERMINATO_D_LGS_81__220080,Lavoro a termine illegittimo - conversione a tempo indeterminato (D.Lgs. 81/2015 artt. 19-29),allegati_obbligatori,allegati_obbligatori,allegati_obbligatori,allegati_obbligatori,True,True,True,True,True,,,,,,False,,ok
kb_98_top9_set14_parte1.json,TOP9_CODICI_FREQUENTI_SET14_PARTE1,GUIDA_LAVORO_A_TERMINE_ILLEGITTIMO_CONVERSIONE_A_TEMPO_INDETERMINATO_D_LGS_81__220080,Lavoro a termine illegittimo - conversione a tempo indeterminato (D.Lgs. 81/2015 artt. 19-29),termini_processuali,termini_processuali,termini_processuali,termini_processuali,True,True,True,True,True,,,,,,False,,ok
kb_98_top9_set14_parte1.json,TOP9_CODICI_FREQUENTI_SET14_PARTE1,GUIDA_LAVORO_A_TERMINE_ILLEGITTIMO_CONVERSIONE_A_TEMPO_INDETERMINATO_D_LGS_81__220080,Lavoro a termine illegittimo - conversione a tempo indeterminato (D.Lgs. 81/2015 artt. 19-29),esiti_processuali_tipici,esiti_processuali_tipici,esiti_processuali_tipici,esiti_processuali_tipici,True,True,True,True,True,,,,,,False,,ok
kb_98_top9_set14_parte1.json,TOP9_CODICI_FREQUENTI_SET14_PARTE1,GUIDA_LAVORO_A_TERMINE_ILLEGITTIMO_CONVERSIONE_A_TEMPO_INDETERMINATO_D_LGS_81__220080,Lavoro a termine illegittimo - conversione a tempo indeterminato (D.Lgs. 81/2015 artt. 19-29),normativa,normativa,normativa,normativa,True,True,True,True,True,,,,,,False,,ok
kb_98_top9_set14_parte1.json,TOP9_CODICI_FREQUENTI_SET14_PARTE1,GUIDA_LAVORO_A_TERMINE_ILLEGITTIMO_CONVERSIONE_A_TEMPO_INDETERMINATO_D_LGS_81__220080,Lavoro a termine illegittimo - conversione a tempo indeterminato (D.Lgs. 81/2015 artt. 19-29),atto_principale,atto_principale,atto_principale,atto_principale,True,True,True,True,True,,,,,,False,,ok
kb_98_top9_set14_parte1.json,TOP9_CODICI_FREQUENTI_SET14_PARTE1,GUIDA_LAVORO_A_TERMINE_ILLEGITTIMO_CONVERSIONE_A_TEMPO_INDETERMINATO_D_LGS_81__220080,Lavoro a termine illegittimo - conversione a tempo indeterminato (D.Lgs. 81/2015 artt. 19-29),fonti_verifica_web,fonti_verifica_web,fonti_verifica_web,fonti_verifica_web,True,True,True,True,True,,,,,,False,,ok
kb_98_top9_set14_parte1.json,TOP9_CODICI_FREQUENTI_SET14_PARTE1,GUIDA_LAVORO_A_TERMINE_ILLEGITTIMO_CONVERSIONE_A_TEMPO_INDETERMINATO_D_LGS_81__220080,Lavoro a termine illegittimo - conversione a tempo indeterminato (D.Lgs. 81/2015 artt. 19-29),presidi_operativi_integrativi,presidi_operativi_integrativi,presidi_operativi_integrativi,presidi_operativi_integrativi,False,False,True,True,True,,,,,,False,,ok
kb_98_top9_set14_parte1.json,TOP9_CODICI_FREQUENTI_SET14_PARTE1,GUIDA_LAVORO_A_TERMINE_ILLEGITTIMO_CONVERSIONE_A_TEMPO_INDETERMINATO_D_LGS_81__220080,Lavoro a termine illegittimo - conversione a tempo indeterminato (D.Lgs. 81/2015 artt. 19-29),specialistica:evoluzione_normativa_critica,evoluzione_normativa_critica,evoluzione_normativa_critica,evoluzione_normativa_critica,True,True,True,True,True,,,,,,False,,ok
kb_98_top9_set14_parte1.json,TOP9_CODICI_FREQUENTI_SET14_PARTE1,GUIDA_LAVORO_A_TERMINE_ILLEGITTIMO_CONVERSIONE_A_TEMPO_INDETERMINATO_D_LGS_81__220080,Lavoro a termine illegittimo - conversione a tempo indeterminato (D.Lgs. 81/2015 artt. 19-29),specialistica:cause_di_illegittimita_del_termine,cause_di_illegittimita_del_termine,cause_di_illegittimita_del_termine,cause_di_illegittimita_del_termine,True,True,True,True,True,,,,,,False,,ok
kb_98_top9_set14_parte1.json,TOP9_CODICI_FREQUENTI_SET14_PARTE1,GUIDA_LAVORO_A_TERMINE_ILLEGITTIMO_CONVERSIONE_A_TEMPO_INDETERMINATO_D_LGS_81__220080,Lavoro a termine illegittimo - conversione a tempo indeterminato (D.Lgs. 81/2015 artt. 19-29),specialistica:conseguenze_della_nullita_del_termine_art_28,conseguenze_della_nullita_del_termine_art_28,conseguenze_della_nullita_del_termine_art_28,conseguenze_della_nullita_del_termine_art_28,True,True,True,True,True,,,,,,False,,ok
kb_98_top9_set14_parte1.json,TOP9_CODICI_FREQUENTI_SET14_PARTE1,132001,Azione di rivendicazione della proprietà (rei vindicatio - art. 948 c.c.),denominazione,denominazione,denominazione,denominazione,True,True,True,True,True,,,,Azione di rivendicazione della proprietà (rei vindicatio - art. 948 c.c.),Azione di rivendicazione della proprietà (rei vindicatio - art. 948 c.c.),False,,ok
kb_98_top9_set14_parte1.json,TOP9_CODICI_FREQUENTI_SET14_PARTE1,132001,Azione di rivendicazione della proprietà (rei vindicatio - art. 948 c.c.),categoria,categoria,categoria,categoria,True,True,True,True,True,,,,Diritti reali - tutela petitoria della proprietà,Diritti reali - tutela petitoria della proprietà,False,,ok
kb_98_top9_set14_parte1.json,TOP9_CODICI_FREQUENTI_SET14_PARTE1,132001,Azione di rivendicazione della proprietà (rei vindicatio - art. 948 c.c.),sottocategoria,sottocategoria,sottocategoria,sottocategoria,True,True,True,True,True,,,,Azione petitoria del proprietario che non possiede contro il possessore/detentore che non è proprietario,Azione petitoria del proprietario che non possiede contro il possessore/detentore che non è proprietario,False,,ok
kb_98_top9_set14_parte1.json,TOP9_CODICI_FREQUENTI_SET14_PARTE1,132001,Azione di rivendicazione della proprietà (rei vindicatio - art. 948 c.c.),rito,rito,rito,rito,True,True,True,True,True,,,,Rito ordinario di cognizione preceduto da MEDIAZIONE OBBLIGATORIA (diritti reali),Rito ordinario di cognizione preceduto da MEDIAZIONE OBBLIGATORIA (diritti reali),False,,ok
kb_98_top9_set14_parte1.json,TOP9_CODICI_FREQUENTI_SET14_PARTE1,132001,Azione di rivendicazione della proprietà (rei vindicatio - art. 948 c.c.),competenza,competenza,competenza,competenza,True,True,True,True,True,,,,Tribunale del luogo dell'immobile (art. 21 c.p.c.) - foro esclusivo per immobili,Tribunale del luogo dell'immobile (art. 21 c.p.c.) - foro esclusivo per immobili,False,,ok
kb_98_top9_set14_parte1.json,TOP9_CODICI_FREQUENTI_SET14_PARTE1,132001,Azione di rivendicazione della proprietà (rei vindicatio - art. 948 c.c.),uffici_destinatari,uffici_destinatari,uffici_destinatari,uffici_destinatari,True,True,True,True,True,,,,,,False,,ok
kb_98_top9_set14_parte1.json,TOP9_CODICI_FREQUENTI_SET14_PARTE1,132001,Azione di rivendicazione della proprietà (rei vindicatio - art. 948 c.c.),tipologie_di_intervento,tipologie_di_intervento,tipologie_di_intervento,tipologie_di_intervento,False,True,True,True,True,,,,,,False,,ok
kb_98_top9_set14_parte1.json,TOP9_CODICI_FREQUENTI_SET14_PARTE1,132001,Azione di rivendicazione della proprietà (rei vindicatio - art. 948 c.c.),presupposti_sostanziali,presupposti_sostanziali,presupposti_sostanziali,presupposti_sostanziali,True,True,True,True,True,,,,,,False,,ok
kb_98_top9_set14_parte1.json,TOP9_CODICI_FREQUENTI_SET14_PARTE1,132001,Azione di rivendicazione della proprietà (rei vindicatio - art. 948 c.c.),legittimati_attivi,legittimati_attivi,legittimati_attivi,legittimati_attivi,False,True,True,True,True,,,,,,False,,ok
kb_98_top9_set14_parte1.json,TOP9_CODICI_FREQUENTI_SET14_PARTE1,132001,Azione di rivendicazione della proprietà (rei vindicatio - art. 948 c.c.),obbligo_mediazione,obbligo_mediazione,obbligo_mediazione,obbligo_mediazione,True,True,True,True,True,,,,,,False,,ok
kb_98_top9_set14_parte1.json,TOP9_CODICI_FREQUENTI_SET14_PARTE1,132001,Azione di rivendicazione della proprietà (rei vindicatio - art. 948 c.c.),adempimenti_propedeutici,adempimenti_propedeutici,adempimenti_propedeutici,adempimenti_propedeutici,True,True,True,True,True,"1,2,3","1,2,3,4,5",,,,False,,ok
kb_98_top9_set14_parte1.json,TOP9_CODICI_FREQUENTI_SET14_PARTE1,132001,Azione di rivendicazione della proprietà (rei vindicatio - art. 948 c.c.),richiesta_provvedimenti_urgenti,richiesta_provvedimenti_urgenti,richiesta_provvedimenti_urgenti,richiesta_provvedimenti_urgenti,False,True,True,True,True,,,,,,False,,ok
kb_98_top9_set14_parte1.json,TOP9_CODICI_FREQUENTI_SET14_PARTE1,132001,Azione di rivendicazione della proprietà (rei vindicatio - art. 948 c.c.),avvertimenti_obbligatori,atto_principale.avvertimenti_obbligatori,avvertimenti_obbligatori,avvertimenti_obbligatori,True,True,True,True,True,,,,,,False,,ok
kb_98_top9_set14_parte1.json,TOP9_CODICI_FREQUENTI_SET14_PARTE1,132001,Azione di rivendicazione della proprietà (rei vindicatio - art. 948 c.c.),allegati_obbligatori,allegati_obbligatori,allegati_obbligatori,allegati_obbligatori,True,True,True,True,True,,,,,,False,,ok
kb_98_top9_set14_parte1.json,TOP9_CODICI_FREQUENTI_SET14_PARTE1,132001,Azione di rivendicazione della proprietà (rei vindicatio - art. 948 c.c.),termini_processuali,termini_processuali,termini_processuali,termini_processuali,True,True,True,True,True,,,,,,False,,ok
kb_98_top9_set14_parte1.json,TOP9_CODICI_FREQUENTI_SET14_PARTE1,132001,Azione di rivendicazione della proprietà (rei vindicatio - art. 948 c.c.),esiti_processuali_tipici,esiti_processuali_tipici,esiti_processuali_tipici,esiti_processuali_tipici,True,True,True,True,True,,,,,,False,,ok
kb_98_top9_set14_parte1.json,TOP9_CODICI_FREQUENTI_SET14_PARTE1,132001,Azione di rivendicazione della proprietà (rei vindicatio - art. 948 c.c.),normativa,normativa,normativa,normativa,True,True,True,True,True,,,,,,False,,ok
kb_98_top9_set14_parte1.json,TOP9_CODICI_FREQUENTI_SET14_PARTE1,132001,Azione di rivendicazione della proprietà (rei vindicatio - art. 948 c.c.),atto_principale,atto_principale,atto_principale,atto_principale,True,True,True,True,True,,,,,,False,,ok
kb_98_top9_set14_parte1.json,TOP9_CODICI_FREQUENTI_SET14_PARTE1,132001,Azione di rivendicazione della proprietà (rei vindicatio - art. 948 c.c.),fonti_verifica_web,fonti_verifica_web,fonti_verifica_web,fonti_verifica_web,True,True,True,True,True,,,,,,False,,ok
kb_98_top9_set14_parte1.json,TOP9_CODICI_FREQUENTI_SET14_PARTE1,132001,Azione di rivendicazione della proprietà (rei vindicatio - art. 948 c.c.),presidi_operativi_integrativi,presidi_operativi_integrativi,presidi_operativi_integrativi,presidi_operativi_integrativi,False,False,True,True,True,,,,,,False,,ok
kb_98_top9_set14_parte1.json,TOP9_CODICI_FREQUENTI_SET14_PARTE1,132001,Azione di rivendicazione della proprietà (rei vindicatio - art. 948 c.c.),specialistica:diabolica_probatio,diabolica_probatio,diabolica_probatio,diabolica_probatio,True,True,True,True,True,,,,,,False,,ok
kb_98_top9_set14_parte1.json,TOP9_CODICI_FREQUENTI_SET14_PARTE1,132001,Azione di rivendicazione della proprietà (rei vindicatio - art. 948 c.c.),specialistica:differenza_da_azione_possessoria,differenza_da_azione_possessoria,differenza_da_azione_possessoria,differenza_da_azione_possessoria,True,True,True,True,True,,,,,,False,,ok
kb_98_top9_set14_parte1.json,TOP9_CODICI_FREQUENTI_SET14_PARTE1,GUIDA_TRASFERIMENTO_DI_PARTECIPAZIONI_IN_S_R_L_E_CLAUSOLE_DI_PRELAZIONE_GRADIM_150030,Trasferimento di partecipazioni in S.r.l. e clausole di prelazione/gradimento (art. 2469 c.c.),denominazione,denominazione,denominazione,denominazione,True,True,True,True,True,,,,Trasferimento di partecipazioni in S.r.l. e clausole di prelazione/gradimento (art. 2469 c.c.),Trasferimento di partecipazioni in S.r.l. e clausole di prelazione/gradimento (art. 2469 c.c.),False,,ok
kb_98_top9_set14_parte1.json,TOP9_CODICI_FREQUENTI_SET14_PARTE1,GUIDA_TRASFERIMENTO_DI_PARTECIPAZIONI_IN_S_R_L_E_CLAUSOLE_DI_PRELAZIONE_GRADIM_150030,Trasferimento di partecipazioni in S.r.l. e clausole di prelazione/gradimento (art. 2469 c.c.),categoria,categoria,categoria,categoria,True,True,True,True,True,,,,Diritto societario - S.r.l. - circolazione delle quote,Diritto societario - S.r.l. - circolazione delle quote,False,,ok
kb_98_top9_set14_parte1.json,TOP9_CODICI_FREQUENTI_SET14_PARTE1,GUIDA_TRASFERIMENTO_DI_PARTECIPAZIONI_IN_S_R_L_E_CLAUSOLE_DI_PRELAZIONE_GRADIM_150030,Trasferimento di partecipazioni in S.r.l. e clausole di prelazione/gradimento (art. 2469 c.c.),sottocategoria,sottocategoria,sottocategoria,sottocategoria,True,True,True,True,True,,,,"Controversie sul trasferimento di quote di S.r.l. con clausole limitative statutarie (prelazione, gradimento, intrasferibilità)","Controversie sul trasferimento di quote di S.r.l. con clausole limitative statutarie (prelazione, gradimento, intrasferibilità)",False,,ok
kb_98_top9_set14_parte1.json,TOP9_CODICI_FREQUENTI_SET14_PARTE1,GUIDA_TRASFERIMENTO_DI_PARTECIPAZIONI_IN_S_R_L_E_CLAUSOLE_DI_PRELAZIONE_GRADIM_150030,Trasferimento di partecipazioni in S.r.l. e clausole di prelazione/gradimento (art. 2469 c.c.),rito,rito,rito,rito,True,True,True,True,True,,,,Rito ordinario di cognizione - Tribunale delle Imprese,Rito ordinario di cognizione - Tribunale delle Imprese,False,,ok
kb_98_top9_set14_parte1.json,TOP9_CODICI_FREQUENTI_SET14_PARTE1,GUIDA_TRASFERIMENTO_DI_PARTECIPAZIONI_IN_S_R_L_E_CLAUSOLE_DI_PRELAZIONE_GRADIM_150030,Trasferimento di partecipazioni in S.r.l. e clausole di prelazione/gradimento (art. 2469 c.c.),competenza,competenza,competenza,competenza,True,True,True,True,True,,,,Tribunale delle Imprese - sede della società,Tribunale delle Imprese - sede della società,False,,ok
kb_98_top9_set14_parte1.json,TOP9_CODICI_FREQUENTI_SET14_PARTE1,GUIDA_TRASFERIMENTO_DI_PARTECIPAZIONI_IN_S_R_L_E_CLAUSOLE_DI_PRELAZIONE_GRADIM_150030,Trasferimento di partecipazioni in S.r.l. e clausole di prelazione/gradimento (art. 2469 c.c.),uffici_destinatari,uffici_destinatari,uffici_destinatari,uffici_destinatari,True,True,True,True,True,,,,,,False,,ok
kb_98_top9_set14_parte1.json,TOP9_CODICI_FREQUENTI_SET14_PARTE1,GUIDA_TRASFERIMENTO_DI_PARTECIPAZIONI_IN_S_R_L_E_CLAUSOLE_DI_PRELAZIONE_GRADIM_150030,Trasferimento di partecipazioni in S.r.l. e clausole di prelazione/gradimento (art. 2469 c.c.),tipologie_di_intervento,tipologie_di_intervento,tipologie_di_intervento,tipologie_di_intervento,False,False,False,True,False,,,,,,False,,ok
kb_98_top9_set14_parte1.json,TOP9_CODICI_FREQUENTI_SET14_PARTE1,GUIDA_TRASFERIMENTO_DI_PARTECIPAZIONI_IN_S_R_L_E_CLAUSOLE_DI_PRELAZIONE_GRADIM_150030,Trasferimento di partecipazioni in S.r.l. e clausole di prelazione/gradimento (art. 2469 c.c.),presupposti_sostanziali,presupposti_sostanziali,presupposti_sostanziali,presupposti_sostanziali,True,True,True,True,True,,,,,,False,,ok
kb_98_top9_set14_parte1.json,TOP9_CODICI_FREQUENTI_SET14_PARTE1,GUIDA_TRASFERIMENTO_DI_PARTECIPAZIONI_IN_S_R_L_E_CLAUSOLE_DI_PRELAZIONE_GRADIM_150030,Trasferimento di partecipazioni in S.r.l. e clausole di prelazione/gradimento (art. 2469 c.c.),legittimati_attivi,legittimati_attivi,legittimati_attivi,legittimati_attivi,False,False,False,True,False,,,,,,False,,ok
kb_98_top9_set14_parte1.json,TOP9_CODICI_FREQUENTI_SET14_PARTE1,GUIDA_TRASFERIMENTO_DI_PARTECIPAZIONI_IN_S_R_L_E_CLAUSOLE_DI_PRELAZIONE_GRADIM_150030,Trasferimento di partecipazioni in S.r.l. e clausole di prelazione/gradimento (art. 2469 c.c.),obbligo_mediazione,obbligo_mediazione,obbligo_mediazione,obbligo_mediazione,True,True,True,True,True,,,,,,False,,ok
kb_98_top9_set14_parte1.json,TOP9_CODICI_FREQUENTI_SET14_PARTE1,GUIDA_TRASFERIMENTO_DI_PARTECIPAZIONI_IN_S_R_L_E_CLAUSOLE_DI_PRELAZIONE_GRADIM_150030,Trasferimento di partecipazioni in S.r.l. e clausole di prelazione/gradimento (art. 2469 c.c.),adempimenti_propedeutici,adempimenti_propedeutici,adempimenti_propedeutici,adempimenti_propedeutici,True,True,True,True,True,"1,2,3,4","1,2,3,4",,,,False,,ok
kb_98_top9_set14_parte1.json,TOP9_CODICI_FREQUENTI_SET14_PARTE1,GUIDA_TRASFERIMENTO_DI_PARTECIPAZIONI_IN_S_R_L_E_CLAUSOLE_DI_PRELAZIONE_GRADIM_150030,Trasferimento di partecipazioni in S.r.l. e clausole di prelazione/gradimento (art. 2469 c.c.),richiesta_provvedimenti_urgenti,richiesta_provvedimenti_urgenti,richiesta_provvedimenti_urgenti,richiesta_provvedimenti_urgenti,False,False,False,True,False,,,,,,False,,ok
kb_98_top9_set14_parte1.json,TOP9_CODICI_FREQUENTI_SET14_PARTE1,GUIDA_TRASFERIMENTO_DI_PARTECIPAZIONI_IN_S_R_L_E_CLAUSOLE_DI_PRELAZIONE_GRADIM_150030,Trasferimento di partecipazioni in S.r.l. e clausole di prelazione/gradimento (art. 2469 c.c.),avvertimenti_obbligatori,atto_principale.avvertimenti_obbligatori,atto_principale.avvertimenti_obbligatori,atto_principale.avvertimenti_obbligatori,True,True,True,True,True,,,,,,False,,ok
kb_98_top9_set14_parte1.json,TOP9_CODICI_FREQUENTI_SET14_PARTE1,GUIDA_TRASFERIMENTO_DI_PARTECIPAZIONI_IN_S_R_L_E_CLAUSOLE_DI_PRELAZIONE_GRADIM_150030,Trasferimento di partecipazioni in S.r.l. e clausole di prelazione/gradimento (art. 2469 c.c.),allegati_obbligatori,allegati_obbligatori,allegati_obbligatori,allegati_obbligatori,True,True,True,True,True,,,,,,False,,ok
kb_98_top9_set14_parte1.json,TOP9_CODICI_FREQUENTI_SET14_PARTE1,GUIDA_TRASFERIMENTO_DI_PARTECIPAZIONI_IN_S_R_L_E_CLAUSOLE_DI_PRELAZIONE_GRADIM_150030,Trasferimento di partecipazioni in S.r.l. e clausole di prelazione/gradimento (art. 2469 c.c.),termini_processuali,termini_processuali,termini_processuali,termini_processuali,True,True,True,True,True,,,,,,False,,ok
kb_98_top9_set14_parte1.json,TOP9_CODICI_FREQUENTI_SET14_PARTE1,GUIDA_TRASFERIMENTO_DI_PARTECIPAZIONI_IN_S_R_L_E_CLAUSOLE_DI_PRELAZIONE_GRADIM_150030,Trasferimento di partecipazioni in S.r.l. e clausole di prelazione/gradimento (art. 2469 c.c.),esiti_processuali_tipici,esiti_processuali_tipici,esiti_processuali_tipici,esiti_processuali_tipici,True,True,True,True,True,,,,,,False,,ok
kb_98_top9_set14_parte1.json,TOP9_CODICI_FREQUENTI_SET14_PARTE1,GUIDA_TRASFERIMENTO_DI_PARTECIPAZIONI_IN_S_R_L_E_CLAUSOLE_DI_PRELAZIONE_GRADIM_150030,Trasferimento di partecipazioni in S.r.l. e clausole di prelazione/gradimento (art. 2469 c.c.),normativa,normativa,normativa,normativa,True,True,True,True,True,,,,,,False,,ok
kb_98_top9_set14_parte1.json,TOP9_CODICI_FREQUENTI_SET14_PARTE1,GUIDA_TRASFERIMENTO_DI_PARTECIPAZIONI_IN_S_R_L_E_CLAUSOLE_DI_PRELAZIONE_GRADIM_150030,Trasferimento di partecipazioni in S.r.l. e clausole di prelazione/gradimento (art. 2469 c.c.),atto_principale,atto_principale,atto_principale,atto_principale,True,True,True,True,True,,,,,,False,,ok
kb_98_top9_set14_parte1.json,TOP9_CODICI_FREQUENTI_SET14_PARTE1,GUIDA_TRASFERIMENTO_DI_PARTECIPAZIONI_IN_S_R_L_E_CLAUSOLE_DI_PRELAZIONE_GRADIM_150030,Trasferimento di partecipazioni in S.r.l. e clausole di prelazione/gradimento (art. 2469 c.c.),fonti_verifica_web,fonti_verifica_web,fonti_verifica_web,fonti_verifica_web,True,True,True,True,True,,,,,,False,,ok
kb_98_top9_set14_parte1.json,TOP9_CODICI_FREQUENTI_SET14_PARTE1,GUIDA_TRASFERIMENTO_DI_PARTECIPAZIONI_IN_S_R_L_E_CLAUSOLE_DI_PRELAZIONE_GRADIM_150030,Trasferimento di partecipazioni in S.r.l. e clausole di prelazione/gradimento (art. 2469 c.c.),presidi_operativi_integrativi,presidi_operativi_integrativi,presidi_operativi_integrativi,presidi_operativi_integrativi,False,False,True,True,True,,,,,,False,,ok
kb_98_top9_set14_parte1.json,TOP9_CODICI_FREQUENTI_SET14_PARTE1,GUIDA_TRASFERIMENTO_DI_PARTECIPAZIONI_IN_S_R_L_E_CLAUSOLE_DI_PRELAZIONE_GRADIM_150030,Trasferimento di partecipazioni in S.r.l. e clausole di prelazione/gradimento (art. 2469 c.c.),specialistica:tipologie_di_clausole_limitative,tipologie_di_clausole_limitative,tipologie_di_clausole_limitative,tipologie_di_clausole_limitative,True,True,True,True,True,,,,,,False,,ok
kb_98_top9_set14_parte1.json,TOP9_CODICI_FREQUENTI_SET14_PARTE1,GUIDA_APERTURA_DEL_PROCEDIMENTO_DI_INTERDIZIONE_E_INABILITAZIONE_ARTT_414_432__410001,Apertura del procedimento di interdizione e inabilitazione (artt. 414-432 c.c.),denominazione,denominazione,denominazione,denominazione,True,True,True,True,True,,,,Apertura del procedimento di interdizione e inabilitazione (artt. 414-432 c.c.),Apertura del procedimento di interdizione e inabilitazione (artt. 414-432 c.c.),False,,ok
kb_98_top9_set14_parte1.json,TOP9_CODICI_FREQUENTI_SET14_PARTE1,GUIDA_APERTURA_DEL_PROCEDIMENTO_DI_INTERDIZIONE_E_INABILITAZIONE_ARTT_414_432__410001,Apertura del procedimento di interdizione e inabilitazione (artt. 414-432 c.c.),categoria,categoria,categoria,categoria,True,True,True,True,True,,,,Persone - protezione degli incapaci,Persone - protezione degli incapaci,False,,ok
kb_98_top9_set14_parte1.json,TOP9_CODICI_FREQUENTI_SET14_PARTE1,GUIDA_APERTURA_DEL_PROCEDIMENTO_DI_INTERDIZIONE_E_INABILITAZIONE_ARTT_414_432__410001,Apertura del procedimento di interdizione e inabilitazione (artt. 414-432 c.c.),sottocategoria,sottocategoria,sottocategoria,sottocategoria,True,True,True,True,True,,,,Procedimento per la dichiarazione giudiziale di interdizione o inabilitazione - misure gravi di protezione per infermità mentale,Procedimento per la dichiarazione giudiziale di interdizione o inabilitazione - misure gravi di protezione per infermità mentale,False,,ok
kb_98_top9_set14_parte1.json,TOP9_CODICI_FREQUENTI_SET14_PARTE1,GUIDA_APERTURA_DEL_PROCEDIMENTO_DI_INTERDIZIONE_E_INABILITAZIONE_ARTT_414_432__410001,Apertura del procedimento di interdizione e inabilitazione (artt. 414-432 c.c.),rito,rito,rito,rito,True,True,True,True,True,,,,Rito camerale ex artt. 712-720 c.p.c. davanti al Tribunale (sezione famiglia),Rito camerale ex artt. 712-720 c.p.c. davanti al Tribunale (sezione famiglia),False,,ok
kb_98_top9_set14_parte1.json,TOP9_CODICI_FREQUENTI_SET14_PARTE1,GUIDA_APERTURA_DEL_PROCEDIMENTO_DI_INTERDIZIONE_E_INABILITAZIONE_ARTT_414_432__410001,Apertura del procedimento di interdizione e inabilitazione (artt. 414-432 c.c.),competenza,competenza,competenza,competenza,True,True,True,True,True,,,,Tribunale del luogo di residenza/domicilio dell'interdicendo/inabilitando,Tribunale del luogo di residenza/domicilio dell'interdicendo/inabilitando,False,,ok
kb_98_top9_set14_parte1.json,TOP9_CODICI_FREQUENTI_SET14_PARTE1,GUIDA_APERTURA_DEL_PROCEDIMENTO_DI_INTERDIZIONE_E_INABILITAZIONE_ARTT_414_432__410001,Apertura del procedimento di interdizione e inabilitazione (artt. 414-432 c.c.),uffici_destinatari,uffici_destinatari,uffici_destinatari,uffici_destinatari,True,True,True,True,True,,,,,,False,,ok
kb_98_top9_set14_parte1.json,TOP9_CODICI_FREQUENTI_SET14_PARTE1,GUIDA_APERTURA_DEL_PROCEDIMENTO_DI_INTERDIZIONE_E_INABILITAZIONE_ARTT_414_432__410001,Apertura del procedimento di interdizione e inabilitazione (artt. 414-432 c.c.),tipologie_di_intervento,tipologie_di_intervento,tipologie_di_intervento,tipologie_di_intervento,False,False,False,True,False,,,,,,False,,ok
kb_98_top9_set14_parte1.json,TOP9_CODICI_FREQUENTI_SET14_PARTE1,GUIDA_APERTURA_DEL_PROCEDIMENTO_DI_INTERDIZIONE_E_INABILITAZIONE_ARTT_414_432__410001,Apertura del procedimento di interdizione e inabilitazione (artt. 414-432 c.c.),presupposti_sostanziali,presupposti_sostanziali,presupposti_sostanziali,presupposti_sostanziali,False,False,False,True,False,,,,,,False,,ok
kb_98_top9_set14_parte1.json,TOP9_CODICI_FREQUENTI_SET14_PARTE1,GUIDA_APERTURA_DEL_PROCEDIMENTO_DI_INTERDIZIONE_E_INABILITAZIONE_ARTT_414_432__410001,Apertura del procedimento di interdizione e inabilitazione (artt. 414-432 c.c.),legittimati_attivi,legittimati_attivi,legittimati_attivi,legittimati_attivi,False,False,False,True,True,,,,,,False,,ok
kb_98_top9_set14_parte1.json,TOP9_CODICI_FREQUENTI_SET14_PARTE1,GUIDA_APERTURA_DEL_PROCEDIMENTO_DI_INTERDIZIONE_E_INABILITAZIONE_ARTT_414_432__410001,Apertura del procedimento di interdizione e inabilitazione (artt. 414-432 c.c.),obbligo_mediazione,obbligo_mediazione,obbligo_mediazione,obbligo_mediazione,True,True,True,True,True,,,,,,False,,ok
kb_98_top9_set14_parte1.json,TOP9_CODICI_FREQUENTI_SET14_PARTE1,GUIDA_APERTURA_DEL_PROCEDIMENTO_DI_INTERDIZIONE_E_INABILITAZIONE_ARTT_414_432__410001,Apertura del procedimento di interdizione e inabilitazione (artt. 414-432 c.c.),adempimenti_propedeutici,adempimenti_propedeutici,adempimenti_propedeutici,adempimenti_propedeutici,True,True,True,True,True,"1,2,3,4","1,2,3,4",,,,False,,ok
kb_98_top9_set14_parte1.json,TOP9_CODICI_FREQUENTI_SET14_PARTE1,GUIDA_APERTURA_DEL_PROCEDIMENTO_DI_INTERDIZIONE_E_INABILITAZIONE_ARTT_414_432__410001,Apertura del procedimento di interdizione e inabilitazione (artt. 414-432 c.c.),richiesta_provvedimenti_urgenti,richiesta_provvedimenti_urgenti,richiesta_provvedimenti_urgenti,richiesta_provvedimenti_urgenti,False,False,False,True,True,,,,,,False,,ok
kb_98_top9_set14_parte1.json,TOP9_CODICI_FREQUENTI_SET14_PARTE1,GUIDA_APERTURA_DEL_PROCEDIMENTO_DI_INTERDIZIONE_E_INABILITAZIONE_ARTT_414_432__410001,Apertura del procedimento di interdizione e inabilitazione (artt. 414-432 c.c.),avvertimenti_obbligatori,atto_principale.avvertimenti_obbligatori,atto_principale.avvertimenti_obbligatori,atto_principale.avvertimenti_obbligatori,True,True,True,True,True,,,,,,False,,ok
kb_98_top9_set14_parte1.json,TOP9_CODICI_FREQUENTI_SET14_PARTE1,GUIDA_APERTURA_DEL_PROCEDIMENTO_DI_INTERDIZIONE_E_INABILITAZIONE_ARTT_414_432__410001,Apertura del procedimento di interdizione e inabilitazione (artt. 414-432 c.c.),allegati_obbligatori,allegati_obbligatori,allegati_obbligatori,allegati_obbligatori,True,True,True,True,True,,,,,,False,,ok
kb_98_top9_set14_parte1.json,TOP9_CODICI_FREQUENTI_SET14_PARTE1,GUIDA_APERTURA_DEL_PROCEDIMENTO_DI_INTERDIZIONE_E_INABILITAZIONE_ARTT_414_432__410001,Apertura del procedimento di interdizione e inabilitazione (artt. 414-432 c.c.),termini_processuali,termini_processuali,termini_processuali,termini_processuali,True,True,True,True,True,,,,,,False,,ok
kb_98_top9_set14_parte1.json,TOP9_CODICI_FREQUENTI_SET14_PARTE1,GUIDA_APERTURA_DEL_PROCEDIMENTO_DI_INTERDIZIONE_E_INABILITAZIONE_ARTT_414_432__410001,Apertura del procedimento di interdizione e inabilitazione (artt. 414-432 c.c.),esiti_processuali_tipici,esiti_processuali_tipici,esiti_processuali_tipici,esiti_processuali_tipici,True,True,True,True,True,,,,,,False,,ok
kb_98_top9_set14_parte1.json,TOP9_CODICI_FREQUENTI_SET14_PARTE1,GUIDA_APERTURA_DEL_PROCEDIMENTO_DI_INTERDIZIONE_E_INABILITAZIONE_ARTT_414_432__410001,Apertura del procedimento di interdizione e inabilitazione (artt. 414-432 c.c.),normativa,normativa,normativa,normativa,True,True,True,True,True,,,,,,False,,ok
kb_98_top9_set14_parte1.json,TOP9_CODICI_FREQUENTI_SET14_PARTE1,GUIDA_APERTURA_DEL_PROCEDIMENTO_DI_INTERDIZIONE_E_INABILITAZIONE_ARTT_414_432__410001,Apertura del procedimento di interdizione e inabilitazione (artt. 414-432 c.c.),atto_principale,atto_principale,atto_principale,atto_principale,True,True,True,True,True,,,,,,False,,ok
kb_98_top9_set14_parte1.json,TOP9_CODICI_FREQUENTI_SET14_PARTE1,GUIDA_APERTURA_DEL_PROCEDIMENTO_DI_INTERDIZIONE_E_INABILITAZIONE_ARTT_414_432__410001,Apertura del procedimento di interdizione e inabilitazione (artt. 414-432 c.c.),fonti_verifica_web,fonti_verifica_web,fonti_verifica_web,fonti_verifica_web,True,True,True,True,True,,,,,,False,,ok
kb_98_top9_set14_parte1.json,TOP9_CODICI_FREQUENTI_SET14_PARTE1,GUIDA_APERTURA_DEL_PROCEDIMENTO_DI_INTERDIZIONE_E_INABILITAZIONE_ARTT_414_432__410001,Apertura del procedimento di interdizione e inabilitazione (artt. 414-432 c.c.),presidi_operativi_integrativi,presidi_operativi_integrativi,presidi_operativi_integrativi,presidi_operativi_integrativi,False,False,True,True,True,,,,,,False,,ok
kb_98_top9_set14_parte1.json,TOP9_CODICI_FREQUENTI_SET14_PARTE1,GUIDA_APERTURA_DEL_PROCEDIMENTO_DI_INTERDIZIONE_E_INABILITAZIONE_ARTT_414_432__410001,Apertura del procedimento di interdizione e inabilitazione (artt. 414-432 c.c.),specialistica:distinzione_interdizione_inabilitazione_AdS,distinzione_interdizione_inabilitazione_AdS,distinzione_interdizione_inabilitazione_AdS,distinzione_interdizione_inabilitazione_AdS,True,True,True,True,True,,,,,,False,,ok
kb_98_top9_set14_parte1.json,TOP9_CODICI_FREQUENTI_SET14_PARTE1,GUIDA_APERTURA_DEL_PROCEDIMENTO_DI_INTERDIZIONE_E_INABILITAZIONE_ARTT_414_432__410001,Apertura del procedimento di interdizione e inabilitazione (artt. 414-432 c.c.),specialistica:legittimati_attivi_417,legittimati_attivi_417,legittimati_attivi_417,legittimati_attivi_417,True,True,True,True,True,,,,,,False,,ok
kb_98_top9_set14_parte2.json,TOP9_CODICI_FREQUENTI_SET14_PARTE2,GUIDA_OPPOSIZIONE_AL_PROCEDIMENTO_ESPROPRIATIVO_PER_PUBBLICA_UTILIT_D_P_R_327__512040,Opposizione al procedimento espropriativo per pubblica utilità (D.P.R. 327/2001 - Testo Unico Espropri),denominazione,denominazione,denominazione,denominazione,True,True,True,True,True,,,,Opposizione al procedimento espropriativo per pubblica utilità (D.P.R. 327/2001 - Testo Unico Espropri),Opposizione al procedimento espropriativo per pubblica utilità (D.P.R. 327/2001 - Testo Unico Espropri),False,,ok
kb_98_top9_set14_parte2.json,TOP9_CODICI_FREQUENTI_SET14_PARTE2,GUIDA_OPPOSIZIONE_AL_PROCEDIMENTO_ESPROPRIATIVO_PER_PUBBLICA_UTILIT_D_P_R_327__512040,Opposizione al procedimento espropriativo per pubblica utilità (D.P.R. 327/2001 - Testo Unico Espropri),categoria,categoria,categoria,categoria,True,True,True,True,True,,,,Diritto amministrativo - espropriazione per pubblica utilità,Diritto amministrativo - espropriazione per pubblica utilità,False,,ok
kb_98_top9_set14_parte2.json,TOP9_CODICI_FREQUENTI_SET14_PARTE2,GUIDA_OPPOSIZIONE_AL_PROCEDIMENTO_ESPROPRIATIVO_PER_PUBBLICA_UTILIT_D_P_R_327__512040,Opposizione al procedimento espropriativo per pubblica utilità (D.P.R. 327/2001 - Testo Unico Espropri),sottocategoria,sottocategoria,sottocategoria,sottocategoria,True,True,True,True,True,,,,Controversie innanzi alla Corte d'Appello sull'indennità di esproprio + opposizione alla stima,Controversie innanzi alla Corte d'Appello sull'indennità di esproprio + opposizione alla stima,False,,ok
kb_98_top9_set14_parte2.json,TOP9_CODICI_FREQUENTI_SET14_PARTE2,GUIDA_OPPOSIZIONE_AL_PROCEDIMENTO_ESPROPRIATIVO_PER_PUBBLICA_UTILIT_D_P_R_327__512040,Opposizione al procedimento espropriativo per pubblica utilità (D.P.R. 327/2001 - Testo Unico Espropri),rito,rito,rito,rito,True,True,True,True,True,,,,GIURISDIZIONE CIVILE (Corte d'Appello) per le controversie sull'INDENNITÀ; GIURISDIZIONE AMMINISTRATIVA (TAR) per illegittimità del procedimento,GIURISDIZIONE CIVILE (Corte d'Appello) per le controversie sull'INDENNITÀ; GIURISDIZIONE AMMINISTRATIVA (TAR) per illegittimità del procedimento,False,,ok
kb_98_top9_set14_parte2.json,TOP9_CODICI_FREQUENTI_SET14_PARTE2,GUIDA_OPPOSIZIONE_AL_PROCEDIMENTO_ESPROPRIATIVO_PER_PUBBLICA_UTILIT_D_P_R_327__512040,Opposizione al procedimento espropriativo per pubblica utilità (D.P.R. 327/2001 - Testo Unico Espropri),competenza,competenza,competenza,competenza,True,True,True,True,True,,,,CORTE D'APPELLO del luogo dell'immobile per controversie sull'indennità; TAR per illegittimità del decreto espropriativo,CORTE D'APPELLO del luogo dell'immobile per controversie sull'indennità; TAR per illegittimità del decreto espropriativo,False,,ok
kb_98_top9_set14_parte2.json,TOP9_CODICI_FREQUENTI_SET14_PARTE2,GUIDA_OPPOSIZIONE_AL_PROCEDIMENTO_ESPROPRIATIVO_PER_PUBBLICA_UTILIT_D_P_R_327__512040,Opposizione al procedimento espropriativo per pubblica utilità (D.P.R. 327/2001 - Testo Unico Espropri),uffici_destinatari,uffici_destinatari,uffici_destinatari,uffici_destinatari,True,True,True,True,True,,,,,,False,,ok
kb_98_top9_set14_parte2.json,TOP9_CODICI_FREQUENTI_SET14_PARTE2,GUIDA_OPPOSIZIONE_AL_PROCEDIMENTO_ESPROPRIATIVO_PER_PUBBLICA_UTILIT_D_P_R_327__512040,Opposizione al procedimento espropriativo per pubblica utilità (D.P.R. 327/2001 - Testo Unico Espropri),tipologie_di_intervento,tipologie_di_intervento,tipologie_di_intervento,tipologie_di_intervento,False,False,False,True,False,,,,,,False,,ok
kb_98_top9_set14_parte2.json,TOP9_CODICI_FREQUENTI_SET14_PARTE2,GUIDA_OPPOSIZIONE_AL_PROCEDIMENTO_ESPROPRIATIVO_PER_PUBBLICA_UTILIT_D_P_R_327__512040,Opposizione al procedimento espropriativo per pubblica utilità (D.P.R. 327/2001 - Testo Unico Espropri),presupposti_sostanziali,presupposti_sostanziali,presupposti_sostanziali,presupposti_sostanziali,False,False,False,True,False,,,,,,False,,ok
kb_98_top9_set14_parte2.json,TOP9_CODICI_FREQUENTI_SET14_PARTE2,GUIDA_OPPOSIZIONE_AL_PROCEDIMENTO_ESPROPRIATIVO_PER_PUBBLICA_UTILIT_D_P_R_327__512040,Opposizione al procedimento espropriativo per pubblica utilità (D.P.R. 327/2001 - Testo Unico Espropri),legittimati_attivi,legittimati_attivi,legittimati_attivi,legittimati_attivi,False,False,False,True,False,,,,,,False,,ok
kb_98_top9_set14_parte2.json,TOP9_CODICI_FREQUENTI_SET14_PARTE2,GUIDA_OPPOSIZIONE_AL_PROCEDIMENTO_ESPROPRIATIVO_PER_PUBBLICA_UTILIT_D_P_R_327__512040,Opposizione al procedimento espropriativo per pubblica utilità (D.P.R. 327/2001 - Testo Unico Espropri),obbligo_mediazione,obbligo_mediazione,obbligo_mediazione,obbligo_mediazione,True,True,True,True,True,,,,,,False,,ok
kb_98_top9_set14_parte2.json,TOP9_CODICI_FREQUENTI_SET14_PARTE2,GUIDA_OPPOSIZIONE_AL_PROCEDIMENTO_ESPROPRIATIVO_PER_PUBBLICA_UTILIT_D_P_R_327__512040,Opposizione al procedimento espropriativo per pubblica utilità (D.P.R. 327/2001 - Testo Unico Espropri),adempimenti_propedeutici,adempimenti_propedeutici,adempimenti_propedeutici,adempimenti_propedeutici,True,True,True,True,True,"1,2,3,4","1,2,3,4",,,,False,,ok
kb_98_top9_set14_parte2.json,TOP9_CODICI_FREQUENTI_SET14_PARTE2,GUIDA_OPPOSIZIONE_AL_PROCEDIMENTO_ESPROPRIATIVO_PER_PUBBLICA_UTILIT_D_P_R_327__512040,Opposizione al procedimento espropriativo per pubblica utilità (D.P.R. 327/2001 - Testo Unico Espropri),richiesta_provvedimenti_urgenti,richiesta_provvedimenti_urgenti,richiesta_provvedimenti_urgenti,richiesta_provvedimenti_urgenti,False,False,False,True,False,,,,,,False,,ok
kb_98_top9_set14_parte2.json,TOP9_CODICI_FREQUENTI_SET14_PARTE2,GUIDA_OPPOSIZIONE_AL_PROCEDIMENTO_ESPROPRIATIVO_PER_PUBBLICA_UTILIT_D_P_R_327__512040,Opposizione al procedimento espropriativo per pubblica utilità (D.P.R. 327/2001 - Testo Unico Espropri),avvertimenti_obbligatori,atto_principale.avvertimenti_obbligatori,atto_principale.avvertimenti_obbligatori,atto_principale.avvertimenti_obbligatori,True,True,True,True,True,,,,,,False,,ok
kb_98_top9_set14_parte2.json,TOP9_CODICI_FREQUENTI_SET14_PARTE2,GUIDA_OPPOSIZIONE_AL_PROCEDIMENTO_ESPROPRIATIVO_PER_PUBBLICA_UTILIT_D_P_R_327__512040,Opposizione al procedimento espropriativo per pubblica utilità (D.P.R. 327/2001 - Testo Unico Espropri),allegati_obbligatori,allegati_obbligatori,allegati_obbligatori,allegati_obbligatori,True,True,True,True,True,,,,,,False,,ok
kb_98_top9_set14_parte2.json,TOP9_CODICI_FREQUENTI_SET14_PARTE2,GUIDA_OPPOSIZIONE_AL_PROCEDIMENTO_ESPROPRIATIVO_PER_PUBBLICA_UTILIT_D_P_R_327__512040,Opposizione al procedimento espropriativo per pubblica utilità (D.P.R. 327/2001 - Testo Unico Espropri),termini_processuali,termini_processuali,termini_processuali,termini_processuali,True,True,True,True,True,,,,,,False,,ok
kb_98_top9_set14_parte2.json,TOP9_CODICI_FREQUENTI_SET14_PARTE2,GUIDA_OPPOSIZIONE_AL_PROCEDIMENTO_ESPROPRIATIVO_PER_PUBBLICA_UTILIT_D_P_R_327__512040,Opposizione al procedimento espropriativo per pubblica utilità (D.P.R. 327/2001 - Testo Unico Espropri),esiti_processuali_tipici,esiti_processuali_tipici,esiti_processuali_tipici,esiti_processuali_tipici,True,True,True,True,True,,,,,,False,,ok
kb_98_top9_set14_parte2.json,TOP9_CODICI_FREQUENTI_SET14_PARTE2,GUIDA_OPPOSIZIONE_AL_PROCEDIMENTO_ESPROPRIATIVO_PER_PUBBLICA_UTILIT_D_P_R_327__512040,Opposizione al procedimento espropriativo per pubblica utilità (D.P.R. 327/2001 - Testo Unico Espropri),normativa,normativa,normativa,normativa,True,True,True,True,True,,,,,,False,,ok
kb_98_top9_set14_parte2.json,TOP9_CODICI_FREQUENTI_SET14_PARTE2,GUIDA_OPPOSIZIONE_AL_PROCEDIMENTO_ESPROPRIATIVO_PER_PUBBLICA_UTILIT_D_P_R_327__512040,Opposizione al procedimento espropriativo per pubblica utilità (D.P.R. 327/2001 - Testo Unico Espropri),atto_principale,atto_principale,atto_principale,atto_principale,True,True,True,True,True,,,,,,False,,ok
kb_98_top9_set14_parte2.json,TOP9_CODICI_FREQUENTI_SET14_PARTE2,GUIDA_OPPOSIZIONE_AL_PROCEDIMENTO_ESPROPRIATIVO_PER_PUBBLICA_UTILIT_D_P_R_327__512040,Opposizione al procedimento espropriativo per pubblica utilità (D.P.R. 327/2001 - Testo Unico Espropri),fonti_verifica_web,fonti_verifica_web,fonti_verifica_web,fonti_verifica_web,True,True,True,True,True,,,,,,False,,ok
kb_98_top9_set14_parte2.json,TOP9_CODICI_FREQUENTI_SET14_PARTE2,GUIDA_OPPOSIZIONE_AL_PROCEDIMENTO_ESPROPRIATIVO_PER_PUBBLICA_UTILIT_D_P_R_327__512040,Opposizione al procedimento espropriativo per pubblica utilità (D.P.R. 327/2001 - Testo Unico Espropri),presidi_operativi_integrativi,presidi_operativi_integrativi,presidi_operativi_integrativi,presidi_operativi_integrativi,False,False,True,True,True,,,,,,False,,ok
kb_98_top9_set14_parte2.json,TOP9_CODICI_FREQUENTI_SET14_PARTE2,GUIDA_OPPOSIZIONE_AL_PROCEDIMENTO_ESPROPRIATIVO_PER_PUBBLICA_UTILIT_D_P_R_327__512040,Opposizione al procedimento espropriativo per pubblica utilità (D.P.R. 327/2001 - Testo Unico Espropri),specialistica:indennita_di_esproprio,indennita_di_esproprio,indennita_di_esproprio,indennita_di_esproprio,True,True,True,True,True,,,,,,False,,ok
kb_98_top9_set14_parte2.json,TOP9_CODICI_FREQUENTI_SET14_PARTE2,GUIDA_OPPOSIZIONE_AL_PROCEDIMENTO_ESPROPRIATIVO_PER_PUBBLICA_UTILIT_D_P_R_327__512040,Opposizione al procedimento espropriativo per pubblica utilità (D.P.R. 327/2001 - Testo Unico Espropri),specialistica:procedure_tipiche,procedure_tipiche,procedure_tipiche,procedure_tipiche,True,True,True,True,True,,,,,,False,,ok
kb_98_top9_set14_parte2.json,TOP9_CODICI_FREQUENTI_SET14_PARTE2,GUIDA_RISOLUZIONE_CONTRATTO_DI_FACTORING_E_CESSIONE_DI_CREDITI_L_52_1991_ARTT__143015,Risoluzione contratto di factoring e cessione di crediti (L. 52/1991 + artt. 1260-1267 c.c.),denominazione,denominazione,denominazione,denominazione,True,True,True,True,True,,,,Risoluzione contratto di factoring e cessione di crediti (L. 52/1991 + artt. 1260-1267 c.c.),Risoluzione contratto di factoring e cessione di crediti (L. 52/1991 + artt. 1260-1267 c.c.),False,,ok
kb_98_top9_set14_parte2.json,TOP9_CODICI_FREQUENTI_SET14_PARTE2,GUIDA_RISOLUZIONE_CONTRATTO_DI_FACTORING_E_CESSIONE_DI_CREDITI_L_52_1991_ARTT__143015,Risoluzione contratto di factoring e cessione di crediti (L. 52/1991 + artt. 1260-1267 c.c.),categoria,categoria,categoria,categoria,True,True,True,True,True,,,,Contratti - contratti finanziari - cessione crediti,Contratti - contratti finanziari - cessione crediti,False,,ok
kb_98_top9_set14_parte2.json,TOP9_CODICI_FREQUENTI_SET14_PARTE2,GUIDA_RISOLUZIONE_CONTRATTO_DI_FACTORING_E_CESSIONE_DI_CREDITI_L_52_1991_ARTT__143015,Risoluzione contratto di factoring e cessione di crediti (L. 52/1991 + artt. 1260-1267 c.c.),sottocategoria,sottocategoria,sottocategoria,sottocategoria,True,True,True,True,True,,,,"Controversie sul contratto di factoring: vizi della cessione, crediti inesistenti, inadempimento del cedente o del factor","Controversie sul contratto di factoring: vizi della cessione, crediti inesistenti, inadempimento del cedente o del factor",False,,ok
kb_98_top9_set14_parte2.json,TOP9_CODICI_FREQUENTI_SET14_PARTE2,GUIDA_RISOLUZIONE_CONTRATTO_DI_FACTORING_E_CESSIONE_DI_CREDITI_L_52_1991_ARTT__143015,Risoluzione contratto di factoring e cessione di crediti (L. 52/1991 + artt. 1260-1267 c.c.),rito,rito,rito,rito,True,True,True,True,True,,,,Rito ordinario di cognizione,Rito ordinario di cognizione,False,,ok
kb_98_top9_set14_parte2.json,TOP9_CODICI_FREQUENTI_SET14_PARTE2,GUIDA_RISOLUZIONE_CONTRATTO_DI_FACTORING_E_CESSIONE_DI_CREDITI_L_52_1991_ARTT__143015,Risoluzione contratto di factoring e cessione di crediti (L. 52/1991 + artt. 1260-1267 c.c.),competenza,competenza,competenza,competenza,True,True,True,True,True,,,,Tribunale - foro della sede del factor o del cedente; sezione impresa per controversie societarie complesse,Tribunale - foro della sede del factor o del cedente; sezione impresa per controversie societarie complesse,False,,ok
kb_98_top9_set14_parte2.json,TOP9_CODICI_FREQUENTI_SET14_PARTE2,GUIDA_RISOLUZIONE_CONTRATTO_DI_FACTORING_E_CESSIONE_DI_CREDITI_L_52_1991_ARTT__143015,Risoluzione contratto di factoring e cessione di crediti (L. 52/1991 + artt. 1260-1267 c.c.),uffici_destinatari,uffici_destinatari,uffici_destinatari,uffici_destinatari,True,True,True,True,True,,,,,,False,,ok
kb_98_top9_set14_parte2.json,TOP9_CODICI_FREQUENTI_SET14_PARTE2,GUIDA_RISOLUZIONE_CONTRATTO_DI_FACTORING_E_CESSIONE_DI_CREDITI_L_52_1991_ARTT__143015,Risoluzione contratto di factoring e cessione di crediti (L. 52/1991 + artt. 1260-1267 c.c.),tipologie_di_intervento,tipologie_di_intervento,tipologie_di_intervento,tipologie_di_intervento,False,False,False,True,False,,,,,,False,,ok
kb_98_top9_set14_parte2.json,TOP9_CODICI_FREQUENTI_SET14_PARTE2,GUIDA_RISOLUZIONE_CONTRATTO_DI_FACTORING_E_CESSIONE_DI_CREDITI_L_52_1991_ARTT__143015,Risoluzione contratto di factoring e cessione di crediti (L. 52/1991 + artt. 1260-1267 c.c.),presupposti_sostanziali,presupposti_sostanziali,presupposti_sostanziali,presupposti_sostanziali,True,True,True,True,True,,,,,,False,,ok
kb_98_top9_set14_parte2.json,TOP9_CODICI_FREQUENTI_SET14_PARTE2,GUIDA_RISOLUZIONE_CONTRATTO_DI_FACTORING_E_CESSIONE_DI_CREDITI_L_52_1991_ARTT__143015,Risoluzione contratto di factoring e cessione di crediti (L. 52/1991 + artt. 1260-1267 c.c.),legittimati_attivi,legittimati_attivi,legittimati_attivi,legittimati_attivi,False,False,False,True,False,,,,,,False,,ok
kb_98_top9_set14_parte2.json,TOP9_CODICI_FREQUENTI_SET14_PARTE2,GUIDA_RISOLUZIONE_CONTRATTO_DI_FACTORING_E_CESSIONE_DI_CREDITI_L_52_1991_ARTT__143015,Risoluzione contratto di factoring e cessione di crediti (L. 52/1991 + artt. 1260-1267 c.c.),obbligo_mediazione,obbligo_mediazione,obbligo_mediazione,obbligo_mediazione,True,True,True,True,True,,,,,,False,,ok
kb_98_top9_set14_parte2.json,TOP9_CODICI_FREQUENTI_SET14_PARTE2,GUIDA_RISOLUZIONE_CONTRATTO_DI_FACTORING_E_CESSIONE_DI_CREDITI_L_52_1991_ARTT__143015,Risoluzione contratto di factoring e cessione di crediti (L. 52/1991 + artt. 1260-1267 c.c.),adempimenti_propedeutici,adempimenti_propedeutici,adempimenti_propedeutici,adempimenti_propedeutici,True,True,True,True,True,"1,2,3","1,2,3",,,,False,,ok
kb_98_top9_set14_parte2.json,TOP9_CODICI_FREQUENTI_SET14_PARTE2,GUIDA_RISOLUZIONE_CONTRATTO_DI_FACTORING_E_CESSIONE_DI_CREDITI_L_52_1991_ARTT__143015,Risoluzione contratto di factoring e cessione di crediti (L. 52/1991 + artt. 1260-1267 c.c.),richiesta_provvedimenti_urgenti,richiesta_provvedimenti_urgenti,richiesta_provvedimenti_urgenti,richiesta_provvedimenti_urgenti,False,False,False,True,False,,,,,,False,,ok
kb_98_top9_set14_parte2.json,TOP9_CODICI_FREQUENTI_SET14_PARTE2,GUIDA_RISOLUZIONE_CONTRATTO_DI_FACTORING_E_CESSIONE_DI_CREDITI_L_52_1991_ARTT__143015,Risoluzione contratto di factoring e cessione di crediti (L. 52/1991 + artt. 1260-1267 c.c.),avvertimenti_obbligatori,atto_principale.avvertimenti_obbligatori,atto_principale.avvertimenti_obbligatori,atto_principale.avvertimenti_obbligatori,True,True,True,True,True,,,,,,False,,ok
kb_98_top9_set14_parte2.json,TOP9_CODICI_FREQUENTI_SET14_PARTE2,GUIDA_RISOLUZIONE_CONTRATTO_DI_FACTORING_E_CESSIONE_DI_CREDITI_L_52_1991_ARTT__143015,Risoluzione contratto di factoring e cessione di crediti (L. 52/1991 + artt. 1260-1267 c.c.),allegati_obbligatori,allegati_obbligatori,allegati_obbligatori,allegati_obbligatori,True,True,True,True,True,,,,,,False,,ok
kb_98_top9_set14_parte2.json,TOP9_CODICI_FREQUENTI_SET14_PARTE2,GUIDA_RISOLUZIONE_CONTRATTO_DI_FACTORING_E_CESSIONE_DI_CREDITI_L_52_1991_ARTT__143015,Risoluzione contratto di factoring e cessione di crediti (L. 52/1991 + artt. 1260-1267 c.c.),termini_processuali,termini_processuali,termini_processuali,termini_processuali,True,True,True,True,True,,,,,,False,,ok
kb_98_top9_set14_parte2.json,TOP9_CODICI_FREQUENTI_SET14_PARTE2,GUIDA_RISOLUZIONE_CONTRATTO_DI_FACTORING_E_CESSIONE_DI_CREDITI_L_52_1991_ARTT__143015,Risoluzione contratto di factoring e cessione di crediti (L. 52/1991 + artt. 1260-1267 c.c.),esiti_processuali_tipici,esiti_processuali_tipici,esiti_processuali_tipici,esiti_processuali_tipici,True,True,True,True,True,,,,,,False,,ok
kb_98_top9_set14_parte2.json,TOP9_CODICI_FREQUENTI_SET14_PARTE2,GUIDA_RISOLUZIONE_CONTRATTO_DI_FACTORING_E_CESSIONE_DI_CREDITI_L_52_1991_ARTT__143015,Risoluzione contratto di factoring e cessione di crediti (L. 52/1991 + artt. 1260-1267 c.c.),normativa,normativa,normativa,normativa,True,True,True,True,True,,,,,,False,,ok
kb_98_top9_set14_parte2.json,TOP9_CODICI_FREQUENTI_SET14_PARTE2,GUIDA_RISOLUZIONE_CONTRATTO_DI_FACTORING_E_CESSIONE_DI_CREDITI_L_52_1991_ARTT__143015,Risoluzione contratto di factoring e cessione di crediti (L. 52/1991 + artt. 1260-1267 c.c.),atto_principale,atto_principale,atto_principale,atto_principale,True,True,True,True,True,,,,,,False,,ok
kb_98_top9_set14_parte2.json,TOP9_CODICI_FREQUENTI_SET14_PARTE2,GUIDA_RISOLUZIONE_CONTRATTO_DI_FACTORING_E_CESSIONE_DI_CREDITI_L_52_1991_ARTT__143015,Risoluzione contratto di factoring e cessione di crediti (L. 52/1991 + artt. 1260-1267 c.c.),fonti_verifica_web,fonti_verifica_web,fonti_verifica_web,fonti_verifica_web,True,True,True,True,True,,,,,,False,,ok
kb_98_top9_set14_parte2.json,TOP9_CODICI_FREQUENTI_SET14_PARTE2,GUIDA_RISOLUZIONE_CONTRATTO_DI_FACTORING_E_CESSIONE_DI_CREDITI_L_52_1991_ARTT__143015,Risoluzione contratto di factoring e cessione di crediti (L. 52/1991 + artt. 1260-1267 c.c.),presidi_operativi_integrativi,presidi_operativi_integrativi,presidi_operativi_integrativi,presidi_operativi_integrativi,False,False,True,True,True,,,,,,False,,ok
kb_98_top9_set14_parte2.json,TOP9_CODICI_FREQUENTI_SET14_PARTE2,GUIDA_RISOLUZIONE_CONTRATTO_DI_FACTORING_E_CESSIONE_DI_CREDITI_L_52_1991_ARTT__143015,Risoluzione contratto di factoring e cessione di crediti (L. 52/1991 + artt. 1260-1267 c.c.),specialistica:distinguo_pro_soluto_vs_pro_solvendo,distinguo_pro_soluto_vs_pro_solvendo,distinguo_pro_soluto_vs_pro_solvendo,distinguo_pro_soluto_vs_pro_solvendo,True,True,True,True,True,,,,,,False,,ok
kb_98_top9_set14_parte2.json,TOP9_CODICI_FREQUENTI_SET14_PARTE2,GUIDA_RISOLUZIONE_CONTRATTO_DI_FACTORING_E_CESSIONE_DI_CREDITI_L_52_1991_ARTT__143015,Risoluzione contratto di factoring e cessione di crediti (L. 52/1991 + artt. 1260-1267 c.c.),specialistica:tipologie_di_controversie_tipiche,tipologie_di_controversie_tipiche,tipologie_di_controversie_tipiche,tipologie_di_controversie_tipiche,True,True,True,True,True,,,,,,False,,ok
kb_98_top9_set14_parte2.json,TOP9_CODICI_FREQUENTI_SET14_PARTE2,GUIDA_RESPONSABILIT_DA_ILLECITO_ANTITRUST_E_ABUSO_DI_POSIZIONE_DOMINANTE_ARTT__160100,Responsabilità da illecito antitrust e abuso di posizione dominante (artt. 101-102 TFUE + L. 287/1990),denominazione,denominazione,denominazione,denominazione,True,True,True,True,True,,,,Responsabilità da illecito antitrust e abuso di posizione dominante (artt. 101-102 TFUE + L. 287/1990),Responsabilità da illecito antitrust e abuso di posizione dominante (artt. 101-102 TFUE + L. 287/1990),False,,ok
kb_98_top9_set14_parte2.json,TOP9_CODICI_FREQUENTI_SET14_PARTE2,GUIDA_RESPONSABILIT_DA_ILLECITO_ANTITRUST_E_ABUSO_DI_POSIZIONE_DOMINANTE_ARTT__160100,Responsabilità da illecito antitrust e abuso di posizione dominante (artt. 101-102 TFUE + L. 287/1990),categoria,categoria,categoria,categoria,True,True,True,True,True,,,,Diritto della concorrenza - private enforcement,Diritto della concorrenza - private enforcement,False,,ok
kb_98_top9_set14_parte2.json,TOP9_CODICI_FREQUENTI_SET14_PARTE2,GUIDA_RESPONSABILIT_DA_ILLECITO_ANTITRUST_E_ABUSO_DI_POSIZIONE_DOMINANTE_ARTT__160100,Responsabilità da illecito antitrust e abuso di posizione dominante (artt. 101-102 TFUE + L. 287/1990),sottocategoria,sottocategoria,sottocategoria,sottocategoria,True,True,True,True,True,,,,"Azione risarcitoria del danneggiato per violazione della normativa antitrust (cartelli, abusi di posizione dominante)","Azione risarcitoria del danneggiato per violazione della normativa antitrust (cartelli, abusi di posizione dominante)",False,,ok
kb_98_top9_set14_parte2.json,TOP9_CODICI_FREQUENTI_SET14_PARTE2,GUIDA_RESPONSABILIT_DA_ILLECITO_ANTITRUST_E_ABUSO_DI_POSIZIONE_DOMINANTE_ARTT__160100,Responsabilità da illecito antitrust e abuso di posizione dominante (artt. 101-102 TFUE + L. 287/1990),rito,rito,rito,rito,True,True,True,True,True,,,,Rito ordinario di cognizione,Rito ordinario di cognizione,False,,ok
kb_98_top9_set14_parte2.json,TOP9_CODICI_FREQUENTI_SET14_PARTE2,GUIDA_RESPONSABILIT_DA_ILLECITO_ANTITRUST_E_ABUSO_DI_POSIZIONE_DOMINANTE_ARTT__160100,Responsabilità da illecito antitrust e abuso di posizione dominante (artt. 101-102 TFUE + L. 287/1990),competenza,competenza,competenza,competenza,True,True,True,True,True,,,,TRIBUNALE SEZIONE SPECIALIZZATA IN MATERIA DI IMPRESA,TRIBUNALE SEZIONE SPECIALIZZATA IN MATERIA DI IMPRESA,False,,ok
kb_98_top9_set14_parte2.json,TOP9_CODICI_FREQUENTI_SET14_PARTE2,GUIDA_RESPONSABILIT_DA_ILLECITO_ANTITRUST_E_ABUSO_DI_POSIZIONE_DOMINANTE_ARTT__160100,Responsabilità da illecito antitrust e abuso di posizione dominante (artt. 101-102 TFUE + L. 287/1990),uffici_destinatari,uffici_destinatari,uffici_destinatari,uffici_destinatari,True,True,True,True,True,,,,,,False,,ok
kb_98_top9_set14_parte2.json,TOP9_CODICI_FREQUENTI_SET14_PARTE2,GUIDA_RESPONSABILIT_DA_ILLECITO_ANTITRUST_E_ABUSO_DI_POSIZIONE_DOMINANTE_ARTT__160100,Responsabilità da illecito antitrust e abuso di posizione dominante (artt. 101-102 TFUE + L. 287/1990),tipologie_di_intervento,tipologie_di_intervento,tipologie_di_intervento,tipologie_di_intervento,False,False,False,True,False,,,,,,False,,ok
kb_98_top9_set14_parte2.json,TOP9_CODICI_FREQUENTI_SET14_PARTE2,GUIDA_RESPONSABILIT_DA_ILLECITO_ANTITRUST_E_ABUSO_DI_POSIZIONE_DOMINANTE_ARTT__160100,Responsabilità da illecito antitrust e abuso di posizione dominante (artt. 101-102 TFUE + L. 287/1990),presupposti_sostanziali,presupposti_sostanziali,presupposti_sostanziali,presupposti_sostanziali,True,True,True,True,True,,,,,,False,,ok
kb_98_top9_set14_parte2.json,TOP9_CODICI_FREQUENTI_SET14_PARTE2,GUIDA_RESPONSABILIT_DA_ILLECITO_ANTITRUST_E_ABUSO_DI_POSIZIONE_DOMINANTE_ARTT__160100,Responsabilità da illecito antitrust e abuso di posizione dominante (artt. 101-102 TFUE + L. 287/1990),legittimati_attivi,legittimati_attivi,legittimati_attivi,legittimati_attivi,False,False,False,True,False,,,,,,False,,ok
kb_98_top9_set14_parte2.json,TOP9_CODICI_FREQUENTI_SET14_PARTE2,GUIDA_RESPONSABILIT_DA_ILLECITO_ANTITRUST_E_ABUSO_DI_POSIZIONE_DOMINANTE_ARTT__160100,Responsabilità da illecito antitrust e abuso di posizione dominante (artt. 101-102 TFUE + L. 287/1990),obbligo_mediazione,obbligo_mediazione,obbligo_mediazione,obbligo_mediazione,True,True,True,True,True,,,,,,False,,ok
kb_98_top9_set14_parte2.json,TOP9_CODICI_FREQUENTI_SET14_PARTE2,GUIDA_RESPONSABILIT_DA_ILLECITO_ANTITRUST_E_ABUSO_DI_POSIZIONE_DOMINANTE_ARTT__160100,Responsabilità da illecito antitrust e abuso di posizione dominante (artt. 101-102 TFUE + L. 287/1990),adempimenti_propedeutici,adempimenti_propedeutici,adempimenti_propedeutici,adempimenti_propedeutici,True,True,True,True,True,"1,2,3","1,2,3",,,,False,,ok
kb_98_top9_set14_parte2.json,TOP9_CODICI_FREQUENTI_SET14_PARTE2,GUIDA_RESPONSABILIT_DA_ILLECITO_ANTITRUST_E_ABUSO_DI_POSIZIONE_DOMINANTE_ARTT__160100,Responsabilità da illecito antitrust e abuso di posizione dominante (artt. 101-102 TFUE + L. 287/1990),richiesta_provvedimenti_urgenti,richiesta_provvedimenti_urgenti,richiesta_provvedimenti_urgenti,richiesta_provvedimenti_urgenti,False,False,False,True,False,,,,,,False,,ok
kb_98_top9_set14_parte2.json,TOP9_CODICI_FREQUENTI_SET14_PARTE2,GUIDA_RESPONSABILIT_DA_ILLECITO_ANTITRUST_E_ABUSO_DI_POSIZIONE_DOMINANTE_ARTT__160100,Responsabilità da illecito antitrust e abuso di posizione dominante (artt. 101-102 TFUE + L. 287/1990),avvertimenti_obbligatori,atto_principale.avvertimenti_obbligatori,atto_principale.avvertimenti_obbligatori,atto_principale.avvertimenti_obbligatori,True,True,True,True,True,,,,,,False,,ok
kb_98_top9_set14_parte2.json,TOP9_CODICI_FREQUENTI_SET14_PARTE2,GUIDA_RESPONSABILIT_DA_ILLECITO_ANTITRUST_E_ABUSO_DI_POSIZIONE_DOMINANTE_ARTT__160100,Responsabilità da illecito antitrust e abuso di posizione dominante (artt. 101-102 TFUE + L. 287/1990),allegati_obbligatori,allegati_obbligatori,allegati_obbligatori,allegati_obbligatori,True,True,True,True,True,,,,,,False,,ok
kb_98_top9_set14_parte2.json,TOP9_CODICI_FREQUENTI_SET14_PARTE2,GUIDA_RESPONSABILIT_DA_ILLECITO_ANTITRUST_E_ABUSO_DI_POSIZIONE_DOMINANTE_ARTT__160100,Responsabilità da illecito antitrust e abuso di posizione dominante (artt. 101-102 TFUE + L. 287/1990),termini_processuali,termini_processuali,termini_processuali,termini_processuali,True,True,True,True,True,,,,,,False,,ok
kb_98_top9_set14_parte2.json,TOP9_CODICI_FREQUENTI_SET14_PARTE2,GUIDA_RESPONSABILIT_DA_ILLECITO_ANTITRUST_E_ABUSO_DI_POSIZIONE_DOMINANTE_ARTT__160100,Responsabilità da illecito antitrust e abuso di posizione dominante (artt. 101-102 TFUE + L. 287/1990),esiti_processuali_tipici,esiti_processuali_tipici,esiti_processuali_tipici,esiti_processuali_tipici,True,True,True,True,True,,,,,,False,,ok
kb_98_top9_set14_parte2.json,TOP9_CODICI_FREQUENTI_SET14_PARTE2,GUIDA_RESPONSABILIT_DA_ILLECITO_ANTITRUST_E_ABUSO_DI_POSIZIONE_DOMINANTE_ARTT__160100,Responsabilità da illecito antitrust e abuso di posizione dominante (artt. 101-102 TFUE + L. 287/1990),normativa,normativa,normativa,normativa,True,True,True,True,True,,,,,,False,,ok
kb_98_top9_set14_parte2.json,TOP9_CODICI_FREQUENTI_SET14_PARTE2,GUIDA_RESPONSABILIT_DA_ILLECITO_ANTITRUST_E_ABUSO_DI_POSIZIONE_DOMINANTE_ARTT__160100,Responsabilità da illecito antitrust e abuso di posizione dominante (artt. 101-102 TFUE + L. 287/1990),atto_principale,atto_principale,atto_principale,atto_principale,True,True,True,True,True,,,,,,False,,ok
kb_98_top9_set14_parte2.json,TOP9_CODICI_FREQUENTI_SET14_PARTE2,GUIDA_RESPONSABILIT_DA_ILLECITO_ANTITRUST_E_ABUSO_DI_POSIZIONE_DOMINANTE_ARTT__160100,Responsabilità da illecito antitrust e abuso di posizione dominante (artt. 101-102 TFUE + L. 287/1990),fonti_verifica_web,fonti_verifica_web,fonti_verifica_web,fonti_verifica_web,True,True,True,True,True,,,,,,False,,ok
kb_98_top9_set14_parte2.json,TOP9_CODICI_FREQUENTI_SET14_PARTE2,GUIDA_RESPONSABILIT_DA_ILLECITO_ANTITRUST_E_ABUSO_DI_POSIZIONE_DOMINANTE_ARTT__160100,Responsabilità da illecito antitrust e abuso di posizione dominante (artt. 101-102 TFUE + L. 287/1990),presidi_operativi_integrativi,presidi_operativi_integrativi,presidi_operativi_integrativi,presidi_operativi_integrativi,False,False,True,True,True,,,,,,False,,ok
kb_98_top9_set14_parte2.json,TOP9_CODICI_FREQUENTI_SET14_PARTE2,GUIDA_RESPONSABILIT_DA_ILLECITO_ANTITRUST_E_ABUSO_DI_POSIZIONE_DOMINANTE_ARTT__160100,Responsabilità da illecito antitrust e abuso di posizione dominante (artt. 101-102 TFUE + L. 287/1990),specialistica:tipologie_di_infrazioni_antitrust,tipologie_di_infrazioni_antitrust,tipologie_di_infrazioni_antitrust,tipologie_di_infrazioni_antitrust,True,True,True,True,True,,,,,,False,,ok
kb_98_top9_set14_parte2.json,TOP9_CODICI_FREQUENTI_SET14_PARTE2,GUIDA_RESPONSABILIT_DA_ILLECITO_ANTITRUST_E_ABUSO_DI_POSIZIONE_DOMINANTE_ARTT__160100,Responsabilità da illecito antitrust e abuso di posizione dominante (artt. 101-102 TFUE + L. 287/1990),specialistica:effetto_vincolante_decisione_AGCM,effetto_vincolante_decisione_AGCM,effetto_vincolante_decisione_AGCM,effetto_vincolante_decisione_AGCM,True,True,True,True,True,,,,,,False,,ok
kb_98_top9_set14_parte2.json,TOP9_CODICI_FREQUENTI_SET14_PARTE2,GUIDA_RESPONSABILIT_DA_ILLECITO_ANTITRUST_E_ABUSO_DI_POSIZIONE_DOMINANTE_ARTT__160100,Responsabilità da illecito antitrust e abuso di posizione dominante (artt. 101-102 TFUE + L. 287/1990),specialistica:quantificazione_del_danno,quantificazione_del_danno,quantificazione_del_danno,quantificazione_del_danno,True,True,True,True,True,,,,,,False,,ok
kb_98_top9_set14_parte2.json,TOP9_CODICI_FREQUENTI_SET14_PARTE2,GUIDA_AZIONE_CUMULATA_PER_MOBBING_SISTEMICO_STRAINING_DEMANSIONAMENTO_PROGRESS_160090,Azione cumulata per mobbing sistemico + straining + demansionamento progressivo (art. 2087 c.c.),denominazione,denominazione,denominazione,denominazione,True,True,True,True,True,,,,Azione cumulata per mobbing sistemico + straining + demansionamento progressivo (art. 2087 c.c.),Azione cumulata per mobbing sistemico + straining + demansionamento progressivo (art. 2087 c.c.),False,,ok
kb_98_top9_set14_parte2.json,TOP9_CODICI_FREQUENTI_SET14_PARTE2,GUIDA_AZIONE_CUMULATA_PER_MOBBING_SISTEMICO_STRAINING_DEMANSIONAMENTO_PROGRESS_160090,Azione cumulata per mobbing sistemico + straining + demansionamento progressivo (art. 2087 c.c.),categoria,categoria,categoria,categoria,True,True,True,True,True,,,,Lavoro - tutela integrale della dignità e professionalità,Lavoro - tutela integrale della dignità e professionalità,False,,ok
kb_98_top9_set14_parte2.json,TOP9_CODICI_FREQUENTI_SET14_PARTE2,GUIDA_AZIONE_CUMULATA_PER_MOBBING_SISTEMICO_STRAINING_DEMANSIONAMENTO_PROGRESS_160090,Azione cumulata per mobbing sistemico + straining + demansionamento progressivo (art. 2087 c.c.),sottocategoria,sottocategoria,sottocategoria,sottocategoria,True,True,True,True,True,,,,Ricorso unico che cumula azioni per condotte plurioffensive: mobbing sistematico + straining + dequalificazione + danni biologici,Ricorso unico che cumula azioni per condotte plurioffensive: mobbing sistematico + straining + dequalificazione + danni biologici,False,,ok
kb_98_top9_set14_parte2.json,TOP9_CODICI_FREQUENTI_SET14_PARTE2,GUIDA_AZIONE_CUMULATA_PER_MOBBING_SISTEMICO_STRAINING_DEMANSIONAMENTO_PROGRESS_160090,Azione cumulata per mobbing sistemico + straining + demansionamento progressivo (art. 2087 c.c.),rito,rito,rito,rito,True,True,True,True,True,,,,Rito del lavoro ex artt. 409 e ss. c.p.c.,Rito del lavoro ex artt. 409 e ss. c.p.c.,False,,ok
kb_98_top9_set14_parte2.json,TOP9_CODICI_FREQUENTI_SET14_PARTE2,GUIDA_AZIONE_CUMULATA_PER_MOBBING_SISTEMICO_STRAINING_DEMANSIONAMENTO_PROGRESS_160090,Azione cumulata per mobbing sistemico + straining + demansionamento progressivo (art. 2087 c.c.),competenza,competenza,competenza,competenza,True,True,True,True,True,,,,Tribunale del lavoro - foro della sede di lavoro (art. 413 c.p.c.),Tribunale del lavoro - foro della sede di lavoro (art. 413 c.p.c.),False,,ok
kb_98_top9_set14_parte2.json,TOP9_CODICI_FREQUENTI_SET14_PARTE2,GUIDA_AZIONE_CUMULATA_PER_MOBBING_SISTEMICO_STRAINING_DEMANSIONAMENTO_PROGRESS_160090,Azione cumulata per mobbing sistemico + straining + demansionamento progressivo (art. 2087 c.c.),uffici_destinatari,uffici_destinatari,uffici_destinatari,uffici_destinatari,True,True,True,True,True,,,,,,False,,ok
kb_98_top9_set14_parte2.json,TOP9_CODICI_FREQUENTI_SET14_PARTE2,GUIDA_AZIONE_CUMULATA_PER_MOBBING_SISTEMICO_STRAINING_DEMANSIONAMENTO_PROGRESS_160090,Azione cumulata per mobbing sistemico + straining + demansionamento progressivo (art. 2087 c.c.),tipologie_di_intervento,tipologie_di_intervento,tipologie_di_intervento,tipologie_di_intervento,False,False,False,True,False,,,,,,False,,ok
kb_98_top9_set14_parte2.json,TOP9_CODICI_FREQUENTI_SET14_PARTE2,GUIDA_AZIONE_CUMULATA_PER_MOBBING_SISTEMICO_STRAINING_DEMANSIONAMENTO_PROGRESS_160090,Azione cumulata per mobbing sistemico + straining + demansionamento progressivo (art. 2087 c.c.),presupposti_sostanziali,presupposti_sostanziali,presupposti_sostanziali,presupposti_sostanziali,False,False,False,True,True,,,,,,False,,ok
kb_98_top9_set14_parte2.json,TOP9_CODICI_FREQUENTI_SET14_PARTE2,GUIDA_AZIONE_CUMULATA_PER_MOBBING_SISTEMICO_STRAINING_DEMANSIONAMENTO_PROGRESS_160090,Azione cumulata per mobbing sistemico + straining + demansionamento progressivo (art. 2087 c.c.),legittimati_attivi,legittimati_attivi,legittimati_attivi,legittimati_attivi,False,False,False,True,False,,,,,,False,,ok
kb_98_top9_set14_parte2.json,TOP9_CODICI_FREQUENTI_SET14_PARTE2,GUIDA_AZIONE_CUMULATA_PER_MOBBING_SISTEMICO_STRAINING_DEMANSIONAMENTO_PROGRESS_160090,Azione cumulata per mobbing sistemico + straining + demansionamento progressivo (art. 2087 c.c.),obbligo_mediazione,obbligo_mediazione,obbligo_mediazione,obbligo_mediazione,True,True,True,True,True,,,,,,False,,ok
kb_98_top9_set14_parte2.json,TOP9_CODICI_FREQUENTI_SET14_PARTE2,GUIDA_AZIONE_CUMULATA_PER_MOBBING_SISTEMICO_STRAINING_DEMANSIONAMENTO_PROGRESS_160090,Azione cumulata per mobbing sistemico + straining + demansionamento progressivo (art. 2087 c.c.),adempimenti_propedeutici,adempimenti_propedeutici,adempimenti_propedeutici,adempimenti_propedeutici,True,True,True,True,True,"1,2,3,4","1,2,3,4",,,,False,,ok
kb_98_top9_set14_parte2.json,TOP9_CODICI_FREQUENTI_SET14_PARTE2,GUIDA_AZIONE_CUMULATA_PER_MOBBING_SISTEMICO_STRAINING_DEMANSIONAMENTO_PROGRESS_160090,Azione cumulata per mobbing sistemico + straining + demansionamento progressivo (art. 2087 c.c.),richiesta_provvedimenti_urgenti,richiesta_provvedimenti_urgenti,richiesta_provvedimenti_urgenti,richiesta_provvedimenti_urgenti,False,False,False,True,False,,,,,,False,,ok
kb_98_top9_set14_parte2.json,TOP9_CODICI_FREQUENTI_SET14_PARTE2,GUIDA_AZIONE_CUMULATA_PER_MOBBING_SISTEMICO_STRAINING_DEMANSIONAMENTO_PROGRESS_160090,Azione cumulata per mobbing sistemico + straining + demansionamento progressivo (art. 2087 c.c.),avvertimenti_obbligatori,atto_principale.avvertimenti_obbligatori,atto_principale.avvertimenti_obbligatori,atto_principale.avvertimenti_obbligatori,True,True,True,True,True,,,,,,False,,ok
kb_98_top9_set14_parte2.json,TOP9_CODICI_FREQUENTI_SET14_PARTE2,GUIDA_AZIONE_CUMULATA_PER_MOBBING_SISTEMICO_STRAINING_DEMANSIONAMENTO_PROGRESS_160090,Azione cumulata per mobbing sistemico + straining + demansionamento progressivo (art. 2087 c.c.),allegati_obbligatori,allegati_obbligatori,allegati_obbligatori,allegati_obbligatori,True,True,True,True,True,,,,,,False,,ok
kb_98_top9_set14_parte2.json,TOP9_CODICI_FREQUENTI_SET14_PARTE2,GUIDA_AZIONE_CUMULATA_PER_MOBBING_SISTEMICO_STRAINING_DEMANSIONAMENTO_PROGRESS_160090,Azione cumulata per mobbing sistemico + straining + demansionamento progressivo (art. 2087 c.c.),termini_processuali,termini_processuali,termini_processuali,termini_processuali,True,True,True,True,True,,,,,,False,,ok
kb_98_top9_set14_parte2.json,TOP9_CODICI_FREQUENTI_SET14_PARTE2,GUIDA_AZIONE_CUMULATA_PER_MOBBING_SISTEMICO_STRAINING_DEMANSIONAMENTO_PROGRESS_160090,Azione cumulata per mobbing sistemico + straining + demansionamento progressivo (art. 2087 c.c.),esiti_processuali_tipici,esiti_processuali_tipici,esiti_processuali_tipici,esiti_processuali_tipici,True,True,True,True,True,,,,,,False,,ok
kb_98_top9_set14_parte2.json,TOP9_CODICI_FREQUENTI_SET14_PARTE2,GUIDA_AZIONE_CUMULATA_PER_MOBBING_SISTEMICO_STRAINING_DEMANSIONAMENTO_PROGRESS_160090,Azione cumulata per mobbing sistemico + straining + demansionamento progressivo (art. 2087 c.c.),normativa,normativa,normativa,normativa,True,True,True,True,True,,,,,,False,,ok
kb_98_top9_set14_parte2.json,TOP9_CODICI_FREQUENTI_SET14_PARTE2,GUIDA_AZIONE_CUMULATA_PER_MOBBING_SISTEMICO_STRAINING_DEMANSIONAMENTO_PROGRESS_160090,Azione cumulata per mobbing sistemico + straining + demansionamento progressivo (art. 2087 c.c.),atto_principale,atto_principale,atto_principale,atto_principale,True,True,True,True,True,,,,,,False,,ok
kb_98_top9_set14_parte2.json,TOP9_CODICI_FREQUENTI_SET14_PARTE2,GUIDA_AZIONE_CUMULATA_PER_MOBBING_SISTEMICO_STRAINING_DEMANSIONAMENTO_PROGRESS_160090,Azione cumulata per mobbing sistemico + straining + demansionamento progressivo (art. 2087 c.c.),fonti_verifica_web,fonti_verifica_web,fonti_verifica_web,fonti_verifica_web,True,True,True,True,True,,,,,,False,,ok
kb_98_top9_set14_parte2.json,TOP9_CODICI_FREQUENTI_SET14_PARTE2,GUIDA_AZIONE_CUMULATA_PER_MOBBING_SISTEMICO_STRAINING_DEMANSIONAMENTO_PROGRESS_160090,Azione cumulata per mobbing sistemico + straining + demansionamento progressivo (art. 2087 c.c.),presidi_operativi_integrativi,presidi_operativi_integrativi,presidi_operativi_integrativi,presidi_operativi_integrativi,False,False,True,True,True,,,,,,False,,ok
kb_98_top9_set14_parte2.json,TOP9_CODICI_FREQUENTI_SET14_PARTE2,GUIDA_AZIONE_CUMULATA_PER_MOBBING_SISTEMICO_STRAINING_DEMANSIONAMENTO_PROGRESS_160090,Azione cumulata per mobbing sistemico + straining + demansionamento progressivo (art. 2087 c.c.),specialistica:vantaggio_dell_azione_cumulata,vantaggio_dell_azione_cumulata,vantaggio_dell_azione_cumulata,vantaggio_dell_azione_cumulata,True,True,True,True,True,,,,,,False,,ok
kb_98_top9_set14_parte2.json,TOP9_CODICI_FREQUENTI_SET14_PARTE2,GUIDA_AZIONE_CUMULATA_PER_MOBBING_SISTEMICO_STRAINING_DEMANSIONAMENTO_PROGRESS_160090,Azione cumulata per mobbing sistemico + straining + demansionamento progressivo (art. 2087 c.c.),specialistica:presupposti_sostanziali_cumulati,presupposti_sostanziali_cumulati,presupposti_sostanziali_cumulati,presupposti_sostanziali_cumulati,True,True,True,True,True,,,,,,False,,ok
kb_98_top9_set14_parte2.json,TOP9_CODICI_FREQUENTI_SET14_PARTE2,GUIDA_AZIONE_CUMULATA_PER_MOBBING_SISTEMICO_STRAINING_DEMANSIONAMENTO_PROGRESS_160090,Azione cumulata per mobbing sistemico + straining + demansionamento progressivo (art. 2087 c.c.),specialistica:voci_di_danno_quantificabili,voci_di_danno_quantificabili,voci_di_danno_quantificabili,voci_di_danno_quantificabili,True,True,True,True,True,,,,,,False,,ok
kb_98_top9_set2_parte1.json,TOP9_CODICI_FREQUENTI_SET2_PARTE1,111021,Divorzio congiunto (su domanda di entrambi i coniugi),denominazione,denominazione,denominazione,denominazione,True,True,True,True,True,,,,Divorzio congiunto (su domanda di entrambi i coniugi),Divorzio congiunto (su domanda di entrambi i coniugi),False,,ok
kb_98_top9_set2_parte1.json,TOP9_CODICI_FREQUENTI_SET2_PARTE1,111021,Divorzio congiunto (su domanda di entrambi i coniugi),categoria,categoria,categoria,categoria,True,True,True,True,True,,,,Scioglimento/cessazione effetti civili del matrimonio - domanda congiunta,Scioglimento/cessazione effetti civili del matrimonio - domanda congiunta,False,,ok
kb_98_top9_set2_parte1.json,TOP9_CODICI_FREQUENTI_SET2_PARTE1,111021,Divorzio congiunto (su domanda di entrambi i coniugi),sottocategoria,sottocategoria,sottocategoria,sottocategoria,True,True,True,True,True,,,,Divorzio su accordo dei coniugi - rito unificato persone e famiglia (post-Cartabia),Divorzio su accordo dei coniugi - rito unificato persone e famiglia (post-Cartabia),False,,ok
kb_98_top9_set2_parte1.json,TOP9_CODICI_FREQUENTI_SET2_PARTE1,111021,Divorzio congiunto (su domanda di entrambi i coniugi),rito,rito,rito,rito,True,True,True,True,True,,,,Procedimento speciale ex art. 473-bis.51 c.p.c. (domanda congiunta) - rito unificato persone e famiglia,Procedimento speciale ex art. 473-bis.51 c.p.c. (domanda congiunta) - rito unificato persone e famiglia,False,,ok
kb_98_top9_set2_parte1.json,TOP9_CODICI_FREQUENTI_SET2_PARTE1,111021,Divorzio congiunto (su domanda di entrambi i coniugi),competenza,competenza,competenza,competenza,True,True,True,True,True,,,,"Tribunale ordinario - sezione famiglia (o Tribunale per le persone, per i minorenni e per le famiglie ex D.Lgs. 149/2022)","Tribunale ordinario - sezione famiglia (o Tribunale per le persone, per i minorenni e per le famiglie ex D.Lgs. 149/2022)",False,,ok
kb_98_top9_set2_parte1.json,TOP9_CODICI_FREQUENTI_SET2_PARTE1,111021,Divorzio congiunto (su domanda di entrambi i coniugi),uffici_destinatari,uffici_destinatari,uffici_destinatari,uffici_destinatari,True,True,True,True,True,,,,,,False,,ok
kb_98_top9_set2_parte1.json,TOP9_CODICI_FREQUENTI_SET2_PARTE1,111021,Divorzio congiunto (su domanda di entrambi i coniugi),tipologie_di_intervento,tipologie_di_intervento,tipologie_di_intervento,tipologie_di_intervento,False,True,True,True,True,,,,,,False,,ok
kb_98_top9_set2_parte1.json,TOP9_CODICI_FREQUENTI_SET2_PARTE1,111021,Divorzio congiunto (su domanda di entrambi i coniugi),presupposti_sostanziali,presupposti_sostanziali,presupposti_sostanziali,presupposti_sostanziali,True,True,True,True,True,,,,,,False,,ok
kb_98_top9_set2_parte1.json,TOP9_CODICI_FREQUENTI_SET2_PARTE1,111021,Divorzio congiunto (su domanda di entrambi i coniugi),legittimati_attivi,legittimati_attivi,legittimati_attivi,legittimati_attivi,False,True,True,True,True,,,,,,False,,ok
kb_98_top9_set2_parte1.json,TOP9_CODICI_FREQUENTI_SET2_PARTE1,111021,Divorzio congiunto (su domanda di entrambi i coniugi),obbligo_mediazione,obbligo_mediazione_o_negoziazione_assistita,obbligo_mediazione,obbligo_mediazione,True,True,True,True,True,,,,,,False,,ok
kb_98_top9_set2_parte1.json,TOP9_CODICI_FREQUENTI_SET2_PARTE1,111021,Divorzio congiunto (su domanda di entrambi i coniugi),adempimenti_propedeutici,adempimenti_propedeutici,adempimenti_propedeutici,adempimenti_propedeutici,True,True,True,True,True,"1,2,3,4,5,6","1,2,3,4,5,6",,,,False,,ok
kb_98_top9_set2_parte1.json,TOP9_CODICI_FREQUENTI_SET2_PARTE1,111021,Divorzio congiunto (su domanda di entrambi i coniugi),richiesta_provvedimenti_urgenti,richiesta_provvedimenti_urgenti,richiesta_provvedimenti_urgenti,richiesta_provvedimenti_urgenti,False,True,True,True,True,,,,,,False,,ok
kb_98_top9_set2_parte1.json,TOP9_CODICI_FREQUENTI_SET2_PARTE1,111021,Divorzio congiunto (su domanda di entrambi i coniugi),avvertimenti_obbligatori,atto_principale.avvertimenti_obbligatori,avvertimenti_obbligatori,avvertimenti_obbligatori,True,True,True,True,True,,,,,,False,,ok
kb_98_top9_set2_parte1.json,TOP9_CODICI_FREQUENTI_SET2_PARTE1,111021,Divorzio congiunto (su domanda di entrambi i coniugi),allegati_obbligatori,allegati_obbligatori,allegati_obbligatori,allegati_obbligatori,True,True,True,True,True,,,,,,False,,ok
kb_98_top9_set2_parte1.json,TOP9_CODICI_FREQUENTI_SET2_PARTE1,111021,Divorzio congiunto (su domanda di entrambi i coniugi),termini_processuali,termini_processuali,termini_processuali,termini_processuali,True,True,True,True,True,,,,,,False,,ok
kb_98_top9_set2_parte1.json,TOP9_CODICI_FREQUENTI_SET2_PARTE1,111021,Divorzio congiunto (su domanda di entrambi i coniugi),esiti_processuali_tipici,esiti_processuali_tipici,esiti_processuali_tipici,esiti_processuali_tipici,True,True,True,True,True,,,,,,False,,ok
kb_98_top9_set2_parte1.json,TOP9_CODICI_FREQUENTI_SET2_PARTE1,111021,Divorzio congiunto (su domanda di entrambi i coniugi),normativa,normativa,normativa,normativa,True,True,True,True,True,,,,,,False,,ok
kb_98_top9_set2_parte1.json,TOP9_CODICI_FREQUENTI_SET2_PARTE1,111021,Divorzio congiunto (su domanda di entrambi i coniugi),atto_principale,atto_principale,atto_principale,atto_principale,True,True,True,True,True,,,,,,False,,ok
kb_98_top9_set2_parte1.json,TOP9_CODICI_FREQUENTI_SET2_PARTE1,111021,Divorzio congiunto (su domanda di entrambi i coniugi),fonti_verifica_web,fonti_verifica_web,fonti_verifica_web,fonti_verifica_web,False,False,True,True,True,,,,,,False,,ok
kb_98_top9_set2_parte1.json,TOP9_CODICI_FREQUENTI_SET2_PARTE1,111021,Divorzio congiunto (su domanda di entrambi i coniugi),presidi_operativi_integrativi,presidi_operativi_integrativi,presidi_operativi_integrativi,presidi_operativi_integrativi,False,False,True,True,True,,,,,,False,,ok
kb_98_top9_set2_parte1.json,TOP9_CODICI_FREQUENTI_SET2_PARTE1,111021,Divorzio congiunto (su domanda di entrambi i coniugi),specialistica:competenza_territoriale,competenza_territoriale,competenza_territoriale,competenza_territoriale,True,True,True,True,True,,,,,,False,,ok
kb_98_top9_set2_parte1.json,TOP9_CODICI_FREQUENTI_SET2_PARTE1,100002,Opposizione a decreto ingiuntivo (art. 645 c.p.c.),denominazione,denominazione,denominazione,denominazione,True,True,True,True,True,,,,Opposizione a decreto ingiuntivo (art. 645 c.p.c.),Opposizione a decreto ingiuntivo (art. 645 c.p.c.),False,,ok
kb_98_top9_set2_parte1.json,TOP9_CODICI_FREQUENTI_SET2_PARTE1,100002,Opposizione a decreto ingiuntivo (art. 645 c.p.c.),categoria,categoria,categoria,categoria,True,True,True,True,True,,,,Opposizioni a provvedimenti monitori,Opposizioni a provvedimenti monitori,False,,ok
kb_98_top9_set2_parte1.json,TOP9_CODICI_FREQUENTI_SET2_PARTE1,100002,Opposizione a decreto ingiuntivo (art. 645 c.p.c.),sottocategoria,sottocategoria,sottocategoria,sottocategoria,True,True,True,True,True,,,,Opposizione al decreto ingiuntivo - trasformazione in giudizio ordinario di cognizione,Opposizione al decreto ingiuntivo - trasformazione in giudizio ordinario di cognizione,False,,ok
kb_98_top9_set2_parte1.json,TOP9_CODICI_FREQUENTI_SET2_PARTE1,100002,Opposizione a decreto ingiuntivo (art. 645 c.p.c.),rito,rito,rito,rito,True,True,True,True,True,,,,Rito ordinario di cognizione (l'opposizione apre il giudizio di cognizione piena sul rapporto sostanziale),Rito ordinario di cognizione (l'opposizione apre il giudizio di cognizione piena sul rapporto sostanziale),False,,ok
kb_98_top9_set2_parte1.json,TOP9_CODICI_FREQUENTI_SET2_PARTE1,100002,Opposizione a decreto ingiuntivo (art. 645 c.p.c.),competenza,competenza,competenza,competenza,True,True,True,True,True,,,,STESSO GIUDICE che ha emesso il decreto ingiuntivo (art. 645 c. 1 c.p.c.) - inderogabile per ragioni di competenza territoriale (ma derogabile per valore e materia se concorrente),STESSO GIUDICE che ha emesso il decreto ingiuntivo (art. 645 c. 1 c.p.c.) - inderogabile per ragioni di competenza territoriale (ma derogabile per valore e materia se concorrente),False,,ok
kb_98_top9_set2_parte1.json,TOP9_CODICI_FREQUENTI_SET2_PARTE1,100002,Opposizione a decreto ingiuntivo (art. 645 c.p.c.),uffici_destinatari,uffici_destinatari,uffici_destinatari,uffici_destinatari,True,True,True,True,True,,,,,,False,,ok
kb_98_top9_set2_parte1.json,TOP9_CODICI_FREQUENTI_SET2_PARTE1,100002,Opposizione a decreto ingiuntivo (art. 645 c.p.c.),tipologie_di_intervento,tipologie_di_intervento,tipologie_di_intervento,tipologie_di_intervento,False,False,False,True,False,,,,,,False,,ok
kb_98_top9_set2_parte1.json,TOP9_CODICI_FREQUENTI_SET2_PARTE1,100002,Opposizione a decreto ingiuntivo (art. 645 c.p.c.),presupposti_sostanziali,presupposti_sostanziali,presupposti_sostanziali,presupposti_sostanziali,True,True,True,True,True,,,,,,False,,ok
kb_98_top9_set2_parte1.json,TOP9_CODICI_FREQUENTI_SET2_PARTE1,100002,Opposizione a decreto ingiuntivo (art. 645 c.p.c.),legittimati_attivi,legittimati_attivi,legittimati_attivi,legittimati_attivi,False,False,False,True,False,,,,,,False,,ok
kb_98_top9_set2_parte1.json,TOP9_CODICI_FREQUENTI_SET2_PARTE1,100002,Opposizione a decreto ingiuntivo (art. 645 c.p.c.),obbligo_mediazione,obbligo_mediazione,obbligo_mediazione,obbligo_mediazione,True,True,True,True,True,,,,,,False,,ok
kb_98_top9_set2_parte1.json,TOP9_CODICI_FREQUENTI_SET2_PARTE1,100002,Opposizione a decreto ingiuntivo (art. 645 c.p.c.),adempimenti_propedeutici,adempimenti_propedeutici,adempimenti_propedeutici,adempimenti_propedeutici,True,True,True,True,True,"1,2,3,4,5,6","1,2,3,4,5,6",,,,False,,ok
kb_98_top9_set2_parte1.json,TOP9_CODICI_FREQUENTI_SET2_PARTE1,100002,Opposizione a decreto ingiuntivo (art. 645 c.p.c.),richiesta_provvedimenti_urgenti,richiesta_provvedimenti_urgenti,richiesta_provvedimenti_urgenti,richiesta_provvedimenti_urgenti,False,False,False,True,False,,,,,,False,,ok
kb_98_top9_set2_parte1.json,TOP9_CODICI_FREQUENTI_SET2_PARTE1,100002,Opposizione a decreto ingiuntivo (art. 645 c.p.c.),avvertimenti_obbligatori,atto_principale.avvertimenti_obbligatori,atto_principale.avvertimenti_obbligatori,atto_principale.avvertimenti_obbligatori,True,True,True,True,True,,,,,,False,,ok
kb_98_top9_set2_parte1.json,TOP9_CODICI_FREQUENTI_SET2_PARTE1,100002,Opposizione a decreto ingiuntivo (art. 645 c.p.c.),allegati_obbligatori,allegati_obbligatori,allegati_obbligatori,allegati_obbligatori,True,True,True,True,True,,,,,,False,,ok
kb_98_top9_set2_parte1.json,TOP9_CODICI_FREQUENTI_SET2_PARTE1,100002,Opposizione a decreto ingiuntivo (art. 645 c.p.c.),termini_processuali,termini_processuali,termini_processuali,termini_processuali,True,True,True,True,True,,,,,,False,,ok
kb_98_top9_set2_parte1.json,TOP9_CODICI_FREQUENTI_SET2_PARTE1,100002,Opposizione a decreto ingiuntivo (art. 645 c.p.c.),esiti_processuali_tipici,esiti_processuali_tipici,esiti_processuali_tipici,esiti_processuali_tipici,True,True,True,True,True,,,,,,False,,ok
kb_98_top9_set2_parte1.json,TOP9_CODICI_FREQUENTI_SET2_PARTE1,100002,Opposizione a decreto ingiuntivo (art. 645 c.p.c.),normativa,normativa,normativa,normativa,True,True,True,True,True,,,,,,False,,ok
kb_98_top9_set2_parte1.json,TOP9_CODICI_FREQUENTI_SET2_PARTE1,100002,Opposizione a decreto ingiuntivo (art. 645 c.p.c.),atto_principale,atto_principale,atto_principale,atto_principale,True,True,True,True,True,,,,,,False,,ok
kb_98_top9_set2_parte1.json,TOP9_CODICI_FREQUENTI_SET2_PARTE1,100002,Opposizione a decreto ingiuntivo (art. 645 c.p.c.),fonti_verifica_web,fonti_verifica_web,fonti_verifica_web,fonti_verifica_web,False,False,True,True,True,,,,,,False,,ok
kb_98_top9_set2_parte1.json,TOP9_CODICI_FREQUENTI_SET2_PARTE1,100002,Opposizione a decreto ingiuntivo (art. 645 c.p.c.),presidi_operativi_integrativi,presidi_operativi_integrativi,presidi_operativi_integrativi,presidi_operativi_integrativi,False,False,True,True,True,,,,,,False,,ok
kb_98_top9_set2_parte1.json,TOP9_CODICI_FREQUENTI_SET2_PARTE1,100002,Opposizione a decreto ingiuntivo (art. 645 c.p.c.),specialistica:registro_sgr,registro_sgr,registro_sgr,registro_sgr,True,True,True,True,True,,,,,,False,,ok
kb_98_top9_set2_parte1.json,TOP9_CODICI_FREQUENTI_SET2_PARTE1,100002,Opposizione a decreto ingiuntivo (art. 645 c.p.c.),specialistica:opposizione_tardiva_650,opposizione_tardiva_650,opposizione_tardiva_650,opposizione_tardiva_650,True,True,True,True,True,,,,,,False,,ok
kb_98_top9_set2_parte1.json,TOP9_CODICI_FREQUENTI_SET2_PARTE1,413071,Apertura della tutela ordinaria (interdizione di maggiorenne),denominazione,denominazione,denominazione,denominazione,True,True,True,True,True,,,,Apertura della tutela ordinaria (interdizione di maggiorenne),Apertura della tutela ordinaria (interdizione di maggiorenne),False,,ok
kb_98_top9_set2_parte1.json,TOP9_CODICI_FREQUENTI_SET2_PARTE1,413071,Apertura della tutela ordinaria (interdizione di maggiorenne),categoria,categoria,categoria,categoria,True,True,True,True,True,,,,Volontaria giurisdizione - misure di protezione - tutele,Volontaria giurisdizione - misure di protezione - tutele,False,,ok
kb_98_top9_set2_parte1.json,TOP9_CODICI_FREQUENTI_SET2_PARTE1,413071,Apertura della tutela ordinaria (interdizione di maggiorenne),sottocategoria,sottocategoria,sottocategoria,sottocategoria,True,True,True,True,True,,,,Tutela per maggiorenne interdetto - nomina tutore,Tutela per maggiorenne interdetto - nomina tutore,False,,ok
kb_98_top9_set2_parte1.json,TOP9_CODICI_FREQUENTI_SET2_PARTE1,413071,Apertura della tutela ordinaria (interdizione di maggiorenne),rito,rito,rito,rito,True,True,True,True,True,,,,Procedimento per interdizione/inabilitazione ex artt. 712-720 c.p.c. (giudizio contenzioso con rito camerale per fase di apertura tutela),Procedimento per interdizione/inabilitazione ex artt. 712-720 c.p.c. (giudizio contenzioso con rito camerale per fase di apertura tutela),False,,ok
kb_98_top9_set2_parte1.json,TOP9_CODICI_FREQUENTI_SET2_PARTE1,413071,Apertura della tutela ordinaria (interdizione di maggiorenne),competenza,competenza,competenza,competenza,True,True,True,True,True,,,,TRIBUNALE ORDINARIO per pronuncia di interdizione; GIUDICE TUTELARE per apertura tutela e successive autorizzazioni dopo passaggio in giudicato sentenza di interdizione,TRIBUNALE ORDINARIO per pronuncia di interdizione; GIUDICE TUTELARE per apertura tutela e successive autorizzazioni dopo passaggio in giudicato sentenza di interdizione,False,,ok
kb_98_top9_set2_parte1.json,TOP9_CODICI_FREQUENTI_SET2_PARTE1,413071,Apertura della tutela ordinaria (interdizione di maggiorenne),uffici_destinatari,uffici_destinatari,uffici_destinatari,uffici_destinatari,True,True,True,True,True,,,,,,False,,ok
kb_98_top9_set2_parte1.json,TOP9_CODICI_FREQUENTI_SET2_PARTE1,413071,Apertura della tutela ordinaria (interdizione di maggiorenne),tipologie_di_intervento,tipologie_di_intervento,tipologie_di_intervento,tipologie_di_intervento,False,False,False,True,False,,,,,,False,,ok
kb_98_top9_set2_parte1.json,TOP9_CODICI_FREQUENTI_SET2_PARTE1,413071,Apertura della tutela ordinaria (interdizione di maggiorenne),presupposti_sostanziali,presupposti_sostanziali,presupposti_sostanziali,presupposti_sostanziali,False,False,False,True,True,,,,,,False,,ok
kb_98_top9_set2_parte1.json,TOP9_CODICI_FREQUENTI_SET2_PARTE1,413071,Apertura della tutela ordinaria (interdizione di maggiorenne),legittimati_attivi,legittimati_attivi,legittimati_attivi,legittimati_attivi,True,True,True,True,True,,,,,,False,,ok
kb_98_top9_set2_parte1.json,TOP9_CODICI_FREQUENTI_SET2_PARTE1,413071,Apertura della tutela ordinaria (interdizione di maggiorenne),obbligo_mediazione,obbligo_mediazione,obbligo_mediazione,obbligo_mediazione,True,True,True,True,True,,,,,,False,,ok
kb_98_top9_set2_parte1.json,TOP9_CODICI_FREQUENTI_SET2_PARTE1,413071,Apertura della tutela ordinaria (interdizione di maggiorenne),adempimenti_propedeutici,adempimenti_propedeutici,adempimenti_propedeutici,adempimenti_propedeutici,True,True,True,True,True,"1,2,3,4,5,6","1,2,3,4,5,6",,,,False,,ok
kb_98_top9_set2_parte1.json,TOP9_CODICI_FREQUENTI_SET2_PARTE1,413071,Apertura della tutela ordinaria (interdizione di maggiorenne),richiesta_provvedimenti_urgenti,richiesta_provvedimenti_urgenti,richiesta_provvedimenti_urgenti,richiesta_provvedimenti_urgenti,False,False,False,True,False,,,,,,False,,ok
kb_98_top9_set2_parte1.json,TOP9_CODICI_FREQUENTI_SET2_PARTE1,413071,Apertura della tutela ordinaria (interdizione di maggiorenne),avvertimenti_obbligatori,atto_principale.avvertimenti_obbligatori,atto_principale.avvertimenti_obbligatori,atto_principale.avvertimenti_obbligatori,True,True,True,True,True,,,,,,False,,ok
kb_98_top9_set2_parte1.json,TOP9_CODICI_FREQUENTI_SET2_PARTE1,413071,Apertura della tutela ordinaria (interdizione di maggiorenne),allegati_obbligatori,allegati_obbligatori,allegati_obbligatori,allegati_obbligatori,True,True,True,True,True,,,,,,False,,ok
kb_98_top9_set2_parte1.json,TOP9_CODICI_FREQUENTI_SET2_PARTE1,413071,Apertura della tutela ordinaria (interdizione di maggiorenne),termini_processuali,termini_processuali,termini_processuali,termini_processuali,True,True,True,True,True,,,,,,False,,ok
kb_98_top9_set2_parte1.json,TOP9_CODICI_FREQUENTI_SET2_PARTE1,413071,Apertura della tutela ordinaria (interdizione di maggiorenne),esiti_processuali_tipici,esiti_processuali_tipici,esiti_processuali_tipici,esiti_processuali_tipici,True,True,True,True,True,,,,,,False,,ok
kb_98_top9_set2_parte1.json,TOP9_CODICI_FREQUENTI_SET2_PARTE1,413071,Apertura della tutela ordinaria (interdizione di maggiorenne),normativa,normativa,normativa,normativa,True,True,True,True,True,,,,,,False,,ok
kb_98_top9_set2_parte1.json,TOP9_CODICI_FREQUENTI_SET2_PARTE1,413071,Apertura della tutela ordinaria (interdizione di maggiorenne),atto_principale,atto_principale,atto_principale,atto_principale,True,True,True,True,True,,,,,,False,,ok
kb_98_top9_set2_parte1.json,TOP9_CODICI_FREQUENTI_SET2_PARTE1,413071,Apertura della tutela ordinaria (interdizione di maggiorenne),fonti_verifica_web,fonti_verifica_web,fonti_verifica_web,fonti_verifica_web,False,False,True,True,True,,,,,,False,,ok
kb_98_top9_set2_parte1.json,TOP9_CODICI_FREQUENTI_SET2_PARTE1,413071,Apertura della tutela ordinaria (interdizione di maggiorenne),presidi_operativi_integrativi,presidi_operativi_integrativi,presidi_operativi_integrativi,presidi_operativi_integrativi,False,False,True,True,True,,,,,,False,,ok
kb_98_top9_set2_parte1.json,TOP9_CODICI_FREQUENTI_SET2_PARTE1,413071,Apertura della tutela ordinaria (interdizione di maggiorenne),specialistica:competenza_territoriale,competenza_territoriale,competenza_territoriale,competenza_territoriale,True,True,True,True,True,,,,,,False,,ok
kb_98_top9_set2_parte1.json,TOP9_CODICI_FREQUENTI_SET2_PARTE1,413071,Apertura della tutela ordinaria (interdizione di maggiorenne),specialistica:presupposti_sostanziali_interdizione,presupposti_sostanziali_interdizione,presupposti_sostanziali_interdizione,presupposti_sostanziali_interdizione,True,True,True,True,True,,,,,,False,,ok
kb_98_top9_set2_parte1.json,TOP9_CODICI_FREQUENTI_SET2_PARTE1,413071,Apertura della tutela ordinaria (interdizione di maggiorenne),specialistica:differenze_da_inabilitazione_e_ads,differenze_da_inabilitazione_e_ads,differenze_da_inabilitazione_e_ads,differenze_da_inabilitazione_e_ads,True,True,True,True,True,,,,,,False,,ok
kb_98_top9_set2_parte1.json,TOP9_CODICI_FREQUENTI_SET2_PARTE1,620001,Esecuzione esattoriale immobiliare / Espropriazione immobiliare ordinaria,denominazione,denominazione,denominazione,denominazione,True,True,True,True,True,,,,Esecuzione esattoriale immobiliare / Espropriazione immobiliare ordinaria,Esecuzione esattoriale immobiliare / Espropriazione immobiliare ordinaria,False,,ok
kb_98_top9_set2_parte1.json,TOP9_CODICI_FREQUENTI_SET2_PARTE1,620001,Esecuzione esattoriale immobiliare / Espropriazione immobiliare ordinaria,categoria,categoria,categoria,categoria,True,True,True,True,True,,,,Esecuzione immobiliare,Esecuzione immobiliare,False,,ok
kb_98_top9_set2_parte1.json,TOP9_CODICI_FREQUENTI_SET2_PARTE1,620001,Esecuzione esattoriale immobiliare / Espropriazione immobiliare ordinaria,sottocategoria,sottocategoria,sottocategoria,sottocategoria,True,True,True,True,True,,,,Pignoramento di beni immobili - procedura ordinaria (artt. 555-598 c.p.c.) o esattoriale (D.P.R. 602/1973),Pignoramento di beni immobili - procedura ordinaria (artt. 555-598 c.p.c.) o esattoriale (D.P.R. 602/1973),False,,ok
kb_98_top9_set2_parte1.json,TOP9_CODICI_FREQUENTI_SET2_PARTE1,620001,Esecuzione esattoriale immobiliare / Espropriazione immobiliare ordinaria,rito,rito,rito,rito,True,True,True,True,True,,,,Espropriazione immobiliare ex artt. 555-598 c.p.c. (procedura ordinaria) - artt. 76-86 D.P.R. 602/1973 (esattoriale),Espropriazione immobiliare ex artt. 555-598 c.p.c. (procedura ordinaria) - artt. 76-86 D.P.R. 602/1973 (esattoriale),False,,ok
kb_98_top9_set2_parte1.json,TOP9_CODICI_FREQUENTI_SET2_PARTE1,620001,Esecuzione esattoriale immobiliare / Espropriazione immobiliare ordinaria,competenza,competenza,competenza,competenza,True,True,True,True,True,,,,Giudice dell'esecuzione del Tribunale del luogo in cui è situato l'immobile (art. 26 c.p.c.),Giudice dell'esecuzione del Tribunale del luogo in cui è situato l'immobile (art. 26 c.p.c.),False,,ok
kb_98_top9_set2_parte1.json,TOP9_CODICI_FREQUENTI_SET2_PARTE1,620001,Esecuzione esattoriale immobiliare / Espropriazione immobiliare ordinaria,uffici_destinatari,uffici_destinatari,uffici_destinatari,uffici_destinatari,True,True,True,True,True,,,,,,False,,ok
kb_98_top9_set2_parte1.json,TOP9_CODICI_FREQUENTI_SET2_PARTE1,620001,Esecuzione esattoriale immobiliare / Espropriazione immobiliare ordinaria,tipologie_di_intervento,tipologie_di_intervento,tipologie_di_intervento,tipologie_di_intervento,False,True,True,True,True,,,,,,False,,ok
kb_98_top9_set2_parte1.json,TOP9_CODICI_FREQUENTI_SET2_PARTE1,620001,Esecuzione esattoriale immobiliare / Espropriazione immobiliare ordinaria,presupposti_sostanziali,presupposti_sostanziali,presupposti_sostanziali,presupposti_sostanziali,True,True,True,True,True,,,,,,False,,ok
kb_98_top9_set2_parte1.json,TOP9_CODICI_FREQUENTI_SET2_PARTE1,620001,Esecuzione esattoriale immobiliare / Espropriazione immobiliare ordinaria,legittimati_attivi,legittimati_attivi,legittimati_attivi,legittimati_attivi,False,True,True,True,True,,,,,,False,,ok
kb_98_top9_set2_parte1.json,TOP9_CODICI_FREQUENTI_SET2_PARTE1,620001,Esecuzione esattoriale immobiliare / Espropriazione immobiliare ordinaria,obbligo_mediazione,obbligo_mediazione,obbligo_mediazione,obbligo_mediazione,True,True,True,True,True,,,,,,False,,ok
kb_98_top9_set2_parte1.json,TOP9_CODICI_FREQUENTI_SET2_PARTE1,620001,Esecuzione esattoriale immobiliare / Espropriazione immobiliare ordinaria,adempimenti_propedeutici,adempimenti_propedeutici,adempimenti_propedeutici,adempimenti_propedeutici,True,True,True,True,True,"1,2,3,4,5,6,7","1,2,3,4,5,6,7",,,,False,,ok
kb_98_top9_set2_parte1.json,TOP9_CODICI_FREQUENTI_SET2_PARTE1,620001,Esecuzione esattoriale immobiliare / Espropriazione immobiliare ordinaria,richiesta_provvedimenti_urgenti,richiesta_provvedimenti_urgenti,richiesta_provvedimenti_urgenti,richiesta_provvedimenti_urgenti,False,True,True,True,True,,,,,,False,,ok
kb_98_top9_set2_parte1.json,TOP9_CODICI_FREQUENTI_SET2_PARTE1,620001,Esecuzione esattoriale immobiliare / Espropriazione immobiliare ordinaria,avvertimenti_obbligatori,atto_principale.avvertimenti_obbligatori,avvertimenti_obbligatori,avvertimenti_obbligatori,True,True,True,True,True,,,,,,False,,ok
kb_98_top9_set2_parte1.json,TOP9_CODICI_FREQUENTI_SET2_PARTE1,620001,Esecuzione esattoriale immobiliare / Espropriazione immobiliare ordinaria,allegati_obbligatori,allegati_obbligatori,allegati_obbligatori,allegati_obbligatori,True,True,True,True,True,,,,,,False,,ok
kb_98_top9_set2_parte1.json,TOP9_CODICI_FREQUENTI_SET2_PARTE1,620001,Esecuzione esattoriale immobiliare / Espropriazione immobiliare ordinaria,termini_processuali,termini_processuali,termini_processuali,termini_processuali,True,True,True,True,True,,,,,,False,,ok
kb_98_top9_set2_parte1.json,TOP9_CODICI_FREQUENTI_SET2_PARTE1,620001,Esecuzione esattoriale immobiliare / Espropriazione immobiliare ordinaria,esiti_processuali_tipici,esiti_processuali_tipici,esiti_processuali_tipici,esiti_processuali_tipici,True,True,True,True,True,,,,,,False,,ok
kb_98_top9_set2_parte1.json,TOP9_CODICI_FREQUENTI_SET2_PARTE1,620001,Esecuzione esattoriale immobiliare / Espropriazione immobiliare ordinaria,normativa,normativa,normativa,normativa,True,True,True,True,True,,,,,,False,,ok
kb_98_top9_set2_parte1.json,TOP9_CODICI_FREQUENTI_SET2_PARTE1,620001,Esecuzione esattoriale immobiliare / Espropriazione immobiliare ordinaria,atto_principale,atto_principale,atto_principale,atto_principale,True,True,True,True,True,,,,,,False,,ok
kb_98_top9_set2_parte1.json,TOP9_CODICI_FREQUENTI_SET2_PARTE1,620001,Esecuzione esattoriale immobiliare / Espropriazione immobiliare ordinaria,fonti_verifica_web,fonti_verifica_web,fonti_verifica_web,fonti_verifica_web,False,False,True,True,True,,,,,,False,,ok
kb_98_top9_set2_parte1.json,TOP9_CODICI_FREQUENTI_SET2_PARTE1,620001,Esecuzione esattoriale immobiliare / Espropriazione immobiliare ordinaria,presidi_operativi_integrativi,presidi_operativi_integrativi,presidi_operativi_integrativi,presidi_operativi_integrativi,False,False,True,True,True,,,,,,False,,ok
kb_98_top9_set2_parte1.json,TOP9_CODICI_FREQUENTI_SET2_PARTE1,620001,Esecuzione esattoriale immobiliare / Espropriazione immobiliare ordinaria,specialistica:registro_sgr,registro_sgr,registro_sgr,registro_sgr,True,True,True,True,True,,,,,,False,,ok
kb_98_top9_set2_parte1.json,TOP9_CODICI_FREQUENTI_SET2_PARTE1,620001,Esecuzione esattoriale immobiliare / Espropriazione immobiliare ordinaria,specialistica:limiti_pignorabilita_prima_casa_esattoriale_art_76,limiti_pignorabilita_prima_casa_esattoriale_art_76,limiti_pignorabilita_prima_casa_esattoriale_art_76,limiti_pignorabilita_prima_casa_esattoriale_art_76,True,True,True,True,True,,,,,,False,,ok
kb_98_top9_set2_parte1.json,TOP9_CODICI_FREQUENTI_SET2_PARTE1,143002,Responsabilità professionale del personale sanitario e della struttura sanitaria (Legge Gelli-Bianco),denominazione,denominazione,denominazione,denominazione,True,True,True,True,True,,,,Responsabilità professionale del personale sanitario e della struttura sanitaria (Legge Gelli-Bianco),Responsabilità professionale del personale sanitario e della struttura sanitaria (Legge Gelli-Bianco),False,,ok
kb_98_top9_set2_parte1.json,TOP9_CODICI_FREQUENTI_SET2_PARTE1,143002,Responsabilità professionale del personale sanitario e della struttura sanitaria (Legge Gelli-Bianco),categoria,categoria,categoria,categoria,True,True,True,True,True,,,,Responsabilità civile - responsabilità professionale sanitaria,Responsabilità civile - responsabilità professionale sanitaria,False,,ok
kb_98_top9_set2_parte1.json,TOP9_CODICI_FREQUENTI_SET2_PARTE1,143002,Responsabilità professionale del personale sanitario e della struttura sanitaria (Legge Gelli-Bianco),sottocategoria,sottocategoria,sottocategoria,sottocategoria,True,True,True,True,True,,,,"Risarcimento danni da malpractice medica - responsabilità della struttura sanitaria (contrattuale) e del sanitario (extracontrattuale, salvo contratto specifico)","Risarcimento danni da malpractice medica - responsabilità della struttura sanitaria (contrattuale) e del sanitario (extracontrattuale, salvo contratto specifico)",False,,ok
kb_98_top9_set2_parte1.json,TOP9_CODICI_FREQUENTI_SET2_PARTE1,143002,Responsabilità professionale del personale sanitario e della struttura sanitaria (Legge Gelli-Bianco),rito,rito,rito,rito,True,True,True,True,True,,,,"Rito ordinario di cognizione, preceduto OBBLIGATORIAMENTE da ATP CONCILIATIVO ex art. 8 L. 24/2017 o, in alternativa, da mediazione obbligatoria ex art. 5 D.Lgs. 28/2010","Rito ordinario di cognizione, preceduto OBBLIGATORIAMENTE da ATP CONCILIATIVO ex art. 8 L. 24/2017 o, in alternativa, da mediazione obbligatoria ex art. 5 D.Lgs. 28/2010",False,,ok
kb_98_top9_set2_parte1.json,TOP9_CODICI_FREQUENTI_SET2_PARTE1,143002,Responsabilità professionale del personale sanitario e della struttura sanitaria (Legge Gelli-Bianco),competenza,competenza,competenza,competenza,True,True,True,True,True,,,,Tribunale per valore > 5.000 € (sempre per danni alla persona di rilievo) - foro del danneggiato/luogo erogazione prestazione/sede struttura (art. 18-19-20 c.p.c.),Tribunale per valore > 5.000 € (sempre per danni alla persona di rilievo) - foro del danneggiato/luogo erogazione prestazione/sede struttura (art. 18-19-20 c.p.c.),False,,ok
kb_98_top9_set2_parte1.json,TOP9_CODICI_FREQUENTI_SET2_PARTE1,143002,Responsabilità professionale del personale sanitario e della struttura sanitaria (Legge Gelli-Bianco),uffici_destinatari,uffici_destinatari,uffici_destinatari,uffici_destinatari,True,True,True,True,True,,,,,,False,,ok
kb_98_top9_set2_parte1.json,TOP9_CODICI_FREQUENTI_SET2_PARTE1,143002,Responsabilità professionale del personale sanitario e della struttura sanitaria (Legge Gelli-Bianco),tipologie_di_intervento,tipologie_di_intervento,tipologie_di_intervento,tipologie_di_intervento,False,False,False,True,False,,,,,,False,,ok
kb_98_top9_set2_parte1.json,TOP9_CODICI_FREQUENTI_SET2_PARTE1,143002,Responsabilità professionale del personale sanitario e della struttura sanitaria (Legge Gelli-Bianco),presupposti_sostanziali,presupposti_sostanziali,presupposti_sostanziali,presupposti_sostanziali,True,True,True,True,True,,,,,,False,,ok
kb_98_top9_set2_parte1.json,TOP9_CODICI_FREQUENTI_SET2_PARTE1,143002,Responsabilità professionale del personale sanitario e della struttura sanitaria (Legge Gelli-Bianco),legittimati_attivi,legittimati_attivi,legittimati_attivi,legittimati_attivi,False,False,False,True,False,,,,,,False,,ok
kb_98_top9_set2_parte1.json,TOP9_CODICI_FREQUENTI_SET2_PARTE1,143002,Responsabilità professionale del personale sanitario e della struttura sanitaria (Legge Gelli-Bianco),obbligo_mediazione,obbligo_mediazione,obbligo_mediazione,obbligo_mediazione,False,False,False,True,False,,,,,,False,,ok
kb_98_top9_set2_parte1.json,TOP9_CODICI_FREQUENTI_SET2_PARTE1,143002,Responsabilità professionale del personale sanitario e della struttura sanitaria (Legge Gelli-Bianco),adempimenti_propedeutici,adempimenti_propedeutici,adempimenti_propedeutici,adempimenti_propedeutici,True,True,True,True,True,"1,2,3,4,5,6,7","1,2,3,4,5,6,7",,,,False,,ok
kb_98_top9_set2_parte1.json,TOP9_CODICI_FREQUENTI_SET2_PARTE1,143002,Responsabilità professionale del personale sanitario e della struttura sanitaria (Legge Gelli-Bianco),richiesta_provvedimenti_urgenti,richiesta_provvedimenti_urgenti,richiesta_provvedimenti_urgenti,richiesta_provvedimenti_urgenti,False,False,False,True,False,,,,,,False,,ok
kb_98_top9_set2_parte1.json,TOP9_CODICI_FREQUENTI_SET2_PARTE1,143002,Responsabilità professionale del personale sanitario e della struttura sanitaria (Legge Gelli-Bianco),avvertimenti_obbligatori,atto_principale.avvertimenti_obbligatori,atto_principale.avvertimenti_obbligatori,atto_principale.avvertimenti_obbligatori,True,True,True,True,True,,,,,,False,,ok
kb_98_top9_set2_parte1.json,TOP9_CODICI_FREQUENTI_SET2_PARTE1,143002,Responsabilità professionale del personale sanitario e della struttura sanitaria (Legge Gelli-Bianco),allegati_obbligatori,allegati_obbligatori,allegati_obbligatori,allegati_obbligatori,True,True,True,True,True,,,,,,False,,ok
kb_98_top9_set2_parte1.json,TOP9_CODICI_FREQUENTI_SET2_PARTE1,143002,Responsabilità professionale del personale sanitario e della struttura sanitaria (Legge Gelli-Bianco),termini_processuali,termini_processuali,termini_processuali,termini_processuali,True,True,True,True,True,,,,,,False,,ok
kb_98_top9_set2_parte1.json,TOP9_CODICI_FREQUENTI_SET2_PARTE1,143002,Responsabilità professionale del personale sanitario e della struttura sanitaria (Legge Gelli-Bianco),esiti_processuali_tipici,esiti_processuali_tipici,esiti_processuali_tipici,esiti_processuali_tipici,True,True,True,True,True,,,,,,False,,ok
kb_98_top9_set2_parte1.json,TOP9_CODICI_FREQUENTI_SET2_PARTE1,143002,Responsabilità professionale del personale sanitario e della struttura sanitaria (Legge Gelli-Bianco),normativa,normativa,normativa,normativa,True,True,True,True,True,,,,,,False,,ok
kb_98_top9_set2_parte1.json,TOP9_CODICI_FREQUENTI_SET2_PARTE1,143002,Responsabilità professionale del personale sanitario e della struttura sanitaria (Legge Gelli-Bianco),atto_principale,atto_principale,atto_principale,atto_principale,True,True,True,True,True,,,,,,False,,ok
kb_98_top9_set2_parte1.json,TOP9_CODICI_FREQUENTI_SET2_PARTE1,143002,Responsabilità professionale del personale sanitario e della struttura sanitaria (Legge Gelli-Bianco),fonti_verifica_web,fonti_verifica_web,fonti_verifica_web,fonti_verifica_web,False,False,True,True,True,,,,,,False,,ok
kb_98_top9_set2_parte1.json,TOP9_CODICI_FREQUENTI_SET2_PARTE1,143002,Responsabilità professionale del personale sanitario e della struttura sanitaria (Legge Gelli-Bianco),presidi_operativi_integrativi,presidi_operativi_integrativi,presidi_operativi_integrativi,presidi_operativi_integrativi,False,False,True,True,True,,,,,,False,,ok
kb_98_top9_set2_parte1.json,TOP9_CODICI_FREQUENTI_SET2_PARTE1,143002,Responsabilità professionale del personale sanitario e della struttura sanitaria (Legge Gelli-Bianco),specialistica:obbligo_atp_conciliativo_o_mediazione,obbligo_atp_conciliativo_o_mediazione,obbligo_atp_conciliativo_o_mediazione,obbligo_atp_conciliativo_o_mediazione,True,True,True,True,True,,,,,,False,,ok
kb_98_top9_set2_parte2.json,TOP9_CODICI_FREQUENTI_SET2_PARTE2_SANIFICATO,220101,Licenziamento individuale per giustificato motivo oggettivo (gmo),denominazione,denominazione,denominazione,denominazione,True,True,True,True,True,,,,Licenziamento individuale per giustificato motivo oggettivo (gmo),Licenziamento individuale per giustificato motivo oggettivo (gmo),False,,ok
kb_98_top9_set2_parte2.json,TOP9_CODICI_FREQUENTI_SET2_PARTE2_SANIFICATO,220101,Licenziamento individuale per giustificato motivo oggettivo (gmo),categoria,categoria,categoria,categoria,True,True,True,True,True,,,,Lavoro - licenziamenti individuali,Lavoro - licenziamenti individuali,False,,ok
kb_98_top9_set2_parte2.json,TOP9_CODICI_FREQUENTI_SET2_PARTE2_SANIFICATO,220101,Licenziamento individuale per giustificato motivo oggettivo (gmo),sottocategoria,sottocategoria,sottocategoria,sottocategoria,True,True,True,True,True,,,,Impugnazione licenziamento per ragioni economiche/organizzative/produttive,Impugnazione licenziamento per ragioni economiche/organizzative/produttive,False,,ok
kb_98_top9_set2_parte2.json,TOP9_CODICI_FREQUENTI_SET2_PARTE2_SANIFICATO,220101,Licenziamento individuale per giustificato motivo oggettivo (gmo),rito,rito,rito,rito,True,True,True,True,True,,,,Rito ordinario del lavoro ex artt. 409 e ss. c.p.c. (per assunti dal 7/3/2015) OR Rito Fornero ex L. 92/2012 c. 47-69 (per assunti ante 7/3/2015 con tutela ex art. 18 St.Lav.),Rito ordinario del lavoro ex artt. 409 e ss. c.p.c. (per assunti dal 7/3/2015) OR Rito Fornero ex L. 92/2012 c. 47-69 (per assunti ante 7/3/2015 con tutela ex art. 18 St.Lav.),False,,ok
kb_98_top9_set2_parte2.json,TOP9_CODICI_FREQUENTI_SET2_PARTE2_SANIFICATO,220101,Licenziamento individuale per giustificato motivo oggettivo (gmo),competenza,competenza,competenza,competenza,True,True,True,True,True,,,,Tribunale del lavoro - foro luogo sede di lavoro (art. 413 c.p.c.),Tribunale del lavoro - foro luogo sede di lavoro (art. 413 c.p.c.),False,,ok
kb_98_top9_set2_parte2.json,TOP9_CODICI_FREQUENTI_SET2_PARTE2_SANIFICATO,220101,Licenziamento individuale per giustificato motivo oggettivo (gmo),uffici_destinatari,uffici_destinatari,uffici_destinatari,uffici_destinatari,True,True,True,True,True,,,,,,False,,ok
kb_98_top9_set2_parte2.json,TOP9_CODICI_FREQUENTI_SET2_PARTE2_SANIFICATO,220101,Licenziamento individuale per giustificato motivo oggettivo (gmo),tipologie_di_intervento,tipologie_di_intervento,tipologie_di_intervento,tipologie_di_intervento,False,False,False,True,False,,,,,,False,,ok
kb_98_top9_set2_parte2.json,TOP9_CODICI_FREQUENTI_SET2_PARTE2_SANIFICATO,220101,Licenziamento individuale per giustificato motivo oggettivo (gmo),presupposti_sostanziali,presupposti_sostanziali_gmo,presupposti_sostanziali_gmo,presupposti_sostanziali,True,True,True,True,True,,,,,,False,,ok
kb_98_top9_set2_parte2.json,TOP9_CODICI_FREQUENTI_SET2_PARTE2_SANIFICATO,220101,Licenziamento individuale per giustificato motivo oggettivo (gmo),legittimati_attivi,legittimati_attivi,legittimati_attivi,legittimati_attivi,False,False,False,True,False,,,,,,False,,ok
kb_98_top9_set2_parte2.json,TOP9_CODICI_FREQUENTI_SET2_PARTE2_SANIFICATO,220101,Licenziamento individuale per giustificato motivo oggettivo (gmo),obbligo_mediazione,obbligo_mediazione,obbligo_mediazione,obbligo_mediazione,True,True,True,True,True,,,,,,False,,ok
kb_98_top9_set2_parte2.json,TOP9_CODICI_FREQUENTI_SET2_PARTE2_SANIFICATO,220101,Licenziamento individuale per giustificato motivo oggettivo (gmo),adempimenti_propedeutici,adempimenti_propedeutici,adempimenti_propedeutici,adempimenti_propedeutici,True,True,True,True,True,"1,2,3,4,5,6,7","1,2,3,4,5,6,7",,,,False,,ok
kb_98_top9_set2_parte2.json,TOP9_CODICI_FREQUENTI_SET2_PARTE2_SANIFICATO,220101,Licenziamento individuale per giustificato motivo oggettivo (gmo),richiesta_provvedimenti_urgenti,richiesta_provvedimenti_urgenti,richiesta_provvedimenti_urgenti,richiesta_provvedimenti_urgenti,False,False,False,True,False,,,,,,False,,ok
kb_98_top9_set2_parte2.json,TOP9_CODICI_FREQUENTI_SET2_PARTE2_SANIFICATO,220101,Licenziamento individuale per giustificato motivo oggettivo (gmo),avvertimenti_obbligatori,atto_principale.avvertimenti_obbligatori,atto_principale.avvertimenti_obbligatori,atto_principale.avvertimenti_obbligatori,True,True,True,True,True,,,,,,False,,ok
kb_98_top9_set2_parte2.json,TOP9_CODICI_FREQUENTI_SET2_PARTE2_SANIFICATO,220101,Licenziamento individuale per giustificato motivo oggettivo (gmo),allegati_obbligatori,allegati_obbligatori,allegati_obbligatori,allegati_obbligatori,True,True,True,True,True,,,,,,False,,ok
kb_98_top9_set2_parte2.json,TOP9_CODICI_FREQUENTI_SET2_PARTE2_SANIFICATO,220101,Licenziamento individuale per giustificato motivo oggettivo (gmo),termini_processuali,termini_processuali,termini_processuali,termini_processuali,True,True,True,True,True,,,,,,False,,ok
kb_98_top9_set2_parte2.json,TOP9_CODICI_FREQUENTI_SET2_PARTE2_SANIFICATO,220101,Licenziamento individuale per giustificato motivo oggettivo (gmo),esiti_processuali_tipici,esiti_processuali_tipici,esiti_processuali_tipici,esiti_processuali_tipici,True,True,True,True,True,,,,,,False,,ok
kb_98_top9_set2_parte2.json,TOP9_CODICI_FREQUENTI_SET2_PARTE2_SANIFICATO,220101,Licenziamento individuale per giustificato motivo oggettivo (gmo),normativa,normativa,normativa,normativa,True,True,True,True,True,,,,,,False,,ok
kb_98_top9_set2_parte2.json,TOP9_CODICI_FREQUENTI_SET2_PARTE2_SANIFICATO,220101,Licenziamento individuale per giustificato motivo oggettivo (gmo),atto_principale,atto_principale,atto_principale,atto_principale,True,True,True,True,True,,,,,,False,,ok
kb_98_top9_set2_parte2.json,TOP9_CODICI_FREQUENTI_SET2_PARTE2_SANIFICATO,220101,Licenziamento individuale per giustificato motivo oggettivo (gmo),fonti_verifica_web,fonti_verifica_web,fonti_verifica_web,fonti_verifica_web,False,False,True,True,True,,,,,,False,,ok
kb_98_top9_set2_parte2.json,TOP9_CODICI_FREQUENTI_SET2_PARTE2_SANIFICATO,220101,Licenziamento individuale per giustificato motivo oggettivo (gmo),presidi_operativi_integrativi,presidi_operativi_integrativi,presidi_operativi_integrativi,presidi_operativi_integrativi,False,False,True,True,True,,,,,,False,,ok
kb_98_top9_set2_parte2.json,TOP9_CODICI_FREQUENTI_SET2_PARTE2_SANIFICATO,220101,Licenziamento individuale per giustificato motivo oggettivo (gmo),specialistica:vizi_dedotti_tipici,vizi_dedotti_tipici,vizi_dedotti_tipici,vizi_dedotti_tipici,True,True,True,True,True,,,,,,False,,ok
kb_98_top9_set2_parte2.json,TOP9_CODICI_FREQUENTI_SET2_PARTE2_SANIFICATO,220101,Licenziamento individuale per giustificato motivo oggettivo (gmo),specialistica:guida_pratica_facoltativa,guida_pratica_facoltativa,guida_pratica_facoltativa,guida_pratica_facoltativa,True,True,True,True,True,,,,,,False,,ok
kb_98_top9_set2_parte2.json,TOP9_CODICI_FREQUENTI_SET2_PARTE2_SANIFICATO,220101,Licenziamento individuale per giustificato motivo oggettivo (gmo),specialistica:verifica_pst_xsd_iusentra,verifica_pst_xsd_iusentra,verifica_pst_xsd_iusentra,verifica_pst_xsd_iusentra,True,True,True,True,True,,,,,,False,,ok
kb_98_top9_set2_parte2.json,TOP9_CODICI_FREQUENTI_SET2_PARTE2_SANIFICATO,121003,Divisione di comunione ereditaria (divisione giudiziale),denominazione,denominazione,denominazione,denominazione,True,True,True,True,True,,,,Divisione di comunione ereditaria (divisione giudiziale),Divisione di comunione ereditaria (divisione giudiziale),False,,ok
kb_98_top9_set2_parte2.json,TOP9_CODICI_FREQUENTI_SET2_PARTE2_SANIFICATO,121003,Divisione di comunione ereditaria (divisione giudiziale),categoria,categoria,categoria,categoria,True,True,True,True,True,,,,Successioni e diritti reali - divisione,Successioni e diritti reali - divisione,False,,ok
kb_98_top9_set2_parte2.json,TOP9_CODICI_FREQUENTI_SET2_PARTE2_SANIFICATO,121003,Divisione di comunione ereditaria (divisione giudiziale),sottocategoria,sottocategoria,sottocategoria,sottocategoria,True,True,True,True,True,,,,Scioglimento della comunione ereditaria per via giudiziale,Scioglimento della comunione ereditaria per via giudiziale,False,,ok
kb_98_top9_set2_parte2.json,TOP9_CODICI_FREQUENTI_SET2_PARTE2_SANIFICATO,121003,Divisione di comunione ereditaria (divisione giudiziale),rito,rito,rito,rito,True,True,True,True,True,,,,Rito ordinario di cognizione preceduto da MEDIAZIONE OBBLIGATORIA ex art. 5 c. 1-bis D.Lgs. 28/2010,Rito ordinario di cognizione preceduto da MEDIAZIONE OBBLIGATORIA ex art. 5 c. 1-bis D.Lgs. 28/2010,False,,ok
kb_98_top9_set2_parte2.json,TOP9_CODICI_FREQUENTI_SET2_PARTE2_SANIFICATO,121003,Divisione di comunione ereditaria (divisione giudiziale),competenza,competenza,competenza,competenza,True,True,True,True,True,,,,Tribunale del luogo dell'apertura della successione (art. 22 c.p.c.) - foro esclusivo,Tribunale del luogo dell'apertura della successione (art. 22 c.p.c.) - foro esclusivo,False,,ok
kb_98_top9_set2_parte2.json,TOP9_CODICI_FREQUENTI_SET2_PARTE2_SANIFICATO,121003,Divisione di comunione ereditaria (divisione giudiziale),uffici_destinatari,uffici_destinatari,uffici_destinatari,uffici_destinatari,True,True,True,True,True,,,,,,False,,ok
kb_98_top9_set2_parte2.json,TOP9_CODICI_FREQUENTI_SET2_PARTE2_SANIFICATO,121003,Divisione di comunione ereditaria (divisione giudiziale),tipologie_di_intervento,tipologie_di_intervento,tipologie_di_intervento,tipologie_di_intervento,False,False,False,True,False,,,,,,False,,ok
kb_98_top9_set2_parte2.json,TOP9_CODICI_FREQUENTI_SET2_PARTE2_SANIFICATO,121003,Divisione di comunione ereditaria (divisione giudiziale),presupposti_sostanziali,presupposti_sostanziali,presupposti_sostanziali,presupposti_sostanziali,True,True,True,True,True,,,,,,False,,ok
kb_98_top9_set2_parte2.json,TOP9_CODICI_FREQUENTI_SET2_PARTE2_SANIFICATO,121003,Divisione di comunione ereditaria (divisione giudiziale),legittimati_attivi,legittimati_attivi,legittimati_attivi,legittimati_attivi,False,False,False,True,False,,,,,,False,,ok
kb_98_top9_set2_parte2.json,TOP9_CODICI_FREQUENTI_SET2_PARTE2_SANIFICATO,121003,Divisione di comunione ereditaria (divisione giudiziale),obbligo_mediazione,obbligo_mediazione,obbligo_mediazione,obbligo_mediazione,True,True,True,True,True,,,,,,False,,ok
kb_98_top9_set2_parte2.json,TOP9_CODICI_FREQUENTI_SET2_PARTE2_SANIFICATO,121003,Divisione di comunione ereditaria (divisione giudiziale),adempimenti_propedeutici,adempimenti_propedeutici,adempimenti_propedeutici,adempimenti_propedeutici,True,True,True,True,True,"1,2,3,4,5,6,7","1,2,3,4,5,6,7",,,,False,,ok
kb_98_top9_set2_parte2.json,TOP9_CODICI_FREQUENTI_SET2_PARTE2_SANIFICATO,121003,Divisione di comunione ereditaria (divisione giudiziale),richiesta_provvedimenti_urgenti,richiesta_provvedimenti_urgenti,richiesta_provvedimenti_urgenti,richiesta_provvedimenti_urgenti,False,False,False,True,False,,,,,,False,,ok
kb_98_top9_set2_parte2.json,TOP9_CODICI_FREQUENTI_SET2_PARTE2_SANIFICATO,121003,Divisione di comunione ereditaria (divisione giudiziale),avvertimenti_obbligatori,atto_principale.avvertimenti_obbligatori,atto_principale.avvertimenti_obbligatori,atto_principale.avvertimenti_obbligatori,True,True,True,True,True,,,,,,False,,ok
kb_98_top9_set2_parte2.json,TOP9_CODICI_FREQUENTI_SET2_PARTE2_SANIFICATO,121003,Divisione di comunione ereditaria (divisione giudiziale),allegati_obbligatori,allegati_obbligatori,allegati_obbligatori,allegati_obbligatori,True,True,True,True,True,,,,,,False,,ok
kb_98_top9_set2_parte2.json,TOP9_CODICI_FREQUENTI_SET2_PARTE2_SANIFICATO,121003,Divisione di comunione ereditaria (divisione giudiziale),termini_processuali,termini_processuali,termini_processuali,termini_processuali,True,True,True,True,True,,,,,,False,,ok
kb_98_top9_set2_parte2.json,TOP9_CODICI_FREQUENTI_SET2_PARTE2_SANIFICATO,121003,Divisione di comunione ereditaria (divisione giudiziale),esiti_processuali_tipici,esiti_processuali_tipici,esiti_processuali_tipici,esiti_processuali_tipici,True,True,True,True,True,,,,,,False,,ok
kb_98_top9_set2_parte2.json,TOP9_CODICI_FREQUENTI_SET2_PARTE2_SANIFICATO,121003,Divisione di comunione ereditaria (divisione giudiziale),normativa,normativa,normativa,normativa,True,True,True,True,True,,,,,,False,,ok
kb_98_top9_set2_parte2.json,TOP9_CODICI_FREQUENTI_SET2_PARTE2_SANIFICATO,121003,Divisione di comunione ereditaria (divisione giudiziale),atto_principale,atto_principale,atto_principale,atto_principale,True,True,True,True,True,,,,,,False,,ok
kb_98_top9_set2_parte2.json,TOP9_CODICI_FREQUENTI_SET2_PARTE2_SANIFICATO,121003,Divisione di comunione ereditaria (divisione giudiziale),fonti_verifica_web,fonti_verifica_web,fonti_verifica_web,fonti_verifica_web,False,False,True,True,True,,,,,,False,,ok
kb_98_top9_set2_parte2.json,TOP9_CODICI_FREQUENTI_SET2_PARTE2_SANIFICATO,121003,Divisione di comunione ereditaria (divisione giudiziale),presidi_operativi_integrativi,presidi_operativi_integrativi,presidi_operativi_integrativi,presidi_operativi_integrativi,False,False,True,True,True,,,,,,False,,ok
kb_98_top9_set2_parte2.json,TOP9_CODICI_FREQUENTI_SET2_PARTE2_SANIFICATO,121003,Divisione di comunione ereditaria (divisione giudiziale),specialistica:guida_pratica_facoltativa,guida_pratica_facoltativa,guida_pratica_facoltativa,guida_pratica_facoltativa,True,True,True,True,True,,,,,,False,,ok
kb_98_top9_set2_parte2.json,TOP9_CODICI_FREQUENTI_SET2_PARTE2_SANIFICATO,121003,Divisione di comunione ereditaria (divisione giudiziale),specialistica:verifica_pst_xsd_iusentra,verifica_pst_xsd_iusentra,verifica_pst_xsd_iusentra,verifica_pst_xsd_iusentra,True,True,True,True,True,,,,,,False,,ok
kb_98_top9_set2_parte2.json,TOP9_CODICI_FREQUENTI_SET2_PARTE2_SANIFICATO,GUIDA_TUTELA_MINORI_ORDINARIA,"Apertura della tutela ordinaria - minori (per genitori deceduti, decaduti o impossibilitati)",denominazione,denominazione,denominazione,denominazione,True,True,True,True,True,,,,"Apertura della tutela ordinaria - minori (per genitori deceduti, decaduti o impossibilitati)","Apertura della tutela ordinaria - minori (per genitori deceduti, decaduti o impossibilitati)",False,,ok
kb_98_top9_set2_parte2.json,TOP9_CODICI_FREQUENTI_SET2_PARTE2_SANIFICATO,GUIDA_TUTELA_MINORI_ORDINARIA,"Apertura della tutela ordinaria - minori (per genitori deceduti, decaduti o impossibilitati)",categoria,categoria,categoria,categoria,True,True,True,True,True,,,,Volontaria giurisdizione - protezione dei minori,Volontaria giurisdizione - protezione dei minori,False,,ok
kb_98_top9_set2_parte2.json,TOP9_CODICI_FREQUENTI_SET2_PARTE2_SANIFICATO,GUIDA_TUTELA_MINORI_ORDINARIA,"Apertura della tutela ordinaria - minori (per genitori deceduti, decaduti o impossibilitati)",sottocategoria,sottocategoria,sottocategoria,sottocategoria,True,True,True,True,True,,,,Tutela del minore - nomina del tutore (artt. 343-389 c.c.),Tutela del minore - nomina del tutore (artt. 343-389 c.c.),False,,ok
kb_98_top9_set2_parte2.json,TOP9_CODICI_FREQUENTI_SET2_PARTE2_SANIFICATO,GUIDA_TUTELA_MINORI_ORDINARIA,"Apertura della tutela ordinaria - minori (per genitori deceduti, decaduti o impossibilitati)",rito,rito,rito,rito,True,True,True,True,True,,,,Procedimento camerale - GIUDICE TUTELARE,Procedimento camerale - GIUDICE TUTELARE,False,,ok
kb_98_top9_set2_parte2.json,TOP9_CODICI_FREQUENTI_SET2_PARTE2_SANIFICATO,GUIDA_TUTELA_MINORI_ORDINARIA,"Apertura della tutela ordinaria - minori (per genitori deceduti, decaduti o impossibilitati)",competenza,competenza,competenza,competenza,True,True,True,True,True,,,,GIUDICE TUTELARE del Tribunale del luogo di residenza/domicilio del minore,GIUDICE TUTELARE del Tribunale del luogo di residenza/domicilio del minore,False,,ok
kb_98_top9_set2_parte2.json,TOP9_CODICI_FREQUENTI_SET2_PARTE2_SANIFICATO,GUIDA_TUTELA_MINORI_ORDINARIA,"Apertura della tutela ordinaria - minori (per genitori deceduti, decaduti o impossibilitati)",uffici_destinatari,uffici_destinatari,uffici_destinatari,uffici_destinatari,True,True,True,True,True,,,,,,False,,ok
kb_98_top9_set2_parte2.json,TOP9_CODICI_FREQUENTI_SET2_PARTE2_SANIFICATO,GUIDA_TUTELA_MINORI_ORDINARIA,"Apertura della tutela ordinaria - minori (per genitori deceduti, decaduti o impossibilitati)",tipologie_di_intervento,tipologie_di_intervento,tipologie_di_intervento,tipologie_di_intervento,False,False,False,True,False,,,,,,False,,ok
kb_98_top9_set2_parte2.json,TOP9_CODICI_FREQUENTI_SET2_PARTE2_SANIFICATO,GUIDA_TUTELA_MINORI_ORDINARIA,"Apertura della tutela ordinaria - minori (per genitori deceduti, decaduti o impossibilitati)",presupposti_sostanziali,presupposti_sostanziali,presupposti_sostanziali,presupposti_sostanziali,True,True,True,True,True,,,,,,False,,ok
kb_98_top9_set2_parte2.json,TOP9_CODICI_FREQUENTI_SET2_PARTE2_SANIFICATO,GUIDA_TUTELA_MINORI_ORDINARIA,"Apertura della tutela ordinaria - minori (per genitori deceduti, decaduti o impossibilitati)",legittimati_attivi,legittimati_attivi,legittimati_attivi,legittimati_attivi,False,False,False,True,False,,,,,,False,,ok
kb_98_top9_set2_parte2.json,TOP9_CODICI_FREQUENTI_SET2_PARTE2_SANIFICATO,GUIDA_TUTELA_MINORI_ORDINARIA,"Apertura della tutela ordinaria - minori (per genitori deceduti, decaduti o impossibilitati)",obbligo_mediazione,obbligo_mediazione,obbligo_mediazione,obbligo_mediazione,True,True,True,True,True,,,,,,False,,ok
kb_98_top9_set2_parte2.json,TOP9_CODICI_FREQUENTI_SET2_PARTE2_SANIFICATO,GUIDA_TUTELA_MINORI_ORDINARIA,"Apertura della tutela ordinaria - minori (per genitori deceduti, decaduti o impossibilitati)",adempimenti_propedeutici,adempimenti_propedeutici,adempimenti_propedeutici,adempimenti_propedeutici,True,True,True,True,True,"1,2,3,4,5,6","1,2,3,4,5,6",,,,False,,ok
kb_98_top9_set2_parte2.json,TOP9_CODICI_FREQUENTI_SET2_PARTE2_SANIFICATO,GUIDA_TUTELA_MINORI_ORDINARIA,"Apertura della tutela ordinaria - minori (per genitori deceduti, decaduti o impossibilitati)",richiesta_provvedimenti_urgenti,richiesta_provvedimenti_urgenti,richiesta_provvedimenti_urgenti,richiesta_provvedimenti_urgenti,False,False,False,True,True,,,,,,False,,ok
kb_98_top9_set2_parte2.json,TOP9_CODICI_FREQUENTI_SET2_PARTE2_SANIFICATO,GUIDA_TUTELA_MINORI_ORDINARIA,"Apertura della tutela ordinaria - minori (per genitori deceduti, decaduti o impossibilitati)",avvertimenti_obbligatori,atto_principale.avvertimenti_obbligatori,atto_principale.avvertimenti_obbligatori,atto_principale.avvertimenti_obbligatori,True,True,True,True,True,,,,,,False,,ok
kb_98_top9_set2_parte2.json,TOP9_CODICI_FREQUENTI_SET2_PARTE2_SANIFICATO,GUIDA_TUTELA_MINORI_ORDINARIA,"Apertura della tutela ordinaria - minori (per genitori deceduti, decaduti o impossibilitati)",allegati_obbligatori,allegati_obbligatori,allegati_obbligatori,allegati_obbligatori,True,True,True,True,True,,,,,,False,,ok
kb_98_top9_set2_parte2.json,TOP9_CODICI_FREQUENTI_SET2_PARTE2_SANIFICATO,GUIDA_TUTELA_MINORI_ORDINARIA,"Apertura della tutela ordinaria - minori (per genitori deceduti, decaduti o impossibilitati)",termini_processuali,termini_processuali,termini_processuali,termini_processuali,True,True,True,True,True,,,,,,False,,ok
kb_98_top9_set2_parte2.json,TOP9_CODICI_FREQUENTI_SET2_PARTE2_SANIFICATO,GUIDA_TUTELA_MINORI_ORDINARIA,"Apertura della tutela ordinaria - minori (per genitori deceduti, decaduti o impossibilitati)",esiti_processuali_tipici,esiti_processuali_tipici,esiti_processuali_tipici,esiti_processuali_tipici,True,True,True,True,True,,,,,,False,,ok
kb_98_top9_set2_parte2.json,TOP9_CODICI_FREQUENTI_SET2_PARTE2_SANIFICATO,GUIDA_TUTELA_MINORI_ORDINARIA,"Apertura della tutela ordinaria - minori (per genitori deceduti, decaduti o impossibilitati)",normativa,normativa,normativa,normativa,True,True,True,True,True,,,,,,False,,ok
kb_98_top9_set2_parte2.json,TOP9_CODICI_FREQUENTI_SET2_PARTE2_SANIFICATO,GUIDA_TUTELA_MINORI_ORDINARIA,"Apertura della tutela ordinaria - minori (per genitori deceduti, decaduti o impossibilitati)",atto_principale,atto_principale,atto_principale,atto_principale,True,True,True,True,True,,,,,,False,,ok
kb_98_top9_set2_parte2.json,TOP9_CODICI_FREQUENTI_SET2_PARTE2_SANIFICATO,GUIDA_TUTELA_MINORI_ORDINARIA,"Apertura della tutela ordinaria - minori (per genitori deceduti, decaduti o impossibilitati)",fonti_verifica_web,fonti_verifica_web,fonti_verifica_web,fonti_verifica_web,False,False,True,True,True,,,,,,False,,ok
kb_98_top9_set2_parte2.json,TOP9_CODICI_FREQUENTI_SET2_PARTE2_SANIFICATO,GUIDA_TUTELA_MINORI_ORDINARIA,"Apertura della tutela ordinaria - minori (per genitori deceduti, decaduti o impossibilitati)",presidi_operativi_integrativi,presidi_operativi_integrativi,presidi_operativi_integrativi,presidi_operativi_integrativi,False,False,True,True,True,,,,,,False,,ok
kb_98_top9_set2_parte2.json,TOP9_CODICI_FREQUENTI_SET2_PARTE2_SANIFICATO,GUIDA_TUTELA_MINORI_ORDINARIA,"Apertura della tutela ordinaria - minori (per genitori deceduti, decaduti o impossibilitati)",specialistica:differenze_tutela_vs_adozione,differenze_tutela_vs_adozione,differenze_tutela_vs_adozione,differenze_tutela_vs_adozione,True,True,True,True,True,,,,,,False,,ok
kb_98_top9_set2_parte2.json,TOP9_CODICI_FREQUENTI_SET2_PARTE2_SANIFICATO,GUIDA_TUTELA_MINORI_ORDINARIA,"Apertura della tutela ordinaria - minori (per genitori deceduti, decaduti o impossibilitati)",specialistica:guida_pratica_facoltativa,guida_pratica_facoltativa,guida_pratica_facoltativa,guida_pratica_facoltativa,True,True,True,True,True,,,,,,False,,ok
kb_98_top9_set2_parte2.json,TOP9_CODICI_FREQUENTI_SET2_PARTE2_SANIFICATO,GUIDA_TUTELA_MINORI_ORDINARIA,"Apertura della tutela ordinaria - minori (per genitori deceduti, decaduti o impossibilitati)",specialistica:verifica_pst_xsd_iusentra,verifica_pst_xsd_iusentra,verifica_pst_xsd_iusentra,verifica_pst_xsd_iusentra,True,True,True,True,True,,,,,,False,,ok
kb_98_top9_set2_parte2.json,TOP9_CODICI_FREQUENTI_SET2_PARTE2_SANIFICATO,GUIDA_COMPRAVENDITA_IMMOBILIARE_RISOLUZIONE,Risoluzione del contratto di compravendita immobiliare per inadempimento,denominazione,denominazione,denominazione,denominazione,True,True,True,True,True,,,,Risoluzione del contratto di compravendita immobiliare per inadempimento,Risoluzione del contratto di compravendita immobiliare per inadempimento,False,,ok
kb_98_top9_set2_parte2.json,TOP9_CODICI_FREQUENTI_SET2_PARTE2_SANIFICATO,GUIDA_COMPRAVENDITA_IMMOBILIARE_RISOLUZIONE,Risoluzione del contratto di compravendita immobiliare per inadempimento,categoria,categoria,categoria,categoria,True,True,True,True,True,,,,Contratti - risoluzione per inadempimento,Contratti - risoluzione per inadempimento,False,,ok
kb_98_top9_set2_parte2.json,TOP9_CODICI_FREQUENTI_SET2_PARTE2_SANIFICATO,GUIDA_COMPRAVENDITA_IMMOBILIARE_RISOLUZIONE,Risoluzione del contratto di compravendita immobiliare per inadempimento,sottocategoria,sottocategoria,sottocategoria,sottocategoria,True,True,True,True,True,,,,Risoluzione contratto compravendita immobile - artt. 1453 e ss. c.c.,Risoluzione contratto compravendita immobile - artt. 1453 e ss. c.c.,False,,ok
kb_98_top9_set2_parte2.json,TOP9_CODICI_FREQUENTI_SET2_PARTE2_SANIFICATO,GUIDA_COMPRAVENDITA_IMMOBILIARE_RISOLUZIONE,Risoluzione del contratto di compravendita immobiliare per inadempimento,rito,rito,rito,rito,True,True,True,True,True,,,,Rito ordinario di cognizione,Rito ordinario di cognizione,False,,ok
kb_98_top9_set2_parte2.json,TOP9_CODICI_FREQUENTI_SET2_PARTE2_SANIFICATO,GUIDA_COMPRAVENDITA_IMMOBILIARE_RISOLUZIONE,Risoluzione del contratto di compravendita immobiliare per inadempimento,competenza,competenza,competenza,competenza,True,True,True,True,True,,,,Tribunale del luogo dell'immobile (foro esclusivo art. 21 c.p.c. per controversie reali) o luogo esecuzione obbligazione (art. 20 c.p.c. per profili obbligatori),Tribunale del luogo dell'immobile (foro esclusivo art. 21 c.p.c. per controversie reali) o luogo esecuzione obbligazione (art. 20 c.p.c. per profili obbligatori),False,,ok
kb_98_top9_set2_parte2.json,TOP9_CODICI_FREQUENTI_SET2_PARTE2_SANIFICATO,GUIDA_COMPRAVENDITA_IMMOBILIARE_RISOLUZIONE,Risoluzione del contratto di compravendita immobiliare per inadempimento,uffici_destinatari,uffici_destinatari,uffici_destinatari,uffici_destinatari,True,True,True,True,True,,,,,,False,,ok
kb_98_top9_set2_parte2.json,TOP9_CODICI_FREQUENTI_SET2_PARTE2_SANIFICATO,GUIDA_COMPRAVENDITA_IMMOBILIARE_RISOLUZIONE,Risoluzione del contratto di compravendita immobiliare per inadempimento,tipologie_di_intervento,tipologie_di_intervento,tipologie_di_intervento,tipologie_di_intervento,False,False,False,True,False,,,,,,False,,ok
kb_98_top9_set2_parte2.json,TOP9_CODICI_FREQUENTI_SET2_PARTE2_SANIFICATO,GUIDA_COMPRAVENDITA_IMMOBILIARE_RISOLUZIONE,Risoluzione del contratto di compravendita immobiliare per inadempimento,presupposti_sostanziali,presupposti_sostanziali,presupposti_sostanziali,presupposti_sostanziali,True,True,True,True,True,,,,,,False,,ok
kb_98_top9_set2_parte2.json,TOP9_CODICI_FREQUENTI_SET2_PARTE2_SANIFICATO,GUIDA_COMPRAVENDITA_IMMOBILIARE_RISOLUZIONE,Risoluzione del contratto di compravendita immobiliare per inadempimento,legittimati_attivi,legittimati_attivi,legittimati_attivi,legittimati_attivi,False,False,False,True,False,,,,,,False,,ok
kb_98_top9_set2_parte2.json,TOP9_CODICI_FREQUENTI_SET2_PARTE2_SANIFICATO,GUIDA_COMPRAVENDITA_IMMOBILIARE_RISOLUZIONE,Risoluzione del contratto di compravendita immobiliare per inadempimento,obbligo_mediazione,obbligo_mediazione,obbligo_mediazione,obbligo_mediazione,True,True,True,True,True,,,,,,False,,ok
kb_98_top9_set2_parte2.json,TOP9_CODICI_FREQUENTI_SET2_PARTE2_SANIFICATO,GUIDA_COMPRAVENDITA_IMMOBILIARE_RISOLUZIONE,Risoluzione del contratto di compravendita immobiliare per inadempimento,adempimenti_propedeutici,adempimenti_propedeutici,adempimenti_propedeutici,adempimenti_propedeutici,True,True,True,True,True,"1,2,3,4,5,6","1,2,3,4,5,6",,,,False,,ok
kb_98_top9_set2_parte2.json,TOP9_CODICI_FREQUENTI_SET2_PARTE2_SANIFICATO,GUIDA_COMPRAVENDITA_IMMOBILIARE_RISOLUZIONE,Risoluzione del contratto di compravendita immobiliare per inadempimento,richiesta_provvedimenti_urgenti,richiesta_provvedimenti_urgenti,richiesta_provvedimenti_urgenti,richiesta_provvedimenti_urgenti,False,False,False,True,False,,,,,,False,,ok
kb_98_top9_set2_parte2.json,TOP9_CODICI_FREQUENTI_SET2_PARTE2_SANIFICATO,GUIDA_COMPRAVENDITA_IMMOBILIARE_RISOLUZIONE,Risoluzione del contratto di compravendita immobiliare per inadempimento,avvertimenti_obbligatori,atto_principale.avvertimenti_obbligatori,atto_principale.avvertimenti_obbligatori,atto_principale.avvertimenti_obbligatori,True,True,True,True,True,,,,,,False,,ok
kb_98_top9_set2_parte2.json,TOP9_CODICI_FREQUENTI_SET2_PARTE2_SANIFICATO,GUIDA_COMPRAVENDITA_IMMOBILIARE_RISOLUZIONE,Risoluzione del contratto di compravendita immobiliare per inadempimento,allegati_obbligatori,allegati_obbligatori,allegati_obbligatori,allegati_obbligatori,True,True,True,True,True,,,,,,False,,ok
kb_98_top9_set2_parte2.json,TOP9_CODICI_FREQUENTI_SET2_PARTE2_SANIFICATO,GUIDA_COMPRAVENDITA_IMMOBILIARE_RISOLUZIONE,Risoluzione del contratto di compravendita immobiliare per inadempimento,termini_processuali,termini_processuali,termini_processuali,termini_processuali,True,True,True,True,True,,,,,,False,,ok
kb_98_top9_set2_parte2.json,TOP9_CODICI_FREQUENTI_SET2_PARTE2_SANIFICATO,GUIDA_COMPRAVENDITA_IMMOBILIARE_RISOLUZIONE,Risoluzione del contratto di compravendita immobiliare per inadempimento,esiti_processuali_tipici,esiti_processuali_tipici,esiti_processuali_tipici,esiti_processuali_tipici,True,True,True,True,True,,,,,,False,,ok
kb_98_top9_set2_parte2.json,TOP9_CODICI_FREQUENTI_SET2_PARTE2_SANIFICATO,GUIDA_COMPRAVENDITA_IMMOBILIARE_RISOLUZIONE,Risoluzione del contratto di compravendita immobiliare per inadempimento,normativa,normativa,normativa,normativa,True,True,True,True,True,,,,,,False,,ok
kb_98_top9_set2_parte2.json,TOP9_CODICI_FREQUENTI_SET2_PARTE2_SANIFICATO,GUIDA_COMPRAVENDITA_IMMOBILIARE_RISOLUZIONE,Risoluzione del contratto di compravendita immobiliare per inadempimento,atto_principale,atto_principale,atto_principale,atto_principale,True,True,True,True,True,,,,,,False,,ok
kb_98_top9_set2_parte2.json,TOP9_CODICI_FREQUENTI_SET2_PARTE2_SANIFICATO,GUIDA_COMPRAVENDITA_IMMOBILIARE_RISOLUZIONE,Risoluzione del contratto di compravendita immobiliare per inadempimento,fonti_verifica_web,fonti_verifica_web,fonti_verifica_web,fonti_verifica_web,False,False,True,True,True,,,,,,False,,ok
kb_98_top9_set2_parte2.json,TOP9_CODICI_FREQUENTI_SET2_PARTE2_SANIFICATO,GUIDA_COMPRAVENDITA_IMMOBILIARE_RISOLUZIONE,Risoluzione del contratto di compravendita immobiliare per inadempimento,presidi_operativi_integrativi,presidi_operativi_integrativi,presidi_operativi_integrativi,presidi_operativi_integrativi,False,False,True,True,True,,,,,,False,,ok
kb_98_top9_set2_parte2.json,TOP9_CODICI_FREQUENTI_SET2_PARTE2_SANIFICATO,GUIDA_COMPRAVENDITA_IMMOBILIARE_RISOLUZIONE,Risoluzione del contratto di compravendita immobiliare per inadempimento,specialistica:modalita_risoluzione,modalita_risoluzione,modalita_risoluzione,modalita_risoluzione,True,True,True,True,True,,,,,,False,,ok
kb_98_top9_set2_parte2.json,TOP9_CODICI_FREQUENTI_SET2_PARTE2_SANIFICATO,GUIDA_COMPRAVENDITA_IMMOBILIARE_RISOLUZIONE,Risoluzione del contratto di compravendita immobiliare per inadempimento,specialistica:guida_pratica_facoltativa,guida_pratica_facoltativa,guida_pratica_facoltativa,guida_pratica_facoltativa,True,True,True,True,True,,,,,,False,,ok
kb_98_top9_set2_parte2.json,TOP9_CODICI_FREQUENTI_SET2_PARTE2_SANIFICATO,GUIDA_COMPRAVENDITA_IMMOBILIARE_RISOLUZIONE,Risoluzione del contratto di compravendita immobiliare per inadempimento,specialistica:verifica_pst_xsd_iusentra,verifica_pst_xsd_iusentra,verifica_pst_xsd_iusentra,verifica_pst_xsd_iusentra,True,True,True,True,True,,,,,,False,,ok
kb_98_top9_set3_parte1.json,TOP9_CODICI_FREQUENTI_SET3_PARTE1,120030,Azione di riduzione per lesione della quota di legittima,denominazione,denominazione,denominazione,denominazione,True,True,True,True,True,,,,Azione di riduzione per lesione della quota di legittima,Azione di riduzione per lesione della quota di legittima,False,,ok
kb_98_top9_set3_parte1.json,TOP9_CODICI_FREQUENTI_SET3_PARTE1,120030,Azione di riduzione per lesione della quota di legittima,categoria,categoria,categoria,categoria,True,True,True,True,True,,,,Successioni - tutela dei legittimari,Successioni - tutela dei legittimari,False,,ok
kb_98_top9_set3_parte1.json,TOP9_CODICI_FREQUENTI_SET3_PARTE1,120030,Azione di riduzione per lesione della quota di legittima,sottocategoria,sottocategoria,sottocategoria,sottocategoria,True,True,True,True,True,,,,Azione di riduzione delle disposizioni testamentarie e delle donazioni lesive della legittima,Azione di riduzione delle disposizioni testamentarie e delle donazioni lesive della legittima,False,,ok
kb_98_top9_set3_parte1.json,TOP9_CODICI_FREQUENTI_SET3_PARTE1,120030,Azione di riduzione per lesione della quota di legittima,rito,rito,rito,rito,True,True,True,True,True,,,,Rito ordinario di cognizione preceduto da MEDIAZIONE OBBLIGATORIA ex art. 5 c. 1-bis D.Lgs. 28/2010 (materia successioni),Rito ordinario di cognizione preceduto da MEDIAZIONE OBBLIGATORIA ex art. 5 c. 1-bis D.Lgs. 28/2010 (materia successioni),False,,ok
kb_98_top9_set3_parte1.json,TOP9_CODICI_FREQUENTI_SET3_PARTE1,120030,Azione di riduzione per lesione della quota di legittima,competenza,competenza,competenza,competenza,True,True,True,True,True,,,,Tribunale del luogo di apertura della successione (art. 22 c.p.c.) - foro esclusivo,Tribunale del luogo di apertura della successione (art. 22 c.p.c.) - foro esclusivo,False,,ok
kb_98_top9_set3_parte1.json,TOP9_CODICI_FREQUENTI_SET3_PARTE1,120030,Azione di riduzione per lesione della quota di legittima,uffici_destinatari,uffici_destinatari,uffici_destinatari,uffici_destinatari,True,True,True,True,True,,,,,,False,,ok
kb_98_top9_set3_parte1.json,TOP9_CODICI_FREQUENTI_SET3_PARTE1,120030,Azione di riduzione per lesione della quota di legittima,tipologie_di_intervento,tipologie_di_intervento,tipologie_di_intervento,tipologie_di_intervento,False,False,False,True,False,,,,,,False,,ok
kb_98_top9_set3_parte1.json,TOP9_CODICI_FREQUENTI_SET3_PARTE1,120030,Azione di riduzione per lesione della quota di legittima,presupposti_sostanziali,presupposti_sostanziali,presupposti_sostanziali,presupposti_sostanziali,True,True,True,True,True,,,,,,False,,ok
kb_98_top9_set3_parte1.json,TOP9_CODICI_FREQUENTI_SET3_PARTE1,120030,Azione di riduzione per lesione della quota di legittima,legittimati_attivi,legittimati_attivi,legittimati_attivi,legittimati_attivi,False,False,False,True,False,,,,,,False,,ok
kb_98_top9_set3_parte1.json,TOP9_CODICI_FREQUENTI_SET3_PARTE1,120030,Azione di riduzione per lesione della quota di legittima,obbligo_mediazione,obbligo_mediazione,obbligo_mediazione,obbligo_mediazione,True,True,True,True,True,,,,,,False,,ok
kb_98_top9_set3_parte1.json,TOP9_CODICI_FREQUENTI_SET3_PARTE1,120030,Azione di riduzione per lesione della quota di legittima,adempimenti_propedeutici,adempimenti_propedeutici,adempimenti_propedeutici,adempimenti_propedeutici,True,True,True,True,True,"1,2,3,4,5,6,7","1,2,3,4,5,6,7",,,,False,,ok
kb_98_top9_set3_parte1.json,TOP9_CODICI_FREQUENTI_SET3_PARTE1,120030,Azione di riduzione per lesione della quota di legittima,richiesta_provvedimenti_urgenti,richiesta_provvedimenti_urgenti,richiesta_provvedimenti_urgenti,richiesta_provvedimenti_urgenti,False,False,False,True,False,,,,,,False,,ok
kb_98_top9_set3_parte1.json,TOP9_CODICI_FREQUENTI_SET3_PARTE1,120030,Azione di riduzione per lesione della quota di legittima,avvertimenti_obbligatori,atto_principale.avvertimenti_obbligatori,atto_principale.avvertimenti_obbligatori,atto_principale.avvertimenti_obbligatori,True,True,True,True,True,,,,,,False,,ok
kb_98_top9_set3_parte1.json,TOP9_CODICI_FREQUENTI_SET3_PARTE1,120030,Azione di riduzione per lesione della quota di legittima,allegati_obbligatori,allegati_obbligatori,allegati_obbligatori,allegati_obbligatori,True,True,True,True,True,,,,,,False,,ok
kb_98_top9_set3_parte1.json,TOP9_CODICI_FREQUENTI_SET3_PARTE1,120030,Azione di riduzione per lesione della quota di legittima,termini_processuali,termini_processuali,termini_processuali,termini_processuali,True,True,True,True,True,,,,,,False,,ok
kb_98_top9_set3_parte1.json,TOP9_CODICI_FREQUENTI_SET3_PARTE1,120030,Azione di riduzione per lesione della quota di legittima,esiti_processuali_tipici,esiti_processuali_tipici,esiti_processuali_tipici,esiti_processuali_tipici,True,True,True,True,True,,,,,,False,,ok
kb_98_top9_set3_parte1.json,TOP9_CODICI_FREQUENTI_SET3_PARTE1,120030,Azione di riduzione per lesione della quota di legittima,normativa,normativa,normativa,normativa,True,True,True,True,True,,,,,,False,,ok
kb_98_top9_set3_parte1.json,TOP9_CODICI_FREQUENTI_SET3_PARTE1,120030,Azione di riduzione per lesione della quota di legittima,atto_principale,atto_principale,atto_principale,atto_principale,True,True,True,True,True,,,,,,False,,ok
kb_98_top9_set3_parte1.json,TOP9_CODICI_FREQUENTI_SET3_PARTE1,120030,Azione di riduzione per lesione della quota di legittima,fonti_verifica_web,fonti_verifica_web,fonti_verifica_web,fonti_verifica_web,False,False,True,True,True,,,,,,False,,ok
kb_98_top9_set3_parte1.json,TOP9_CODICI_FREQUENTI_SET3_PARTE1,120030,Azione di riduzione per lesione della quota di legittima,presidi_operativi_integrativi,presidi_operativi_integrativi,presidi_operativi_integrativi,presidi_operativi_integrativi,False,False,True,True,True,,,,,,False,,ok
kb_98_top9_set3_parte1.json,TOP9_CODICI_FREQUENTI_SET3_PARTE1,130001,Azione di rivendicazione (immobiliare),denominazione,denominazione,denominazione,denominazione,True,True,True,True,True,,,,Azione di rivendicazione (immobiliare),Azione di rivendicazione (immobiliare),False,,ok
kb_98_top9_set3_parte1.json,TOP9_CODICI_FREQUENTI_SET3_PARTE1,130001,Azione di rivendicazione (immobiliare),categoria,categoria,categoria,categoria,True,True,True,True,True,,,,Diritti reali - tutela della proprietà,Diritti reali - tutela della proprietà,False,,ok
kb_98_top9_set3_parte1.json,TOP9_CODICI_FREQUENTI_SET3_PARTE1,130001,Azione di rivendicazione (immobiliare),sottocategoria,sottocategoria,sottocategoria,sottocategoria,True,True,True,True,True,,,,Rivendicazione del bene posseduto da altri - prova del titolo di proprietà (probatio diabolica),Rivendicazione del bene posseduto da altri - prova del titolo di proprietà (probatio diabolica),False,,ok
kb_98_top9_set3_parte1.json,TOP9_CODICI_FREQUENTI_SET3_PARTE1,130001,Azione di rivendicazione (immobiliare),rito,rito,rito,rito,True,True,True,True,True,,,,Rito ordinario di cognizione preceduto da MEDIAZIONE OBBLIGATORIA ex art. 5 c. 1-bis D.Lgs. 28/2010,Rito ordinario di cognizione preceduto da MEDIAZIONE OBBLIGATORIA ex art. 5 c. 1-bis D.Lgs. 28/2010,False,,ok
kb_98_top9_set3_parte1.json,TOP9_CODICI_FREQUENTI_SET3_PARTE1,130001,Azione di rivendicazione (immobiliare),competenza,competenza,competenza,competenza,True,True,True,True,True,,,,Tribunale del luogo dell'immobile (art. 21 c.p.c. - foro esclusivo per diritti reali immobiliari),Tribunale del luogo dell'immobile (art. 21 c.p.c. - foro esclusivo per diritti reali immobiliari),False,,ok
kb_98_top9_set3_parte1.json,TOP9_CODICI_FREQUENTI_SET3_PARTE1,130001,Azione di rivendicazione (immobiliare),uffici_destinatari,uffici_destinatari,uffici_destinatari,uffici_destinatari,True,True,True,True,True,,,,,,False,,ok
kb_98_top9_set3_parte1.json,TOP9_CODICI_FREQUENTI_SET3_PARTE1,130001,Azione di rivendicazione (immobiliare),tipologie_di_intervento,tipologie_di_intervento,tipologie_di_intervento,tipologie_di_intervento,False,False,False,True,False,,,,,,False,,ok
kb_98_top9_set3_parte1.json,TOP9_CODICI_FREQUENTI_SET3_PARTE1,130001,Azione di rivendicazione (immobiliare),presupposti_sostanziali,presupposti_sostanziali,presupposti_sostanziali,presupposti_sostanziali,True,True,True,True,True,,,,,,False,,ok
kb_98_top9_set3_parte1.json,TOP9_CODICI_FREQUENTI_SET3_PARTE1,130001,Azione di rivendicazione (immobiliare),legittimati_attivi,legittimati_attivi,legittimati_attivi,legittimati_attivi,False,False,False,True,False,,,,,,False,,ok
kb_98_top9_set3_parte1.json,TOP9_CODICI_FREQUENTI_SET3_PARTE1,130001,Azione di rivendicazione (immobiliare),obbligo_mediazione,obbligo_mediazione,obbligo_mediazione,obbligo_mediazione,True,True,True,True,True,,,,,,False,,ok
kb_98_top9_set3_parte1.json,TOP9_CODICI_FREQUENTI_SET3_PARTE1,130001,Azione di rivendicazione (immobiliare),adempimenti_propedeutici,adempimenti_propedeutici,adempimenti_propedeutici,adempimenti_propedeutici,True,True,True,True,True,"1,2,3,4,5,6","1,2,3,4,5,6",,,,False,,ok
kb_98_top9_set3_parte1.json,TOP9_CODICI_FREQUENTI_SET3_PARTE1,130001,Azione di rivendicazione (immobiliare),richiesta_provvedimenti_urgenti,richiesta_provvedimenti_urgenti,richiesta_provvedimenti_urgenti,richiesta_provvedimenti_urgenti,False,False,False,True,False,,,,,,False,,ok
kb_98_top9_set3_parte1.json,TOP9_CODICI_FREQUENTI_SET3_PARTE1,130001,Azione di rivendicazione (immobiliare),avvertimenti_obbligatori,atto_principale.avvertimenti_obbligatori,atto_principale.avvertimenti_obbligatori,atto_principale.avvertimenti_obbligatori,True,True,True,True,True,,,,,,False,,ok
kb_98_top9_set3_parte1.json,TOP9_CODICI_FREQUENTI_SET3_PARTE1,130001,Azione di rivendicazione (immobiliare),allegati_obbligatori,allegati_obbligatori,allegati_obbligatori,allegati_obbligatori,True,True,True,True,True,,,,,,False,,ok
kb_98_top9_set3_parte1.json,TOP9_CODICI_FREQUENTI_SET3_PARTE1,130001,Azione di rivendicazione (immobiliare),termini_processuali,termini_processuali,termini_processuali,termini_processuali,True,True,True,True,True,,,,,,False,,ok
kb_98_top9_set3_parte1.json,TOP9_CODICI_FREQUENTI_SET3_PARTE1,130001,Azione di rivendicazione (immobiliare),esiti_processuali_tipici,esiti_processuali_tipici,esiti_processuali_tipici,esiti_processuali_tipici,True,True,True,True,True,,,,,,False,,ok
kb_98_top9_set3_parte1.json,TOP9_CODICI_FREQUENTI_SET3_PARTE1,130001,Azione di rivendicazione (immobiliare),normativa,normativa,normativa,normativa,True,True,True,True,True,,,,,,False,,ok
kb_98_top9_set3_parte1.json,TOP9_CODICI_FREQUENTI_SET3_PARTE1,130001,Azione di rivendicazione (immobiliare),atto_principale,atto_principale,atto_principale,atto_principale,True,True,True,True,True,,,,,,False,,ok
kb_98_top9_set3_parte1.json,TOP9_CODICI_FREQUENTI_SET3_PARTE1,130001,Azione di rivendicazione (immobiliare),fonti_verifica_web,fonti_verifica_web,fonti_verifica_web,fonti_verifica_web,False,False,True,True,True,,,,,,False,,ok
kb_98_top9_set3_parte1.json,TOP9_CODICI_FREQUENTI_SET3_PARTE1,130001,Azione di rivendicazione (immobiliare),presidi_operativi_integrativi,presidi_operativi_integrativi,presidi_operativi_integrativi,presidi_operativi_integrativi,False,False,True,True,True,,,,,,False,,ok
kb_98_top9_set3_parte1.json,TOP9_CODICI_FREQUENTI_SET3_PARTE1,130001,Azione di rivendicazione (immobiliare),specialistica:oneri_probatori,oneri_probatori,oneri_probatori,oneri_probatori,True,True,True,True,True,,,,,,False,,ok
kb_98_top9_set3_parte1.json,TOP9_CODICI_FREQUENTI_SET3_PARTE1,130033,Accertamento dell'acquisto della proprietà per usucapione,denominazione,denominazione,denominazione,denominazione,True,True,True,True,True,,,,Accertamento dell'acquisto della proprietà per usucapione,Accertamento dell'acquisto della proprietà per usucapione,False,,ok
kb_98_top9_set3_parte1.json,TOP9_CODICI_FREQUENTI_SET3_PARTE1,130033,Accertamento dell'acquisto della proprietà per usucapione,categoria,categoria,categoria,categoria,True,True,True,True,True,,,,Diritti reali - acquisto a titolo originario,Diritti reali - acquisto a titolo originario,False,,ok
kb_98_top9_set3_parte1.json,TOP9_CODICI_FREQUENTI_SET3_PARTE1,130033,Accertamento dell'acquisto della proprietà per usucapione,sottocategoria,sottocategoria,sottocategoria,sottocategoria,True,True,True,True,True,,,,"Accertamento giudiziale di intervenuta usucapione (ordinaria, abbreviata, speciale)","Accertamento giudiziale di intervenuta usucapione (ordinaria, abbreviata, speciale)",False,,ok
kb_98_top9_set3_parte1.json,TOP9_CODICI_FREQUENTI_SET3_PARTE1,130033,Accertamento dell'acquisto della proprietà per usucapione,rito,rito,rito,rito,True,True,True,True,True,,,,"Rito ordinario di cognizione preceduto da MEDIAZIONE OBBLIGATORIA ex art. 5 c. 1-bis D.Lgs. 28/2010 (NB: il D.L. 132/2014 ha previsto anche la negoziazione assistita per usucapione, ma con effetti più limitati)","Rito ordinario di cognizione preceduto da MEDIAZIONE OBBLIGATORIA ex art. 5 c. 1-bis D.Lgs. 28/2010 (NB: il D.L. 132/2014 ha previsto anche la negoziazione assistita per usucapione, ma con effetti più limitati)",False,,ok
kb_98_top9_set3_parte1.json,TOP9_CODICI_FREQUENTI_SET3_PARTE1,130033,Accertamento dell'acquisto della proprietà per usucapione,competenza,competenza,competenza,competenza,True,True,True,True,True,,,,Tribunale del luogo dell'immobile (art. 21 c.p.c. - foro esclusivo),Tribunale del luogo dell'immobile (art. 21 c.p.c. - foro esclusivo),False,,ok
kb_98_top9_set3_parte1.json,TOP9_CODICI_FREQUENTI_SET3_PARTE1,130033,Accertamento dell'acquisto della proprietà per usucapione,uffici_destinatari,uffici_destinatari,uffici_destinatari,uffici_destinatari,True,True,True,True,True,,,,,,False,,ok
kb_98_top9_set3_parte1.json,TOP9_CODICI_FREQUENTI_SET3_PARTE1,130033,Accertamento dell'acquisto della proprietà per usucapione,tipologie_di_intervento,tipologie_di_intervento,tipologie_di_intervento,tipologie_di_intervento,False,False,False,True,False,,,,,,False,,ok
kb_98_top9_set3_parte1.json,TOP9_CODICI_FREQUENTI_SET3_PARTE1,130033,Accertamento dell'acquisto della proprietà per usucapione,presupposti_sostanziali,presupposti_sostanziali,presupposti_sostanziali,presupposti_sostanziali,False,False,False,True,True,,,,,,False,,ok
kb_98_top9_set3_parte1.json,TOP9_CODICI_FREQUENTI_SET3_PARTE1,130033,Accertamento dell'acquisto della proprietà per usucapione,legittimati_attivi,legittimati_attivi,legittimati_attivi,legittimati_attivi,False,False,False,True,False,,,,,,False,,ok
kb_98_top9_set3_parte1.json,TOP9_CODICI_FREQUENTI_SET3_PARTE1,130033,Accertamento dell'acquisto della proprietà per usucapione,obbligo_mediazione,obbligo_mediazione,obbligo_mediazione,obbligo_mediazione,True,True,True,True,True,,,,,,False,,ok
kb_98_top9_set3_parte1.json,TOP9_CODICI_FREQUENTI_SET3_PARTE1,130033,Accertamento dell'acquisto della proprietà per usucapione,adempimenti_propedeutici,adempimenti_propedeutici,adempimenti_propedeutici,adempimenti_propedeutici,True,True,True,True,True,"1,2,3,4,5","1,2,3,4,5",,,,False,,ok
kb_98_top9_set3_parte1.json,TOP9_CODICI_FREQUENTI_SET3_PARTE1,130033,Accertamento dell'acquisto della proprietà per usucapione,richiesta_provvedimenti_urgenti,richiesta_provvedimenti_urgenti,richiesta_provvedimenti_urgenti,richiesta_provvedimenti_urgenti,False,False,False,True,False,,,,,,False,,ok
kb_98_top9_set3_parte1.json,TOP9_CODICI_FREQUENTI_SET3_PARTE1,130033,Accertamento dell'acquisto della proprietà per usucapione,avvertimenti_obbligatori,atto_principale.avvertimenti_obbligatori,atto_principale.avvertimenti_obbligatori,atto_principale.avvertimenti_obbligatori,True,True,True,True,True,,,,,,False,,ok
kb_98_top9_set3_parte1.json,TOP9_CODICI_FREQUENTI_SET3_PARTE1,130033,Accertamento dell'acquisto della proprietà per usucapione,allegati_obbligatori,allegati_obbligatori,allegati_obbligatori,allegati_obbligatori,True,True,True,True,True,,,,,,False,,ok
kb_98_top9_set3_parte1.json,TOP9_CODICI_FREQUENTI_SET3_PARTE1,130033,Accertamento dell'acquisto della proprietà per usucapione,termini_processuali,termini_processuali,termini_processuali,termini_processuali,True,True,True,True,True,,,,,,False,,ok
kb_98_top9_set3_parte1.json,TOP9_CODICI_FREQUENTI_SET3_PARTE1,130033,Accertamento dell'acquisto della proprietà per usucapione,esiti_processuali_tipici,esiti_processuali_tipici,esiti_processuali_tipici,esiti_processuali_tipici,True,True,True,True,True,,,,,,False,,ok
kb_98_top9_set3_parte1.json,TOP9_CODICI_FREQUENTI_SET3_PARTE1,130033,Accertamento dell'acquisto della proprietà per usucapione,normativa,normativa,normativa,normativa,True,True,True,True,True,,,,,,False,,ok
kb_98_top9_set3_parte1.json,TOP9_CODICI_FREQUENTI_SET3_PARTE1,130033,Accertamento dell'acquisto della proprietà per usucapione,atto_principale,atto_principale,atto_principale,atto_principale,True,True,True,True,True,,,,,,False,,ok
kb_98_top9_set3_parte1.json,TOP9_CODICI_FREQUENTI_SET3_PARTE1,130033,Accertamento dell'acquisto della proprietà per usucapione,fonti_verifica_web,fonti_verifica_web,fonti_verifica_web,fonti_verifica_web,False,False,True,True,True,,,,,,False,,ok
kb_98_top9_set3_parte1.json,TOP9_CODICI_FREQUENTI_SET3_PARTE1,130033,Accertamento dell'acquisto della proprietà per usucapione,presidi_operativi_integrativi,presidi_operativi_integrativi,presidi_operativi_integrativi,presidi_operativi_integrativi,False,False,True,True,True,,,,,,False,,ok
kb_98_top9_set3_parte1.json,TOP9_CODICI_FREQUENTI_SET3_PARTE1,130033,Accertamento dell'acquisto della proprietà per usucapione,specialistica:presupposti_sostanziali_usucapione_ordinaria,presupposti_sostanziali_usucapione_ordinaria,presupposti_sostanziali_usucapione_ordinaria,presupposti_sostanziali_usucapione_ordinaria,True,True,True,True,True,,,,,,False,,ok
kb_98_top9_set3_parte1.json,TOP9_CODICI_FREQUENTI_SET3_PARTE1,130033,Accertamento dell'acquisto della proprietà per usucapione,specialistica:presupposti_usucapione_abbreviata_1159,presupposti_usucapione_abbreviata_1159,presupposti_usucapione_abbreviata_1159,presupposti_usucapione_abbreviata_1159,True,True,True,True,True,,,,,,False,,ok
kb_98_top9_set3_parte1.json,TOP9_CODICI_FREQUENTI_SET3_PARTE1,111006,Affidamento e mantenimento dei figli nati fuori dal matrimonio,denominazione,denominazione,denominazione,denominazione,True,True,True,True,True,,,,Affidamento e mantenimento dei figli nati fuori dal matrimonio,Affidamento e mantenimento dei figli nati fuori dal matrimonio,False,,ok
kb_98_top9_set3_parte1.json,TOP9_CODICI_FREQUENTI_SET3_PARTE1,111006,Affidamento e mantenimento dei figli nati fuori dal matrimonio,categoria,categoria,categoria,categoria,True,True,True,True,True,,,,Persone e famiglia - filiazione fuori matrimonio,Persone e famiglia - filiazione fuori matrimonio,False,,ok
kb_98_top9_set3_parte1.json,TOP9_CODICI_FREQUENTI_SET3_PARTE1,111006,Affidamento e mantenimento dei figli nati fuori dal matrimonio,sottocategoria,sottocategoria,sottocategoria,sottocategoria,True,True,True,True,True,,,,"Procedimento per determinazione affidamento, collocamento, mantenimento dei figli di coppie non coniugate","Procedimento per determinazione affidamento, collocamento, mantenimento dei figli di coppie non coniugate",False,,ok
kb_98_top9_set3_parte1.json,TOP9_CODICI_FREQUENTI_SET3_PARTE1,111006,Affidamento e mantenimento dei figli nati fuori dal matrimonio,rito,rito,rito,rito,True,True,True,True,True,,,,Rito unificato persone e famiglia ex artt. 473-bis e ss. c.p.c. (post-Cartabia - in vigore dal 28/2/2023),Rito unificato persone e famiglia ex artt. 473-bis e ss. c.p.c. (post-Cartabia - in vigore dal 28/2/2023),False,,ok
kb_98_top9_set3_parte1.json,TOP9_CODICI_FREQUENTI_SET3_PARTE1,111006,Affidamento e mantenimento dei figli nati fuori dal matrimonio,competenza,competenza,competenza,competenza,True,True,True,True,True,,,,"Tribunale ordinario - sezione famiglia (Tribunale per le persone, per i minorenni e per le famiglie quando istituito ex D.Lgs. 149/2022)","Tribunale ordinario - sezione famiglia (Tribunale per le persone, per i minorenni e per le famiglie quando istituito ex D.Lgs. 149/2022)",False,,ok
kb_98_top9_set3_parte1.json,TOP9_CODICI_FREQUENTI_SET3_PARTE1,111006,Affidamento e mantenimento dei figli nati fuori dal matrimonio,uffici_destinatari,uffici_destinatari,uffici_destinatari,uffici_destinatari,True,True,True,True,True,,,,,,False,,ok
kb_98_top9_set3_parte1.json,TOP9_CODICI_FREQUENTI_SET3_PARTE1,111006,Affidamento e mantenimento dei figli nati fuori dal matrimonio,tipologie_di_intervento,tipologie_di_intervento,tipologie_di_intervento,tipologie_di_intervento,False,False,False,True,False,,,,,,False,,ok
kb_98_top9_set3_parte1.json,TOP9_CODICI_FREQUENTI_SET3_PARTE1,111006,Affidamento e mantenimento dei figli nati fuori dal matrimonio,presupposti_sostanziali,presupposti_sostanziali,presupposti_sostanziali,presupposti_sostanziali,True,True,True,True,True,,,,,,False,,ok
kb_98_top9_set3_parte1.json,TOP9_CODICI_FREQUENTI_SET3_PARTE1,111006,Affidamento e mantenimento dei figli nati fuori dal matrimonio,legittimati_attivi,legittimati_attivi,legittimati_attivi,legittimati_attivi,False,False,False,True,False,,,,,,False,,ok
kb_98_top9_set3_parte1.json,TOP9_CODICI_FREQUENTI_SET3_PARTE1,111006,Affidamento e mantenimento dei figli nati fuori dal matrimonio,obbligo_mediazione,obbligo_mediazione,obbligo_mediazione,obbligo_mediazione,True,True,True,True,True,,,,,,False,,ok
kb_98_top9_set3_parte1.json,TOP9_CODICI_FREQUENTI_SET3_PARTE1,111006,Affidamento e mantenimento dei figli nati fuori dal matrimonio,adempimenti_propedeutici,adempimenti_propedeutici,adempimenti_propedeutici,adempimenti_propedeutici,True,True,True,True,True,"1,2,3,4,5,6,7","1,2,3,4,5,6,7",,,,False,,ok
kb_98_top9_set3_parte1.json,TOP9_CODICI_FREQUENTI_SET3_PARTE1,111006,Affidamento e mantenimento dei figli nati fuori dal matrimonio,richiesta_provvedimenti_urgenti,richiesta_provvedimenti_urgenti,richiesta_provvedimenti_urgenti,richiesta_provvedimenti_urgenti,False,False,False,True,False,,,,,,False,,ok
kb_98_top9_set3_parte1.json,TOP9_CODICI_FREQUENTI_SET3_PARTE1,111006,Affidamento e mantenimento dei figli nati fuori dal matrimonio,avvertimenti_obbligatori,atto_principale.avvertimenti_obbligatori,atto_principale.avvertimenti_obbligatori,atto_principale.avvertimenti_obbligatori,True,True,True,True,True,,,,,,False,,ok
kb_98_top9_set3_parte1.json,TOP9_CODICI_FREQUENTI_SET3_PARTE1,111006,Affidamento e mantenimento dei figli nati fuori dal matrimonio,allegati_obbligatori,allegati_obbligatori,allegati_obbligatori,allegati_obbligatori,True,True,True,True,True,,,,,,False,,ok
kb_98_top9_set3_parte1.json,TOP9_CODICI_FREQUENTI_SET3_PARTE1,111006,Affidamento e mantenimento dei figli nati fuori dal matrimonio,termini_processuali,termini_processuali,termini_processuali,termini_processuali,True,True,True,True,True,,,,,,False,,ok
kb_98_top9_set3_parte1.json,TOP9_CODICI_FREQUENTI_SET3_PARTE1,111006,Affidamento e mantenimento dei figli nati fuori dal matrimonio,esiti_processuali_tipici,esiti_processuali_tipici,esiti_processuali_tipici,esiti_processuali_tipici,True,True,True,True,True,,,,,,False,,ok
kb_98_top9_set3_parte1.json,TOP9_CODICI_FREQUENTI_SET3_PARTE1,111006,Affidamento e mantenimento dei figli nati fuori dal matrimonio,normativa,normativa,normativa,normativa,True,True,True,True,True,,,,,,False,,ok
kb_98_top9_set3_parte1.json,TOP9_CODICI_FREQUENTI_SET3_PARTE1,111006,Affidamento e mantenimento dei figli nati fuori dal matrimonio,atto_principale,atto_principale,atto_principale,atto_principale,True,True,True,True,True,,,,,,False,,ok
kb_98_top9_set3_parte1.json,TOP9_CODICI_FREQUENTI_SET3_PARTE1,111006,Affidamento e mantenimento dei figli nati fuori dal matrimonio,fonti_verifica_web,fonti_verifica_web,fonti_verifica_web,fonti_verifica_web,False,False,True,True,True,,,,,,False,,ok
kb_98_top9_set3_parte1.json,TOP9_CODICI_FREQUENTI_SET3_PARTE1,111006,Affidamento e mantenimento dei figli nati fuori dal matrimonio,presidi_operativi_integrativi,presidi_operativi_integrativi,presidi_operativi_integrativi,presidi_operativi_integrativi,False,False,True,True,True,,,,,,False,,ok
kb_98_top9_set3_parte1.json,TOP9_CODICI_FREQUENTI_SET3_PARTE1,111006,Affidamento e mantenimento dei figli nati fuori dal matrimonio,specialistica:competenza_territoriale,competenza_territoriale,competenza_territoriale,competenza_territoriale,True,True,True,True,True,,,,,,False,,ok
kb_98_top9_set3_parte1.json,TOP9_CODICI_FREQUENTI_SET3_PARTE1,111006,Affidamento e mantenimento dei figli nati fuori dal matrimonio,specialistica:differenze_rispetto_a_figli_matrimoniali,differenze_rispetto_a_figli_matrimoniali,differenze_rispetto_a_figli_matrimoniali,differenze_rispetto_a_figli_matrimoniali,True,True,True,True,True,,,,,,False,,ok
kb_98_top9_set3_parte1.json,TOP9_CODICI_FREQUENTI_SET3_PARTE1,GUIDA_ONORARI_PROFESSIONALI_L794,Procedimento sommario per onorari professionali ex L. 794/1942 (art. 14 D.Lgs. 150/2011),denominazione,denominazione,denominazione,denominazione,True,True,True,True,True,,,,Procedimento sommario per onorari professionali ex L. 794/1942 (art. 14 D.Lgs. 150/2011),Procedimento sommario per onorari professionali ex L. 794/1942 (art. 14 D.Lgs. 150/2011),False,,ok
kb_98_top9_set3_parte1.json,TOP9_CODICI_FREQUENTI_SET3_PARTE1,GUIDA_ONORARI_PROFESSIONALI_L794,Procedimento sommario per onorari professionali ex L. 794/1942 (art. 14 D.Lgs. 150/2011),categoria,categoria,categoria,categoria,True,True,True,True,True,,,,Recupero crediti professionali,Recupero crediti professionali,False,,ok
kb_98_top9_set3_parte1.json,TOP9_CODICI_FREQUENTI_SET3_PARTE1,GUIDA_ONORARI_PROFESSIONALI_L794,Procedimento sommario per onorari professionali ex L. 794/1942 (art. 14 D.Lgs. 150/2011),sottocategoria,sottocategoria,sottocategoria,sottocategoria,True,True,True,True,True,,,,"Procedimento speciale per liquidazione compensi professionali (avvocati, prestazioni stragiudiziali) - rito sommario speciale","Procedimento speciale per liquidazione compensi professionali (avvocati, prestazioni stragiudiziali) - rito sommario speciale",False,,ok
kb_98_top9_set3_parte1.json,TOP9_CODICI_FREQUENTI_SET3_PARTE1,GUIDA_ONORARI_PROFESSIONALI_L794,Procedimento sommario per onorari professionali ex L. 794/1942 (art. 14 D.Lgs. 150/2011),rito,rito,rito,rito,True,True,True,True,True,,,,Rito sommario speciale ex art. 14 D.Lgs. 150/2011 (sostitutivo del vecchio rito L. 794/1942) - rito camerale con termini abbreviati,Rito sommario speciale ex art. 14 D.Lgs. 150/2011 (sostitutivo del vecchio rito L. 794/1942) - rito camerale con termini abbreviati,False,,ok
kb_98_top9_set3_parte1.json,TOP9_CODICI_FREQUENTI_SET3_PARTE1,GUIDA_ONORARI_PROFESSIONALI_L794,Procedimento sommario per onorari professionali ex L. 794/1942 (art. 14 D.Lgs. 150/2011),competenza,competenza,competenza,competenza,True,True,True,True,True,,,,"Tribunale o Giudice di Pace (in base al valore) competente per la causa di valore corrispondente; per avvocati: il giudice che ha conosciuto della causa o, per attività stragiudiziale, il giudice del luogo di residenza del professionista","Tribunale o Giudice di Pace (in base al valore) competente per la causa di valore corrispondente; per avvocati: il giudice che ha conosciuto della causa o, per attività stragiudiziale, il giudice del luogo di residenza del professionista",False,,ok
kb_98_top9_set3_parte1.json,TOP9_CODICI_FREQUENTI_SET3_PARTE1,GUIDA_ONORARI_PROFESSIONALI_L794,Procedimento sommario per onorari professionali ex L. 794/1942 (art. 14 D.Lgs. 150/2011),uffici_destinatari,uffici_destinatari,uffici_destinatari,uffici_destinatari,True,True,True,True,True,,,,,,False,,ok
kb_98_top9_set3_parte1.json,TOP9_CODICI_FREQUENTI_SET3_PARTE1,GUIDA_ONORARI_PROFESSIONALI_L794,Procedimento sommario per onorari professionali ex L. 794/1942 (art. 14 D.Lgs. 150/2011),tipologie_di_intervento,tipologie_di_intervento,tipologie_di_intervento,tipologie_di_intervento,False,False,False,True,False,,,,,,False,,ok
kb_98_top9_set3_parte1.json,TOP9_CODICI_FREQUENTI_SET3_PARTE1,GUIDA_ONORARI_PROFESSIONALI_L794,Procedimento sommario per onorari professionali ex L. 794/1942 (art. 14 D.Lgs. 150/2011),presupposti_sostanziali,presupposti_sostanziali,presupposti_sostanziali,presupposti_sostanziali,True,True,True,True,True,,,,,,False,,ok
kb_98_top9_set3_parte1.json,TOP9_CODICI_FREQUENTI_SET3_PARTE1,GUIDA_ONORARI_PROFESSIONALI_L794,Procedimento sommario per onorari professionali ex L. 794/1942 (art. 14 D.Lgs. 150/2011),legittimati_attivi,legittimati_attivi,legittimati_attivi,legittimati_attivi,False,False,False,True,False,,,,,,False,,ok
kb_98_top9_set3_parte1.json,TOP9_CODICI_FREQUENTI_SET3_PARTE1,GUIDA_ONORARI_PROFESSIONALI_L794,Procedimento sommario per onorari professionali ex L. 794/1942 (art. 14 D.Lgs. 150/2011),obbligo_mediazione,obbligo_mediazione,obbligo_mediazione,obbligo_mediazione,True,True,True,True,True,,,,,,False,,ok
kb_98_top9_set3_parte1.json,TOP9_CODICI_FREQUENTI_SET3_PARTE1,GUIDA_ONORARI_PROFESSIONALI_L794,Procedimento sommario per onorari professionali ex L. 794/1942 (art. 14 D.Lgs. 150/2011),adempimenti_propedeutici,adempimenti_propedeutici,adempimenti_propedeutici,adempimenti_propedeutici,True,True,True,True,True,"1,2,3,4,5","1,2,3,4,5",,,,False,,ok
kb_98_top9_set3_parte1.json,TOP9_CODICI_FREQUENTI_SET3_PARTE1,GUIDA_ONORARI_PROFESSIONALI_L794,Procedimento sommario per onorari professionali ex L. 794/1942 (art. 14 D.Lgs. 150/2011),richiesta_provvedimenti_urgenti,richiesta_provvedimenti_urgenti,richiesta_provvedimenti_urgenti,richiesta_provvedimenti_urgenti,False,False,False,True,False,,,,,,False,,ok
kb_98_top9_set3_parte1.json,TOP9_CODICI_FREQUENTI_SET3_PARTE1,GUIDA_ONORARI_PROFESSIONALI_L794,Procedimento sommario per onorari professionali ex L. 794/1942 (art. 14 D.Lgs. 150/2011),avvertimenti_obbligatori,atto_principale.avvertimenti_obbligatori,atto_principale.avvertimenti_obbligatori,atto_principale.avvertimenti_obbligatori,True,True,True,True,True,,,,,,False,,ok
kb_98_top9_set3_parte1.json,TOP9_CODICI_FREQUENTI_SET3_PARTE1,GUIDA_ONORARI_PROFESSIONALI_L794,Procedimento sommario per onorari professionali ex L. 794/1942 (art. 14 D.Lgs. 150/2011),allegati_obbligatori,allegati_obbligatori,allegati_obbligatori,allegati_obbligatori,True,True,True,True,True,,,,,,False,,ok
kb_98_top9_set3_parte1.json,TOP9_CODICI_FREQUENTI_SET3_PARTE1,GUIDA_ONORARI_PROFESSIONALI_L794,Procedimento sommario per onorari professionali ex L. 794/1942 (art. 14 D.Lgs. 150/2011),termini_processuali,termini_processuali,termini_processuali,termini_processuali,True,True,True,True,True,,,,,,False,,ok
kb_98_top9_set3_parte1.json,TOP9_CODICI_FREQUENTI_SET3_PARTE1,GUIDA_ONORARI_PROFESSIONALI_L794,Procedimento sommario per onorari professionali ex L. 794/1942 (art. 14 D.Lgs. 150/2011),esiti_processuali_tipici,esiti_processuali_tipici,esiti_processuali_tipici,esiti_processuali_tipici,True,True,True,True,True,,,,,,False,,ok
kb_98_top9_set3_parte1.json,TOP9_CODICI_FREQUENTI_SET3_PARTE1,GUIDA_ONORARI_PROFESSIONALI_L794,Procedimento sommario per onorari professionali ex L. 794/1942 (art. 14 D.Lgs. 150/2011),normativa,normativa,normativa,normativa,True,True,True,True,True,,,,,,False,,ok
kb_98_top9_set3_parte1.json,TOP9_CODICI_FREQUENTI_SET3_PARTE1,GUIDA_ONORARI_PROFESSIONALI_L794,Procedimento sommario per onorari professionali ex L. 794/1942 (art. 14 D.Lgs. 150/2011),atto_principale,atto_principale,atto_principale,atto_principale,True,True,True,True,True,,,,,,False,,ok
kb_98_top9_set3_parte1.json,TOP9_CODICI_FREQUENTI_SET3_PARTE1,GUIDA_ONORARI_PROFESSIONALI_L794,Procedimento sommario per onorari professionali ex L. 794/1942 (art. 14 D.Lgs. 150/2011),fonti_verifica_web,fonti_verifica_web,fonti_verifica_web,fonti_verifica_web,False,False,True,True,True,,,,,,False,,ok
kb_98_top9_set3_parte1.json,TOP9_CODICI_FREQUENTI_SET3_PARTE1,GUIDA_ONORARI_PROFESSIONALI_L794,Procedimento sommario per onorari professionali ex L. 794/1942 (art. 14 D.Lgs. 150/2011),presidi_operativi_integrativi,presidi_operativi_integrativi,presidi_operativi_integrativi,presidi_operativi_integrativi,False,False,True,True,True,,,,,,False,,ok
kb_98_top9_set3_parte1.json,TOP9_CODICI_FREQUENTI_SET3_PARTE1,GUIDA_ONORARI_PROFESSIONALI_L794,Procedimento sommario per onorari professionali ex L. 794/1942 (art. 14 D.Lgs. 150/2011),specialistica:ambito_applicativo,ambito_applicativo,ambito_applicativo,ambito_applicativo,True,True,True,True,True,,,,,,False,,ok
kb_98_top9_set3_parte2.json,TOP9_CODICI_FREQUENTI_SET3_PARTE2,GUIDA_ADS_MODIFICA_REVOCA_413062,Modifica o revoca del decreto di nomina dell'amministratore di sostegno,denominazione,denominazione,denominazione,denominazione,True,True,True,True,True,,,,Modifica o revoca del decreto di nomina dell'amministratore di sostegno,Modifica o revoca del decreto di nomina dell'amministratore di sostegno,False,,ok
kb_98_top9_set3_parte2.json,TOP9_CODICI_FREQUENTI_SET3_PARTE2,GUIDA_ADS_MODIFICA_REVOCA_413062,Modifica o revoca del decreto di nomina dell'amministratore di sostegno,categoria,categoria,categoria,categoria,True,True,True,True,True,,,,Volontaria giurisdizione - protezione - AdS in fase modificativa,Volontaria giurisdizione - protezione - AdS in fase modificativa,False,,ok
kb_98_top9_set3_parte2.json,TOP9_CODICI_FREQUENTI_SET3_PARTE2,GUIDA_ADS_MODIFICA_REVOCA_413062,Modifica o revoca del decreto di nomina dell'amministratore di sostegno,sottocategoria,sottocategoria,sottocategoria,sottocategoria,True,True,True,True,True,,,,"Procedimento di modifica, sostituzione, integrazione, revoca dell'amministrazione di sostegno","Procedimento di modifica, sostituzione, integrazione, revoca dell'amministrazione di sostegno",False,,ok
kb_98_top9_set3_parte2.json,TOP9_CODICI_FREQUENTI_SET3_PARTE2,GUIDA_ADS_MODIFICA_REVOCA_413062,Modifica o revoca del decreto di nomina dell'amministratore di sostegno,rito,rito,rito,rito,True,True,True,True,True,,,,Procedimento camerale - GIUDICE TUTELARE (stesso che ha aperto l'AdS),Procedimento camerale - GIUDICE TUTELARE (stesso che ha aperto l'AdS),False,,ok
kb_98_top9_set3_parte2.json,TOP9_CODICI_FREQUENTI_SET3_PARTE2,GUIDA_ADS_MODIFICA_REVOCA_413062,Modifica o revoca del decreto di nomina dell'amministratore di sostegno,competenza,competenza,competenza,competenza,True,True,True,True,True,,,,GIUDICE TUTELARE del Tribunale del luogo di residenza/domicilio del beneficiario - stesso che ha aperto l'AdS,GIUDICE TUTELARE del Tribunale del luogo di residenza/domicilio del beneficiario - stesso che ha aperto l'AdS,False,,ok
kb_98_top9_set3_parte2.json,TOP9_CODICI_FREQUENTI_SET3_PARTE2,GUIDA_ADS_MODIFICA_REVOCA_413062,Modifica o revoca del decreto di nomina dell'amministratore di sostegno,uffici_destinatari,uffici_destinatari,uffici_destinatari,uffici_destinatari,True,True,True,True,True,,,,,,False,,ok
kb_98_top9_set3_parte2.json,TOP9_CODICI_FREQUENTI_SET3_PARTE2,GUIDA_ADS_MODIFICA_REVOCA_413062,Modifica o revoca del decreto di nomina dell'amministratore di sostegno,tipologie_di_intervento,tipologie_di_intervento,tipologie_di_intervento,tipologie_di_intervento,True,True,True,True,True,,,,,,False,,ok
kb_98_top9_set3_parte2.json,TOP9_CODICI_FREQUENTI_SET3_PARTE2,GUIDA_ADS_MODIFICA_REVOCA_413062,Modifica o revoca del decreto di nomina dell'amministratore di sostegno,presupposti_sostanziali,presupposti_sostanziali,presupposti_sostanziali,presupposti_sostanziali,True,True,True,True,True,,,,,,False,,ok
kb_98_top9_set3_parte2.json,TOP9_CODICI_FREQUENTI_SET3_PARTE2,GUIDA_ADS_MODIFICA_REVOCA_413062,Modifica o revoca del decreto di nomina dell'amministratore di sostegno,legittimati_attivi,legittimati_attivi,legittimati_attivi,legittimati_attivi,True,True,True,True,True,,,,,,False,,ok
kb_98_top9_set3_parte2.json,TOP9_CODICI_FREQUENTI_SET3_PARTE2,GUIDA_ADS_MODIFICA_REVOCA_413062,Modifica o revoca del decreto di nomina dell'amministratore di sostegno,obbligo_mediazione,obbligo_mediazione,obbligo_mediazione,obbligo_mediazione,True,True,True,True,True,,,,,,False,,ok
kb_98_top9_set3_parte2.json,TOP9_CODICI_FREQUENTI_SET3_PARTE2,GUIDA_ADS_MODIFICA_REVOCA_413062,Modifica o revoca del decreto di nomina dell'amministratore di sostegno,adempimenti_propedeutici,adempimenti_propedeutici,adempimenti_propedeutici,adempimenti_propedeutici,True,True,True,True,True,"1,2,3,4,5","1,2,3,4,5",,,,False,,ok
kb_98_top9_set3_parte2.json,TOP9_CODICI_FREQUENTI_SET3_PARTE2,GUIDA_ADS_MODIFICA_REVOCA_413062,Modifica o revoca del decreto di nomina dell'amministratore di sostegno,richiesta_provvedimenti_urgenti,richiesta_provvedimenti_urgenti,richiesta_provvedimenti_urgenti,richiesta_provvedimenti_urgenti,False,False,False,True,False,,,,,,False,,ok
kb_98_top9_set3_parte2.json,TOP9_CODICI_FREQUENTI_SET3_PARTE2,GUIDA_ADS_MODIFICA_REVOCA_413062,Modifica o revoca del decreto di nomina dell'amministratore di sostegno,avvertimenti_obbligatori,atto_principale.avvertimenti_obbligatori,atto_principale.avvertimenti_obbligatori,atto_principale.avvertimenti_obbligatori,True,True,True,True,True,,,,,,False,,ok
kb_98_top9_set3_parte2.json,TOP9_CODICI_FREQUENTI_SET3_PARTE2,GUIDA_ADS_MODIFICA_REVOCA_413062,Modifica o revoca del decreto di nomina dell'amministratore di sostegno,allegati_obbligatori,allegati_obbligatori,allegati_obbligatori,allegati_obbligatori,True,True,True,True,True,,,,,,False,,ok
kb_98_top9_set3_parte2.json,TOP9_CODICI_FREQUENTI_SET3_PARTE2,GUIDA_ADS_MODIFICA_REVOCA_413062,Modifica o revoca del decreto di nomina dell'amministratore di sostegno,termini_processuali,termini_processuali,termini_processuali,termini_processuali,True,True,True,True,True,,,,,,False,,ok
kb_98_top9_set3_parte2.json,TOP9_CODICI_FREQUENTI_SET3_PARTE2,GUIDA_ADS_MODIFICA_REVOCA_413062,Modifica o revoca del decreto di nomina dell'amministratore di sostegno,esiti_processuali_tipici,esiti_processuali_tipici,esiti_processuali_tipici,esiti_processuali_tipici,True,True,True,True,True,,,,,,False,,ok
kb_98_top9_set3_parte2.json,TOP9_CODICI_FREQUENTI_SET3_PARTE2,GUIDA_ADS_MODIFICA_REVOCA_413062,Modifica o revoca del decreto di nomina dell'amministratore di sostegno,normativa,normativa,normativa,normativa,True,True,True,True,True,,,,,,False,,ok
kb_98_top9_set3_parte2.json,TOP9_CODICI_FREQUENTI_SET3_PARTE2,GUIDA_ADS_MODIFICA_REVOCA_413062,Modifica o revoca del decreto di nomina dell'amministratore di sostegno,atto_principale,atto_principale,atto_principale,atto_principale,True,True,True,True,True,,,,,,False,,ok
kb_98_top9_set3_parte2.json,TOP9_CODICI_FREQUENTI_SET3_PARTE2,GUIDA_ADS_MODIFICA_REVOCA_413062,Modifica o revoca del decreto di nomina dell'amministratore di sostegno,fonti_verifica_web,fonti_verifica_web,fonti_verifica_web,fonti_verifica_web,False,False,True,True,True,,,,,,False,,ok
kb_98_top9_set3_parte2.json,TOP9_CODICI_FREQUENTI_SET3_PARTE2,GUIDA_ADS_MODIFICA_REVOCA_413062,Modifica o revoca del decreto di nomina dell'amministratore di sostegno,presidi_operativi_integrativi,presidi_operativi_integrativi,presidi_operativi_integrativi,presidi_operativi_integrativi,False,False,True,True,True,,,,,,False,,ok
kb_98_top9_set3_parte2.json,TOP9_CODICI_FREQUENTI_SET3_PARTE2,GUIDA_RECESSO_SOCIO_SRL_150003,Recesso del socio di S.r.l. e liquidazione della quota (artt. 2473 c.c.),denominazione,denominazione,denominazione,denominazione,True,True,True,True,True,,,,Recesso del socio di S.r.l. e liquidazione della quota (artt. 2473 c.c.),Recesso del socio di S.r.l. e liquidazione della quota (artt. 2473 c.c.),False,,ok
kb_98_top9_set3_parte2.json,TOP9_CODICI_FREQUENTI_SET3_PARTE2,GUIDA_RECESSO_SOCIO_SRL_150003,Recesso del socio di S.r.l. e liquidazione della quota (artt. 2473 c.c.),categoria,categoria,categoria,categoria,True,True,True,True,True,,,,Diritto societario - vicende del socio,Diritto societario - vicende del socio,False,,ok
kb_98_top9_set3_parte2.json,TOP9_CODICI_FREQUENTI_SET3_PARTE2,GUIDA_RECESSO_SOCIO_SRL_150003,Recesso del socio di S.r.l. e liquidazione della quota (artt. 2473 c.c.),sottocategoria,sottocategoria,sottocategoria,sottocategoria,True,True,True,True,True,,,,Esercizio del diritto di recesso del socio S.r.l. e determinazione del valore di liquidazione della quota,Esercizio del diritto di recesso del socio S.r.l. e determinazione del valore di liquidazione della quota,False,,ok
kb_98_top9_set3_parte2.json,TOP9_CODICI_FREQUENTI_SET3_PARTE2,GUIDA_RECESSO_SOCIO_SRL_150003,Recesso del socio di S.r.l. e liquidazione della quota (artt. 2473 c.c.),rito,rito,rito,rito,True,True,True,True,True,,,,Rito ordinario di cognizione (la S.S.I. ha competenza per le S.r.l. con caratteristiche specifiche),Rito ordinario di cognizione (la S.S.I. ha competenza per le S.r.l. con caratteristiche specifiche),False,,ok
kb_98_top9_set3_parte2.json,TOP9_CODICI_FREQUENTI_SET3_PARTE2,GUIDA_RECESSO_SOCIO_SRL_150003,Recesso del socio di S.r.l. e liquidazione della quota (artt. 2473 c.c.),competenza,competenza,competenza,competenza,True,True,True,True,True,,,,TRIBUNALE - SEZIONE SPECIALIZZATA IN MATERIA DI IMPRESA per S.r.l. di rilevanza significativa (D.L. 1/2012); altrimenti Tribunale ordinario - sezione civile,TRIBUNALE - SEZIONE SPECIALIZZATA IN MATERIA DI IMPRESA per S.r.l. di rilevanza significativa (D.L. 1/2012); altrimenti Tribunale ordinario - sezione civile,False,,ok
kb_98_top9_set3_parte2.json,TOP9_CODICI_FREQUENTI_SET3_PARTE2,GUIDA_RECESSO_SOCIO_SRL_150003,Recesso del socio di S.r.l. e liquidazione della quota (artt. 2473 c.c.),uffici_destinatari,uffici_destinatari,uffici_destinatari,uffici_destinatari,True,True,True,True,True,,,,,,False,,ok
kb_98_top9_set3_parte2.json,TOP9_CODICI_FREQUENTI_SET3_PARTE2,GUIDA_RECESSO_SOCIO_SRL_150003,Recesso del socio di S.r.l. e liquidazione della quota (artt. 2473 c.c.),tipologie_di_intervento,tipologie_di_intervento,tipologie_di_intervento,tipologie_di_intervento,False,False,False,True,False,,,,,,False,,ok
kb_98_top9_set3_parte2.json,TOP9_CODICI_FREQUENTI_SET3_PARTE2,GUIDA_RECESSO_SOCIO_SRL_150003,Recesso del socio di S.r.l. e liquidazione della quota (artt. 2473 c.c.),presupposti_sostanziali,presupposti_sostanziali,presupposti_sostanziali,presupposti_sostanziali,True,True,True,True,True,,,,,,False,,ok
kb_98_top9_set3_parte2.json,TOP9_CODICI_FREQUENTI_SET3_PARTE2,GUIDA_RECESSO_SOCIO_SRL_150003,Recesso del socio di S.r.l. e liquidazione della quota (artt. 2473 c.c.),legittimati_attivi,legittimati_attivi,legittimati_attivi,legittimati_attivi,False,False,False,True,False,,,,,,False,,ok
kb_98_top9_set3_parte2.json,TOP9_CODICI_FREQUENTI_SET3_PARTE2,GUIDA_RECESSO_SOCIO_SRL_150003,Recesso del socio di S.r.l. e liquidazione della quota (artt. 2473 c.c.),obbligo_mediazione,obbligo_mediazione,obbligo_mediazione,obbligo_mediazione,True,True,True,True,True,,,,,,False,,ok
kb_98_top9_set3_parte2.json,TOP9_CODICI_FREQUENTI_SET3_PARTE2,GUIDA_RECESSO_SOCIO_SRL_150003,Recesso del socio di S.r.l. e liquidazione della quota (artt. 2473 c.c.),adempimenti_propedeutici,adempimenti_propedeutici,adempimenti_propedeutici,adempimenti_propedeutici,True,True,True,True,True,"1,2,3,4,5,6","1,2,3,4,5,6",,,,False,,ok
kb_98_top9_set3_parte2.json,TOP9_CODICI_FREQUENTI_SET3_PARTE2,GUIDA_RECESSO_SOCIO_SRL_150003,Recesso del socio di S.r.l. e liquidazione della quota (artt. 2473 c.c.),richiesta_provvedimenti_urgenti,richiesta_provvedimenti_urgenti,richiesta_provvedimenti_urgenti,richiesta_provvedimenti_urgenti,False,False,False,True,False,,,,,,False,,ok
kb_98_top9_set3_parte2.json,TOP9_CODICI_FREQUENTI_SET3_PARTE2,GUIDA_RECESSO_SOCIO_SRL_150003,Recesso del socio di S.r.l. e liquidazione della quota (artt. 2473 c.c.),avvertimenti_obbligatori,atto_principale.avvertimenti_obbligatori,atto_principale.avvertimenti_obbligatori,atto_principale.avvertimenti_obbligatori,True,True,True,True,True,,,,,,False,,ok
kb_98_top9_set3_parte2.json,TOP9_CODICI_FREQUENTI_SET3_PARTE2,GUIDA_RECESSO_SOCIO_SRL_150003,Recesso del socio di S.r.l. e liquidazione della quota (artt. 2473 c.c.),allegati_obbligatori,allegati_obbligatori,allegati_obbligatori,allegati_obbligatori,True,True,True,True,True,,,,,,False,,ok
kb_98_top9_set3_parte2.json,TOP9_CODICI_FREQUENTI_SET3_PARTE2,GUIDA_RECESSO_SOCIO_SRL_150003,Recesso del socio di S.r.l. e liquidazione della quota (artt. 2473 c.c.),termini_processuali,termini_processuali,termini_processuali,termini_processuali,True,True,True,True,True,,,,,,False,,ok
kb_98_top9_set3_parte2.json,TOP9_CODICI_FREQUENTI_SET3_PARTE2,GUIDA_RECESSO_SOCIO_SRL_150003,Recesso del socio di S.r.l. e liquidazione della quota (artt. 2473 c.c.),esiti_processuali_tipici,esiti_processuali_tipici,esiti_processuali_tipici,esiti_processuali_tipici,True,True,True,True,True,,,,,,False,,ok
kb_98_top9_set3_parte2.json,TOP9_CODICI_FREQUENTI_SET3_PARTE2,GUIDA_RECESSO_SOCIO_SRL_150003,Recesso del socio di S.r.l. e liquidazione della quota (artt. 2473 c.c.),normativa,normativa,normativa,normativa,True,True,True,True,True,,,,,,False,,ok
kb_98_top9_set3_parte2.json,TOP9_CODICI_FREQUENTI_SET3_PARTE2,GUIDA_RECESSO_SOCIO_SRL_150003,Recesso del socio di S.r.l. e liquidazione della quota (artt. 2473 c.c.),atto_principale,atto_principale,atto_principale,atto_principale,True,True,True,True,True,,,,,,False,,ok
kb_98_top9_set3_parte2.json,TOP9_CODICI_FREQUENTI_SET3_PARTE2,GUIDA_RECESSO_SOCIO_SRL_150003,Recesso del socio di S.r.l. e liquidazione della quota (artt. 2473 c.c.),fonti_verifica_web,fonti_verifica_web,fonti_verifica_web,fonti_verifica_web,False,False,True,True,True,,,,,,False,,ok
kb_98_top9_set3_parte2.json,TOP9_CODICI_FREQUENTI_SET3_PARTE2,GUIDA_RECESSO_SOCIO_SRL_150003,Recesso del socio di S.r.l. e liquidazione della quota (artt. 2473 c.c.),presidi_operativi_integrativi,presidi_operativi_integrativi,presidi_operativi_integrativi,presidi_operativi_integrativi,False,False,True,True,True,,,,,,False,,ok
kb_98_top9_set3_parte2.json,TOP9_CODICI_FREQUENTI_SET3_PARTE2,GUIDA_RECESSO_SOCIO_SRL_150003,Recesso del socio di S.r.l. e liquidazione della quota (artt. 2473 c.c.),specialistica:competenza_territoriale,competenza_territoriale,competenza_territoriale,competenza_territoriale,True,True,True,True,True,,,,,,False,,ok
kb_98_top9_set3_parte2.json,TOP9_CODICI_FREQUENTI_SET3_PARTE2,GUIDA_RECESSO_SOCIO_SRL_150003,Recesso del socio di S.r.l. e liquidazione della quota (artt. 2473 c.c.),specialistica:cause_recesso_legali_art_2473,cause_recesso_legali_art_2473,cause_recesso_legali_art_2473,cause_recesso_legali_art_2473,True,True,True,True,True,,,,,,False,,ok
kb_98_top9_set3_parte2.json,TOP9_CODICI_FREQUENTI_SET3_PARTE2,GUIDA_RECESSO_SOCIO_SRL_150003,Recesso del socio di S.r.l. e liquidazione della quota (artt. 2473 c.c.),specialistica:cause_recesso_statutarie,cause_recesso_statutarie,cause_recesso_statutarie,cause_recesso_statutarie,True,True,True,True,True,,,,,,False,,ok
kb_98_top9_set3_parte2.json,TOP9_CODICI_FREQUENTI_SET3_PARTE2,100011,Opposizione all'esecuzione ex art. 615 c. 2 c.p.c. (dopo l'inizio dell'esecuzione),denominazione,denominazione,denominazione,denominazione,True,True,True,True,True,,,,Opposizione all'esecuzione ex art. 615 c. 2 c.p.c. (dopo l'inizio dell'esecuzione),Opposizione all'esecuzione ex art. 615 c. 2 c.p.c. (dopo l'inizio dell'esecuzione),False,,ok
kb_98_top9_set3_parte2.json,TOP9_CODICI_FREQUENTI_SET3_PARTE2,100011,Opposizione all'esecuzione ex art. 615 c. 2 c.p.c. (dopo l'inizio dell'esecuzione),categoria,categoria,categoria,categoria,True,True,True,True,True,,,,Opposizioni esecutive,Opposizioni esecutive,False,,ok
kb_98_top9_set3_parte2.json,TOP9_CODICI_FREQUENTI_SET3_PARTE2,100011,Opposizione all'esecuzione ex art. 615 c. 2 c.p.c. (dopo l'inizio dell'esecuzione),sottocategoria,sottocategoria,sottocategoria,sottocategoria,True,True,True,True,True,,,,Opposizione successiva all'inizio dell'esecuzione - merito,Opposizione successiva all'inizio dell'esecuzione - merito,False,,ok
kb_98_top9_set3_parte2.json,TOP9_CODICI_FREQUENTI_SET3_PARTE2,100011,Opposizione all'esecuzione ex art. 615 c. 2 c.p.c. (dopo l'inizio dell'esecuzione),rito,rito,rito,rito,True,True,True,True,True,,,,Procedimento davanti al GIUDICE DELL'ESECUZIONE - successiva fase di merito davanti al giudice competente per la causa di valore corrispondente,Procedimento davanti al GIUDICE DELL'ESECUZIONE - successiva fase di merito davanti al giudice competente per la causa di valore corrispondente,False,,ok
kb_98_top9_set3_parte2.json,TOP9_CODICI_FREQUENTI_SET3_PARTE2,100011,Opposizione all'esecuzione ex art. 615 c. 2 c.p.c. (dopo l'inizio dell'esecuzione),competenza,competenza,competenza,competenza,True,True,True,True,True,,,,GIUDICE DELL'ESECUZIONE per fase iniziale (sospensione e opposizione formale); GIUDICE COMPETENTE PER VALORE/MATERIA per la fase di merito (dopo l'introduzione del giudizio di merito ex art. 616 c.p.c.),GIUDICE DELL'ESECUZIONE per fase iniziale (sospensione e opposizione formale); GIUDICE COMPETENTE PER VALORE/MATERIA per la fase di merito (dopo l'introduzione del giudizio di merito ex art. 616 c.p.c.),False,,ok
kb_98_top9_set3_parte2.json,TOP9_CODICI_FREQUENTI_SET3_PARTE2,100011,Opposizione all'esecuzione ex art. 615 c. 2 c.p.c. (dopo l'inizio dell'esecuzione),uffici_destinatari,uffici_destinatari,uffici_destinatari,uffici_destinatari,True,True,True,True,True,,,,,,False,,ok
kb_98_top9_set3_parte2.json,TOP9_CODICI_FREQUENTI_SET3_PARTE2,100011,Opposizione all'esecuzione ex art. 615 c. 2 c.p.c. (dopo l'inizio dell'esecuzione),tipologie_di_intervento,tipologie_di_intervento,tipologie_di_intervento,tipologie_di_intervento,False,False,False,True,False,,,,,,False,,ok
kb_98_top9_set3_parte2.json,TOP9_CODICI_FREQUENTI_SET3_PARTE2,100011,Opposizione all'esecuzione ex art. 615 c. 2 c.p.c. (dopo l'inizio dell'esecuzione),presupposti_sostanziali,presupposti_sostanziali,presupposti_sostanziali,presupposti_sostanziali,True,True,True,True,True,,,,,,False,,ok
kb_98_top9_set3_parte2.json,TOP9_CODICI_FREQUENTI_SET3_PARTE2,100011,Opposizione all'esecuzione ex art. 615 c. 2 c.p.c. (dopo l'inizio dell'esecuzione),legittimati_attivi,legittimati_attivi,legittimati_attivi,legittimati_attivi,False,False,False,True,False,,,,,,False,,ok
kb_98_top9_set3_parte2.json,TOP9_CODICI_FREQUENTI_SET3_PARTE2,100011,Opposizione all'esecuzione ex art. 615 c. 2 c.p.c. (dopo l'inizio dell'esecuzione),obbligo_mediazione,obbligo_mediazione,obbligo_mediazione,obbligo_mediazione,True,True,True,True,True,,,,,,False,,ok
kb_98_top9_set3_parte2.json,TOP9_CODICI_FREQUENTI_SET3_PARTE2,100011,Opposizione all'esecuzione ex art. 615 c. 2 c.p.c. (dopo l'inizio dell'esecuzione),adempimenti_propedeutici,adempimenti_propedeutici,adempimenti_propedeutici,adempimenti_propedeutici,True,True,True,True,True,"1,2,3,4,5","1,2,3,4,5,6",,,,False,,ok
kb_98_top9_set3_parte2.json,TOP9_CODICI_FREQUENTI_SET3_PARTE2,100011,Opposizione all'esecuzione ex art. 615 c. 2 c.p.c. (dopo l'inizio dell'esecuzione),richiesta_provvedimenti_urgenti,richiesta_provvedimenti_urgenti,richiesta_provvedimenti_urgenti,richiesta_provvedimenti_urgenti,False,False,False,True,False,,,,,,False,,ok
kb_98_top9_set3_parte2.json,TOP9_CODICI_FREQUENTI_SET3_PARTE2,100011,Opposizione all'esecuzione ex art. 615 c. 2 c.p.c. (dopo l'inizio dell'esecuzione),avvertimenti_obbligatori,atto_principale.avvertimenti_obbligatori,atto_principale.avvertimenti_obbligatori,atto_principale.avvertimenti_obbligatori,True,True,True,True,True,,,,,,False,,ok
kb_98_top9_set3_parte2.json,TOP9_CODICI_FREQUENTI_SET3_PARTE2,100011,Opposizione all'esecuzione ex art. 615 c. 2 c.p.c. (dopo l'inizio dell'esecuzione),allegati_obbligatori,allegati_obbligatori,allegati_obbligatori,allegati_obbligatori,True,True,True,True,True,,,,,,False,,ok
kb_98_top9_set3_parte2.json,TOP9_CODICI_FREQUENTI_SET3_PARTE2,100011,Opposizione all'esecuzione ex art. 615 c. 2 c.p.c. (dopo l'inizio dell'esecuzione),termini_processuali,termini_processuali,termini_processuali,termini_processuali,True,True,True,True,True,,,,,,False,,ok
kb_98_top9_set3_parte2.json,TOP9_CODICI_FREQUENTI_SET3_PARTE2,100011,Opposizione all'esecuzione ex art. 615 c. 2 c.p.c. (dopo l'inizio dell'esecuzione),esiti_processuali_tipici,esiti_processuali_tipici,esiti_processuali_tipici,esiti_processuali_tipici,True,True,True,True,True,,,,,,False,,ok
kb_98_top9_set3_parte2.json,TOP9_CODICI_FREQUENTI_SET3_PARTE2,100011,Opposizione all'esecuzione ex art. 615 c. 2 c.p.c. (dopo l'inizio dell'esecuzione),normativa,normativa,normativa,normativa,True,True,True,True,True,,,,,,False,,ok
kb_98_top9_set3_parte2.json,TOP9_CODICI_FREQUENTI_SET3_PARTE2,100011,Opposizione all'esecuzione ex art. 615 c. 2 c.p.c. (dopo l'inizio dell'esecuzione),atto_principale,atto_principale,atto_principale,atto_principale,True,True,True,True,True,,,,,,False,,ok
kb_98_top9_set3_parte2.json,TOP9_CODICI_FREQUENTI_SET3_PARTE2,100011,Opposizione all'esecuzione ex art. 615 c. 2 c.p.c. (dopo l'inizio dell'esecuzione),fonti_verifica_web,fonti_verifica_web,fonti_verifica_web,fonti_verifica_web,False,False,True,True,True,,,,,,False,,ok
kb_98_top9_set3_parte2.json,TOP9_CODICI_FREQUENTI_SET3_PARTE2,100011,Opposizione all'esecuzione ex art. 615 c. 2 c.p.c. (dopo l'inizio dell'esecuzione),presidi_operativi_integrativi,presidi_operativi_integrativi,presidi_operativi_integrativi,presidi_operativi_integrativi,False,False,True,True,True,,,,,,False,,ok
kb_98_top9_set3_parte2.json,TOP9_CODICI_FREQUENTI_SET3_PARTE2,100011,Opposizione all'esecuzione ex art. 615 c. 2 c.p.c. (dopo l'inizio dell'esecuzione),specialistica:differenza_da_615_c1,differenza_da_615_c1,differenza_da_615_c1,differenza_da_615_c1,True,True,True,True,True,,,,,,False,,ok
kb_98_top9_set3_parte2.json,TOP9_CODICI_FREQUENTI_SET3_PARTE2,100011,Opposizione all'esecuzione ex art. 615 c. 2 c.p.c. (dopo l'inizio dell'esecuzione),specialistica:differenza_da_617,differenza_da_617,differenza_da_617,differenza_da_617,True,True,True,True,True,,,,,,False,,ok
kb_98_top9_set3_parte2.json,TOP9_CODICI_FREQUENTI_SET3_PARTE2,170006,Concorrenza sleale (art. 2598 c.c.),denominazione,denominazione,denominazione,denominazione,True,True,True,True,True,,,,Concorrenza sleale (art. 2598 c.c.),Concorrenza sleale (art. 2598 c.c.),False,,ok
kb_98_top9_set3_parte2.json,TOP9_CODICI_FREQUENTI_SET3_PARTE2,170006,Concorrenza sleale (art. 2598 c.c.),categoria,categoria,categoria,categoria,True,True,True,True,True,,,,Diritto industriale e commerciale,Diritto industriale e commerciale,False,,ok
kb_98_top9_set3_parte2.json,TOP9_CODICI_FREQUENTI_SET3_PARTE2,170006,Concorrenza sleale (art. 2598 c.c.),sottocategoria,sottocategoria,sottocategoria,sottocategoria,True,True,True,True,True,,,,"Atti di concorrenza sleale - confusione, denigrazione, scorrettezza professionale","Atti di concorrenza sleale - confusione, denigrazione, scorrettezza professionale",False,,ok
kb_98_top9_set3_parte2.json,TOP9_CODICI_FREQUENTI_SET3_PARTE2,170006,Concorrenza sleale (art. 2598 c.c.),rito,rito,rito,rito,True,True,True,True,True,,,,Rito ordinario di cognizione (con frequente fase cautelare ex art. 700 c.p.c. o inibitoria),Rito ordinario di cognizione (con frequente fase cautelare ex art. 700 c.p.c. o inibitoria),False,,ok
kb_98_top9_set3_parte2.json,TOP9_CODICI_FREQUENTI_SET3_PARTE2,170006,Concorrenza sleale (art. 2598 c.c.),competenza,competenza,competenza,competenza,True,True,True,True,True,,,,"TRIBUNALE SEZIONE SPECIALIZZATA IN MATERIA DI IMPRESA quando la concorrenza sleale è interferente con la proprietà intellettuale (D.Lgs. 168/2003, D.L. 1/2012); altrimenti Tribunale ordinario sezione civile","TRIBUNALE SEZIONE SPECIALIZZATA IN MATERIA DI IMPRESA quando la concorrenza sleale è interferente con la proprietà intellettuale (D.Lgs. 168/2003, D.L. 1/2012); altrimenti Tribunale ordinario sezione civile",False,,ok
kb_98_top9_set3_parte2.json,TOP9_CODICI_FREQUENTI_SET3_PARTE2,170006,Concorrenza sleale (art. 2598 c.c.),uffici_destinatari,uffici_destinatari,uffici_destinatari,uffici_destinatari,True,True,True,True,True,,,,,,False,,ok
kb_98_top9_set3_parte2.json,TOP9_CODICI_FREQUENTI_SET3_PARTE2,170006,Concorrenza sleale (art. 2598 c.c.),tipologie_di_intervento,tipologie_di_intervento,tipologie_di_intervento,tipologie_di_intervento,False,False,False,True,False,,,,,,False,,ok
kb_98_top9_set3_parte2.json,TOP9_CODICI_FREQUENTI_SET3_PARTE2,170006,Concorrenza sleale (art. 2598 c.c.),presupposti_sostanziali,presupposti_sostanziali,presupposti_sostanziali,presupposti_sostanziali,True,True,True,True,True,,,,,,False,,ok
kb_98_top9_set3_parte2.json,TOP9_CODICI_FREQUENTI_SET3_PARTE2,170006,Concorrenza sleale (art. 2598 c.c.),legittimati_attivi,legittimati_attivi,legittimati_attivi,legittimati_attivi,False,False,False,True,False,,,,,,False,,ok
kb_98_top9_set3_parte2.json,TOP9_CODICI_FREQUENTI_SET3_PARTE2,170006,Concorrenza sleale (art. 2598 c.c.),obbligo_mediazione,obbligo_mediazione,obbligo_mediazione,obbligo_mediazione,True,True,True,True,True,,,,,,False,,ok
kb_98_top9_set3_parte2.json,TOP9_CODICI_FREQUENTI_SET3_PARTE2,170006,Concorrenza sleale (art. 2598 c.c.),adempimenti_propedeutici,adempimenti_propedeutici,adempimenti_propedeutici,adempimenti_propedeutici,True,True,True,True,True,"1,2,3,4,5","1,2,3,4,5",,,,False,,ok
kb_98_top9_set3_parte2.json,TOP9_CODICI_FREQUENTI_SET3_PARTE2,170006,Concorrenza sleale (art. 2598 c.c.),richiesta_provvedimenti_urgenti,richiesta_provvedimenti_urgenti,richiesta_provvedimenti_urgenti,richiesta_provvedimenti_urgenti,False,False,False,True,False,,,,,,False,,ok
kb_98_top9_set3_parte2.json,TOP9_CODICI_FREQUENTI_SET3_PARTE2,170006,Concorrenza sleale (art. 2598 c.c.),avvertimenti_obbligatori,atto_principale.avvertimenti_obbligatori,atto_principale.avvertimenti_obbligatori,atto_principale.avvertimenti_obbligatori,True,True,True,True,True,,,,,,False,,ok
kb_98_top9_set3_parte2.json,TOP9_CODICI_FREQUENTI_SET3_PARTE2,170006,Concorrenza sleale (art. 2598 c.c.),allegati_obbligatori,allegati_obbligatori,allegati_obbligatori,allegati_obbligatori,True,True,True,True,True,,,,,,False,,ok
kb_98_top9_set3_parte2.json,TOP9_CODICI_FREQUENTI_SET3_PARTE2,170006,Concorrenza sleale (art. 2598 c.c.),termini_processuali,termini_processuali,termini_processuali,termini_processuali,True,True,True,True,True,,,,,,False,,ok
kb_98_top9_set3_parte2.json,TOP9_CODICI_FREQUENTI_SET3_PARTE2,170006,Concorrenza sleale (art. 2598 c.c.),esiti_processuali_tipici,esiti_processuali_tipici,esiti_processuali_tipici,esiti_processuali_tipici,True,True,True,True,True,,,,,,False,,ok
kb_98_top9_set3_parte2.json,TOP9_CODICI_FREQUENTI_SET3_PARTE2,170006,Concorrenza sleale (art. 2598 c.c.),normativa,normativa,normativa,normativa,True,True,True,True,True,,,,,,False,,ok
kb_98_top9_set3_parte2.json,TOP9_CODICI_FREQUENTI_SET3_PARTE2,170006,Concorrenza sleale (art. 2598 c.c.),atto_principale,atto_principale,atto_principale,atto_principale,True,True,True,True,True,,,,,,False,,ok
kb_98_top9_set3_parte2.json,TOP9_CODICI_FREQUENTI_SET3_PARTE2,170006,Concorrenza sleale (art. 2598 c.c.),fonti_verifica_web,fonti_verifica_web,fonti_verifica_web,fonti_verifica_web,False,False,True,True,True,,,,,,False,,ok
kb_98_top9_set3_parte2.json,TOP9_CODICI_FREQUENTI_SET3_PARTE2,170006,Concorrenza sleale (art. 2598 c.c.),presidi_operativi_integrativi,presidi_operativi_integrativi,presidi_operativi_integrativi,presidi_operativi_integrativi,False,False,True,True,True,,,,,,False,,ok
kb_98_top9_set3_parte2.json,TOP9_CODICI_FREQUENTI_SET3_PARTE2,170006,Concorrenza sleale (art. 2598 c.c.),specialistica:competenza_territoriale,competenza_territoriale,competenza_territoriale,competenza_territoriale,True,True,True,True,True,,,,,,False,,ok
kb_98_top9_set3_parte2.json,TOP9_CODICI_FREQUENTI_SET3_PARTE2,170006,Concorrenza sleale (art. 2598 c.c.),specialistica:tipologie_concorrenza_sleale_art_2598,tipologie_concorrenza_sleale_art_2598,tipologie_concorrenza_sleale_art_2598,tipologie_concorrenza_sleale_art_2598,True,True,True,True,True,,,,,,False,,ok
kb_98_top9_set4_parte1.json,TOP9_CODICI_FREQUENTI_SET4_PARTE1,101001,Revocazione ordinaria della sentenza (art. 395 c.p.c.),denominazione,denominazione,denominazione,denominazione,True,True,True,True,True,,,,Revocazione ordinaria della sentenza (art. 395 c.p.c.),Revocazione ordinaria della sentenza (art. 395 c.p.c.),False,,ok
kb_98_top9_set4_parte1.json,TOP9_CODICI_FREQUENTI_SET4_PARTE1,101001,Revocazione ordinaria della sentenza (art. 395 c.p.c.),categoria,categoria,categoria,categoria,True,True,True,True,True,,,,Impugnazioni straordinarie,Impugnazioni straordinarie,False,,ok
kb_98_top9_set4_parte1.json,TOP9_CODICI_FREQUENTI_SET4_PARTE1,101001,Revocazione ordinaria della sentenza (art. 395 c.p.c.),sottocategoria,sottocategoria,sottocategoria,sottocategoria,True,True,True,True,True,,,,Revocazione per motivi straordinari delle sentenze passate in giudicato o non più impugnabili,Revocazione per motivi straordinari delle sentenze passate in giudicato o non più impugnabili,False,,ok
kb_98_top9_set4_parte1.json,TOP9_CODICI_FREQUENTI_SET4_PARTE1,101001,Revocazione ordinaria della sentenza (art. 395 c.p.c.),rito,rito,rito,rito,True,True,True,True,True,,,,Rito ordinario di cognizione davanti al giudice che ha emesso la sentenza impugnata,Rito ordinario di cognizione davanti al giudice che ha emesso la sentenza impugnata,False,,ok
kb_98_top9_set4_parte1.json,TOP9_CODICI_FREQUENTI_SET4_PARTE1,101001,Revocazione ordinaria della sentenza (art. 395 c.p.c.),competenza,competenza,competenza,competenza,True,True,True,True,True,,,,"STESSO GIUDICE che ha emesso la sentenza revocanda (Tribunale, Corte d'Appello, Cassazione - quest'ultima solo per casi tassativi ex art. 391-bis e ter)","STESSO GIUDICE che ha emesso la sentenza revocanda (Tribunale, Corte d'Appello, Cassazione - quest'ultima solo per casi tassativi ex art. 391-bis e ter)",False,,ok
kb_98_top9_set4_parte1.json,TOP9_CODICI_FREQUENTI_SET4_PARTE1,101001,Revocazione ordinaria della sentenza (art. 395 c.p.c.),uffici_destinatari,uffici_destinatari,uffici_destinatari,uffici_destinatari,True,True,True,True,True,,,,,,False,,ok
kb_98_top9_set4_parte1.json,TOP9_CODICI_FREQUENTI_SET4_PARTE1,101001,Revocazione ordinaria della sentenza (art. 395 c.p.c.),tipologie_di_intervento,tipologie_di_intervento,tipologie_di_intervento,tipologie_di_intervento,False,False,False,True,False,,,,,,False,,ok
kb_98_top9_set4_parte1.json,TOP9_CODICI_FREQUENTI_SET4_PARTE1,101001,Revocazione ordinaria della sentenza (art. 395 c.p.c.),presupposti_sostanziali,presupposti_sostanziali,presupposti_sostanziali,presupposti_sostanziali,True,True,True,True,True,,,,,,False,,ok
kb_98_top9_set4_parte1.json,TOP9_CODICI_FREQUENTI_SET4_PARTE1,101001,Revocazione ordinaria della sentenza (art. 395 c.p.c.),legittimati_attivi,legittimati_attivi,legittimati_attivi,legittimati_attivi,False,False,False,True,False,,,,,,False,,ok
kb_98_top9_set4_parte1.json,TOP9_CODICI_FREQUENTI_SET4_PARTE1,101001,Revocazione ordinaria della sentenza (art. 395 c.p.c.),obbligo_mediazione,obbligo_mediazione,obbligo_mediazione,obbligo_mediazione,True,True,True,True,True,,,,,,False,,ok
kb_98_top9_set4_parte1.json,TOP9_CODICI_FREQUENTI_SET4_PARTE1,101001,Revocazione ordinaria della sentenza (art. 395 c.p.c.),adempimenti_propedeutici,adempimenti_propedeutici,adempimenti_propedeutici,adempimenti_propedeutici,True,True,True,True,True,"1,2,3,4,5,6","1,2,3,4,5,6",,,,False,,ok
kb_98_top9_set4_parte1.json,TOP9_CODICI_FREQUENTI_SET4_PARTE1,101001,Revocazione ordinaria della sentenza (art. 395 c.p.c.),richiesta_provvedimenti_urgenti,richiesta_provvedimenti_urgenti,richiesta_provvedimenti_urgenti,richiesta_provvedimenti_urgenti,False,False,False,True,False,,,,,,False,,ok
kb_98_top9_set4_parte1.json,TOP9_CODICI_FREQUENTI_SET4_PARTE1,101001,Revocazione ordinaria della sentenza (art. 395 c.p.c.),avvertimenti_obbligatori,atto_principale.avvertimenti_obbligatori,atto_principale.avvertimenti_obbligatori,atto_principale.avvertimenti_obbligatori,True,True,True,True,True,,,,,,False,,ok
kb_98_top9_set4_parte1.json,TOP9_CODICI_FREQUENTI_SET4_PARTE1,101001,Revocazione ordinaria della sentenza (art. 395 c.p.c.),allegati_obbligatori,allegati_obbligatori,allegati_obbligatori,allegati_obbligatori,True,True,True,True,True,,,,,,False,,ok
kb_98_top9_set4_parte1.json,TOP9_CODICI_FREQUENTI_SET4_PARTE1,101001,Revocazione ordinaria della sentenza (art. 395 c.p.c.),termini_processuali,termini_processuali,termini_processuali,termini_processuali,True,True,True,True,True,,,,,,False,,ok
kb_98_top9_set4_parte1.json,TOP9_CODICI_FREQUENTI_SET4_PARTE1,101001,Revocazione ordinaria della sentenza (art. 395 c.p.c.),esiti_processuali_tipici,esiti_processuali_tipici,esiti_processuali_tipici,esiti_processuali_tipici,True,True,True,True,True,,,,,,False,,ok
kb_98_top9_set4_parte1.json,TOP9_CODICI_FREQUENTI_SET4_PARTE1,101001,Revocazione ordinaria della sentenza (art. 395 c.p.c.),normativa,normativa,normativa,normativa,True,True,True,True,True,,,,,,False,,ok
kb_98_top9_set4_parte1.json,TOP9_CODICI_FREQUENTI_SET4_PARTE1,101001,Revocazione ordinaria della sentenza (art. 395 c.p.c.),atto_principale,atto_principale,atto_principale,atto_principale,True,True,True,True,True,,,,,,False,,ok
kb_98_top9_set4_parte1.json,TOP9_CODICI_FREQUENTI_SET4_PARTE1,101001,Revocazione ordinaria della sentenza (art. 395 c.p.c.),fonti_verifica_web,fonti_verifica_web,fonti_verifica_web,fonti_verifica_web,False,False,True,True,True,,,,,,False,,ok
kb_98_top9_set4_parte1.json,TOP9_CODICI_FREQUENTI_SET4_PARTE1,101001,Revocazione ordinaria della sentenza (art. 395 c.p.c.),presidi_operativi_integrativi,presidi_operativi_integrativi,presidi_operativi_integrativi,presidi_operativi_integrativi,False,False,True,True,True,,,,,,False,,ok
kb_98_top9_set4_parte1.json,TOP9_CODICI_FREQUENTI_SET4_PARTE1,101001,Revocazione ordinaria della sentenza (art. 395 c.p.c.),specialistica:motivi_revocazione_art_395,motivi_revocazione_art_395,motivi_revocazione_art_395,motivi_revocazione_art_395,True,True,True,True,True,,,,,,False,,ok
kb_98_top9_set4_parte1.json,TOP9_CODICI_FREQUENTI_SET4_PARTE1,101001,Revocazione ordinaria della sentenza (art. 395 c.p.c.),specialistica:distinzione_ordinaria_straordinaria,distinzione_ordinaria_straordinaria,distinzione_ordinaria_straordinaria,distinzione_ordinaria_straordinaria,True,True,True,True,True,,,,,,False,,ok
kb_98_top9_set4_parte1.json,TOP9_CODICI_FREQUENTI_SET4_PARTE1,120010,Petizione di eredità (art. 533 c.c.),denominazione,denominazione,denominazione,denominazione,True,True,True,True,True,,,,Petizione di eredità (art. 533 c.c.),Petizione di eredità (art. 533 c.c.),False,,ok
kb_98_top9_set4_parte1.json,TOP9_CODICI_FREQUENTI_SET4_PARTE1,120010,Petizione di eredità (art. 533 c.c.),categoria,categoria,categoria,categoria,True,True,True,True,True,,,,Successioni - tutela dell'erede vero,Successioni - tutela dell'erede vero,False,,ok
kb_98_top9_set4_parte1.json,TOP9_CODICI_FREQUENTI_SET4_PARTE1,120010,Petizione di eredità (art. 533 c.c.),sottocategoria,sottocategoria,sottocategoria,sottocategoria,True,True,True,True,True,,,,Azione dell'erede contro il possessore dei beni ereditari per ottenere il riconoscimento della qualità di erede e la restituzione dei beni,Azione dell'erede contro il possessore dei beni ereditari per ottenere il riconoscimento della qualità di erede e la restituzione dei beni,False,,ok
kb_98_top9_set4_parte1.json,TOP9_CODICI_FREQUENTI_SET4_PARTE1,120010,Petizione di eredità (art. 533 c.c.),rito,rito,rito,rito,True,True,True,True,True,,,,Rito ordinario di cognizione preceduto da MEDIAZIONE OBBLIGATORIA ex art. 5 c. 1-bis D.Lgs. 28/2010 (materia successioni),Rito ordinario di cognizione preceduto da MEDIAZIONE OBBLIGATORIA ex art. 5 c. 1-bis D.Lgs. 28/2010 (materia successioni),False,,ok
kb_98_top9_set4_parte1.json,TOP9_CODICI_FREQUENTI_SET4_PARTE1,120010,Petizione di eredità (art. 533 c.c.),competenza,competenza,competenza,competenza,True,True,True,True,True,,,,Tribunale del luogo di apertura della successione (art. 22 c.p.c.) - foro esclusivo,Tribunale del luogo di apertura della successione (art. 22 c.p.c.) - foro esclusivo,False,,ok
kb_98_top9_set4_parte1.json,TOP9_CODICI_FREQUENTI_SET4_PARTE1,120010,Petizione di eredità (art. 533 c.c.),uffici_destinatari,uffici_destinatari,uffici_destinatari,uffici_destinatari,True,True,True,True,True,,,,,,False,,ok
kb_98_top9_set4_parte1.json,TOP9_CODICI_FREQUENTI_SET4_PARTE1,120010,Petizione di eredità (art. 533 c.c.),tipologie_di_intervento,tipologie_di_intervento,tipologie_di_intervento,tipologie_di_intervento,False,False,False,True,False,,,,,,False,,ok
kb_98_top9_set4_parte1.json,TOP9_CODICI_FREQUENTI_SET4_PARTE1,120010,Petizione di eredità (art. 533 c.c.),presupposti_sostanziali,presupposti_sostanziali,presupposti_sostanziali,presupposti_sostanziali,True,True,True,True,True,,,,,,False,,ok
kb_98_top9_set4_parte1.json,TOP9_CODICI_FREQUENTI_SET4_PARTE1,120010,Petizione di eredità (art. 533 c.c.),legittimati_attivi,legittimati_attivi,legittimati_attivi,legittimati_attivi,False,False,False,True,False,,,,,,False,,ok
kb_98_top9_set4_parte1.json,TOP9_CODICI_FREQUENTI_SET4_PARTE1,120010,Petizione di eredità (art. 533 c.c.),obbligo_mediazione,obbligo_mediazione,obbligo_mediazione,obbligo_mediazione,True,True,True,True,True,,,,,,False,,ok
kb_98_top9_set4_parte1.json,TOP9_CODICI_FREQUENTI_SET4_PARTE1,120010,Petizione di eredità (art. 533 c.c.),adempimenti_propedeutici,adempimenti_propedeutici,adempimenti_propedeutici,adempimenti_propedeutici,True,True,True,True,True,"1,2,3,4,5,6,7","1,2,3,4,5,6,7",,,,False,,ok
kb_98_top9_set4_parte1.json,TOP9_CODICI_FREQUENTI_SET4_PARTE1,120010,Petizione di eredità (art. 533 c.c.),richiesta_provvedimenti_urgenti,richiesta_provvedimenti_urgenti,richiesta_provvedimenti_urgenti,richiesta_provvedimenti_urgenti,False,False,False,True,False,,,,,,False,,ok
kb_98_top9_set4_parte1.json,TOP9_CODICI_FREQUENTI_SET4_PARTE1,120010,Petizione di eredità (art. 533 c.c.),avvertimenti_obbligatori,atto_principale.avvertimenti_obbligatori,atto_principale.avvertimenti_obbligatori,atto_principale.avvertimenti_obbligatori,True,True,True,True,True,,,,,,False,,ok
kb_98_top9_set4_parte1.json,TOP9_CODICI_FREQUENTI_SET4_PARTE1,120010,Petizione di eredità (art. 533 c.c.),allegati_obbligatori,allegati_obbligatori,allegati_obbligatori,allegati_obbligatori,True,True,True,True,True,,,,,,False,,ok
kb_98_top9_set4_parte1.json,TOP9_CODICI_FREQUENTI_SET4_PARTE1,120010,Petizione di eredità (art. 533 c.c.),termini_processuali,termini_processuali,termini_processuali,termini_processuali,True,True,True,True,True,,,,,,False,,ok
kb_98_top9_set4_parte1.json,TOP9_CODICI_FREQUENTI_SET4_PARTE1,120010,Petizione di eredità (art. 533 c.c.),esiti_processuali_tipici,esiti_processuali_tipici,esiti_processuali_tipici,esiti_processuali_tipici,True,True,True,True,True,,,,,,False,,ok
kb_98_top9_set4_parte1.json,TOP9_CODICI_FREQUENTI_SET4_PARTE1,120010,Petizione di eredità (art. 533 c.c.),normativa,normativa,normativa,normativa,True,True,True,True,True,,,,,,False,,ok
kb_98_top9_set4_parte1.json,TOP9_CODICI_FREQUENTI_SET4_PARTE1,120010,Petizione di eredità (art. 533 c.c.),atto_principale,atto_principale,atto_principale,atto_principale,True,True,True,True,True,,,,,,False,,ok
kb_98_top9_set4_parte1.json,TOP9_CODICI_FREQUENTI_SET4_PARTE1,120010,Petizione di eredità (art. 533 c.c.),fonti_verifica_web,fonti_verifica_web,fonti_verifica_web,fonti_verifica_web,False,False,True,True,True,,,,,,False,,ok
kb_98_top9_set4_parte1.json,TOP9_CODICI_FREQUENTI_SET4_PARTE1,120010,Petizione di eredità (art. 533 c.c.),presidi_operativi_integrativi,presidi_operativi_integrativi,presidi_operativi_integrativi,presidi_operativi_integrativi,False,False,True,True,True,,,,,,False,,ok
kb_98_top9_set4_parte1.json,TOP9_CODICI_FREQUENTI_SET4_PARTE1,120010,Petizione di eredità (art. 533 c.c.),specialistica:differenze_da_rivendicazione_e_riduzione,differenze_da_rivendicazione_e_riduzione,differenze_da_rivendicazione_e_riduzione,differenze_da_rivendicazione_e_riduzione,True,True,True,True,True,,,,,,False,,ok
kb_98_top9_set4_parte1.json,TOP9_CODICI_FREQUENTI_SET4_PARTE1,130041,Costituzione di servitù coattiva (passaggio coattivo ex art. 1051 c.c. e altre servitù coattive),denominazione,denominazione,denominazione,denominazione,True,True,True,True,True,,,,Costituzione di servitù coattiva (passaggio coattivo ex art. 1051 c.c. e altre servitù coattive),Costituzione di servitù coattiva (passaggio coattivo ex art. 1051 c.c. e altre servitù coattive),False,,ok
kb_98_top9_set4_parte1.json,TOP9_CODICI_FREQUENTI_SET4_PARTE1,130041,Costituzione di servitù coattiva (passaggio coattivo ex art. 1051 c.c. e altre servitù coattive),categoria,categoria,categoria,categoria,True,True,True,True,True,,,,Diritti reali - servitù,Diritti reali - servitù,False,,ok
kb_98_top9_set4_parte1.json,TOP9_CODICI_FREQUENTI_SET4_PARTE1,130041,Costituzione di servitù coattiva (passaggio coattivo ex art. 1051 c.c. e altre servitù coattive),sottocategoria,sottocategoria,sottocategoria,sottocategoria,True,True,True,True,True,,,,"Azione costitutiva di servitù coattiva (passaggio, acquedotto, elettrodotto, ecc.)","Azione costitutiva di servitù coattiva (passaggio, acquedotto, elettrodotto, ecc.)",False,,ok
kb_98_top9_set4_parte1.json,TOP9_CODICI_FREQUENTI_SET4_PARTE1,130041,Costituzione di servitù coattiva (passaggio coattivo ex art. 1051 c.c. e altre servitù coattive),rito,rito,rito,rito,True,True,True,True,True,,,,Rito ordinario di cognizione preceduto da MEDIAZIONE OBBLIGATORIA ex art. 5 c. 1-bis D.Lgs. 28/2010 (diritti reali),Rito ordinario di cognizione preceduto da MEDIAZIONE OBBLIGATORIA ex art. 5 c. 1-bis D.Lgs. 28/2010 (diritti reali),False,,ok
kb_98_top9_set4_parte1.json,TOP9_CODICI_FREQUENTI_SET4_PARTE1,130041,Costituzione di servitù coattiva (passaggio coattivo ex art. 1051 c.c. e altre servitù coattive),competenza,competenza,competenza,competenza,True,True,True,True,True,,,,Tribunale del luogo dell'immobile (art. 21 c.p.c. - foro esclusivo),Tribunale del luogo dell'immobile (art. 21 c.p.c. - foro esclusivo),False,,ok
kb_98_top9_set4_parte1.json,TOP9_CODICI_FREQUENTI_SET4_PARTE1,130041,Costituzione di servitù coattiva (passaggio coattivo ex art. 1051 c.c. e altre servitù coattive),uffici_destinatari,uffici_destinatari,uffici_destinatari,uffici_destinatari,True,True,True,True,True,,,,,,False,,ok
kb_98_top9_set4_parte1.json,TOP9_CODICI_FREQUENTI_SET4_PARTE1,130041,Costituzione di servitù coattiva (passaggio coattivo ex art. 1051 c.c. e altre servitù coattive),tipologie_di_intervento,tipologie_di_intervento,tipologie_di_intervento,tipologie_di_intervento,False,False,False,True,False,,,,,,False,,ok
kb_98_top9_set4_parte1.json,TOP9_CODICI_FREQUENTI_SET4_PARTE1,130041,Costituzione di servitù coattiva (passaggio coattivo ex art. 1051 c.c. e altre servitù coattive),presupposti_sostanziali,presupposti_sostanziali,presupposti_sostanziali,presupposti_sostanziali,False,False,False,True,True,,,,,,False,,ok
kb_98_top9_set4_parte1.json,TOP9_CODICI_FREQUENTI_SET4_PARTE1,130041,Costituzione di servitù coattiva (passaggio coattivo ex art. 1051 c.c. e altre servitù coattive),legittimati_attivi,legittimati_attivi,legittimati_attivi,legittimati_attivi,False,False,False,True,False,,,,,,False,,ok
kb_98_top9_set4_parte1.json,TOP9_CODICI_FREQUENTI_SET4_PARTE1,130041,Costituzione di servitù coattiva (passaggio coattivo ex art. 1051 c.c. e altre servitù coattive),obbligo_mediazione,obbligo_mediazione,obbligo_mediazione,obbligo_mediazione,True,True,True,True,True,,,,,,False,,ok
kb_98_top9_set4_parte1.json,TOP9_CODICI_FREQUENTI_SET4_PARTE1,130041,Costituzione di servitù coattiva (passaggio coattivo ex art. 1051 c.c. e altre servitù coattive),adempimenti_propedeutici,adempimenti_propedeutici,adempimenti_propedeutici,adempimenti_propedeutici,True,True,True,True,True,"1,2,3,4,5,6","1,2,3,4,5,6",,,,False,,ok
kb_98_top9_set4_parte1.json,TOP9_CODICI_FREQUENTI_SET4_PARTE1,130041,Costituzione di servitù coattiva (passaggio coattivo ex art. 1051 c.c. e altre servitù coattive),richiesta_provvedimenti_urgenti,richiesta_provvedimenti_urgenti,richiesta_provvedimenti_urgenti,richiesta_provvedimenti_urgenti,False,False,False,True,False,,,,,,False,,ok
kb_98_top9_set4_parte1.json,TOP9_CODICI_FREQUENTI_SET4_PARTE1,130041,Costituzione di servitù coattiva (passaggio coattivo ex art. 1051 c.c. e altre servitù coattive),avvertimenti_obbligatori,atto_principale.avvertimenti_obbligatori,atto_principale.avvertimenti_obbligatori,atto_principale.avvertimenti_obbligatori,True,True,True,True,True,,,,,,False,,ok
kb_98_top9_set4_parte1.json,TOP9_CODICI_FREQUENTI_SET4_PARTE1,130041,Costituzione di servitù coattiva (passaggio coattivo ex art. 1051 c.c. e altre servitù coattive),allegati_obbligatori,allegati_obbligatori,allegati_obbligatori,allegati_obbligatori,True,True,True,True,True,,,,,,False,,ok
kb_98_top9_set4_parte1.json,TOP9_CODICI_FREQUENTI_SET4_PARTE1,130041,Costituzione di servitù coattiva (passaggio coattivo ex art. 1051 c.c. e altre servitù coattive),termini_processuali,termini_processuali,termini_processuali,termini_processuali,True,True,True,True,True,,,,,,False,,ok
kb_98_top9_set4_parte1.json,TOP9_CODICI_FREQUENTI_SET4_PARTE1,130041,Costituzione di servitù coattiva (passaggio coattivo ex art. 1051 c.c. e altre servitù coattive),esiti_processuali_tipici,esiti_processuali_tipici,esiti_processuali_tipici,esiti_processuali_tipici,True,True,True,True,True,,,,,,False,,ok
kb_98_top9_set4_parte1.json,TOP9_CODICI_FREQUENTI_SET4_PARTE1,130041,Costituzione di servitù coattiva (passaggio coattivo ex art. 1051 c.c. e altre servitù coattive),normativa,normativa,normativa,normativa,True,True,True,True,True,,,,,,False,,ok
kb_98_top9_set4_parte1.json,TOP9_CODICI_FREQUENTI_SET4_PARTE1,130041,Costituzione di servitù coattiva (passaggio coattivo ex art. 1051 c.c. e altre servitù coattive),atto_principale,atto_principale,atto_principale,atto_principale,True,True,True,True,True,,,,,,False,,ok
kb_98_top9_set4_parte1.json,TOP9_CODICI_FREQUENTI_SET4_PARTE1,130041,Costituzione di servitù coattiva (passaggio coattivo ex art. 1051 c.c. e altre servitù coattive),fonti_verifica_web,fonti_verifica_web,fonti_verifica_web,fonti_verifica_web,False,False,True,True,True,,,,,,False,,ok
kb_98_top9_set4_parte1.json,TOP9_CODICI_FREQUENTI_SET4_PARTE1,130041,Costituzione di servitù coattiva (passaggio coattivo ex art. 1051 c.c. e altre servitù coattive),presidi_operativi_integrativi,presidi_operativi_integrativi,presidi_operativi_integrativi,presidi_operativi_integrativi,False,False,True,True,True,,,,,,False,,ok
kb_98_top9_set4_parte1.json,TOP9_CODICI_FREQUENTI_SET4_PARTE1,130041,Costituzione di servitù coattiva (passaggio coattivo ex art. 1051 c.c. e altre servitù coattive),specialistica:presupposti_sostanziali_passaggio_coattivo_1051,presupposti_sostanziali_passaggio_coattivo_1051,presupposti_sostanziali_passaggio_coattivo_1051,presupposti_sostanziali_passaggio_coattivo_1051,True,True,True,True,True,,,,,,False,,ok
kb_98_top9_set4_parte1.json,TOP9_CODICI_FREQUENTI_SET4_PARTE1,130041,Costituzione di servitù coattiva (passaggio coattivo ex art. 1051 c.c. e altre servitù coattive),specialistica:presupposti_passaggio_1052_non_intercluso,presupposti_passaggio_1052_non_intercluso,presupposti_passaggio_1052_non_intercluso,presupposti_passaggio_1052_non_intercluso,True,True,True,True,True,,,,,,False,,ok
kb_98_top9_set4_parte1.json,TOP9_CODICI_FREQUENTI_SET4_PARTE1,130041,Costituzione di servitù coattiva (passaggio coattivo ex art. 1051 c.c. e altre servitù coattive),specialistica:modalita_di_passaggio_art_1053,modalita_di_passaggio_art_1053,modalita_di_passaggio_art_1053,modalita_di_passaggio_art_1053,True,True,True,True,True,,,,,,False,,ok
kb_98_top9_set4_parte1.json,TOP9_CODICI_FREQUENTI_SET4_PARTE1,GUIDA_RISOLUZIONE_APPALTO_140001,Risoluzione del contratto di appalto,denominazione,denominazione,denominazione,denominazione,True,True,True,True,True,,,,Risoluzione del contratto di appalto,Risoluzione del contratto di appalto,False,,ok
kb_98_top9_set4_parte1.json,TOP9_CODICI_FREQUENTI_SET4_PARTE1,GUIDA_RISOLUZIONE_APPALTO_140001,Risoluzione del contratto di appalto,categoria,categoria,categoria,categoria,True,True,True,True,True,,,,Contratti - appalto,Contratti - appalto,False,,ok
kb_98_top9_set4_parte1.json,TOP9_CODICI_FREQUENTI_SET4_PARTE1,GUIDA_RISOLUZIONE_APPALTO_140001,Risoluzione del contratto di appalto,sottocategoria,sottocategoria,sottocategoria,sottocategoria,True,True,True,True,True,,,,Risoluzione contratto di appalto privato per inadempimento (artt. 1668-1669 c.c.) o per altri motivi,Risoluzione contratto di appalto privato per inadempimento (artt. 1668-1669 c.c.) o per altri motivi,False,,ok
kb_98_top9_set4_parte1.json,TOP9_CODICI_FREQUENTI_SET4_PARTE1,GUIDA_RISOLUZIONE_APPALTO_140001,Risoluzione del contratto di appalto,rito,rito,rito,rito,True,True,True,True,True,,,,Rito ordinario di cognizione (per appalti privati); rito speciale per appalti pubblici,Rito ordinario di cognizione (per appalti privati); rito speciale per appalti pubblici,False,,ok
kb_98_top9_set4_parte1.json,TOP9_CODICI_FREQUENTI_SET4_PARTE1,GUIDA_RISOLUZIONE_APPALTO_140001,Risoluzione del contratto di appalto,competenza,competenza,competenza,competenza,True,True,True,True,True,,,,Tribunale del luogo dell'esecuzione (art. 20 c.p.c.) o residenza convenuto (artt. 18-19) o foro convenzionalmente pattuito; per appalti su immobili: foro luogo immobile (art. 21),Tribunale del luogo dell'esecuzione (art. 20 c.p.c.) o residenza convenuto (artt. 18-19) o foro convenzionalmente pattuito; per appalti su immobili: foro luogo immobile (art. 21),False,,ok
kb_98_top9_set4_parte1.json,TOP9_CODICI_FREQUENTI_SET4_PARTE1,GUIDA_RISOLUZIONE_APPALTO_140001,Risoluzione del contratto di appalto,uffici_destinatari,uffici_destinatari,uffici_destinatari,uffici_destinatari,True,True,True,True,True,,,,,,False,,ok
kb_98_top9_set4_parte1.json,TOP9_CODICI_FREQUENTI_SET4_PARTE1,GUIDA_RISOLUZIONE_APPALTO_140001,Risoluzione del contratto di appalto,tipologie_di_intervento,tipologie_di_intervento,tipologie_di_intervento,tipologie_di_intervento,False,False,False,True,False,,,,,,False,,ok
kb_98_top9_set4_parte1.json,TOP9_CODICI_FREQUENTI_SET4_PARTE1,GUIDA_RISOLUZIONE_APPALTO_140001,Risoluzione del contratto di appalto,presupposti_sostanziali,presupposti_sostanziali,presupposti_sostanziali,presupposti_sostanziali,True,True,True,True,True,,,,,,False,,ok
kb_98_top9_set4_parte1.json,TOP9_CODICI_FREQUENTI_SET4_PARTE1,GUIDA_RISOLUZIONE_APPALTO_140001,Risoluzione del contratto di appalto,legittimati_attivi,legittimati_attivi,legittimati_attivi,legittimati_attivi,False,False,False,True,False,,,,,,False,,ok
kb_98_top9_set4_parte1.json,TOP9_CODICI_FREQUENTI_SET4_PARTE1,GUIDA_RISOLUZIONE_APPALTO_140001,Risoluzione del contratto di appalto,obbligo_mediazione,obbligo_mediazione,obbligo_mediazione,obbligo_mediazione,True,True,True,True,True,,,,,,False,,ok
kb_98_top9_set4_parte1.json,TOP9_CODICI_FREQUENTI_SET4_PARTE1,GUIDA_RISOLUZIONE_APPALTO_140001,Risoluzione del contratto di appalto,adempimenti_propedeutici,adempimenti_propedeutici,adempimenti_propedeutici,adempimenti_propedeutici,True,True,True,True,True,"1,2,3,4,5,6","1,2,3,4,5,6",,,,False,,ok
kb_98_top9_set4_parte1.json,TOP9_CODICI_FREQUENTI_SET4_PARTE1,GUIDA_RISOLUZIONE_APPALTO_140001,Risoluzione del contratto di appalto,richiesta_provvedimenti_urgenti,richiesta_provvedimenti_urgenti,richiesta_provvedimenti_urgenti,richiesta_provvedimenti_urgenti,False,False,False,True,False,,,,,,False,,ok
kb_98_top9_set4_parte1.json,TOP9_CODICI_FREQUENTI_SET4_PARTE1,GUIDA_RISOLUZIONE_APPALTO_140001,Risoluzione del contratto di appalto,avvertimenti_obbligatori,atto_principale.avvertimenti_obbligatori,atto_principale.avvertimenti_obbligatori,atto_principale.avvertimenti_obbligatori,True,True,True,True,True,,,,,,False,,ok
kb_98_top9_set4_parte1.json,TOP9_CODICI_FREQUENTI_SET4_PARTE1,GUIDA_RISOLUZIONE_APPALTO_140001,Risoluzione del contratto di appalto,allegati_obbligatori,allegati_obbligatori,allegati_obbligatori,allegati_obbligatori,True,True,True,True,True,,,,,,False,,ok
kb_98_top9_set4_parte1.json,TOP9_CODICI_FREQUENTI_SET4_PARTE1,GUIDA_RISOLUZIONE_APPALTO_140001,Risoluzione del contratto di appalto,termini_processuali,termini_processuali,termini_processuali,termini_processuali,True,True,True,True,True,,,,,,False,,ok
kb_98_top9_set4_parte1.json,TOP9_CODICI_FREQUENTI_SET4_PARTE1,GUIDA_RISOLUZIONE_APPALTO_140001,Risoluzione del contratto di appalto,esiti_processuali_tipici,esiti_processuali_tipici,esiti_processuali_tipici,esiti_processuali_tipici,True,True,True,True,True,,,,,,False,,ok
kb_98_top9_set4_parte1.json,TOP9_CODICI_FREQUENTI_SET4_PARTE1,GUIDA_RISOLUZIONE_APPALTO_140001,Risoluzione del contratto di appalto,normativa,normativa,normativa,normativa,True,True,True,True,True,,,,,,False,,ok
kb_98_top9_set4_parte1.json,TOP9_CODICI_FREQUENTI_SET4_PARTE1,GUIDA_RISOLUZIONE_APPALTO_140001,Risoluzione del contratto di appalto,atto_principale,atto_principale,atto_principale,atto_principale,True,True,True,True,True,,,,,,False,,ok
kb_98_top9_set4_parte1.json,TOP9_CODICI_FREQUENTI_SET4_PARTE1,GUIDA_RISOLUZIONE_APPALTO_140001,Risoluzione del contratto di appalto,fonti_verifica_web,fonti_verifica_web,fonti_verifica_web,fonti_verifica_web,False,False,True,True,True,,,,,,False,,ok
kb_98_top9_set4_parte1.json,TOP9_CODICI_FREQUENTI_SET4_PARTE1,GUIDA_RISOLUZIONE_APPALTO_140001,Risoluzione del contratto di appalto,presidi_operativi_integrativi,presidi_operativi_integrativi,presidi_operativi_integrativi,presidi_operativi_integrativi,False,False,True,True,True,,,,,,False,,ok
kb_98_top9_set4_parte1.json,TOP9_CODICI_FREQUENTI_SET4_PARTE1,GUIDA_RISOLUZIONE_APPALTO_140001,Risoluzione del contratto di appalto,specialistica:regime_dei_vizi,regime_dei_vizi,regime_dei_vizi,regime_dei_vizi,True,True,True,True,True,,,,,,False,,ok
kb_98_top9_set4_parte1.json,TOP9_CODICI_FREQUENTI_SET4_PARTE1,143001,Responsabilità professionale dell'avvocato,denominazione,denominazione,denominazione,denominazione,True,True,True,True,True,,,,Responsabilità professionale dell'avvocato,Responsabilità professionale dell'avvocato,False,,ok
kb_98_top9_set4_parte1.json,TOP9_CODICI_FREQUENTI_SET4_PARTE1,143001,Responsabilità professionale dell'avvocato,categoria,categoria,categoria,categoria,True,True,True,True,True,,,,Responsabilità civile - responsabilità professionale,Responsabilità civile - responsabilità professionale,False,,ok
kb_98_top9_set4_parte1.json,TOP9_CODICI_FREQUENTI_SET4_PARTE1,143001,Responsabilità professionale dell'avvocato,sottocategoria,sottocategoria,sottocategoria,sottocategoria,True,True,True,True,True,,,,Risarcimento danni da malpractice dell'avvocato - responsabilità contrattuale per inadempimento mandato,Risarcimento danni da malpractice dell'avvocato - responsabilità contrattuale per inadempimento mandato,False,,ok
kb_98_top9_set4_parte1.json,TOP9_CODICI_FREQUENTI_SET4_PARTE1,143001,Responsabilità professionale dell'avvocato,rito,rito,rito,rito,True,True,True,True,True,,,,Rito ordinario di cognizione,Rito ordinario di cognizione,False,,ok
kb_98_top9_set4_parte1.json,TOP9_CODICI_FREQUENTI_SET4_PARTE1,143001,Responsabilità professionale dell'avvocato,competenza,competenza,competenza,competenza,True,True,True,True,True,,,,Tribunale del luogo dell'esecuzione della prestazione (art. 20 c.p.c.) o residenza convenuto (artt. 18-19); per valore > 5.000 €,Tribunale del luogo dell'esecuzione della prestazione (art. 20 c.p.c.) o residenza convenuto (artt. 18-19); per valore > 5.000 €,False,,ok
kb_98_top9_set4_parte1.json,TOP9_CODICI_FREQUENTI_SET4_PARTE1,143001,Responsabilità professionale dell'avvocato,uffici_destinatari,uffici_destinatari,uffici_destinatari,uffici_destinatari,True,True,True,True,True,,,,,,False,,ok
kb_98_top9_set4_parte1.json,TOP9_CODICI_FREQUENTI_SET4_PARTE1,143001,Responsabilità professionale dell'avvocato,tipologie_di_intervento,tipologie_di_intervento,tipologie_di_intervento,tipologie_di_intervento,False,False,False,True,False,,,,,,False,,ok
kb_98_top9_set4_parte1.json,TOP9_CODICI_FREQUENTI_SET4_PARTE1,143001,Responsabilità professionale dell'avvocato,presupposti_sostanziali,presupposti_sostanziali,presupposti_sostanziali,presupposti_sostanziali,True,True,True,True,True,,,,,,False,,ok
kb_98_top9_set4_parte1.json,TOP9_CODICI_FREQUENTI_SET4_PARTE1,143001,Responsabilità professionale dell'avvocato,legittimati_attivi,legittimati_attivi,legittimati_attivi,legittimati_attivi,False,False,False,True,False,,,,,,False,,ok
kb_98_top9_set4_parte1.json,TOP9_CODICI_FREQUENTI_SET4_PARTE1,143001,Responsabilità professionale dell'avvocato,obbligo_mediazione,obbligo_mediazione,obbligo_mediazione,obbligo_mediazione,True,True,True,True,True,,,,,,False,,ok
kb_98_top9_set4_parte1.json,TOP9_CODICI_FREQUENTI_SET4_PARTE1,143001,Responsabilità professionale dell'avvocato,adempimenti_propedeutici,adempimenti_propedeutici,adempimenti_propedeutici,adempimenti_propedeutici,True,True,True,True,True,"1,2,3,4,5,6","1,2,3,4,5,6",,,,False,,ok
kb_98_top9_set4_parte1.json,TOP9_CODICI_FREQUENTI_SET4_PARTE1,143001,Responsabilità professionale dell'avvocato,richiesta_provvedimenti_urgenti,richiesta_provvedimenti_urgenti,richiesta_provvedimenti_urgenti,richiesta_provvedimenti_urgenti,False,False,False,True,False,,,,,,False,,ok
kb_98_top9_set4_parte1.json,TOP9_CODICI_FREQUENTI_SET4_PARTE1,143001,Responsabilità professionale dell'avvocato,avvertimenti_obbligatori,atto_principale.avvertimenti_obbligatori,atto_principale.avvertimenti_obbligatori,atto_principale.avvertimenti_obbligatori,True,True,True,True,True,,,,,,False,,ok
kb_98_top9_set4_parte1.json,TOP9_CODICI_FREQUENTI_SET4_PARTE1,143001,Responsabilità professionale dell'avvocato,allegati_obbligatori,allegati_obbligatori,allegati_obbligatori,allegati_obbligatori,True,True,True,True,True,,,,,,False,,ok
kb_98_top9_set4_parte1.json,TOP9_CODICI_FREQUENTI_SET4_PARTE1,143001,Responsabilità professionale dell'avvocato,termini_processuali,termini_processuali,termini_processuali,termini_processuali,True,True,True,True,True,,,,,,False,,ok
kb_98_top9_set4_parte1.json,TOP9_CODICI_FREQUENTI_SET4_PARTE1,143001,Responsabilità professionale dell'avvocato,esiti_processuali_tipici,esiti_processuali_tipici,esiti_processuali_tipici,esiti_processuali_tipici,True,True,True,True,True,,,,,,False,,ok
kb_98_top9_set4_parte1.json,TOP9_CODICI_FREQUENTI_SET4_PARTE1,143001,Responsabilità professionale dell'avvocato,normativa,normativa,normativa,normativa,True,True,True,True,True,,,,,,False,,ok
kb_98_top9_set4_parte1.json,TOP9_CODICI_FREQUENTI_SET4_PARTE1,143001,Responsabilità professionale dell'avvocato,atto_principale,atto_principale,atto_principale,atto_principale,True,True,True,True,True,,,,,,False,,ok
kb_98_top9_set4_parte1.json,TOP9_CODICI_FREQUENTI_SET4_PARTE1,143001,Responsabilità professionale dell'avvocato,fonti_verifica_web,fonti_verifica_web,fonti_verifica_web,fonti_verifica_web,False,False,True,True,True,,,,,,False,,ok
kb_98_top9_set4_parte1.json,TOP9_CODICI_FREQUENTI_SET4_PARTE1,143001,Responsabilità professionale dell'avvocato,presidi_operativi_integrativi,presidi_operativi_integrativi,presidi_operativi_integrativi,presidi_operativi_integrativi,False,False,True,True,True,,,,,,False,,ok
kb_98_top9_set4_parte1.json,TOP9_CODICI_FREQUENTI_SET4_PARTE1,143001,Responsabilità professionale dell'avvocato,specialistica:tipologie_inadempimento_tipiche,tipologie_inadempimento_tipiche,tipologie_inadempimento_tipiche,tipologie_inadempimento_tipiche,True,True,True,True,True,,,,,,False,,ok
kb_98_top9_set4_parte1.json,TOP9_CODICI_FREQUENTI_SET4_PARTE1,143001,Responsabilità professionale dell'avvocato,specialistica:criterio_perdita_di_chance,criterio_perdita_di_chance,criterio_perdita_di_chance,criterio_perdita_di_chance,True,True,True,True,True,,,,,,False,,ok
kb_98_top9_set4_parte2.json,TOP9_CODICI_FREQUENTI_SET4_PARTE2,220070,Risarcimento danni da infortunio sul lavoro / malattia professionale,denominazione,denominazione,denominazione,denominazione,True,True,True,True,True,,,,Risarcimento danni da infortunio sul lavoro / malattia professionale,Risarcimento danni da infortunio sul lavoro / malattia professionale,False,,ok
kb_98_top9_set4_parte2.json,TOP9_CODICI_FREQUENTI_SET4_PARTE2,220070,Risarcimento danni da infortunio sul lavoro / malattia professionale,categoria,categoria,categoria,categoria,True,True,True,True,True,,,,Lavoro - responsabilità datoriale + INAIL,Lavoro - responsabilità datoriale + INAIL,False,,ok
kb_98_top9_set4_parte2.json,TOP9_CODICI_FREQUENTI_SET4_PARTE2,220070,Risarcimento danni da infortunio sul lavoro / malattia professionale,sottocategoria,sottocategoria,sottocategoria,sottocategoria,True,True,True,True,True,,,,Azione del lavoratore (o eredi) per risarcimento danno DIFFERENZIALE rispetto alle prestazioni INAIL,Azione del lavoratore (o eredi) per risarcimento danno DIFFERENZIALE rispetto alle prestazioni INAIL,False,,ok
kb_98_top9_set4_parte2.json,TOP9_CODICI_FREQUENTI_SET4_PARTE2,220070,Risarcimento danni da infortunio sul lavoro / malattia professionale,rito,rito,rito,rito,True,True,True,True,True,,,,Rito del lavoro ex artt. 409 e ss. c.p.c.,Rito del lavoro ex artt. 409 e ss. c.p.c.,False,,ok
kb_98_top9_set4_parte2.json,TOP9_CODICI_FREQUENTI_SET4_PARTE2,220070,Risarcimento danni da infortunio sul lavoro / malattia professionale,competenza,competenza,competenza,competenza,True,True,True,True,True,,,,Tribunale del lavoro - foro del luogo della sede di lavoro (art. 413 c.p.c.),Tribunale del lavoro - foro del luogo della sede di lavoro (art. 413 c.p.c.),False,,ok
kb_98_top9_set4_parte2.json,TOP9_CODICI_FREQUENTI_SET4_PARTE2,220070,Risarcimento danni da infortunio sul lavoro / malattia professionale,uffici_destinatari,uffici_destinatari,uffici_destinatari,uffici_destinatari,True,True,True,True,True,,,,,,False,,ok
kb_98_top9_set4_parte2.json,TOP9_CODICI_FREQUENTI_SET4_PARTE2,220070,Risarcimento danni da infortunio sul lavoro / malattia professionale,tipologie_di_intervento,tipologie_di_intervento,tipologie_di_intervento,tipologie_di_intervento,False,True,True,True,True,,,,,,False,,ok
kb_98_top9_set4_parte2.json,TOP9_CODICI_FREQUENTI_SET4_PARTE2,220070,Risarcimento danni da infortunio sul lavoro / malattia professionale,presupposti_sostanziali,presupposti_sostanziali,presupposti_sostanziali,presupposti_sostanziali,True,True,True,True,True,,,,,,False,,ok
kb_98_top9_set4_parte2.json,TOP9_CODICI_FREQUENTI_SET4_PARTE2,220070,Risarcimento danni da infortunio sul lavoro / malattia professionale,legittimati_attivi,legittimati_attivi,legittimati_attivi,legittimati_attivi,False,True,True,True,True,,,,,,False,,ok
kb_98_top9_set4_parte2.json,TOP9_CODICI_FREQUENTI_SET4_PARTE2,220070,Risarcimento danni da infortunio sul lavoro / malattia professionale,obbligo_mediazione,obbligo_mediazione,obbligo_mediazione,obbligo_mediazione,True,True,True,True,True,,,,,,False,,ok
kb_98_top9_set4_parte2.json,TOP9_CODICI_FREQUENTI_SET4_PARTE2,220070,Risarcimento danni da infortunio sul lavoro / malattia professionale,adempimenti_propedeutici,adempimenti_propedeutici,adempimenti_propedeutici,adempimenti_propedeutici,True,True,True,True,True,"1,2,3,4,5,6,7","1,2,3,4,5,6,7",,,,False,,ok
kb_98_top9_set4_parte2.json,TOP9_CODICI_FREQUENTI_SET4_PARTE2,220070,Risarcimento danni da infortunio sul lavoro / malattia professionale,richiesta_provvedimenti_urgenti,richiesta_provvedimenti_urgenti,richiesta_provvedimenti_urgenti,richiesta_provvedimenti_urgenti,False,True,True,True,True,,,,,,False,,ok
kb_98_top9_set4_parte2.json,TOP9_CODICI_FREQUENTI_SET4_PARTE2,220070,Risarcimento danni da infortunio sul lavoro / malattia professionale,avvertimenti_obbligatori,atto_principale.avvertimenti_obbligatori,avvertimenti_obbligatori,avvertimenti_obbligatori,True,True,True,True,True,,,,,,False,,ok
kb_98_top9_set4_parte2.json,TOP9_CODICI_FREQUENTI_SET4_PARTE2,220070,Risarcimento danni da infortunio sul lavoro / malattia professionale,allegati_obbligatori,allegati_obbligatori,allegati_obbligatori,allegati_obbligatori,True,True,True,True,True,,,,,,False,,ok
kb_98_top9_set4_parte2.json,TOP9_CODICI_FREQUENTI_SET4_PARTE2,220070,Risarcimento danni da infortunio sul lavoro / malattia professionale,termini_processuali,termini_processuali,termini_processuali,termini_processuali,True,True,True,True,True,,,,,,False,,ok
kb_98_top9_set4_parte2.json,TOP9_CODICI_FREQUENTI_SET4_PARTE2,220070,Risarcimento danni da infortunio sul lavoro / malattia professionale,esiti_processuali_tipici,esiti_processuali_tipici,esiti_processuali_tipici,esiti_processuali_tipici,True,True,True,True,True,,,,,,False,,ok
kb_98_top9_set4_parte2.json,TOP9_CODICI_FREQUENTI_SET4_PARTE2,220070,Risarcimento danni da infortunio sul lavoro / malattia professionale,normativa,normativa,normativa,normativa,True,True,True,True,True,,,,,,False,,ok
kb_98_top9_set4_parte2.json,TOP9_CODICI_FREQUENTI_SET4_PARTE2,220070,Risarcimento danni da infortunio sul lavoro / malattia professionale,atto_principale,atto_principale,atto_principale,atto_principale,True,True,True,True,True,,,,,,False,,ok
kb_98_top9_set4_parte2.json,TOP9_CODICI_FREQUENTI_SET4_PARTE2,220070,Risarcimento danni da infortunio sul lavoro / malattia professionale,fonti_verifica_web,fonti_verifica_web,fonti_verifica_web,fonti_verifica_web,False,False,True,True,True,,,,,,False,,ok
kb_98_top9_set4_parte2.json,TOP9_CODICI_FREQUENTI_SET4_PARTE2,220070,Risarcimento danni da infortunio sul lavoro / malattia professionale,presidi_operativi_integrativi,presidi_operativi_integrativi,presidi_operativi_integrativi,presidi_operativi_integrativi,False,False,True,True,True,,,,,,False,,ok
kb_98_top9_set4_parte2.json,TOP9_CODICI_FREQUENTI_SET4_PARTE2,220070,Risarcimento danni da infortunio sul lavoro / malattia professionale,specialistica:danno_differenziale,danno_differenziale,danno_differenziale,danno_differenziale,True,True,True,True,True,,,,,,False,,ok
kb_98_top9_set4_parte2.json,TOP9_CODICI_FREQUENTI_SET4_PARTE2,220070,Risarcimento danni da infortunio sul lavoro / malattia professionale,specialistica:esonero_datore_art_10_dpr_1124,esonero_datore_art_10_dpr_1124,esonero_datore_art_10_dpr_1124,esonero_datore_art_10_dpr_1124,True,True,True,True,True,,,,,,False,,ok
kb_98_top9_set4_parte2.json,TOP9_CODICI_FREQUENTI_SET4_PARTE2,GUIDA_RICONOSCIMENTO_PATERNITA_MATERNITA_111007,Riconoscimento giudiziale della paternità o della maternità,denominazione,denominazione,denominazione,denominazione,True,True,True,True,True,,,,Riconoscimento giudiziale della paternità o della maternità,Riconoscimento giudiziale della paternità o della maternità,False,,ok
kb_98_top9_set4_parte2.json,TOP9_CODICI_FREQUENTI_SET4_PARTE2,GUIDA_RICONOSCIMENTO_PATERNITA_MATERNITA_111007,Riconoscimento giudiziale della paternità o della maternità,categoria,categoria,categoria,categoria,True,True,True,True,True,,,,Persone e famiglia - filiazione,Persone e famiglia - filiazione,False,,ok
kb_98_top9_set4_parte2.json,TOP9_CODICI_FREQUENTI_SET4_PARTE2,GUIDA_RICONOSCIMENTO_PATERNITA_MATERNITA_111007,Riconoscimento giudiziale della paternità o della maternità,sottocategoria,sottocategoria,sottocategoria,sottocategoria,True,True,True,True,True,,,,Dichiarazione giudiziale di paternità/maternità di figlio non riconosciuto volontariamente (art. 269 c.c.),Dichiarazione giudiziale di paternità/maternità di figlio non riconosciuto volontariamente (art. 269 c.c.),False,,ok
kb_98_top9_set4_parte2.json,TOP9_CODICI_FREQUENTI_SET4_PARTE2,GUIDA_RICONOSCIMENTO_PATERNITA_MATERNITA_111007,Riconoscimento giudiziale della paternità o della maternità,rito,rito,rito,rito,True,True,True,True,True,,,,Rito unificato persone e famiglia ex artt. 473-bis e ss. c.p.c. (post-Cartabia),Rito unificato persone e famiglia ex artt. 473-bis e ss. c.p.c. (post-Cartabia),False,,ok
kb_98_top9_set4_parte2.json,TOP9_CODICI_FREQUENTI_SET4_PARTE2,GUIDA_RICONOSCIMENTO_PATERNITA_MATERNITA_111007,Riconoscimento giudiziale della paternità o della maternità,competenza,competenza,competenza,competenza,True,True,True,True,True,,,,"Tribunale ordinario - sezione famiglia (Tribunale per le persone, per i minorenni e per le famiglie ex D.Lgs. 149/2022)","Tribunale ordinario - sezione famiglia (Tribunale per le persone, per i minorenni e per le famiglie ex D.Lgs. 149/2022)",False,,ok
kb_98_top9_set4_parte2.json,TOP9_CODICI_FREQUENTI_SET4_PARTE2,GUIDA_RICONOSCIMENTO_PATERNITA_MATERNITA_111007,Riconoscimento giudiziale della paternità o della maternità,uffici_destinatari,uffici_destinatari,uffici_destinatari,uffici_destinatari,True,True,True,True,True,,,,,,False,,ok
kb_98_top9_set4_parte2.json,TOP9_CODICI_FREQUENTI_SET4_PARTE2,GUIDA_RICONOSCIMENTO_PATERNITA_MATERNITA_111007,Riconoscimento giudiziale della paternità o della maternità,tipologie_di_intervento,tipologie_di_intervento,tipologie_di_intervento,tipologie_di_intervento,False,False,False,True,False,,,,,,False,,ok
kb_98_top9_set4_parte2.json,TOP9_CODICI_FREQUENTI_SET4_PARTE2,GUIDA_RICONOSCIMENTO_PATERNITA_MATERNITA_111007,Riconoscimento giudiziale della paternità o della maternità,presupposti_sostanziali,presupposti_sostanziali,presupposti_sostanziali,presupposti_sostanziali,True,True,True,True,True,,,,,,False,,ok
kb_98_top9_set4_parte2.json,TOP9_CODICI_FREQUENTI_SET4_PARTE2,GUIDA_RICONOSCIMENTO_PATERNITA_MATERNITA_111007,Riconoscimento giudiziale della paternità o della maternità,legittimati_attivi,legittimati_attivi,legittimati_attivi,legittimati_attivi,False,False,False,True,False,,,,,,False,,ok
kb_98_top9_set4_parte2.json,TOP9_CODICI_FREQUENTI_SET4_PARTE2,GUIDA_RICONOSCIMENTO_PATERNITA_MATERNITA_111007,Riconoscimento giudiziale della paternità o della maternità,obbligo_mediazione,obbligo_mediazione,obbligo_mediazione,obbligo_mediazione,True,True,True,True,True,,,,,,False,,ok
kb_98_top9_set4_parte2.json,TOP9_CODICI_FREQUENTI_SET4_PARTE2,GUIDA_RICONOSCIMENTO_PATERNITA_MATERNITA_111007,Riconoscimento giudiziale della paternità o della maternità,adempimenti_propedeutici,adempimenti_propedeutici,adempimenti_propedeutici,adempimenti_propedeutici,True,True,True,True,True,"1,2,3,4,5,6","1,2,3,4,5,6",,,,False,,ok
kb_98_top9_set4_parte2.json,TOP9_CODICI_FREQUENTI_SET4_PARTE2,GUIDA_RICONOSCIMENTO_PATERNITA_MATERNITA_111007,Riconoscimento giudiziale della paternità o della maternità,richiesta_provvedimenti_urgenti,richiesta_provvedimenti_urgenti,richiesta_provvedimenti_urgenti,richiesta_provvedimenti_urgenti,False,False,False,True,False,,,,,,False,,ok
kb_98_top9_set4_parte2.json,TOP9_CODICI_FREQUENTI_SET4_PARTE2,GUIDA_RICONOSCIMENTO_PATERNITA_MATERNITA_111007,Riconoscimento giudiziale della paternità o della maternità,avvertimenti_obbligatori,atto_principale.avvertimenti_obbligatori,atto_principale.avvertimenti_obbligatori,atto_principale.avvertimenti_obbligatori,True,True,True,True,True,,,,,,False,,ok
kb_98_top9_set4_parte2.json,TOP9_CODICI_FREQUENTI_SET4_PARTE2,GUIDA_RICONOSCIMENTO_PATERNITA_MATERNITA_111007,Riconoscimento giudiziale della paternità o della maternità,allegati_obbligatori,allegati_obbligatori,allegati_obbligatori,allegati_obbligatori,True,True,True,True,True,,,,,,False,,ok
kb_98_top9_set4_parte2.json,TOP9_CODICI_FREQUENTI_SET4_PARTE2,GUIDA_RICONOSCIMENTO_PATERNITA_MATERNITA_111007,Riconoscimento giudiziale della paternità o della maternità,termini_processuali,termini_processuali,termini_processuali,termini_processuali,True,True,True,True,True,,,,,,False,,ok
kb_98_top9_set4_parte2.json,TOP9_CODICI_FREQUENTI_SET4_PARTE2,GUIDA_RICONOSCIMENTO_PATERNITA_MATERNITA_111007,Riconoscimento giudiziale della paternità o della maternità,esiti_processuali_tipici,esiti_processuali_tipici,esiti_processuali_tipici,esiti_processuali_tipici,True,True,True,True,True,,,,,,False,,ok
kb_98_top9_set4_parte2.json,TOP9_CODICI_FREQUENTI_SET4_PARTE2,GUIDA_RICONOSCIMENTO_PATERNITA_MATERNITA_111007,Riconoscimento giudiziale della paternità o della maternità,normativa,normativa,normativa,normativa,True,True,True,True,True,,,,,,False,,ok
kb_98_top9_set4_parte2.json,TOP9_CODICI_FREQUENTI_SET4_PARTE2,GUIDA_RICONOSCIMENTO_PATERNITA_MATERNITA_111007,Riconoscimento giudiziale della paternità o della maternità,atto_principale,atto_principale,atto_principale,atto_principale,True,True,True,True,True,,,,,,False,,ok
kb_98_top9_set4_parte2.json,TOP9_CODICI_FREQUENTI_SET4_PARTE2,GUIDA_RICONOSCIMENTO_PATERNITA_MATERNITA_111007,Riconoscimento giudiziale della paternità o della maternità,fonti_verifica_web,fonti_verifica_web,fonti_verifica_web,fonti_verifica_web,False,False,True,True,True,,,,,,False,,ok
kb_98_top9_set4_parte2.json,TOP9_CODICI_FREQUENTI_SET4_PARTE2,GUIDA_RICONOSCIMENTO_PATERNITA_MATERNITA_111007,Riconoscimento giudiziale della paternità o della maternità,presidi_operativi_integrativi,presidi_operativi_integrativi,presidi_operativi_integrativi,presidi_operativi_integrativi,False,False,True,True,True,,,,,,False,,ok
kb_98_top9_set4_parte2.json,TOP9_CODICI_FREQUENTI_SET4_PARTE2,GUIDA_RICONOSCIMENTO_PATERNITA_MATERNITA_111007,Riconoscimento giudiziale della paternità o della maternità,specialistica:competenza_territoriale,competenza_territoriale,competenza_territoriale,competenza_territoriale,True,True,True,True,True,,,,,,False,,ok
kb_98_top9_set4_parte2.json,TOP9_CODICI_FREQUENTI_SET4_PARTE2,GUIDA_RICONOSCIMENTO_PATERNITA_MATERNITA_111007,Riconoscimento giudiziale della paternità o della maternità,specialistica:azione_imprescrittibile_per_il_figlio,azione_imprescrittibile_per_il_figlio,azione_imprescrittibile_per_il_figlio,azione_imprescrittibile_per_il_figlio,True,True,True,True,True,,,,,,False,,ok
kb_98_top9_set4_parte2.json,TOP9_CODICI_FREQUENTI_SET4_PARTE2,GUIDA_ESCLUSIONE_SOCIO_SOCIETA_PERSONE_150010,Esclusione del socio di società di persone (art. 2286 c.c.),denominazione,denominazione,denominazione,denominazione,True,True,True,True,True,,,,Esclusione del socio di società di persone (art. 2286 c.c.),Esclusione del socio di società di persone (art. 2286 c.c.),False,,ok
kb_98_top9_set4_parte2.json,TOP9_CODICI_FREQUENTI_SET4_PARTE2,GUIDA_ESCLUSIONE_SOCIO_SOCIETA_PERSONE_150010,Esclusione del socio di società di persone (art. 2286 c.c.),categoria,categoria,categoria,categoria,True,True,True,True,True,,,,Diritto societario - vicende del socio,Diritto societario - vicende del socio,False,,ok
kb_98_top9_set4_parte2.json,TOP9_CODICI_FREQUENTI_SET4_PARTE2,GUIDA_ESCLUSIONE_SOCIO_SOCIETA_PERSONE_150010,Esclusione del socio di società di persone (art. 2286 c.c.),sottocategoria,sottocategoria,sottocategoria,sottocategoria,True,True,True,True,True,,,,"Esclusione del socio per gravi inadempienze o altre cause - società di persone (s.n.c., s.a.s.)","Esclusione del socio per gravi inadempienze o altre cause - società di persone (s.n.c., s.a.s.)",False,,ok
kb_98_top9_set4_parte2.json,TOP9_CODICI_FREQUENTI_SET4_PARTE2,GUIDA_ESCLUSIONE_SOCIO_SOCIETA_PERSONE_150010,Esclusione del socio di società di persone (art. 2286 c.c.),rito,rito,rito,rito,True,True,True,True,True,,,,Rito ordinario di cognizione,Rito ordinario di cognizione,False,,ok
kb_98_top9_set4_parte2.json,TOP9_CODICI_FREQUENTI_SET4_PARTE2,GUIDA_ESCLUSIONE_SOCIO_SOCIETA_PERSONE_150010,Esclusione del socio di società di persone (art. 2286 c.c.),competenza,competenza,competenza,competenza,True,True,True,True,True,,,,Tribunale - sezione civile o sezione impresa (a seconda della rilevanza); foro sede sociale (art. 19 c.p.c.),Tribunale - sezione civile o sezione impresa (a seconda della rilevanza); foro sede sociale (art. 19 c.p.c.),False,,ok
kb_98_top9_set4_parte2.json,TOP9_CODICI_FREQUENTI_SET4_PARTE2,GUIDA_ESCLUSIONE_SOCIO_SOCIETA_PERSONE_150010,Esclusione del socio di società di persone (art. 2286 c.c.),uffici_destinatari,uffici_destinatari,uffici_destinatari,uffici_destinatari,True,True,True,True,True,,,,,,False,,ok
kb_98_top9_set4_parte2.json,TOP9_CODICI_FREQUENTI_SET4_PARTE2,GUIDA_ESCLUSIONE_SOCIO_SOCIETA_PERSONE_150010,Esclusione del socio di società di persone (art. 2286 c.c.),tipologie_di_intervento,tipologie_di_intervento,tipologie_di_intervento,tipologie_di_intervento,False,False,False,True,False,,,,,,False,,ok
kb_98_top9_set4_parte2.json,TOP9_CODICI_FREQUENTI_SET4_PARTE2,GUIDA_ESCLUSIONE_SOCIO_SOCIETA_PERSONE_150010,Esclusione del socio di società di persone (art. 2286 c.c.),presupposti_sostanziali,presupposti_sostanziali,presupposti_sostanziali,presupposti_sostanziali,True,True,True,True,True,,,,,,False,,ok
kb_98_top9_set4_parte2.json,TOP9_CODICI_FREQUENTI_SET4_PARTE2,GUIDA_ESCLUSIONE_SOCIO_SOCIETA_PERSONE_150010,Esclusione del socio di società di persone (art. 2286 c.c.),legittimati_attivi,legittimati_attivi,legittimati_attivi,legittimati_attivi,False,False,False,True,False,,,,,,False,,ok
kb_98_top9_set4_parte2.json,TOP9_CODICI_FREQUENTI_SET4_PARTE2,GUIDA_ESCLUSIONE_SOCIO_SOCIETA_PERSONE_150010,Esclusione del socio di società di persone (art. 2286 c.c.),obbligo_mediazione,obbligo_mediazione,obbligo_mediazione,obbligo_mediazione,True,True,True,True,True,,,,,,False,,ok
kb_98_top9_set4_parte2.json,TOP9_CODICI_FREQUENTI_SET4_PARTE2,GUIDA_ESCLUSIONE_SOCIO_SOCIETA_PERSONE_150010,Esclusione del socio di società di persone (art. 2286 c.c.),adempimenti_propedeutici,adempimenti_propedeutici,adempimenti_propedeutici,adempimenti_propedeutici,False,False,True,True,True,,"1,2,3,4",,,,False,,ok
kb_98_top9_set4_parte2.json,TOP9_CODICI_FREQUENTI_SET4_PARTE2,GUIDA_ESCLUSIONE_SOCIO_SOCIETA_PERSONE_150010,Esclusione del socio di società di persone (art. 2286 c.c.),richiesta_provvedimenti_urgenti,richiesta_provvedimenti_urgenti,richiesta_provvedimenti_urgenti,richiesta_provvedimenti_urgenti,False,False,False,True,False,,,,,,False,,ok
kb_98_top9_set4_parte2.json,TOP9_CODICI_FREQUENTI_SET4_PARTE2,GUIDA_ESCLUSIONE_SOCIO_SOCIETA_PERSONE_150010,Esclusione del socio di società di persone (art. 2286 c.c.),avvertimenti_obbligatori,atto_principale.avvertimenti_obbligatori,atto_principale.avvertimenti_obbligatori,atto_principale.avvertimenti_obbligatori,True,True,True,True,True,,,,,,False,,ok
kb_98_top9_set4_parte2.json,TOP9_CODICI_FREQUENTI_SET4_PARTE2,GUIDA_ESCLUSIONE_SOCIO_SOCIETA_PERSONE_150010,Esclusione del socio di società di persone (art. 2286 c.c.),allegati_obbligatori,allegati_obbligatori,allegati_obbligatori,allegati_obbligatori,True,True,True,True,True,,,,,,False,,ok
kb_98_top9_set4_parte2.json,TOP9_CODICI_FREQUENTI_SET4_PARTE2,GUIDA_ESCLUSIONE_SOCIO_SOCIETA_PERSONE_150010,Esclusione del socio di società di persone (art. 2286 c.c.),termini_processuali,termini_processuali,termini_processuali,termini_processuali,True,True,True,True,True,,,,,,False,,ok
kb_98_top9_set4_parte2.json,TOP9_CODICI_FREQUENTI_SET4_PARTE2,GUIDA_ESCLUSIONE_SOCIO_SOCIETA_PERSONE_150010,Esclusione del socio di società di persone (art. 2286 c.c.),esiti_processuali_tipici,esiti_processuali_tipici,esiti_processuali_tipici,esiti_processuali_tipici,True,True,True,True,True,,,,,,False,,ok
kb_98_top9_set4_parte2.json,TOP9_CODICI_FREQUENTI_SET4_PARTE2,GUIDA_ESCLUSIONE_SOCIO_SOCIETA_PERSONE_150010,Esclusione del socio di società di persone (art. 2286 c.c.),normativa,normativa,normativa,normativa,True,True,True,True,True,,,,,,False,,ok
kb_98_top9_set4_parte2.json,TOP9_CODICI_FREQUENTI_SET4_PARTE2,GUIDA_ESCLUSIONE_SOCIO_SOCIETA_PERSONE_150010,Esclusione del socio di società di persone (art. 2286 c.c.),atto_principale,atto_principale,atto_principale,atto_principale,True,True,True,True,True,,,,,,False,,ok
kb_98_top9_set4_parte2.json,TOP9_CODICI_FREQUENTI_SET4_PARTE2,GUIDA_ESCLUSIONE_SOCIO_SOCIETA_PERSONE_150010,Esclusione del socio di società di persone (art. 2286 c.c.),fonti_verifica_web,fonti_verifica_web,fonti_verifica_web,fonti_verifica_web,False,False,True,True,True,,,,,,False,,ok
kb_98_top9_set4_parte2.json,TOP9_CODICI_FREQUENTI_SET4_PARTE2,GUIDA_ESCLUSIONE_SOCIO_SOCIETA_PERSONE_150010,Esclusione del socio di società di persone (art. 2286 c.c.),presidi_operativi_integrativi,presidi_operativi_integrativi,presidi_operativi_integrativi,presidi_operativi_integrativi,False,False,True,True,True,,,,,,False,,ok
kb_98_top9_set4_parte2.json,TOP9_CODICI_FREQUENTI_SET4_PARTE2,GUIDA_ESCLUSIONE_SOCIO_SOCIETA_PERSONE_150010,Esclusione del socio di società di persone (art. 2286 c.c.),specialistica:cause_esclusione_art_2286,cause_esclusione_art_2286,cause_esclusione_art_2286,cause_esclusione_art_2286,True,True,True,True,True,,,,,,False,,ok
kb_98_top9_set4_parte2.json,TOP9_CODICI_FREQUENTI_SET4_PARTE2,GUIDA_ESCLUSIONE_SOCIO_SOCIETA_PERSONE_150010,Esclusione del socio di società di persone (art. 2286 c.c.),specialistica:esclusione_di_diritto_art_2288,esclusione_di_diritto_art_2288,esclusione_di_diritto_art_2288,esclusione_di_diritto_art_2288,True,True,True,True,True,,,,,,False,,ok
kb_98_top9_set4_parte2.json,TOP9_CODICI_FREQUENTI_SET4_PARTE2,GUIDA_ESCLUSIONE_SOCIO_SOCIETA_PERSONE_150010,Esclusione del socio di società di persone (art. 2286 c.c.),specialistica:procedimento_esclusione_art_2287,procedimento_esclusione_art_2287,procedimento_esclusione_art_2287,procedimento_esclusione_art_2287,True,True,True,True,True,,,,,,False,,ok
kb_98_top9_set4_parte2.json,TOP9_CODICI_FREQUENTI_SET4_PARTE2,GUIDA_ESCLUSIONE_SOCIO_SOCIETA_PERSONE_150010,Esclusione del socio di società di persone (art. 2286 c.c.),specialistica:adempimenti_propedeutici_per_societa_che_esclude,adempimenti_propedeutici_per_societa_che_esclude,adempimenti_propedeutici_per_societa_che_esclude,adempimenti_propedeutici_per_societa_che_esclude,True,True,True,True,True,,,,,,False,,ok
kb_98_top9_set4_parte2.json,TOP9_CODICI_FREQUENTI_SET4_PARTE2,GUIDA_ESCLUSIONE_SOCIO_SOCIETA_PERSONE_150010,Esclusione del socio di società di persone (art. 2286 c.c.),specialistica:adempimenti_propedeutici_per_socio_escluso_che_oppone,adempimenti_propedeutici_per_socio_escluso_che_oppone,adempimenti_propedeutici_per_socio_escluso_che_oppone,adempimenti_propedeutici_per_socio_escluso_che_oppone,True,True,True,True,True,,,,,,False,,ok
kb_98_top9_set4_parte2.json,TOP9_CODICI_FREQUENTI_SET4_PARTE2,GUIDA_VIOLAZIONE_MARCHIO_BREVETTO_170011,Risarcimento danni da violazione di marchio o brevetto,denominazione,denominazione,denominazione,denominazione,True,True,True,True,True,,,,Risarcimento danni da violazione di marchio o brevetto,Risarcimento danni da violazione di marchio o brevetto,False,,ok
kb_98_top9_set4_parte2.json,TOP9_CODICI_FREQUENTI_SET4_PARTE2,GUIDA_VIOLAZIONE_MARCHIO_BREVETTO_170011,Risarcimento danni da violazione di marchio o brevetto,categoria,categoria,categoria,categoria,True,True,True,True,True,,,,Diritto industriale - tutela proprietà industriale,Diritto industriale - tutela proprietà industriale,False,,ok
kb_98_top9_set4_parte2.json,TOP9_CODICI_FREQUENTI_SET4_PARTE2,GUIDA_VIOLAZIONE_MARCHIO_BREVETTO_170011,Risarcimento danni da violazione di marchio o brevetto,sottocategoria,sottocategoria,sottocategoria,sottocategoria,True,True,True,True,True,,,,Azione di contraffazione di marchio/brevetto + risarcimento danni,Azione di contraffazione di marchio/brevetto + risarcimento danni,False,,ok
kb_98_top9_set4_parte2.json,TOP9_CODICI_FREQUENTI_SET4_PARTE2,GUIDA_VIOLAZIONE_MARCHIO_BREVETTO_170011,Risarcimento danni da violazione di marchio o brevetto,rito,rito,rito,rito,True,True,True,True,True,,,,Rito ordinario di cognizione (con frequente fase cautelare ex artt. 128-131 CPI),Rito ordinario di cognizione (con frequente fase cautelare ex artt. 128-131 CPI),False,,ok
kb_98_top9_set4_parte2.json,TOP9_CODICI_FREQUENTI_SET4_PARTE2,GUIDA_VIOLAZIONE_MARCHIO_BREVETTO_170011,Risarcimento danni da violazione di marchio o brevetto,competenza,competenza,competenza,competenza,True,True,True,True,True,,,,TRIBUNALE - SEZIONE SPECIALIZZATA IN MATERIA DI IMPRESA (D.Lgs. 168/2003) - foro speciale industria art. 120 CPI,TRIBUNALE - SEZIONE SPECIALIZZATA IN MATERIA DI IMPRESA (D.Lgs. 168/2003) - foro speciale industria art. 120 CPI,False,,ok
kb_98_top9_set4_parte2.json,TOP9_CODICI_FREQUENTI_SET4_PARTE2,GUIDA_VIOLAZIONE_MARCHIO_BREVETTO_170011,Risarcimento danni da violazione di marchio o brevetto,uffici_destinatari,uffici_destinatari,uffici_destinatari,uffici_destinatari,True,True,True,True,True,,,,,,False,,ok
kb_98_top9_set4_parte2.json,TOP9_CODICI_FREQUENTI_SET4_PARTE2,GUIDA_VIOLAZIONE_MARCHIO_BREVETTO_170011,Risarcimento danni da violazione di marchio o brevetto,tipologie_di_intervento,tipologie_di_intervento,tipologie_di_intervento,tipologie_di_intervento,False,False,False,True,False,,,,,,False,,ok
kb_98_top9_set4_parte2.json,TOP9_CODICI_FREQUENTI_SET4_PARTE2,GUIDA_VIOLAZIONE_MARCHIO_BREVETTO_170011,Risarcimento danni da violazione di marchio o brevetto,presupposti_sostanziali,presupposti_sostanziali,presupposti_sostanziali,presupposti_sostanziali,True,True,True,True,True,,,,,,False,,ok
kb_98_top9_set4_parte2.json,TOP9_CODICI_FREQUENTI_SET4_PARTE2,GUIDA_VIOLAZIONE_MARCHIO_BREVETTO_170011,Risarcimento danni da violazione di marchio o brevetto,legittimati_attivi,legittimati_attivi,legittimati_attivi,legittimati_attivi,False,False,False,True,False,,,,,,False,,ok
kb_98_top9_set4_parte2.json,TOP9_CODICI_FREQUENTI_SET4_PARTE2,GUIDA_VIOLAZIONE_MARCHIO_BREVETTO_170011,Risarcimento danni da violazione di marchio o brevetto,obbligo_mediazione,obbligo_mediazione,obbligo_mediazione,obbligo_mediazione,True,True,True,True,True,,,,,,False,,ok
kb_98_top9_set4_parte2.json,TOP9_CODICI_FREQUENTI_SET4_PARTE2,GUIDA_VIOLAZIONE_MARCHIO_BREVETTO_170011,Risarcimento danni da violazione di marchio o brevetto,adempimenti_propedeutici,adempimenti_propedeutici,adempimenti_propedeutici,adempimenti_propedeutici,True,True,True,True,True,"1,2,3,4,5,6","1,2,3,4,5,6",,,,False,,ok
kb_98_top9_set4_parte2.json,TOP9_CODICI_FREQUENTI_SET4_PARTE2,GUIDA_VIOLAZIONE_MARCHIO_BREVETTO_170011,Risarcimento danni da violazione di marchio o brevetto,richiesta_provvedimenti_urgenti,richiesta_provvedimenti_urgenti,richiesta_provvedimenti_urgenti,richiesta_provvedimenti_urgenti,False,False,False,True,False,,,,,,False,,ok
kb_98_top9_set4_parte2.json,TOP9_CODICI_FREQUENTI_SET4_PARTE2,GUIDA_VIOLAZIONE_MARCHIO_BREVETTO_170011,Risarcimento danni da violazione di marchio o brevetto,avvertimenti_obbligatori,atto_principale.avvertimenti_obbligatori,atto_principale.avvertimenti_obbligatori,atto_principale.avvertimenti_obbligatori,True,True,True,True,True,,,,,,False,,ok
kb_98_top9_set4_parte2.json,TOP9_CODICI_FREQUENTI_SET4_PARTE2,GUIDA_VIOLAZIONE_MARCHIO_BREVETTO_170011,Risarcimento danni da violazione di marchio o brevetto,allegati_obbligatori,allegati_obbligatori,allegati_obbligatori,allegati_obbligatori,True,True,True,True,True,,,,,,False,,ok
kb_98_top9_set4_parte2.json,TOP9_CODICI_FREQUENTI_SET4_PARTE2,GUIDA_VIOLAZIONE_MARCHIO_BREVETTO_170011,Risarcimento danni da violazione di marchio o brevetto,termini_processuali,termini_processuali,termini_processuali,termini_processuali,True,True,True,True,True,,,,,,False,,ok
kb_98_top9_set4_parte2.json,TOP9_CODICI_FREQUENTI_SET4_PARTE2,GUIDA_VIOLAZIONE_MARCHIO_BREVETTO_170011,Risarcimento danni da violazione di marchio o brevetto,esiti_processuali_tipici,esiti_processuali_tipici,esiti_processuali_tipici,esiti_processuali_tipici,True,True,True,True,True,,,,,,False,,ok
kb_98_top9_set4_parte2.json,TOP9_CODICI_FREQUENTI_SET4_PARTE2,GUIDA_VIOLAZIONE_MARCHIO_BREVETTO_170011,Risarcimento danni da violazione di marchio o brevetto,normativa,normativa,normativa,normativa,True,True,True,True,True,,,,,,False,,ok
kb_98_top9_set4_parte2.json,TOP9_CODICI_FREQUENTI_SET4_PARTE2,GUIDA_VIOLAZIONE_MARCHIO_BREVETTO_170011,Risarcimento danni da violazione di marchio o brevetto,atto_principale,atto_principale,atto_principale,atto_principale,True,True,True,True,True,,,,,,False,,ok
kb_98_top9_set4_parte2.json,TOP9_CODICI_FREQUENTI_SET4_PARTE2,GUIDA_VIOLAZIONE_MARCHIO_BREVETTO_170011,Risarcimento danni da violazione di marchio o brevetto,fonti_verifica_web,fonti_verifica_web,fonti_verifica_web,fonti_verifica_web,False,False,True,True,True,,,,,,False,,ok
kb_98_top9_set4_parte2.json,TOP9_CODICI_FREQUENTI_SET4_PARTE2,GUIDA_VIOLAZIONE_MARCHIO_BREVETTO_170011,Risarcimento danni da violazione di marchio o brevetto,presidi_operativi_integrativi,presidi_operativi_integrativi,presidi_operativi_integrativi,presidi_operativi_integrativi,False,False,True,True,True,,,,,,False,,ok
kb_98_top9_set4_parte2.json,TOP9_CODICI_FREQUENTI_SET4_PARTE2,GUIDA_VIOLAZIONE_MARCHIO_BREVETTO_170011,Risarcimento danni da violazione di marchio o brevetto,specialistica:criteri_quantificazione_danno_art_125_cpi,criteri_quantificazione_danno_art_125_cpi,criteri_quantificazione_danno_art_125_cpi,criteri_quantificazione_danno_art_125_cpi,True,True,True,True,True,,,,,,False,,ok
kb_98_top9_set5_parte1.json,TOP9_CODICI_FREQUENTI_SET5_PARTE1,411601,Modifica delle condizioni di separazione/divorzio (art. 473-bis.29 c.p.c.),denominazione,denominazione,denominazione,denominazione,True,True,True,True,True,,,,Modifica delle condizioni di separazione/divorzio (art. 473-bis.29 c.p.c.),Modifica delle condizioni di separazione/divorzio (art. 473-bis.29 c.p.c.),False,,ok
kb_98_top9_set5_parte1.json,TOP9_CODICI_FREQUENTI_SET5_PARTE1,411601,Modifica delle condizioni di separazione/divorzio (art. 473-bis.29 c.p.c.),categoria,categoria,categoria,categoria,True,True,True,True,True,,,,Persone e famiglia - revisione condizioni,Persone e famiglia - revisione condizioni,False,,ok
kb_98_top9_set5_parte1.json,TOP9_CODICI_FREQUENTI_SET5_PARTE1,411601,Modifica delle condizioni di separazione/divorzio (art. 473-bis.29 c.p.c.),sottocategoria,sottocategoria,sottocategoria,sottocategoria,True,True,True,True,True,,,,Procedimento di revisione delle condizioni economiche o di affidamento per sopravvenienze,Procedimento di revisione delle condizioni economiche o di affidamento per sopravvenienze,False,,ok
kb_98_top9_set5_parte1.json,TOP9_CODICI_FREQUENTI_SET5_PARTE1,411601,Modifica delle condizioni di separazione/divorzio (art. 473-bis.29 c.p.c.),rito,rito,rito,rito,True,True,True,True,True,,,,Rito unificato persone e famiglia ex artt. 473-bis e ss. c.p.c. (post-Cartabia) - art. 473-bis.29 c.p.c.,Rito unificato persone e famiglia ex artt. 473-bis e ss. c.p.c. (post-Cartabia) - art. 473-bis.29 c.p.c.,False,,ok
kb_98_top9_set5_parte1.json,TOP9_CODICI_FREQUENTI_SET5_PARTE1,411601,Modifica delle condizioni di separazione/divorzio (art. 473-bis.29 c.p.c.),competenza,competenza,competenza,competenza,True,True,True,True,True,,,,"Tribunale ordinario - sezione famiglia (Tribunale per le persone, per i minorenni e per le famiglie ex D.Lgs. 149/2022)","Tribunale ordinario - sezione famiglia (Tribunale per le persone, per i minorenni e per le famiglie ex D.Lgs. 149/2022)",False,,ok
kb_98_top9_set5_parte1.json,TOP9_CODICI_FREQUENTI_SET5_PARTE1,411601,Modifica delle condizioni di separazione/divorzio (art. 473-bis.29 c.p.c.),uffici_destinatari,uffici_destinatari,uffici_destinatari,uffici_destinatari,True,True,True,True,True,,,,,,False,,ok
kb_98_top9_set5_parte1.json,TOP9_CODICI_FREQUENTI_SET5_PARTE1,411601,Modifica delle condizioni di separazione/divorzio (art. 473-bis.29 c.p.c.),tipologie_di_intervento,tipologie_di_intervento,tipologie_di_intervento,tipologie_di_intervento,False,False,False,True,False,,,,,,False,,ok
kb_98_top9_set5_parte1.json,TOP9_CODICI_FREQUENTI_SET5_PARTE1,411601,Modifica delle condizioni di separazione/divorzio (art. 473-bis.29 c.p.c.),presupposti_sostanziali,presupposti_sostanziali,presupposti_sostanziali,presupposti_sostanziali,True,True,True,True,True,,,,,,False,,ok
kb_98_top9_set5_parte1.json,TOP9_CODICI_FREQUENTI_SET5_PARTE1,411601,Modifica delle condizioni di separazione/divorzio (art. 473-bis.29 c.p.c.),legittimati_attivi,legittimati_attivi,legittimati_attivi,legittimati_attivi,False,False,False,True,False,,,,,,False,,ok
kb_98_top9_set5_parte1.json,TOP9_CODICI_FREQUENTI_SET5_PARTE1,411601,Modifica delle condizioni di separazione/divorzio (art. 473-bis.29 c.p.c.),obbligo_mediazione,obbligo_mediazione,obbligo_mediazione,obbligo_mediazione,False,False,False,True,True,,,,,,False,,ok
kb_98_top9_set5_parte1.json,TOP9_CODICI_FREQUENTI_SET5_PARTE1,411601,Modifica delle condizioni di separazione/divorzio (art. 473-bis.29 c.p.c.),adempimenti_propedeutici,adempimenti_propedeutici,adempimenti_propedeutici,adempimenti_propedeutici,True,True,True,True,True,"1,2,3,4,5,6","1,2,3,4,5,6",,,,False,,ok
kb_98_top9_set5_parte1.json,TOP9_CODICI_FREQUENTI_SET5_PARTE1,411601,Modifica delle condizioni di separazione/divorzio (art. 473-bis.29 c.p.c.),richiesta_provvedimenti_urgenti,richiesta_provvedimenti_urgenti,richiesta_provvedimenti_urgenti,richiesta_provvedimenti_urgenti,False,False,False,True,True,,,,,,False,,ok
kb_98_top9_set5_parte1.json,TOP9_CODICI_FREQUENTI_SET5_PARTE1,411601,Modifica delle condizioni di separazione/divorzio (art. 473-bis.29 c.p.c.),avvertimenti_obbligatori,atto_principale.avvertimenti_obbligatori,atto_principale.avvertimenti_obbligatori,atto_principale.avvertimenti_obbligatori,True,True,True,True,True,,,,,,False,,ok
kb_98_top9_set5_parte1.json,TOP9_CODICI_FREQUENTI_SET5_PARTE1,411601,Modifica delle condizioni di separazione/divorzio (art. 473-bis.29 c.p.c.),allegati_obbligatori,allegati_obbligatori,allegati_obbligatori,allegati_obbligatori,True,True,True,True,True,,,,,,False,,ok
kb_98_top9_set5_parte1.json,TOP9_CODICI_FREQUENTI_SET5_PARTE1,411601,Modifica delle condizioni di separazione/divorzio (art. 473-bis.29 c.p.c.),termini_processuali,termini_processuali,termini_processuali,termini_processuali,True,True,True,True,True,,,,,,False,,ok
kb_98_top9_set5_parte1.json,TOP9_CODICI_FREQUENTI_SET5_PARTE1,411601,Modifica delle condizioni di separazione/divorzio (art. 473-bis.29 c.p.c.),esiti_processuali_tipici,esiti_processuali_tipici,esiti_processuali_tipici,esiti_processuali_tipici,True,True,True,True,True,,,,,,False,,ok
kb_98_top9_set5_parte1.json,TOP9_CODICI_FREQUENTI_SET5_PARTE1,411601,Modifica delle condizioni di separazione/divorzio (art. 473-bis.29 c.p.c.),normativa,normativa,normativa,normativa,True,True,True,True,True,,,,,,False,,ok
kb_98_top9_set5_parte1.json,TOP9_CODICI_FREQUENTI_SET5_PARTE1,411601,Modifica delle condizioni di separazione/divorzio (art. 473-bis.29 c.p.c.),atto_principale,atto_principale,atto_principale,atto_principale,True,True,True,True,True,,,,,,False,,ok
kb_98_top9_set5_parte1.json,TOP9_CODICI_FREQUENTI_SET5_PARTE1,411601,Modifica delle condizioni di separazione/divorzio (art. 473-bis.29 c.p.c.),fonti_verifica_web,fonti_verifica_web,fonti_verifica_web,fonti_verifica_web,False,False,True,True,True,,,,,,False,,ok
kb_98_top9_set5_parte1.json,TOP9_CODICI_FREQUENTI_SET5_PARTE1,411601,Modifica delle condizioni di separazione/divorzio (art. 473-bis.29 c.p.c.),presidi_operativi_integrativi,presidi_operativi_integrativi,presidi_operativi_integrativi,presidi_operativi_integrativi,False,False,True,True,True,,,,,,False,,ok
kb_98_top9_set5_parte1.json,TOP9_CODICI_FREQUENTI_SET5_PARTE1,411601,Modifica delle condizioni di separazione/divorzio (art. 473-bis.29 c.p.c.),specialistica:competenza_territoriale,competenza_territoriale,competenza_territoriale,competenza_territoriale,True,True,True,True,True,,,,,,False,,ok
kb_98_top9_set5_parte1.json,TOP9_CODICI_FREQUENTI_SET5_PARTE1,411601,Modifica delle condizioni di separazione/divorzio (art. 473-bis.29 c.p.c.),specialistica:tipologie_di_modifica_richiedibili,tipologie_di_modifica_richiedibili,tipologie_di_modifica_richiedibili,tipologie_di_modifica_richiedibili,True,True,True,True,True,,,,,,False,,ok
kb_98_top9_set5_parte1.json,TOP9_CODICI_FREQUENTI_SET5_PARTE1,411601,Modifica delle condizioni di separazione/divorzio (art. 473-bis.29 c.p.c.),specialistica:obbligo_mediazione_o_negoziazione,obbligo_mediazione_o_negoziazione,obbligo_mediazione_o_negoziazione,obbligo_mediazione_o_negoziazione,True,True,True,True,True,,,,,,False,,ok
kb_98_top9_set5_parte1.json,TOP9_CODICI_FREQUENTI_SET5_PARTE1,411601,Modifica delle condizioni di separazione/divorzio (art. 473-bis.29 c.p.c.),specialistica:verifica_pst_xsd_iusentra,verifica_pst_xsd_iusentra,verifica_pst_xsd_iusentra,verifica_pst_xsd_iusentra,True,True,True,True,True,,,,,,False,,ok
kb_98_top9_set5_parte1.json,TOP9_CODICI_FREQUENTI_SET5_PARTE1,102002,Azione revocatoria ordinaria (art. 2901 c.c.),denominazione,denominazione,denominazione,denominazione,True,True,True,True,True,,,,Azione revocatoria ordinaria (art. 2901 c.c.),Azione revocatoria ordinaria (art. 2901 c.c.),False,,ok
kb_98_top9_set5_parte1.json,TOP9_CODICI_FREQUENTI_SET5_PARTE1,102002,Azione revocatoria ordinaria (art. 2901 c.c.),categoria,categoria,categoria,categoria,True,True,True,True,True,,,,Tutela del credito - conservazione della garanzia patrimoniale,Tutela del credito - conservazione della garanzia patrimoniale,False,,ok
kb_98_top9_set5_parte1.json,TOP9_CODICI_FREQUENTI_SET5_PARTE1,102002,Azione revocatoria ordinaria (art. 2901 c.c.),sottocategoria,sottocategoria,sottocategoria,sottocategoria,True,True,True,True,True,,,,Azione del creditore per dichiarare inefficaci nei suoi confronti gli atti dispositivi del debitore che pregiudicano la garanzia,Azione del creditore per dichiarare inefficaci nei suoi confronti gli atti dispositivi del debitore che pregiudicano la garanzia,False,,ok
kb_98_top9_set5_parte1.json,TOP9_CODICI_FREQUENTI_SET5_PARTE1,102002,Azione revocatoria ordinaria (art. 2901 c.c.),rito,rito,rito,rito,True,True,True,True,True,,,,Rito ordinario di cognizione,Rito ordinario di cognizione,False,,ok
kb_98_top9_set5_parte1.json,TOP9_CODICI_FREQUENTI_SET5_PARTE1,102002,Azione revocatoria ordinaria (art. 2901 c.c.),competenza,competenza,competenza,competenza,True,True,True,True,True,,,,Tribunale (per valore > 5.000 €) - foro generale del convenuto debitore (artt. 18-19 c.p.c.) o foro speciale dell'atto impugnato,Tribunale (per valore > 5.000 €) - foro generale del convenuto debitore (artt. 18-19 c.p.c.) o foro speciale dell'atto impugnato,False,,ok
kb_98_top9_set5_parte1.json,TOP9_CODICI_FREQUENTI_SET5_PARTE1,102002,Azione revocatoria ordinaria (art. 2901 c.c.),uffici_destinatari,uffici_destinatari,uffici_destinatari,uffici_destinatari,True,True,True,True,True,,,,,,False,,ok
kb_98_top9_set5_parte1.json,TOP9_CODICI_FREQUENTI_SET5_PARTE1,102002,Azione revocatoria ordinaria (art. 2901 c.c.),tipologie_di_intervento,tipologie_di_intervento,tipologie_di_intervento,tipologie_di_intervento,False,False,False,True,False,,,,,,False,,ok
kb_98_top9_set5_parte1.json,TOP9_CODICI_FREQUENTI_SET5_PARTE1,102002,Azione revocatoria ordinaria (art. 2901 c.c.),presupposti_sostanziali,presupposti_sostanziali,presupposti_sostanziali,presupposti_sostanziali,False,True,True,True,True,,,,,,False,,ok
kb_98_top9_set5_parte1.json,TOP9_CODICI_FREQUENTI_SET5_PARTE1,102002,Azione revocatoria ordinaria (art. 2901 c.c.),legittimati_attivi,legittimati_attivi,legittimati_attivi,legittimati_attivi,False,False,False,True,False,,,,,,False,,ok
kb_98_top9_set5_parte1.json,TOP9_CODICI_FREQUENTI_SET5_PARTE1,102002,Azione revocatoria ordinaria (art. 2901 c.c.),obbligo_mediazione,obbligo_mediazione,obbligo_mediazione,obbligo_mediazione,True,True,True,True,True,,,,,,False,,ok
kb_98_top9_set5_parte1.json,TOP9_CODICI_FREQUENTI_SET5_PARTE1,102002,Azione revocatoria ordinaria (art. 2901 c.c.),adempimenti_propedeutici,adempimenti_propedeutici,adempimenti_propedeutici,adempimenti_propedeutici,True,True,True,True,True,"1,2,3,4,5,6,7","1,2,3,4,5,6,7",,,,False,,ok
kb_98_top9_set5_parte1.json,TOP9_CODICI_FREQUENTI_SET5_PARTE1,102002,Azione revocatoria ordinaria (art. 2901 c.c.),richiesta_provvedimenti_urgenti,richiesta_provvedimenti_urgenti,richiesta_provvedimenti_urgenti,richiesta_provvedimenti_urgenti,False,False,False,True,False,,,,,,False,,ok
kb_98_top9_set5_parte1.json,TOP9_CODICI_FREQUENTI_SET5_PARTE1,102002,Azione revocatoria ordinaria (art. 2901 c.c.),avvertimenti_obbligatori,atto_principale.avvertimenti_obbligatori,atto_principale.avvertimenti_obbligatori,atto_principale.avvertimenti_obbligatori,True,True,True,True,True,,,,,,False,,ok
kb_98_top9_set5_parte1.json,TOP9_CODICI_FREQUENTI_SET5_PARTE1,102002,Azione revocatoria ordinaria (art. 2901 c.c.),allegati_obbligatori,allegati_obbligatori,allegati_obbligatori,allegati_obbligatori,True,True,True,True,True,,,,,,False,,ok
kb_98_top9_set5_parte1.json,TOP9_CODICI_FREQUENTI_SET5_PARTE1,102002,Azione revocatoria ordinaria (art. 2901 c.c.),termini_processuali,termini_processuali,termini_processuali,termini_processuali,True,True,True,True,True,,,,,,False,,ok
kb_98_top9_set5_parte1.json,TOP9_CODICI_FREQUENTI_SET5_PARTE1,102002,Azione revocatoria ordinaria (art. 2901 c.c.),esiti_processuali_tipici,esiti_processuali_tipici,esiti_processuali_tipici,esiti_processuali_tipici,True,True,True,True,True,,,,,,False,,ok
kb_98_top9_set5_parte1.json,TOP9_CODICI_FREQUENTI_SET5_PARTE1,102002,Azione revocatoria ordinaria (art. 2901 c.c.),normativa,normativa,normativa,normativa,True,True,True,True,True,,,,,,False,,ok
kb_98_top9_set5_parte1.json,TOP9_CODICI_FREQUENTI_SET5_PARTE1,102002,Azione revocatoria ordinaria (art. 2901 c.c.),atto_principale,atto_principale,atto_principale,atto_principale,True,True,True,True,True,,,,,,False,,ok
kb_98_top9_set5_parte1.json,TOP9_CODICI_FREQUENTI_SET5_PARTE1,102002,Azione revocatoria ordinaria (art. 2901 c.c.),fonti_verifica_web,fonti_verifica_web,fonti_verifica_web,fonti_verifica_web,False,False,True,True,True,,,,,,False,,ok
kb_98_top9_set5_parte1.json,TOP9_CODICI_FREQUENTI_SET5_PARTE1,102002,Azione revocatoria ordinaria (art. 2901 c.c.),presidi_operativi_integrativi,presidi_operativi_integrativi,presidi_operativi_integrativi,presidi_operativi_integrativi,False,False,True,True,True,,,,,,False,,ok
kb_98_top9_set5_parte1.json,TOP9_CODICI_FREQUENTI_SET5_PARTE1,102002,Azione revocatoria ordinaria (art. 2901 c.c.),specialistica:presupposti_sostanziali_art_2901,presupposti_sostanziali_art_2901,presupposti_sostanziali_art_2901,presupposti_sostanziali_art_2901,True,True,True,True,True,,,,,,False,,ok
kb_98_top9_set5_parte1.json,TOP9_CODICI_FREQUENTI_SET5_PARTE1,102002,Azione revocatoria ordinaria (art. 2901 c.c.),specialistica:atti_tipici_revocabili,atti_tipici_revocabili,atti_tipici_revocabili,atti_tipici_revocabili,True,True,True,True,True,,,,,,False,,ok
kb_98_top9_set5_parte1.json,TOP9_CODICI_FREQUENTI_SET5_PARTE1,GUIDA_REGOLAMENTO_CONFINI_130032,Azione di regolamento dei confini (art. 950 c.c.),denominazione,denominazione,denominazione,denominazione,True,True,True,True,True,,,,Azione di regolamento dei confini (art. 950 c.c.),Azione di regolamento dei confini (art. 950 c.c.),False,,ok
kb_98_top9_set5_parte1.json,TOP9_CODICI_FREQUENTI_SET5_PARTE1,GUIDA_REGOLAMENTO_CONFINI_130032,Azione di regolamento dei confini (art. 950 c.c.),categoria,categoria,categoria,categoria,True,True,True,True,True,,,,Diritti reali - tutela della proprietà,Diritti reali - tutela della proprietà,False,,ok
kb_98_top9_set5_parte1.json,TOP9_CODICI_FREQUENTI_SET5_PARTE1,GUIDA_REGOLAMENTO_CONFINI_130032,Azione di regolamento dei confini (art. 950 c.c.),sottocategoria,sottocategoria,sottocategoria,sottocategoria,True,True,True,True,True,,,,Accertamento giudiziale del confine tra fondi limitrofi,Accertamento giudiziale del confine tra fondi limitrofi,False,,ok
kb_98_top9_set5_parte1.json,TOP9_CODICI_FREQUENTI_SET5_PARTE1,GUIDA_REGOLAMENTO_CONFINI_130032,Azione di regolamento dei confini (art. 950 c.c.),rito,rito,rito,rito,True,True,True,True,True,,,,Rito ordinario di cognizione preceduto da MEDIAZIONE OBBLIGATORIA ex art. 5 c. 1-bis D.Lgs. 28/2010 (diritti reali),Rito ordinario di cognizione preceduto da MEDIAZIONE OBBLIGATORIA ex art. 5 c. 1-bis D.Lgs. 28/2010 (diritti reali),False,,ok
kb_98_top9_set5_parte1.json,TOP9_CODICI_FREQUENTI_SET5_PARTE1,GUIDA_REGOLAMENTO_CONFINI_130032,Azione di regolamento dei confini (art. 950 c.c.),competenza,competenza,competenza,competenza,True,True,True,True,True,,,,Tribunale del luogo dell'immobile (art. 21 c.p.c. - foro esclusivo),Tribunale del luogo dell'immobile (art. 21 c.p.c. - foro esclusivo),False,,ok
kb_98_top9_set5_parte1.json,TOP9_CODICI_FREQUENTI_SET5_PARTE1,GUIDA_REGOLAMENTO_CONFINI_130032,Azione di regolamento dei confini (art. 950 c.c.),uffici_destinatari,uffici_destinatari,uffici_destinatari,uffici_destinatari,True,True,True,True,True,,,,,,False,,ok
kb_98_top9_set5_parte1.json,TOP9_CODICI_FREQUENTI_SET5_PARTE1,GUIDA_REGOLAMENTO_CONFINI_130032,Azione di regolamento dei confini (art. 950 c.c.),tipologie_di_intervento,tipologie_di_intervento,tipologie_di_intervento,tipologie_di_intervento,False,False,False,True,False,,,,,,False,,ok
kb_98_top9_set5_parte1.json,TOP9_CODICI_FREQUENTI_SET5_PARTE1,GUIDA_REGOLAMENTO_CONFINI_130032,Azione di regolamento dei confini (art. 950 c.c.),presupposti_sostanziali,presupposti_sostanziali,presupposti_sostanziali,presupposti_sostanziali,True,True,True,True,True,,,,,,False,,ok
kb_98_top9_set5_parte1.json,TOP9_CODICI_FREQUENTI_SET5_PARTE1,GUIDA_REGOLAMENTO_CONFINI_130032,Azione di regolamento dei confini (art. 950 c.c.),legittimati_attivi,legittimati_attivi,legittimati_attivi,legittimati_attivi,False,False,False,True,False,,,,,,False,,ok
kb_98_top9_set5_parte1.json,TOP9_CODICI_FREQUENTI_SET5_PARTE1,GUIDA_REGOLAMENTO_CONFINI_130032,Azione di regolamento dei confini (art. 950 c.c.),obbligo_mediazione,obbligo_mediazione,obbligo_mediazione,obbligo_mediazione,True,True,True,True,True,,,,,,False,,ok
kb_98_top9_set5_parte1.json,TOP9_CODICI_FREQUENTI_SET5_PARTE1,GUIDA_REGOLAMENTO_CONFINI_130032,Azione di regolamento dei confini (art. 950 c.c.),adempimenti_propedeutici,adempimenti_propedeutici,adempimenti_propedeutici,adempimenti_propedeutici,True,True,True,True,True,"1,2,3,4,5","1,2,3,4,5",,,,False,,ok
kb_98_top9_set5_parte1.json,TOP9_CODICI_FREQUENTI_SET5_PARTE1,GUIDA_REGOLAMENTO_CONFINI_130032,Azione di regolamento dei confini (art. 950 c.c.),richiesta_provvedimenti_urgenti,richiesta_provvedimenti_urgenti,richiesta_provvedimenti_urgenti,richiesta_provvedimenti_urgenti,False,False,False,True,False,,,,,,False,,ok
kb_98_top9_set5_parte1.json,TOP9_CODICI_FREQUENTI_SET5_PARTE1,GUIDA_REGOLAMENTO_CONFINI_130032,Azione di regolamento dei confini (art. 950 c.c.),avvertimenti_obbligatori,atto_principale.avvertimenti_obbligatori,atto_principale.avvertimenti_obbligatori,atto_principale.avvertimenti_obbligatori,True,True,True,True,True,,,,,,False,,ok
kb_98_top9_set5_parte1.json,TOP9_CODICI_FREQUENTI_SET5_PARTE1,GUIDA_REGOLAMENTO_CONFINI_130032,Azione di regolamento dei confini (art. 950 c.c.),allegati_obbligatori,allegati_obbligatori,allegati_obbligatori,allegati_obbligatori,True,True,True,True,True,,,,,,False,,ok
kb_98_top9_set5_parte1.json,TOP9_CODICI_FREQUENTI_SET5_PARTE1,GUIDA_REGOLAMENTO_CONFINI_130032,Azione di regolamento dei confini (art. 950 c.c.),termini_processuali,termini_processuali,termini_processuali,termini_processuali,True,True,True,True,True,,,,,,False,,ok
kb_98_top9_set5_parte1.json,TOP9_CODICI_FREQUENTI_SET5_PARTE1,GUIDA_REGOLAMENTO_CONFINI_130032,Azione di regolamento dei confini (art. 950 c.c.),esiti_processuali_tipici,esiti_processuali_tipici,esiti_processuali_tipici,esiti_processuali_tipici,True,True,True,True,True,,,,,,False,,ok
kb_98_top9_set5_parte1.json,TOP9_CODICI_FREQUENTI_SET5_PARTE1,GUIDA_REGOLAMENTO_CONFINI_130032,Azione di regolamento dei confini (art. 950 c.c.),normativa,normativa,normativa,normativa,True,True,True,True,True,,,,,,False,,ok
kb_98_top9_set5_parte1.json,TOP9_CODICI_FREQUENTI_SET5_PARTE1,GUIDA_REGOLAMENTO_CONFINI_130032,Azione di regolamento dei confini (art. 950 c.c.),atto_principale,atto_principale,atto_principale,atto_principale,True,True,True,True,True,,,,,,False,,ok
kb_98_top9_set5_parte1.json,TOP9_CODICI_FREQUENTI_SET5_PARTE1,GUIDA_REGOLAMENTO_CONFINI_130032,Azione di regolamento dei confini (art. 950 c.c.),fonti_verifica_web,fonti_verifica_web,fonti_verifica_web,fonti_verifica_web,False,False,True,True,True,,,,,,False,,ok
kb_98_top9_set5_parte1.json,TOP9_CODICI_FREQUENTI_SET5_PARTE1,GUIDA_REGOLAMENTO_CONFINI_130032,Azione di regolamento dei confini (art. 950 c.c.),presidi_operativi_integrativi,presidi_operativi_integrativi,presidi_operativi_integrativi,presidi_operativi_integrativi,False,False,True,True,True,,,,,,False,,ok
kb_98_top9_set5_parte1.json,TOP9_CODICI_FREQUENTI_SET5_PARTE1,GUIDA_REGOLAMENTO_CONFINI_130032,Azione di regolamento dei confini (art. 950 c.c.),specialistica:differenza_da_rivendicazione_e_apposizione_termini,differenza_da_rivendicazione_e_apposizione_termini,differenza_da_rivendicazione_e_apposizione_termini,differenza_da_rivendicazione_e_apposizione_termini,True,True,True,True,True,,,,,,False,,ok
kb_98_top9_set5_parte1.json,TOP9_CODICI_FREQUENTI_SET5_PARTE1,GUIDA_REGOLAMENTO_CONFINI_130032,Azione di regolamento dei confini (art. 950 c.c.),specialistica:guida_pratica_facoltativa,guida_pratica_facoltativa,guida_pratica_facoltativa,guida_pratica_facoltativa,True,True,True,True,True,,,,,,False,,ok
kb_98_top9_set5_parte1.json,TOP9_CODICI_FREQUENTI_SET5_PARTE1,GUIDA_REGOLAMENTO_CONFINI_130032,Azione di regolamento dei confini (art. 950 c.c.),specialistica:verifica_pst_xsd_iusentra,verifica_pst_xsd_iusentra,verifica_pst_xsd_iusentra,verifica_pst_xsd_iusentra,True,True,True,True,True,,,,,,False,,ok
kb_98_top9_set5_parte1.json,TOP9_CODICI_FREQUENTI_SET5_PARTE1,GUIDA_IMPUGNAZIONE_TESTAMENTO_120020,"Impugnazione del testamento (nullità, annullabilità)",denominazione,denominazione,denominazione,denominazione,True,True,True,True,True,,,,"Impugnazione del testamento (nullità, annullabilità)","Impugnazione del testamento (nullità, annullabilità)",False,,ok
kb_98_top9_set5_parte1.json,TOP9_CODICI_FREQUENTI_SET5_PARTE1,GUIDA_IMPUGNAZIONE_TESTAMENTO_120020,"Impugnazione del testamento (nullità, annullabilità)",categoria,categoria,categoria,categoria,True,True,True,True,True,,,,Successioni - patologia delle disposizioni di ultima volontà,Successioni - patologia delle disposizioni di ultima volontà,False,,ok
kb_98_top9_set5_parte1.json,TOP9_CODICI_FREQUENTI_SET5_PARTE1,GUIDA_IMPUGNAZIONE_TESTAMENTO_120020,"Impugnazione del testamento (nullità, annullabilità)",sottocategoria,sottocategoria,sottocategoria,sottocategoria,True,True,True,True,True,,,,"Azione di nullità o annullabilità del testamento - olografo, pubblico, segreto","Azione di nullità o annullabilità del testamento - olografo, pubblico, segreto",False,,ok
kb_98_top9_set5_parte1.json,TOP9_CODICI_FREQUENTI_SET5_PARTE1,GUIDA_IMPUGNAZIONE_TESTAMENTO_120020,"Impugnazione del testamento (nullità, annullabilità)",rito,rito,rito,rito,True,True,True,True,True,,,,Rito ordinario di cognizione preceduto da MEDIAZIONE OBBLIGATORIA ex art. 5 c. 1-bis D.Lgs. 28/2010 (materia successioni),Rito ordinario di cognizione preceduto da MEDIAZIONE OBBLIGATORIA ex art. 5 c. 1-bis D.Lgs. 28/2010 (materia successioni),False,,ok
kb_98_top9_set5_parte1.json,TOP9_CODICI_FREQUENTI_SET5_PARTE1,GUIDA_IMPUGNAZIONE_TESTAMENTO_120020,"Impugnazione del testamento (nullità, annullabilità)",competenza,competenza,competenza,competenza,True,True,True,True,True,,,,Tribunale del luogo apertura successione (art. 22 c.p.c.) - foro esclusivo,Tribunale del luogo apertura successione (art. 22 c.p.c.) - foro esclusivo,False,,ok
kb_98_top9_set5_parte1.json,TOP9_CODICI_FREQUENTI_SET5_PARTE1,GUIDA_IMPUGNAZIONE_TESTAMENTO_120020,"Impugnazione del testamento (nullità, annullabilità)",uffici_destinatari,uffici_destinatari,uffici_destinatari,uffici_destinatari,True,True,True,True,True,,,,,,False,,ok
kb_98_top9_set5_parte1.json,TOP9_CODICI_FREQUENTI_SET5_PARTE1,GUIDA_IMPUGNAZIONE_TESTAMENTO_120020,"Impugnazione del testamento (nullità, annullabilità)",tipologie_di_intervento,tipologie_di_intervento,tipologie_di_intervento,tipologie_di_intervento,False,False,False,True,False,,,,,,False,,ok
kb_98_top9_set5_parte1.json,TOP9_CODICI_FREQUENTI_SET5_PARTE1,GUIDA_IMPUGNAZIONE_TESTAMENTO_120020,"Impugnazione del testamento (nullità, annullabilità)",presupposti_sostanziali,presupposti_sostanziali,presupposti_sostanziali,presupposti_sostanziali,True,True,True,True,True,,,,,,False,,ok
kb_98_top9_set5_parte1.json,TOP9_CODICI_FREQUENTI_SET5_PARTE1,GUIDA_IMPUGNAZIONE_TESTAMENTO_120020,"Impugnazione del testamento (nullità, annullabilità)",legittimati_attivi,legittimati_attivi,legittimati_attivi,legittimati_attivi,False,False,False,True,False,,,,,,False,,ok
kb_98_top9_set5_parte1.json,TOP9_CODICI_FREQUENTI_SET5_PARTE1,GUIDA_IMPUGNAZIONE_TESTAMENTO_120020,"Impugnazione del testamento (nullità, annullabilità)",obbligo_mediazione,obbligo_mediazione,obbligo_mediazione,obbligo_mediazione,True,True,True,True,True,,,,,,False,,ok
kb_98_top9_set5_parte1.json,TOP9_CODICI_FREQUENTI_SET5_PARTE1,GUIDA_IMPUGNAZIONE_TESTAMENTO_120020,"Impugnazione del testamento (nullità, annullabilità)",adempimenti_propedeutici,adempimenti_propedeutici,adempimenti_propedeutici,adempimenti_propedeutici,True,True,True,True,True,"1,2,3,4,5,6,7","1,2,3,4,5,6,7",,,,False,,ok
kb_98_top9_set5_parte1.json,TOP9_CODICI_FREQUENTI_SET5_PARTE1,GUIDA_IMPUGNAZIONE_TESTAMENTO_120020,"Impugnazione del testamento (nullità, annullabilità)",richiesta_provvedimenti_urgenti,richiesta_provvedimenti_urgenti,richiesta_provvedimenti_urgenti,richiesta_provvedimenti_urgenti,False,False,False,True,False,,,,,,False,,ok
kb_98_top9_set5_parte1.json,TOP9_CODICI_FREQUENTI_SET5_PARTE1,GUIDA_IMPUGNAZIONE_TESTAMENTO_120020,"Impugnazione del testamento (nullità, annullabilità)",avvertimenti_obbligatori,atto_principale.avvertimenti_obbligatori,atto_principale.avvertimenti_obbligatori,atto_principale.avvertimenti_obbligatori,True,True,True,True,True,,,,,,False,,ok
kb_98_top9_set5_parte1.json,TOP9_CODICI_FREQUENTI_SET5_PARTE1,GUIDA_IMPUGNAZIONE_TESTAMENTO_120020,"Impugnazione del testamento (nullità, annullabilità)",allegati_obbligatori,allegati_obbligatori,allegati_obbligatori,allegati_obbligatori,True,True,True,True,True,,,,,,False,,ok
kb_98_top9_set5_parte1.json,TOP9_CODICI_FREQUENTI_SET5_PARTE1,GUIDA_IMPUGNAZIONE_TESTAMENTO_120020,"Impugnazione del testamento (nullità, annullabilità)",termini_processuali,termini_processuali,termini_processuali,termini_processuali,True,True,True,True,True,,,,,,False,,ok
kb_98_top9_set5_parte1.json,TOP9_CODICI_FREQUENTI_SET5_PARTE1,GUIDA_IMPUGNAZIONE_TESTAMENTO_120020,"Impugnazione del testamento (nullità, annullabilità)",esiti_processuali_tipici,esiti_processuali_tipici,esiti_processuali_tipici,esiti_processuali_tipici,True,True,True,True,True,,,,,,False,,ok
kb_98_top9_set5_parte1.json,TOP9_CODICI_FREQUENTI_SET5_PARTE1,GUIDA_IMPUGNAZIONE_TESTAMENTO_120020,"Impugnazione del testamento (nullità, annullabilità)",normativa,normativa,normativa,normativa,True,True,True,True,True,,,,,,False,,ok
kb_98_top9_set5_parte1.json,TOP9_CODICI_FREQUENTI_SET5_PARTE1,GUIDA_IMPUGNAZIONE_TESTAMENTO_120020,"Impugnazione del testamento (nullità, annullabilità)",atto_principale,atto_principale,atto_principale,atto_principale,True,True,True,True,True,,,,,,False,,ok
kb_98_top9_set5_parte1.json,TOP9_CODICI_FREQUENTI_SET5_PARTE1,GUIDA_IMPUGNAZIONE_TESTAMENTO_120020,"Impugnazione del testamento (nullità, annullabilità)",fonti_verifica_web,fonti_verifica_web,fonti_verifica_web,fonti_verifica_web,False,False,True,True,True,,,,,,False,,ok
kb_98_top9_set5_parte1.json,TOP9_CODICI_FREQUENTI_SET5_PARTE1,GUIDA_IMPUGNAZIONE_TESTAMENTO_120020,"Impugnazione del testamento (nullità, annullabilità)",presidi_operativi_integrativi,presidi_operativi_integrativi,presidi_operativi_integrativi,presidi_operativi_integrativi,False,False,True,True,True,,,,,,False,,ok
kb_98_top9_set5_parte1.json,TOP9_CODICI_FREQUENTI_SET5_PARTE1,GUIDA_IMPUGNAZIONE_TESTAMENTO_120020,"Impugnazione del testamento (nullità, annullabilità)",specialistica:cause_nullita_testamento,cause_nullita_testamento,cause_nullita_testamento,cause_nullita_testamento,True,True,True,True,True,,,,,,False,,ok
kb_98_top9_set5_parte1.json,TOP9_CODICI_FREQUENTI_SET5_PARTE1,GUIDA_IMPUGNAZIONE_TESTAMENTO_120020,"Impugnazione del testamento (nullità, annullabilità)",specialistica:cause_annullabilita_testamento,cause_annullabilita_testamento,cause_annullabilita_testamento,cause_annullabilita_testamento,True,True,True,True,True,,,,,,False,,ok
kb_98_top9_set5_parte1.json,TOP9_CODICI_FREQUENTI_SET5_PARTE1,GUIDA_IMPUGNAZIONE_TESTAMENTO_120020,"Impugnazione del testamento (nullità, annullabilità)",specialistica:guida_pratica_facoltativa,guida_pratica_facoltativa,guida_pratica_facoltativa,guida_pratica_facoltativa,True,True,True,True,True,,,,,,False,,ok
kb_98_top9_set5_parte1.json,TOP9_CODICI_FREQUENTI_SET5_PARTE1,GUIDA_IMPUGNAZIONE_TESTAMENTO_120020,"Impugnazione del testamento (nullità, annullabilità)",specialistica:verifica_pst_xsd_iusentra,verifica_pst_xsd_iusentra,verifica_pst_xsd_iusentra,verifica_pst_xsd_iusentra,True,True,True,True,True,,,,,,False,,ok
kb_98_top9_set5_parte1.json,TOP9_CODICI_FREQUENTI_SET5_PARTE1,151110,Azione di responsabilità contro gli amministratori di S.r.l. (artt. 2476 c.c.),denominazione,denominazione,denominazione,denominazione,True,True,True,True,True,,,,Azione di responsabilità contro gli amministratori di S.r.l. (artt. 2476 c.c.),Azione di responsabilità contro gli amministratori di S.r.l. (artt. 2476 c.c.),False,,ok
kb_98_top9_set5_parte1.json,TOP9_CODICI_FREQUENTI_SET5_PARTE1,151110,Azione di responsabilità contro gli amministratori di S.r.l. (artt. 2476 c.c.),categoria,categoria,categoria,categoria,True,True,True,True,True,,,,Diritto societario - responsabilità amministratori,Diritto societario - responsabilità amministratori,False,,ok
kb_98_top9_set5_parte1.json,TOP9_CODICI_FREQUENTI_SET5_PARTE1,151110,Azione di responsabilità contro gli amministratori di S.r.l. (artt. 2476 c.c.),sottocategoria,sottocategoria,sottocategoria,sottocategoria,True,True,True,True,True,,,,Azione sociale e individuale del socio per danni causati dagli amministratori,Azione sociale e individuale del socio per danni causati dagli amministratori,False,,ok
kb_98_top9_set5_parte1.json,TOP9_CODICI_FREQUENTI_SET5_PARTE1,151110,Azione di responsabilità contro gli amministratori di S.r.l. (artt. 2476 c.c.),rito,rito,rito,rito,True,True,True,True,True,,,,Rito ordinario di cognizione,Rito ordinario di cognizione,False,,ok
kb_98_top9_set5_parte1.json,TOP9_CODICI_FREQUENTI_SET5_PARTE1,151110,Azione di responsabilità contro gli amministratori di S.r.l. (artt. 2476 c.c.),competenza,competenza,competenza,competenza,True,True,True,True,True,,,,TRIBUNALE SEZIONE SPECIALIZZATA IN MATERIA DI IMPRESA (D.L. 1/2012); foro della sede sociale (art. 19 c.p.c.),TRIBUNALE SEZIONE SPECIALIZZATA IN MATERIA DI IMPRESA (D.L. 1/2012); foro della sede sociale (art. 19 c.p.c.),False,,ok
kb_98_top9_set5_parte1.json,TOP9_CODICI_FREQUENTI_SET5_PARTE1,151110,Azione di responsabilità contro gli amministratori di S.r.l. (artt. 2476 c.c.),uffici_destinatari,uffici_destinatari,uffici_destinatari,uffici_destinatari,True,True,True,True,True,,,,,,False,,ok
kb_98_top9_set5_parte1.json,TOP9_CODICI_FREQUENTI_SET5_PARTE1,151110,Azione di responsabilità contro gli amministratori di S.r.l. (artt. 2476 c.c.),tipologie_di_intervento,tipologie_di_intervento,tipologie_di_intervento,tipologie_di_intervento,False,False,False,True,False,,,,,,False,,ok
kb_98_top9_set5_parte1.json,TOP9_CODICI_FREQUENTI_SET5_PARTE1,151110,Azione di responsabilità contro gli amministratori di S.r.l. (artt. 2476 c.c.),presupposti_sostanziali,presupposti_sostanziali,presupposti_sostanziali,presupposti_sostanziali,False,False,False,True,True,,,,,,False,,ok
kb_98_top9_set5_parte1.json,TOP9_CODICI_FREQUENTI_SET5_PARTE1,151110,Azione di responsabilità contro gli amministratori di S.r.l. (artt. 2476 c.c.),legittimati_attivi,legittimati_attivi,legittimati_attivi,legittimati_attivi,False,False,False,True,False,,,,,,False,,ok
kb_98_top9_set5_parte1.json,TOP9_CODICI_FREQUENTI_SET5_PARTE1,151110,Azione di responsabilità contro gli amministratori di S.r.l. (artt. 2476 c.c.),obbligo_mediazione,obbligo_mediazione,obbligo_mediazione,obbligo_mediazione,True,True,True,True,True,,,,,,False,,ok
kb_98_top9_set5_parte1.json,TOP9_CODICI_FREQUENTI_SET5_PARTE1,151110,Azione di responsabilità contro gli amministratori di S.r.l. (artt. 2476 c.c.),adempimenti_propedeutici,adempimenti_propedeutici,adempimenti_propedeutici,adempimenti_propedeutici,True,True,True,True,True,"1,2,3,4,5,6","1,2,3,4,5,6",,,,False,,ok
kb_98_top9_set5_parte1.json,TOP9_CODICI_FREQUENTI_SET5_PARTE1,151110,Azione di responsabilità contro gli amministratori di S.r.l. (artt. 2476 c.c.),richiesta_provvedimenti_urgenti,richiesta_provvedimenti_urgenti,richiesta_provvedimenti_urgenti,richiesta_provvedimenti_urgenti,False,False,False,True,False,,,,,,False,,ok
kb_98_top9_set5_parte1.json,TOP9_CODICI_FREQUENTI_SET5_PARTE1,151110,Azione di responsabilità contro gli amministratori di S.r.l. (artt. 2476 c.c.),avvertimenti_obbligatori,atto_principale.avvertimenti_obbligatori,atto_principale.avvertimenti_obbligatori,atto_principale.avvertimenti_obbligatori,True,True,True,True,True,,,,,,False,,ok
kb_98_top9_set5_parte1.json,TOP9_CODICI_FREQUENTI_SET5_PARTE1,151110,Azione di responsabilità contro gli amministratori di S.r.l. (artt. 2476 c.c.),allegati_obbligatori,allegati_obbligatori,allegati_obbligatori,allegati_obbligatori,True,True,True,True,True,,,,,,False,,ok
kb_98_top9_set5_parte1.json,TOP9_CODICI_FREQUENTI_SET5_PARTE1,151110,Azione di responsabilità contro gli amministratori di S.r.l. (artt. 2476 c.c.),termini_processuali,termini_processuali,termini_processuali,termini_processuali,True,True,True,True,True,,,,,,False,,ok
kb_98_top9_set5_parte1.json,TOP9_CODICI_FREQUENTI_SET5_PARTE1,151110,Azione di responsabilità contro gli amministratori di S.r.l. (artt. 2476 c.c.),esiti_processuali_tipici,esiti_processuali_tipici,esiti_processuali_tipici,esiti_processuali_tipici,True,True,True,True,True,,,,,,False,,ok
kb_98_top9_set5_parte1.json,TOP9_CODICI_FREQUENTI_SET5_PARTE1,151110,Azione di responsabilità contro gli amministratori di S.r.l. (artt. 2476 c.c.),normativa,normativa,normativa,normativa,True,True,True,True,True,,,,,,False,,ok
kb_98_top9_set5_parte1.json,TOP9_CODICI_FREQUENTI_SET5_PARTE1,151110,Azione di responsabilità contro gli amministratori di S.r.l. (artt. 2476 c.c.),atto_principale,atto_principale,atto_principale,atto_principale,True,True,True,True,True,,,,,,False,,ok
kb_98_top9_set5_parte1.json,TOP9_CODICI_FREQUENTI_SET5_PARTE1,151110,Azione di responsabilità contro gli amministratori di S.r.l. (artt. 2476 c.c.),fonti_verifica_web,fonti_verifica_web,fonti_verifica_web,fonti_verifica_web,False,False,True,True,True,,,,,,False,,ok
kb_98_top9_set5_parte1.json,TOP9_CODICI_FREQUENTI_SET5_PARTE1,151110,Azione di responsabilità contro gli amministratori di S.r.l. (artt. 2476 c.c.),presidi_operativi_integrativi,presidi_operativi_integrativi,presidi_operativi_integrativi,presidi_operativi_integrativi,False,False,True,True,True,,,,,,False,,ok
kb_98_top9_set5_parte1.json,TOP9_CODICI_FREQUENTI_SET5_PARTE1,151110,Azione di responsabilità contro gli amministratori di S.r.l. (artt. 2476 c.c.),specialistica:tipologie_di_azione,tipologie_di_azione,tipologie_di_azione,tipologie_di_azione,True,True,True,True,True,,,,,,False,,ok
kb_98_top9_set5_parte1.json,TOP9_CODICI_FREQUENTI_SET5_PARTE1,151110,Azione di responsabilità contro gli amministratori di S.r.l. (artt. 2476 c.c.),specialistica:presupposti_sostanziali_azione_sociale,presupposti_sostanziali_azione_sociale,presupposti_sostanziali_azione_sociale,presupposti_sostanziali_azione_sociale,True,True,True,True,True,,,,,,False,,ok
kb_98_top9_set5_parte1.json,TOP9_CODICI_FREQUENTI_SET5_PARTE1,151110,Azione di responsabilità contro gli amministratori di S.r.l. (artt. 2476 c.c.),specialistica:condotte_tipiche_responsabilita,condotte_tipiche_responsabilita,condotte_tipiche_responsabilita,condotte_tipiche_responsabilita,True,True,True,True,True,,,,,,False,,ok
kb_98_top9_set5_parte2.json,TOP9_CODICI_FREQUENTI_SET5_PARTE2,220020,Differenze retributive e riconoscimento qualifica superiore (mansioni superiori - art. 2103 c.c.),denominazione,denominazione,denominazione,denominazione,True,True,True,True,True,,,,Differenze retributive e riconoscimento qualifica superiore (mansioni superiori - art. 2103 c.c.),Differenze retributive e riconoscimento qualifica superiore (mansioni superiori - art. 2103 c.c.),False,,ok
kb_98_top9_set5_parte2.json,TOP9_CODICI_FREQUENTI_SET5_PARTE2,220020,Differenze retributive e riconoscimento qualifica superiore (mansioni superiori - art. 2103 c.c.),categoria,categoria,categoria,categoria,True,True,True,True,True,,,,Lavoro - retribuzione e inquadramento,Lavoro - retribuzione e inquadramento,False,,ok
kb_98_top9_set5_parte2.json,TOP9_CODICI_FREQUENTI_SET5_PARTE2,220020,Differenze retributive e riconoscimento qualifica superiore (mansioni superiori - art. 2103 c.c.),sottocategoria,sottocategoria,sottocategoria,sottocategoria,True,True,True,True,True,,,,Azione del lavoratore per riconoscimento qualifica superiore e relative differenze retributive,Azione del lavoratore per riconoscimento qualifica superiore e relative differenze retributive,False,,ok
kb_98_top9_set5_parte2.json,TOP9_CODICI_FREQUENTI_SET5_PARTE2,220020,Differenze retributive e riconoscimento qualifica superiore (mansioni superiori - art. 2103 c.c.),rito,rito,rito,rito,True,True,True,True,True,,,,Rito del lavoro ex artt. 409 e ss. c.p.c.,Rito del lavoro ex artt. 409 e ss. c.p.c.,False,,ok
kb_98_top9_set5_parte2.json,TOP9_CODICI_FREQUENTI_SET5_PARTE2,220020,Differenze retributive e riconoscimento qualifica superiore (mansioni superiori - art. 2103 c.c.),competenza,competenza,competenza,competenza,True,True,True,True,True,,,,Tribunale del lavoro - foro della sede di lavoro (art. 413 c.p.c.),Tribunale del lavoro - foro della sede di lavoro (art. 413 c.p.c.),False,,ok
kb_98_top9_set5_parte2.json,TOP9_CODICI_FREQUENTI_SET5_PARTE2,220020,Differenze retributive e riconoscimento qualifica superiore (mansioni superiori - art. 2103 c.c.),uffici_destinatari,uffici_destinatari,uffici_destinatari,uffici_destinatari,True,True,True,True,True,,,,,,False,,ok
kb_98_top9_set5_parte2.json,TOP9_CODICI_FREQUENTI_SET5_PARTE2,220020,Differenze retributive e riconoscimento qualifica superiore (mansioni superiori - art. 2103 c.c.),tipologie_di_intervento,tipologie_di_intervento,tipologie_di_intervento,tipologie_di_intervento,False,True,True,True,True,,,,,,False,,ok
kb_98_top9_set5_parte2.json,TOP9_CODICI_FREQUENTI_SET5_PARTE2,220020,Differenze retributive e riconoscimento qualifica superiore (mansioni superiori - art. 2103 c.c.),presupposti_sostanziali,presupposti_sostanziali,presupposti_sostanziali,presupposti_sostanziali,True,True,True,True,True,,,,,,False,,ok
kb_98_top9_set5_parte2.json,TOP9_CODICI_FREQUENTI_SET5_PARTE2,220020,Differenze retributive e riconoscimento qualifica superiore (mansioni superiori - art. 2103 c.c.),legittimati_attivi,legittimati_attivi,legittimati_attivi,legittimati_attivi,False,True,True,True,True,,,,,,False,,ok
kb_98_top9_set5_parte2.json,TOP9_CODICI_FREQUENTI_SET5_PARTE2,220020,Differenze retributive e riconoscimento qualifica superiore (mansioni superiori - art. 2103 c.c.),obbligo_mediazione,obbligo_mediazione,obbligo_mediazione,obbligo_mediazione,True,True,True,True,True,,,,,,False,,ok
kb_98_top9_set5_parte2.json,TOP9_CODICI_FREQUENTI_SET5_PARTE2,220020,Differenze retributive e riconoscimento qualifica superiore (mansioni superiori - art. 2103 c.c.),adempimenti_propedeutici,adempimenti_propedeutici,adempimenti_propedeutici,adempimenti_propedeutici,True,True,True,True,True,"1,2,3,4,5,6,7","1,2,3,4,5,6,7",,,,False,,ok
kb_98_top9_set5_parte2.json,TOP9_CODICI_FREQUENTI_SET5_PARTE2,220020,Differenze retributive e riconoscimento qualifica superiore (mansioni superiori - art. 2103 c.c.),richiesta_provvedimenti_urgenti,richiesta_provvedimenti_urgenti,richiesta_provvedimenti_urgenti,richiesta_provvedimenti_urgenti,False,True,True,True,True,,,,,,False,,ok
kb_98_top9_set5_parte2.json,TOP9_CODICI_FREQUENTI_SET5_PARTE2,220020,Differenze retributive e riconoscimento qualifica superiore (mansioni superiori - art. 2103 c.c.),avvertimenti_obbligatori,atto_principale.avvertimenti_obbligatori,avvertimenti_obbligatori,avvertimenti_obbligatori,True,True,True,True,True,,,,,,False,,ok
kb_98_top9_set5_parte2.json,TOP9_CODICI_FREQUENTI_SET5_PARTE2,220020,Differenze retributive e riconoscimento qualifica superiore (mansioni superiori - art. 2103 c.c.),allegati_obbligatori,allegati_obbligatori,allegati_obbligatori,allegati_obbligatori,True,True,True,True,True,,,,,,False,,ok
kb_98_top9_set5_parte2.json,TOP9_CODICI_FREQUENTI_SET5_PARTE2,220020,Differenze retributive e riconoscimento qualifica superiore (mansioni superiori - art. 2103 c.c.),termini_processuali,termini_processuali,termini_processuali,termini_processuali,True,True,True,True,True,,,,,,False,,ok
kb_98_top9_set5_parte2.json,TOP9_CODICI_FREQUENTI_SET5_PARTE2,220020,Differenze retributive e riconoscimento qualifica superiore (mansioni superiori - art. 2103 c.c.),esiti_processuali_tipici,esiti_processuali_tipici,esiti_processuali_tipici,esiti_processuali_tipici,True,True,True,True,True,,,,,,False,,ok
kb_98_top9_set5_parte2.json,TOP9_CODICI_FREQUENTI_SET5_PARTE2,220020,Differenze retributive e riconoscimento qualifica superiore (mansioni superiori - art. 2103 c.c.),normativa,normativa,normativa,normativa,True,True,True,True,True,,,,,,False,,ok
kb_98_top9_set5_parte2.json,TOP9_CODICI_FREQUENTI_SET5_PARTE2,220020,Differenze retributive e riconoscimento qualifica superiore (mansioni superiori - art. 2103 c.c.),atto_principale,atto_principale,atto_principale,atto_principale,True,True,True,True,True,,,,,,False,,ok
kb_98_top9_set5_parte2.json,TOP9_CODICI_FREQUENTI_SET5_PARTE2,220020,Differenze retributive e riconoscimento qualifica superiore (mansioni superiori - art. 2103 c.c.),fonti_verifica_web,fonti_verifica_web,fonti_verifica_web,fonti_verifica_web,False,False,True,True,True,,,,,,False,,ok
kb_98_top9_set5_parte2.json,TOP9_CODICI_FREQUENTI_SET5_PARTE2,220020,Differenze retributive e riconoscimento qualifica superiore (mansioni superiori - art. 2103 c.c.),presidi_operativi_integrativi,presidi_operativi_integrativi,presidi_operativi_integrativi,presidi_operativi_integrativi,False,False,True,True,True,,,,,,False,,ok
kb_98_top9_set5_parte2.json,TOP9_CODICI_FREQUENTI_SET5_PARTE2,220020,Differenze retributive e riconoscimento qualifica superiore (mansioni superiori - art. 2103 c.c.),specialistica:differenza_2103_pre_e_post_dlgs_81_2015,differenza_2103_pre_e_post_dlgs_81_2015,differenza_2103_pre_e_post_dlgs_81_2015,differenza_2103_pre_e_post_dlgs_81_2015,True,True,True,True,True,,,,,,False,,ok
kb_98_top9_set5_parte2.json,TOP9_CODICI_FREQUENTI_SET5_PARTE2,GUIDA_RESPONSABILITA_NOTAIO_COMMERCIALISTA_143003,Responsabilità professionale del notaio o del commercialista,denominazione,denominazione,denominazione,denominazione,True,True,True,True,True,,,,Responsabilità professionale del notaio o del commercialista,Responsabilità professionale del notaio o del commercialista,False,,ok
kb_98_top9_set5_parte2.json,TOP9_CODICI_FREQUENTI_SET5_PARTE2,GUIDA_RESPONSABILITA_NOTAIO_COMMERCIALISTA_143003,Responsabilità professionale del notaio o del commercialista,categoria,categoria,categoria,categoria,True,True,True,True,True,,,,Responsabilità civile - responsabilità professionale,Responsabilità civile - responsabilità professionale,False,,ok
kb_98_top9_set5_parte2.json,TOP9_CODICI_FREQUENTI_SET5_PARTE2,GUIDA_RESPONSABILITA_NOTAIO_COMMERCIALISTA_143003,Responsabilità professionale del notaio o del commercialista,sottocategoria,sottocategoria,sottocategoria,sottocategoria,True,True,True,True,True,,,,Risarcimento danni da malpractice professionale di notai e commercialisti - responsabilità contrattuale per inadempimento mandato,Risarcimento danni da malpractice professionale di notai e commercialisti - responsabilità contrattuale per inadempimento mandato,False,,ok
kb_98_top9_set5_parte2.json,TOP9_CODICI_FREQUENTI_SET5_PARTE2,GUIDA_RESPONSABILITA_NOTAIO_COMMERCIALISTA_143003,Responsabilità professionale del notaio o del commercialista,rito,rito,rito,rito,True,True,True,True,True,,,,Rito ordinario di cognizione,Rito ordinario di cognizione,False,,ok
kb_98_top9_set5_parte2.json,TOP9_CODICI_FREQUENTI_SET5_PARTE2,GUIDA_RESPONSABILITA_NOTAIO_COMMERCIALISTA_143003,Responsabilità professionale del notaio o del commercialista,competenza,competenza,competenza,competenza,True,True,True,True,True,,,,Tribunale del luogo dell'esecuzione della prestazione (art. 20 c.p.c.) o residenza convenuto (artt. 18-19),Tribunale del luogo dell'esecuzione della prestazione (art. 20 c.p.c.) o residenza convenuto (artt. 18-19),False,,ok
kb_98_top9_set5_parte2.json,TOP9_CODICI_FREQUENTI_SET5_PARTE2,GUIDA_RESPONSABILITA_NOTAIO_COMMERCIALISTA_143003,Responsabilità professionale del notaio o del commercialista,uffici_destinatari,uffici_destinatari,uffici_destinatari,uffici_destinatari,True,True,True,True,True,,,,,,False,,ok
kb_98_top9_set5_parte2.json,TOP9_CODICI_FREQUENTI_SET5_PARTE2,GUIDA_RESPONSABILITA_NOTAIO_COMMERCIALISTA_143003,Responsabilità professionale del notaio o del commercialista,tipologie_di_intervento,tipologie_di_intervento,tipologie_di_intervento,tipologie_di_intervento,False,False,False,True,False,,,,,,False,,ok
kb_98_top9_set5_parte2.json,TOP9_CODICI_FREQUENTI_SET5_PARTE2,GUIDA_RESPONSABILITA_NOTAIO_COMMERCIALISTA_143003,Responsabilità professionale del notaio o del commercialista,presupposti_sostanziali,presupposti_sostanziali,presupposti_sostanziali,presupposti_sostanziali,True,True,True,True,True,,,,,,False,,ok
kb_98_top9_set5_parte2.json,TOP9_CODICI_FREQUENTI_SET5_PARTE2,GUIDA_RESPONSABILITA_NOTAIO_COMMERCIALISTA_143003,Responsabilità professionale del notaio o del commercialista,legittimati_attivi,legittimati_attivi,legittimati_attivi,legittimati_attivi,False,False,False,True,False,,,,,,False,,ok
kb_98_top9_set5_parte2.json,TOP9_CODICI_FREQUENTI_SET5_PARTE2,GUIDA_RESPONSABILITA_NOTAIO_COMMERCIALISTA_143003,Responsabilità professionale del notaio o del commercialista,obbligo_mediazione,obbligo_mediazione,obbligo_mediazione,obbligo_mediazione,True,True,True,True,True,,,,,,False,,ok
kb_98_top9_set5_parte2.json,TOP9_CODICI_FREQUENTI_SET5_PARTE2,GUIDA_RESPONSABILITA_NOTAIO_COMMERCIALISTA_143003,Responsabilità professionale del notaio o del commercialista,adempimenti_propedeutici,adempimenti_propedeutici,adempimenti_propedeutici,adempimenti_propedeutici,True,True,True,True,True,"1,2,3,4,5,6","1,2,3,4,5,6",,,,False,,ok
kb_98_top9_set5_parte2.json,TOP9_CODICI_FREQUENTI_SET5_PARTE2,GUIDA_RESPONSABILITA_NOTAIO_COMMERCIALISTA_143003,Responsabilità professionale del notaio o del commercialista,richiesta_provvedimenti_urgenti,richiesta_provvedimenti_urgenti,richiesta_provvedimenti_urgenti,richiesta_provvedimenti_urgenti,False,False,False,True,False,,,,,,False,,ok
kb_98_top9_set5_parte2.json,TOP9_CODICI_FREQUENTI_SET5_PARTE2,GUIDA_RESPONSABILITA_NOTAIO_COMMERCIALISTA_143003,Responsabilità professionale del notaio o del commercialista,avvertimenti_obbligatori,atto_principale.avvertimenti_obbligatori,atto_principale.avvertimenti_obbligatori,atto_principale.avvertimenti_obbligatori,True,True,True,True,True,,,,,,False,,ok
kb_98_top9_set5_parte2.json,TOP9_CODICI_FREQUENTI_SET5_PARTE2,GUIDA_RESPONSABILITA_NOTAIO_COMMERCIALISTA_143003,Responsabilità professionale del notaio o del commercialista,allegati_obbligatori,allegati_obbligatori,allegati_obbligatori,allegati_obbligatori,True,True,True,True,True,,,,,,False,,ok
kb_98_top9_set5_parte2.json,TOP9_CODICI_FREQUENTI_SET5_PARTE2,GUIDA_RESPONSABILITA_NOTAIO_COMMERCIALISTA_143003,Responsabilità professionale del notaio o del commercialista,termini_processuali,termini_processuali,termini_processuali,termini_processuali,True,True,True,True,True,,,,,,False,,ok
kb_98_top9_set5_parte2.json,TOP9_CODICI_FREQUENTI_SET5_PARTE2,GUIDA_RESPONSABILITA_NOTAIO_COMMERCIALISTA_143003,Responsabilità professionale del notaio o del commercialista,esiti_processuali_tipici,esiti_processuali_tipici,esiti_processuali_tipici,esiti_processuali_tipici,True,True,True,True,True,,,,,,False,,ok
kb_98_top9_set5_parte2.json,TOP9_CODICI_FREQUENTI_SET5_PARTE2,GUIDA_RESPONSABILITA_NOTAIO_COMMERCIALISTA_143003,Responsabilità professionale del notaio o del commercialista,normativa,normativa,normativa,normativa,True,True,True,True,True,,,,,,False,,ok
kb_98_top9_set5_parte2.json,TOP9_CODICI_FREQUENTI_SET5_PARTE2,GUIDA_RESPONSABILITA_NOTAIO_COMMERCIALISTA_143003,Responsabilità professionale del notaio o del commercialista,atto_principale,atto_principale,atto_principale,atto_principale,True,True,True,True,True,,,,,,False,,ok
kb_98_top9_set5_parte2.json,TOP9_CODICI_FREQUENTI_SET5_PARTE2,GUIDA_RESPONSABILITA_NOTAIO_COMMERCIALISTA_143003,Responsabilità professionale del notaio o del commercialista,fonti_verifica_web,fonti_verifica_web,fonti_verifica_web,fonti_verifica_web,False,False,True,True,True,,,,,,False,,ok
kb_98_top9_set5_parte2.json,TOP9_CODICI_FREQUENTI_SET5_PARTE2,GUIDA_RESPONSABILITA_NOTAIO_COMMERCIALISTA_143003,Responsabilità professionale del notaio o del commercialista,presidi_operativi_integrativi,presidi_operativi_integrativi,presidi_operativi_integrativi,presidi_operativi_integrativi,False,False,True,True,True,,,,,,False,,ok
kb_98_top9_set5_parte2.json,TOP9_CODICI_FREQUENTI_SET5_PARTE2,GUIDA_RESPONSABILITA_NOTAIO_COMMERCIALISTA_143003,Responsabilità professionale del notaio o del commercialista,specialistica:obblighi_specifici_del_notaio,obblighi_specifici_del_notaio,obblighi_specifici_del_notaio,obblighi_specifici_del_notaio,True,True,True,True,True,,,,,,False,,ok
kb_98_top9_set5_parte2.json,TOP9_CODICI_FREQUENTI_SET5_PARTE2,GUIDA_RESPONSABILITA_NOTAIO_COMMERCIALISTA_143003,Responsabilità professionale del notaio o del commercialista,specialistica:obblighi_specifici_del_commercialista,obblighi_specifici_del_commercialista,obblighi_specifici_del_commercialista,obblighi_specifici_del_commercialista,True,True,True,True,True,,,,,,False,,ok
kb_98_top9_set5_parte2.json,TOP9_CODICI_FREQUENTI_SET5_PARTE2,GUIDA_RESPONSABILITA_NOTAIO_COMMERCIALISTA_143003,Responsabilità professionale del notaio o del commercialista,specialistica:tipologie_inadempimento_tipiche_notaio,tipologie_inadempimento_tipiche_notaio,tipologie_inadempimento_tipiche_notaio,tipologie_inadempimento_tipiche_notaio,True,True,True,True,True,,,,,,False,,ok
kb_98_top9_set5_parte2.json,TOP9_CODICI_FREQUENTI_SET5_PARTE2,GUIDA_RESPONSABILITA_NOTAIO_COMMERCIALISTA_143003,Responsabilità professionale del notaio o del commercialista,specialistica:tipologie_inadempimento_tipiche_commercialista,tipologie_inadempimento_tipiche_commercialista,tipologie_inadempimento_tipiche_commercialista,tipologie_inadempimento_tipiche_commercialista,True,True,True,True,True,,,,,,False,,ok
kb_98_top9_set5_parte2.json,TOP9_CODICI_FREQUENTI_SET5_PARTE2,GUIDA_RESPONSABILITA_NOTAIO_COMMERCIALISTA_143003,Responsabilità professionale del notaio o del commercialista,specialistica:guida_pratica_facoltativa,guida_pratica_facoltativa,guida_pratica_facoltativa,guida_pratica_facoltativa,True,True,True,True,True,,,,,,False,,ok
kb_98_top9_set5_parte2.json,TOP9_CODICI_FREQUENTI_SET5_PARTE2,GUIDA_RESPONSABILITA_NOTAIO_COMMERCIALISTA_143003,Responsabilità professionale del notaio o del commercialista,specialistica:verifica_pst_xsd_iusentra,verifica_pst_xsd_iusentra,verifica_pst_xsd_iusentra,verifica_pst_xsd_iusentra,True,True,True,True,True,,,,,,False,,ok
kb_98_top9_set5_parte2.json,TOP9_CODICI_FREQUENTI_SET5_PARTE2,GUIDA_CONSUMATORE_CLAUSOLE_VESSATORIE_180001,Tutela del consumatore - clausole vessatorie e nullità contrattuali (D.Lgs. 206/2005 Codice del Consumo),denominazione,denominazione,denominazione,denominazione,True,True,True,True,True,,,,Tutela del consumatore - clausole vessatorie e nullità contrattuali (D.Lgs. 206/2005 Codice del Consumo),Tutela del consumatore - clausole vessatorie e nullità contrattuali (D.Lgs. 206/2005 Codice del Consumo),False,,ok
kb_98_top9_set5_parte2.json,TOP9_CODICI_FREQUENTI_SET5_PARTE2,GUIDA_CONSUMATORE_CLAUSOLE_VESSATORIE_180001,Tutela del consumatore - clausole vessatorie e nullità contrattuali (D.Lgs. 206/2005 Codice del Consumo),categoria,categoria,categoria,categoria,True,True,True,True,True,,,,Tutela del consumatore,Tutela del consumatore,False,,ok
kb_98_top9_set5_parte2.json,TOP9_CODICI_FREQUENTI_SET5_PARTE2,GUIDA_CONSUMATORE_CLAUSOLE_VESSATORIE_180001,Tutela del consumatore - clausole vessatorie e nullità contrattuali (D.Lgs. 206/2005 Codice del Consumo),sottocategoria,sottocategoria,sottocategoria,sottocategoria,True,True,True,True,True,,,,Azione di nullità di clausole vessatorie + risarcimento danni o restituzione,Azione di nullità di clausole vessatorie + risarcimento danni o restituzione,False,,ok
kb_98_top9_set5_parte2.json,TOP9_CODICI_FREQUENTI_SET5_PARTE2,GUIDA_CONSUMATORE_CLAUSOLE_VESSATORIE_180001,Tutela del consumatore - clausole vessatorie e nullità contrattuali (D.Lgs. 206/2005 Codice del Consumo),rito,rito,rito,rito,True,True,True,True,True,,,,Rito ordinario di cognizione (o sommario di cognizione ex art. 281-decies); foro speciale del consumatore,Rito ordinario di cognizione (o sommario di cognizione ex art. 281-decies); foro speciale del consumatore,False,,ok
kb_98_top9_set5_parte2.json,TOP9_CODICI_FREQUENTI_SET5_PARTE2,GUIDA_CONSUMATORE_CLAUSOLE_VESSATORIE_180001,Tutela del consumatore - clausole vessatorie e nullità contrattuali (D.Lgs. 206/2005 Codice del Consumo),competenza,competenza,competenza,competenza,True,True,True,True,True,,,,FORO ESCLUSIVO DEL CONSUMATORE: residenza/domicilio del consumatore (art. 33 c. 2 lett. u D.Lgs. 206/2005 - INDEROGABILE),FORO ESCLUSIVO DEL CONSUMATORE: residenza/domicilio del consumatore (art. 33 c. 2 lett. u D.Lgs. 206/2005 - INDEROGABILE),False,,ok
kb_98_top9_set5_parte2.json,TOP9_CODICI_FREQUENTI_SET5_PARTE2,GUIDA_CONSUMATORE_CLAUSOLE_VESSATORIE_180001,Tutela del consumatore - clausole vessatorie e nullità contrattuali (D.Lgs. 206/2005 Codice del Consumo),uffici_destinatari,uffici_destinatari,uffici_destinatari,uffici_destinatari,True,True,True,True,True,,,,,,False,,ok
kb_98_top9_set5_parte2.json,TOP9_CODICI_FREQUENTI_SET5_PARTE2,GUIDA_CONSUMATORE_CLAUSOLE_VESSATORIE_180001,Tutela del consumatore - clausole vessatorie e nullità contrattuali (D.Lgs. 206/2005 Codice del Consumo),tipologie_di_intervento,tipologie_di_intervento,tipologie_di_intervento,tipologie_di_intervento,False,False,False,True,False,,,,,,False,,ok
kb_98_top9_set5_parte2.json,TOP9_CODICI_FREQUENTI_SET5_PARTE2,GUIDA_CONSUMATORE_CLAUSOLE_VESSATORIE_180001,Tutela del consumatore - clausole vessatorie e nullità contrattuali (D.Lgs. 206/2005 Codice del Consumo),presupposti_sostanziali,presupposti_sostanziali,presupposti_sostanziali,presupposti_sostanziali,False,False,False,True,True,,,,,,False,,ok
kb_98_top9_set5_parte2.json,TOP9_CODICI_FREQUENTI_SET5_PARTE2,GUIDA_CONSUMATORE_CLAUSOLE_VESSATORIE_180001,Tutela del consumatore - clausole vessatorie e nullità contrattuali (D.Lgs. 206/2005 Codice del Consumo),legittimati_attivi,legittimati_attivi,legittimati_attivi,legittimati_attivi,False,False,False,True,False,,,,,,False,,ok
kb_98_top9_set5_parte2.json,TOP9_CODICI_FREQUENTI_SET5_PARTE2,GUIDA_CONSUMATORE_CLAUSOLE_VESSATORIE_180001,Tutela del consumatore - clausole vessatorie e nullità contrattuali (D.Lgs. 206/2005 Codice del Consumo),obbligo_mediazione,obbligo_mediazione,obbligo_mediazione,obbligo_mediazione,True,True,True,True,True,,,,,,False,,ok
kb_98_top9_set5_parte2.json,TOP9_CODICI_FREQUENTI_SET5_PARTE2,GUIDA_CONSUMATORE_CLAUSOLE_VESSATORIE_180001,Tutela del consumatore - clausole vessatorie e nullità contrattuali (D.Lgs. 206/2005 Codice del Consumo),adempimenti_propedeutici,adempimenti_propedeutici,adempimenti_propedeutici,adempimenti_propedeutici,True,True,True,True,True,"1,2,3,4,5,6,7","1,2,3,4,5,6,7",,,,False,,ok
kb_98_top9_set5_parte2.json,TOP9_CODICI_FREQUENTI_SET5_PARTE2,GUIDA_CONSUMATORE_CLAUSOLE_VESSATORIE_180001,Tutela del consumatore - clausole vessatorie e nullità contrattuali (D.Lgs. 206/2005 Codice del Consumo),richiesta_provvedimenti_urgenti,richiesta_provvedimenti_urgenti,richiesta_provvedimenti_urgenti,richiesta_provvedimenti_urgenti,False,False,False,True,False,,,,,,False,,ok
kb_98_top9_set5_parte2.json,TOP9_CODICI_FREQUENTI_SET5_PARTE2,GUIDA_CONSUMATORE_CLAUSOLE_VESSATORIE_180001,Tutela del consumatore - clausole vessatorie e nullità contrattuali (D.Lgs. 206/2005 Codice del Consumo),avvertimenti_obbligatori,atto_principale.avvertimenti_obbligatori,atto_principale.avvertimenti_obbligatori,atto_principale.avvertimenti_obbligatori,True,True,True,True,True,,,,,,False,,ok
kb_98_top9_set5_parte2.json,TOP9_CODICI_FREQUENTI_SET5_PARTE2,GUIDA_CONSUMATORE_CLAUSOLE_VESSATORIE_180001,Tutela del consumatore - clausole vessatorie e nullità contrattuali (D.Lgs. 206/2005 Codice del Consumo),allegati_obbligatori,allegati_obbligatori,allegati_obbligatori,allegati_obbligatori,True,True,True,True,True,,,,,,False,,ok
kb_98_top9_set5_parte2.json,TOP9_CODICI_FREQUENTI_SET5_PARTE2,GUIDA_CONSUMATORE_CLAUSOLE_VESSATORIE_180001,Tutela del consumatore - clausole vessatorie e nullità contrattuali (D.Lgs. 206/2005 Codice del Consumo),termini_processuali,termini_processuali,termini_processuali,termini_processuali,True,True,True,True,True,,,,,,False,,ok
kb_98_top9_set5_parte2.json,TOP9_CODICI_FREQUENTI_SET5_PARTE2,GUIDA_CONSUMATORE_CLAUSOLE_VESSATORIE_180001,Tutela del consumatore - clausole vessatorie e nullità contrattuali (D.Lgs. 206/2005 Codice del Consumo),esiti_processuali_tipici,esiti_processuali_tipici,esiti_processuali_tipici,esiti_processuali_tipici,True,True,True,True,True,,,,,,False,,ok
kb_98_top9_set5_parte2.json,TOP9_CODICI_FREQUENTI_SET5_PARTE2,GUIDA_CONSUMATORE_CLAUSOLE_VESSATORIE_180001,Tutela del consumatore - clausole vessatorie e nullità contrattuali (D.Lgs. 206/2005 Codice del Consumo),normativa,normativa,normativa,normativa,True,True,True,True,True,,,,,,False,,ok
kb_98_top9_set5_parte2.json,TOP9_CODICI_FREQUENTI_SET5_PARTE2,GUIDA_CONSUMATORE_CLAUSOLE_VESSATORIE_180001,Tutela del consumatore - clausole vessatorie e nullità contrattuali (D.Lgs. 206/2005 Codice del Consumo),atto_principale,atto_principale,atto_principale,atto_principale,True,True,True,True,True,,,,,,False,,ok
kb_98_top9_set5_parte2.json,TOP9_CODICI_FREQUENTI_SET5_PARTE2,GUIDA_CONSUMATORE_CLAUSOLE_VESSATORIE_180001,Tutela del consumatore - clausole vessatorie e nullità contrattuali (D.Lgs. 206/2005 Codice del Consumo),fonti_verifica_web,fonti_verifica_web,fonti_verifica_web,fonti_verifica_web,False,False,True,True,True,,,,,,False,,ok
kb_98_top9_set5_parte2.json,TOP9_CODICI_FREQUENTI_SET5_PARTE2,GUIDA_CONSUMATORE_CLAUSOLE_VESSATORIE_180001,Tutela del consumatore - clausole vessatorie e nullità contrattuali (D.Lgs. 206/2005 Codice del Consumo),presidi_operativi_integrativi,presidi_operativi_integrativi,presidi_operativi_integrativi,presidi_operativi_integrativi,False,False,True,True,True,,,,,,False,,ok
kb_98_top9_set5_parte2.json,TOP9_CODICI_FREQUENTI_SET5_PARTE2,GUIDA_CONSUMATORE_CLAUSOLE_VESSATORIE_180001,Tutela del consumatore - clausole vessatorie e nullità contrattuali (D.Lgs. 206/2005 Codice del Consumo),specialistica:presupposti_sostanziali_clausole_vessatorie,presupposti_sostanziali_clausole_vessatorie,presupposti_sostanziali_clausole_vessatorie,presupposti_sostanziali_clausole_vessatorie,True,True,True,True,True,,,,,,False,,ok
kb_98_top9_set5_parte2.json,TOP9_CODICI_FREQUENTI_SET5_PARTE2,GUIDA_CONSUMATORE_CLAUSOLE_VESSATORIE_180001,Tutela del consumatore - clausole vessatorie e nullità contrattuali (D.Lgs. 206/2005 Codice del Consumo),specialistica:altre_tutele_codice_consumo,altre_tutele_codice_consumo,altre_tutele_codice_consumo,altre_tutele_codice_consumo,True,True,True,True,True,,,,,,False,,ok
kb_98_top9_set5_parte2.json,TOP9_CODICI_FREQUENTI_SET5_PARTE2,GUIDA_CONSUMATORE_CLAUSOLE_VESSATORIE_180001,Tutela del consumatore - clausole vessatorie e nullità contrattuali (D.Lgs. 206/2005 Codice del Consumo),specialistica:guida_pratica_facoltativa,guida_pratica_facoltativa,guida_pratica_facoltativa,guida_pratica_facoltativa,True,True,True,True,True,,,,,,False,,ok
kb_98_top9_set5_parte2.json,TOP9_CODICI_FREQUENTI_SET5_PARTE2,GUIDA_CONSUMATORE_CLAUSOLE_VESSATORIE_180001,Tutela del consumatore - clausole vessatorie e nullità contrattuali (D.Lgs. 206/2005 Codice del Consumo),specialistica:verifica_pst_xsd_iusentra,verifica_pst_xsd_iusentra,verifica_pst_xsd_iusentra,verifica_pst_xsd_iusentra,True,True,True,True,True,,,,,,False,,ok
kb_98_top9_set5_parte2.json,TOP9_CODICI_FREQUENTI_SET5_PARTE2,GUIDA_AZIONE_NEGATORIA_SERVITU_POSSESSORIA_130031,Azione negatoria di servitù (art. 949 c.c.) o azioni possessorie (artt. 1168-1170 c.c.),denominazione,denominazione,denominazione,denominazione,True,True,True,True,True,,,,Azione negatoria di servitù (art. 949 c.c.) o azioni possessorie (artt. 1168-1170 c.c.),Azione negatoria di servitù (art. 949 c.c.) o azioni possessorie (artt. 1168-1170 c.c.),False,,ok
kb_98_top9_set5_parte2.json,TOP9_CODICI_FREQUENTI_SET5_PARTE2,GUIDA_AZIONE_NEGATORIA_SERVITU_POSSESSORIA_130031,Azione negatoria di servitù (art. 949 c.c.) o azioni possessorie (artt. 1168-1170 c.c.),categoria,categoria,categoria,categoria,True,True,True,True,True,,,,Diritti reali - tutela della proprietà e del possesso,Diritti reali - tutela della proprietà e del possesso,False,,ok
kb_98_top9_set5_parte2.json,TOP9_CODICI_FREQUENTI_SET5_PARTE2,GUIDA_AZIONE_NEGATORIA_SERVITU_POSSESSORIA_130031,Azione negatoria di servitù (art. 949 c.c.) o azioni possessorie (artt. 1168-1170 c.c.),sottocategoria,sottocategoria,sottocategoria,sottocategoria,True,True,True,True,True,,,,Negatoria servitutis + azioni di reintegrazione e manutenzione del possesso,Negatoria servitutis + azioni di reintegrazione e manutenzione del possesso,False,,ok
kb_98_top9_set5_parte2.json,TOP9_CODICI_FREQUENTI_SET5_PARTE2,GUIDA_AZIONE_NEGATORIA_SERVITU_POSSESSORIA_130031,Azione negatoria di servitù (art. 949 c.c.) o azioni possessorie (artt. 1168-1170 c.c.),rito,rito,rito,rito,True,True,True,True,True,,,,Rito ordinario per negatoria (con mediazione obbligatoria diritti reali); rito sommario speciale per possessorie ex art. 703 c.p.c.,Rito ordinario per negatoria (con mediazione obbligatoria diritti reali); rito sommario speciale per possessorie ex art. 703 c.p.c.,False,,ok
kb_98_top9_set5_parte2.json,TOP9_CODICI_FREQUENTI_SET5_PARTE2,GUIDA_AZIONE_NEGATORIA_SERVITU_POSSESSORIA_130031,Azione negatoria di servitù (art. 949 c.c.) o azioni possessorie (artt. 1168-1170 c.c.),competenza,competenza,competenza,competenza,True,True,True,True,True,,,,Tribunale del luogo dell'immobile (art. 21 c.p.c. - foro esclusivo),Tribunale del luogo dell'immobile (art. 21 c.p.c. - foro esclusivo),False,,ok
kb_98_top9_set5_parte2.json,TOP9_CODICI_FREQUENTI_SET5_PARTE2,GUIDA_AZIONE_NEGATORIA_SERVITU_POSSESSORIA_130031,Azione negatoria di servitù (art. 949 c.c.) o azioni possessorie (artt. 1168-1170 c.c.),uffici_destinatari,uffici_destinatari,uffici_destinatari,uffici_destinatari,True,True,True,True,True,,,,,,False,,ok
kb_98_top9_set5_parte2.json,TOP9_CODICI_FREQUENTI_SET5_PARTE2,GUIDA_AZIONE_NEGATORIA_SERVITU_POSSESSORIA_130031,Azione negatoria di servitù (art. 949 c.c.) o azioni possessorie (artt. 1168-1170 c.c.),tipologie_di_intervento,tipologie_di_intervento,tipologie_di_intervento,tipologie_di_intervento,False,False,False,True,False,,,,,,False,,ok
kb_98_top9_set5_parte2.json,TOP9_CODICI_FREQUENTI_SET5_PARTE2,GUIDA_AZIONE_NEGATORIA_SERVITU_POSSESSORIA_130031,Azione negatoria di servitù (art. 949 c.c.) o azioni possessorie (artt. 1168-1170 c.c.),presupposti_sostanziali,presupposti_sostanziali,presupposti_sostanziali,presupposti_sostanziali,False,False,False,True,False,,,,,,False,,ok
kb_98_top9_set5_parte2.json,TOP9_CODICI_FREQUENTI_SET5_PARTE2,GUIDA_AZIONE_NEGATORIA_SERVITU_POSSESSORIA_130031,Azione negatoria di servitù (art. 949 c.c.) o azioni possessorie (artt. 1168-1170 c.c.),legittimati_attivi,legittimati_attivi,legittimati_attivi,legittimati_attivi,False,False,False,True,False,,,,,,False,,ok
kb_98_top9_set5_parte2.json,TOP9_CODICI_FREQUENTI_SET5_PARTE2,GUIDA_AZIONE_NEGATORIA_SERVITU_POSSESSORIA_130031,Azione negatoria di servitù (art. 949 c.c.) o azioni possessorie (artt. 1168-1170 c.c.),obbligo_mediazione,obbligo_mediazione,obbligo_mediazione,obbligo_mediazione,True,True,True,True,True,,,,,,False,,ok
kb_98_top9_set5_parte2.json,TOP9_CODICI_FREQUENTI_SET5_PARTE2,GUIDA_AZIONE_NEGATORIA_SERVITU_POSSESSORIA_130031,Azione negatoria di servitù (art. 949 c.c.) o azioni possessorie (artt. 1168-1170 c.c.),adempimenti_propedeutici,adempimenti_propedeutici,adempimenti_propedeutici,adempimenti_propedeutici,False,False,True,True,True,,"1,2,3,4",,,,False,,ok
kb_98_top9_set5_parte2.json,TOP9_CODICI_FREQUENTI_SET5_PARTE2,GUIDA_AZIONE_NEGATORIA_SERVITU_POSSESSORIA_130031,Azione negatoria di servitù (art. 949 c.c.) o azioni possessorie (artt. 1168-1170 c.c.),richiesta_provvedimenti_urgenti,richiesta_provvedimenti_urgenti,richiesta_provvedimenti_urgenti,richiesta_provvedimenti_urgenti,False,False,False,True,False,,,,,,False,,ok
kb_98_top9_set5_parte2.json,TOP9_CODICI_FREQUENTI_SET5_PARTE2,GUIDA_AZIONE_NEGATORIA_SERVITU_POSSESSORIA_130031,Azione negatoria di servitù (art. 949 c.c.) o azioni possessorie (artt. 1168-1170 c.c.),avvertimenti_obbligatori,atto_principale.avvertimenti_obbligatori,atto_principale.avvertimenti_obbligatori,atto_principale.avvertimenti_obbligatori,True,True,True,True,True,,,,,,False,,ok
kb_98_top9_set5_parte2.json,TOP9_CODICI_FREQUENTI_SET5_PARTE2,GUIDA_AZIONE_NEGATORIA_SERVITU_POSSESSORIA_130031,Azione negatoria di servitù (art. 949 c.c.) o azioni possessorie (artt. 1168-1170 c.c.),allegati_obbligatori,allegati_obbligatori,allegati_obbligatori,allegati_obbligatori,True,True,True,True,True,,,,,,False,,ok
kb_98_top9_set5_parte2.json,TOP9_CODICI_FREQUENTI_SET5_PARTE2,GUIDA_AZIONE_NEGATORIA_SERVITU_POSSESSORIA_130031,Azione negatoria di servitù (art. 949 c.c.) o azioni possessorie (artt. 1168-1170 c.c.),termini_processuali,termini_processuali,termini_processuali,termini_processuali,True,True,True,True,True,,,,,,False,,ok
kb_98_top9_set5_parte2.json,TOP9_CODICI_FREQUENTI_SET5_PARTE2,GUIDA_AZIONE_NEGATORIA_SERVITU_POSSESSORIA_130031,Azione negatoria di servitù (art. 949 c.c.) o azioni possessorie (artt. 1168-1170 c.c.),esiti_processuali_tipici,esiti_processuali_tipici,esiti_processuali_tipici,esiti_processuali_tipici,True,True,True,True,True,,,,,,False,,ok
kb_98_top9_set5_parte2.json,TOP9_CODICI_FREQUENTI_SET5_PARTE2,GUIDA_AZIONE_NEGATORIA_SERVITU_POSSESSORIA_130031,Azione negatoria di servitù (art. 949 c.c.) o azioni possessorie (artt. 1168-1170 c.c.),normativa,normativa,normativa,normativa,False,False,True,True,False,,,,,,False,,ok
kb_98_top9_set5_parte2.json,TOP9_CODICI_FREQUENTI_SET5_PARTE2,GUIDA_AZIONE_NEGATORIA_SERVITU_POSSESSORIA_130031,Azione negatoria di servitù (art. 949 c.c.) o azioni possessorie (artt. 1168-1170 c.c.),atto_principale,atto_principale,atto_principale,atto_principale,True,True,True,True,True,,,,,,False,,ok
kb_98_top9_set5_parte2.json,TOP9_CODICI_FREQUENTI_SET5_PARTE2,GUIDA_AZIONE_NEGATORIA_SERVITU_POSSESSORIA_130031,Azione negatoria di servitù (art. 949 c.c.) o azioni possessorie (artt. 1168-1170 c.c.),fonti_verifica_web,fonti_verifica_web,fonti_verifica_web,fonti_verifica_web,False,False,True,True,True,,,,,,False,,ok
kb_98_top9_set5_parte2.json,TOP9_CODICI_FREQUENTI_SET5_PARTE2,GUIDA_AZIONE_NEGATORIA_SERVITU_POSSESSORIA_130031,Azione negatoria di servitù (art. 949 c.c.) o azioni possessorie (artt. 1168-1170 c.c.),presidi_operativi_integrativi,presidi_operativi_integrativi,presidi_operativi_integrativi,presidi_operativi_integrativi,False,False,True,True,True,,,,,,False,,ok
kb_98_top9_set5_parte2.json,TOP9_CODICI_FREQUENTI_SET5_PARTE2,GUIDA_AZIONE_NEGATORIA_SERVITU_POSSESSORIA_130031,Azione negatoria di servitù (art. 949 c.c.) o azioni possessorie (artt. 1168-1170 c.c.),specialistica:normativa_negatoria,normativa_negatoria,normativa_negatoria,normativa_negatoria,True,True,True,True,True,,,,,,False,,ok
kb_98_top9_set5_parte2.json,TOP9_CODICI_FREQUENTI_SET5_PARTE2,GUIDA_AZIONE_NEGATORIA_SERVITU_POSSESSORIA_130031,Azione negatoria di servitù (art. 949 c.c.) o azioni possessorie (artt. 1168-1170 c.c.),specialistica:normativa_possessorie,normativa_possessorie,normativa_possessorie,normativa_possessorie,True,True,True,True,True,,,,,,False,,ok
kb_98_top9_set5_parte2.json,TOP9_CODICI_FREQUENTI_SET5_PARTE2,GUIDA_AZIONE_NEGATORIA_SERVITU_POSSESSORIA_130031,Azione negatoria di servitù (art. 949 c.c.) o azioni possessorie (artt. 1168-1170 c.c.),specialistica:presupposti_negatoria_art_949,presupposti_negatoria_art_949,presupposti_negatoria_art_949,presupposti_negatoria_art_949,True,True,True,True,True,,,,,,False,,ok
kb_98_top9_set5_parte2.json,TOP9_CODICI_FREQUENTI_SET5_PARTE2,GUIDA_AZIONE_NEGATORIA_SERVITU_POSSESSORIA_130031,Azione negatoria di servitù (art. 949 c.c.) o azioni possessorie (artt. 1168-1170 c.c.),specialistica:presupposti_azioni_possessorie,presupposti_azioni_possessorie,presupposti_azioni_possessorie,presupposti_azioni_possessorie,True,True,True,True,True,,,,,,False,,ok
kb_98_top9_set5_parte2.json,TOP9_CODICI_FREQUENTI_SET5_PARTE2,GUIDA_AZIONE_NEGATORIA_SERVITU_POSSESSORIA_130031,Azione negatoria di servitù (art. 949 c.c.) o azioni possessorie (artt. 1168-1170 c.c.),specialistica:differenze_tra_le_azioni,differenze_tra_le_azioni,differenze_tra_le_azioni,differenze_tra_le_azioni,True,True,True,True,True,,,,,,False,,ok
kb_98_top9_set5_parte2.json,TOP9_CODICI_FREQUENTI_SET5_PARTE2,GUIDA_AZIONE_NEGATORIA_SERVITU_POSSESSORIA_130031,Azione negatoria di servitù (art. 949 c.c.) o azioni possessorie (artt. 1168-1170 c.c.),specialistica:adempimenti_propedeutici_negatoria,adempimenti_propedeutici_negatoria,adempimenti_propedeutici_negatoria,adempimenti_propedeutici_negatoria,True,True,True,True,True,,,,,,False,,ok
kb_98_top9_set5_parte2.json,TOP9_CODICI_FREQUENTI_SET5_PARTE2,GUIDA_AZIONE_NEGATORIA_SERVITU_POSSESSORIA_130031,Azione negatoria di servitù (art. 949 c.c.) o azioni possessorie (artt. 1168-1170 c.c.),specialistica:adempimenti_propedeutici_possessorie,adempimenti_propedeutici_possessorie,adempimenti_propedeutici_possessorie,adempimenti_propedeutici_possessorie,True,True,True,True,True,,,,,,False,,ok
kb_98_top9_set5_parte2.json,TOP9_CODICI_FREQUENTI_SET5_PARTE2,GUIDA_AZIONE_NEGATORIA_SERVITU_POSSESSORIA_130031,Azione negatoria di servitù (art. 949 c.c.) o azioni possessorie (artt. 1168-1170 c.c.),specialistica:guida_pratica_facoltativa,guida_pratica_facoltativa,guida_pratica_facoltativa,guida_pratica_facoltativa,True,True,True,True,True,,,,,,False,,ok
kb_98_top9_set5_parte2.json,TOP9_CODICI_FREQUENTI_SET5_PARTE2,GUIDA_AZIONE_NEGATORIA_SERVITU_POSSESSORIA_130031,Azione negatoria di servitù (art. 949 c.c.) o azioni possessorie (artt. 1168-1170 c.c.),specialistica:verifica_pst_xsd_iusentra,verifica_pst_xsd_iusentra,verifica_pst_xsd_iusentra,verifica_pst_xsd_iusentra,True,True,True,True,True,,,,,,False,,ok
kb_98_top9_set6_parte1.json,TOP9_CODICI_FREQUENTI_SET6_PARTE1,GUIDA_PRELIMINARE_COMPRAVENDITA_2932_140002,Risoluzione del contratto preliminare di compravendita immobiliare + esecuzione specifica ex art. 2932 c.c.,denominazione,denominazione,denominazione,denominazione,True,True,True,True,True,,,,Risoluzione del contratto preliminare di compravendita immobiliare + esecuzione specifica ex art. 2932 c.c.,Risoluzione del contratto preliminare di compravendita immobiliare + esecuzione specifica ex art. 2932 c.c.,False,,ok
kb_98_top9_set6_parte1.json,TOP9_CODICI_FREQUENTI_SET6_PARTE1,GUIDA_PRELIMINARE_COMPRAVENDITA_2932_140002,Risoluzione del contratto preliminare di compravendita immobiliare + esecuzione specifica ex art. 2932 c.c.,categoria,categoria,categoria,categoria,True,True,True,True,True,,,,Contratti - preliminare immobiliare,Contratti - preliminare immobiliare,False,,ok
kb_98_top9_set6_parte1.json,TOP9_CODICI_FREQUENTI_SET6_PARTE1,GUIDA_PRELIMINARE_COMPRAVENDITA_2932_140002,Risoluzione del contratto preliminare di compravendita immobiliare + esecuzione specifica ex art. 2932 c.c.,sottocategoria,sottocategoria,sottocategoria,sottocategoria,True,True,True,True,True,,,,Azione del promissario acquirente (o del promittente venditore) per esecuzione specifica o risoluzione del preliminare,Azione del promissario acquirente (o del promittente venditore) per esecuzione specifica o risoluzione del preliminare,False,,ok
kb_98_top9_set6_parte1.json,TOP9_CODICI_FREQUENTI_SET6_PARTE1,GUIDA_PRELIMINARE_COMPRAVENDITA_2932_140002,Risoluzione del contratto preliminare di compravendita immobiliare + esecuzione specifica ex art. 2932 c.c.,rito,rito,rito,rito,True,True,True,True,True,,,,Rito ordinario di cognizione preceduto da MEDIAZIONE OBBLIGATORIA (per la parte relativa ai diritti reali immobiliari ex art. 5 c. 1-bis D.Lgs. 28/2010 - prevalente in giurisprudenza),Rito ordinario di cognizione preceduto da MEDIAZIONE OBBLIGATORIA (per la parte relativa ai diritti reali immobiliari ex art. 5 c. 1-bis D.Lgs. 28/2010 - prevalente in giurisprudenza),False,,ok
kb_98_top9_set6_parte1.json,TOP9_CODICI_FREQUENTI_SET6_PARTE1,GUIDA_PRELIMINARE_COMPRAVENDITA_2932_140002,Risoluzione del contratto preliminare di compravendita immobiliare + esecuzione specifica ex art. 2932 c.c.,competenza,competenza,competenza,competenza,True,True,True,True,True,,,,Tribunale del luogo dell'immobile (art. 21 c.p.c. - foro esclusivo per controversie su diritti reali immobiliari),Tribunale del luogo dell'immobile (art. 21 c.p.c. - foro esclusivo per controversie su diritti reali immobiliari),False,,ok
kb_98_top9_set6_parte1.json,TOP9_CODICI_FREQUENTI_SET6_PARTE1,GUIDA_PRELIMINARE_COMPRAVENDITA_2932_140002,Risoluzione del contratto preliminare di compravendita immobiliare + esecuzione specifica ex art. 2932 c.c.,uffici_destinatari,uffici_destinatari,uffici_destinatari,uffici_destinatari,True,True,True,True,True,,,,,,False,,ok
kb_98_top9_set6_parte1.json,TOP9_CODICI_FREQUENTI_SET6_PARTE1,GUIDA_PRELIMINARE_COMPRAVENDITA_2932_140002,Risoluzione del contratto preliminare di compravendita immobiliare + esecuzione specifica ex art. 2932 c.c.,tipologie_di_intervento,tipologie_di_intervento,tipologie_di_intervento,tipologie_di_intervento,False,False,False,True,False,,,,,,False,,ok
kb_98_top9_set6_parte1.json,TOP9_CODICI_FREQUENTI_SET6_PARTE1,GUIDA_PRELIMINARE_COMPRAVENDITA_2932_140002,Risoluzione del contratto preliminare di compravendita immobiliare + esecuzione specifica ex art. 2932 c.c.,presupposti_sostanziali,presupposti_sostanziali,presupposti_sostanziali,presupposti_sostanziali,True,True,True,True,True,,,,,,False,,ok
kb_98_top9_set6_parte1.json,TOP9_CODICI_FREQUENTI_SET6_PARTE1,GUIDA_PRELIMINARE_COMPRAVENDITA_2932_140002,Risoluzione del contratto preliminare di compravendita immobiliare + esecuzione specifica ex art. 2932 c.c.,legittimati_attivi,legittimati_attivi,legittimati_attivi,legittimati_attivi,False,False,False,True,False,,,,,,False,,ok
kb_98_top9_set6_parte1.json,TOP9_CODICI_FREQUENTI_SET6_PARTE1,GUIDA_PRELIMINARE_COMPRAVENDITA_2932_140002,Risoluzione del contratto preliminare di compravendita immobiliare + esecuzione specifica ex art. 2932 c.c.,obbligo_mediazione,obbligo_mediazione,obbligo_mediazione,obbligo_mediazione,True,True,True,True,True,,,,,,False,,ok
kb_98_top9_set6_parte1.json,TOP9_CODICI_FREQUENTI_SET6_PARTE1,GUIDA_PRELIMINARE_COMPRAVENDITA_2932_140002,Risoluzione del contratto preliminare di compravendita immobiliare + esecuzione specifica ex art. 2932 c.c.,adempimenti_propedeutici,adempimenti_propedeutici,adempimenti_propedeutici,adempimenti_propedeutici,True,True,True,True,True,"1,2,3,4,5,6,7","1,2,3,4,5,6,7",,,,False,,ok
kb_98_top9_set6_parte1.json,TOP9_CODICI_FREQUENTI_SET6_PARTE1,GUIDA_PRELIMINARE_COMPRAVENDITA_2932_140002,Risoluzione del contratto preliminare di compravendita immobiliare + esecuzione specifica ex art. 2932 c.c.,richiesta_provvedimenti_urgenti,richiesta_provvedimenti_urgenti,richiesta_provvedimenti_urgenti,richiesta_provvedimenti_urgenti,False,False,False,True,False,,,,,,False,,ok
kb_98_top9_set6_parte1.json,TOP9_CODICI_FREQUENTI_SET6_PARTE1,GUIDA_PRELIMINARE_COMPRAVENDITA_2932_140002,Risoluzione del contratto preliminare di compravendita immobiliare + esecuzione specifica ex art. 2932 c.c.,avvertimenti_obbligatori,atto_principale.avvertimenti_obbligatori,atto_principale.avvertimenti_obbligatori,atto_principale.avvertimenti_obbligatori,True,True,True,True,True,,,,,,False,,ok
kb_98_top9_set6_parte1.json,TOP9_CODICI_FREQUENTI_SET6_PARTE1,GUIDA_PRELIMINARE_COMPRAVENDITA_2932_140002,Risoluzione del contratto preliminare di compravendita immobiliare + esecuzione specifica ex art. 2932 c.c.,allegati_obbligatori,allegati_obbligatori,allegati_obbligatori,allegati_obbligatori,True,True,True,True,True,,,,,,False,,ok
kb_98_top9_set6_parte1.json,TOP9_CODICI_FREQUENTI_SET6_PARTE1,GUIDA_PRELIMINARE_COMPRAVENDITA_2932_140002,Risoluzione del contratto preliminare di compravendita immobiliare + esecuzione specifica ex art. 2932 c.c.,termini_processuali,termini_processuali,termini_processuali,termini_processuali,True,True,True,True,True,,,,,,False,,ok
kb_98_top9_set6_parte1.json,TOP9_CODICI_FREQUENTI_SET6_PARTE1,GUIDA_PRELIMINARE_COMPRAVENDITA_2932_140002,Risoluzione del contratto preliminare di compravendita immobiliare + esecuzione specifica ex art. 2932 c.c.,esiti_processuali_tipici,esiti_processuali_tipici,esiti_processuali_tipici,esiti_processuali_tipici,True,True,True,True,True,,,,,,False,,ok
kb_98_top9_set6_parte1.json,TOP9_CODICI_FREQUENTI_SET6_PARTE1,GUIDA_PRELIMINARE_COMPRAVENDITA_2932_140002,Risoluzione del contratto preliminare di compravendita immobiliare + esecuzione specifica ex art. 2932 c.c.,normativa,normativa,normativa,normativa,True,True,True,True,True,,,,,,False,,ok
kb_98_top9_set6_parte1.json,TOP9_CODICI_FREQUENTI_SET6_PARTE1,GUIDA_PRELIMINARE_COMPRAVENDITA_2932_140002,Risoluzione del contratto preliminare di compravendita immobiliare + esecuzione specifica ex art. 2932 c.c.,atto_principale,atto_principale,atto_principale,atto_principale,True,True,True,True,True,,,,,,False,,ok
kb_98_top9_set6_parte1.json,TOP9_CODICI_FREQUENTI_SET6_PARTE1,GUIDA_PRELIMINARE_COMPRAVENDITA_2932_140002,Risoluzione del contratto preliminare di compravendita immobiliare + esecuzione specifica ex art. 2932 c.c.,fonti_verifica_web,fonti_verifica_web,fonti_verifica_web,fonti_verifica_web,False,False,True,True,True,,,,,,False,,ok
kb_98_top9_set6_parte1.json,TOP9_CODICI_FREQUENTI_SET6_PARTE1,GUIDA_PRELIMINARE_COMPRAVENDITA_2932_140002,Risoluzione del contratto preliminare di compravendita immobiliare + esecuzione specifica ex art. 2932 c.c.,presidi_operativi_integrativi,presidi_operativi_integrativi,presidi_operativi_integrativi,presidi_operativi_integrativi,False,False,True,True,True,,,,,,False,,ok
kb_98_top9_set6_parte1.json,TOP9_CODICI_FREQUENTI_SET6_PARTE1,GUIDA_PRELIMINARE_COMPRAVENDITA_2932_140002,Risoluzione del contratto preliminare di compravendita immobiliare + esecuzione specifica ex art. 2932 c.c.,specialistica:strategie_alternative,strategie_alternative,strategie_alternative,strategie_alternative,True,True,True,True,True,,,,,,False,,ok
kb_98_top9_set6_parte1.json,TOP9_CODICI_FREQUENTI_SET6_PARTE1,GUIDA_IMPUGNAZIONE_DELIBERE_ASSEMBLEARI_155001,Impugnazione di delibere assembleari di S.r.l. o S.p.a. (artt. 2377-2379 c.c.),denominazione,denominazione,denominazione,denominazione,True,True,True,True,True,,,,Impugnazione di delibere assembleari di S.r.l. o S.p.a. (artt. 2377-2379 c.c.),Impugnazione di delibere assembleari di S.r.l. o S.p.a. (artt. 2377-2379 c.c.),False,,ok
kb_98_top9_set6_parte1.json,TOP9_CODICI_FREQUENTI_SET6_PARTE1,GUIDA_IMPUGNAZIONE_DELIBERE_ASSEMBLEARI_155001,Impugnazione di delibere assembleari di S.r.l. o S.p.a. (artt. 2377-2379 c.c.),categoria,categoria,categoria,categoria,True,True,True,True,True,,,,Diritto societario - patologia degli atti societari,Diritto societario - patologia degli atti societari,False,,ok
kb_98_top9_set6_parte1.json,TOP9_CODICI_FREQUENTI_SET6_PARTE1,GUIDA_IMPUGNAZIONE_DELIBERE_ASSEMBLEARI_155001,Impugnazione di delibere assembleari di S.r.l. o S.p.a. (artt. 2377-2379 c.c.),sottocategoria,sottocategoria,sottocategoria,sottocategoria,True,True,True,True,True,,,,Annullabilità o nullità delle delibere assembleari - azione del socio o di altri legittimati,Annullabilità o nullità delle delibere assembleari - azione del socio o di altri legittimati,False,,ok
kb_98_top9_set6_parte1.json,TOP9_CODICI_FREQUENTI_SET6_PARTE1,GUIDA_IMPUGNAZIONE_DELIBERE_ASSEMBLEARI_155001,Impugnazione di delibere assembleari di S.r.l. o S.p.a. (artt. 2377-2379 c.c.),rito,rito,rito,rito,True,True,True,True,True,,,,Rito ordinario di cognizione (sezione specializzata impresa per società di rilevanza significativa),Rito ordinario di cognizione (sezione specializzata impresa per società di rilevanza significativa),False,,ok
kb_98_top9_set6_parte1.json,TOP9_CODICI_FREQUENTI_SET6_PARTE1,GUIDA_IMPUGNAZIONE_DELIBERE_ASSEMBLEARI_155001,Impugnazione di delibere assembleari di S.r.l. o S.p.a. (artt. 2377-2379 c.c.),competenza,competenza,competenza,competenza,True,True,True,True,True,,,,TRIBUNALE SEZIONE SPECIALIZZATA IN MATERIA DI IMPRESA (D.L. 1/2012); foro della sede sociale (art. 19 c.p.c.),TRIBUNALE SEZIONE SPECIALIZZATA IN MATERIA DI IMPRESA (D.L. 1/2012); foro della sede sociale (art. 19 c.p.c.),False,,ok
kb_98_top9_set6_parte1.json,TOP9_CODICI_FREQUENTI_SET6_PARTE1,GUIDA_IMPUGNAZIONE_DELIBERE_ASSEMBLEARI_155001,Impugnazione di delibere assembleari di S.r.l. o S.p.a. (artt. 2377-2379 c.c.),uffici_destinatari,uffici_destinatari,uffici_destinatari,uffici_destinatari,True,True,True,True,True,,,,,,False,,ok
kb_98_top9_set6_parte1.json,TOP9_CODICI_FREQUENTI_SET6_PARTE1,GUIDA_IMPUGNAZIONE_DELIBERE_ASSEMBLEARI_155001,Impugnazione di delibere assembleari di S.r.l. o S.p.a. (artt. 2377-2379 c.c.),tipologie_di_intervento,tipologie_di_intervento,tipologie_di_intervento,tipologie_di_intervento,False,False,False,True,False,,,,,,False,,ok
kb_98_top9_set6_parte1.json,TOP9_CODICI_FREQUENTI_SET6_PARTE1,GUIDA_IMPUGNAZIONE_DELIBERE_ASSEMBLEARI_155001,Impugnazione di delibere assembleari di S.r.l. o S.p.a. (artt. 2377-2379 c.c.),presupposti_sostanziali,presupposti_sostanziali,presupposti_sostanziali,presupposti_sostanziali,True,True,True,True,True,,,,,,False,,ok
kb_98_top9_set6_parte1.json,TOP9_CODICI_FREQUENTI_SET6_PARTE1,GUIDA_IMPUGNAZIONE_DELIBERE_ASSEMBLEARI_155001,Impugnazione di delibere assembleari di S.r.l. o S.p.a. (artt. 2377-2379 c.c.),legittimati_attivi,legittimati_attivi,legittimati_attivi,legittimati_attivi,False,False,False,True,False,,,,,,False,,ok
kb_98_top9_set6_parte1.json,TOP9_CODICI_FREQUENTI_SET6_PARTE1,GUIDA_IMPUGNAZIONE_DELIBERE_ASSEMBLEARI_155001,Impugnazione di delibere assembleari di S.r.l. o S.p.a. (artt. 2377-2379 c.c.),obbligo_mediazione,obbligo_mediazione,obbligo_mediazione,obbligo_mediazione,True,True,True,True,True,,,,,,False,,ok
kb_98_top9_set6_parte1.json,TOP9_CODICI_FREQUENTI_SET6_PARTE1,GUIDA_IMPUGNAZIONE_DELIBERE_ASSEMBLEARI_155001,Impugnazione di delibere assembleari di S.r.l. o S.p.a. (artt. 2377-2379 c.c.),adempimenti_propedeutici,adempimenti_propedeutici,adempimenti_propedeutici,adempimenti_propedeutici,True,True,True,True,True,"1,2,3,4,5,6","1,2,3,4,5,6",,,,False,,ok
kb_98_top9_set6_parte1.json,TOP9_CODICI_FREQUENTI_SET6_PARTE1,GUIDA_IMPUGNAZIONE_DELIBERE_ASSEMBLEARI_155001,Impugnazione di delibere assembleari di S.r.l. o S.p.a. (artt. 2377-2379 c.c.),richiesta_provvedimenti_urgenti,richiesta_provvedimenti_urgenti,richiesta_provvedimenti_urgenti,richiesta_provvedimenti_urgenti,False,False,False,True,False,,,,,,False,,ok
kb_98_top9_set6_parte1.json,TOP9_CODICI_FREQUENTI_SET6_PARTE1,GUIDA_IMPUGNAZIONE_DELIBERE_ASSEMBLEARI_155001,Impugnazione di delibere assembleari di S.r.l. o S.p.a. (artt. 2377-2379 c.c.),avvertimenti_obbligatori,atto_principale.avvertimenti_obbligatori,atto_principale.avvertimenti_obbligatori,atto_principale.avvertimenti_obbligatori,True,True,True,True,True,,,,,,False,,ok
kb_98_top9_set6_parte1.json,TOP9_CODICI_FREQUENTI_SET6_PARTE1,GUIDA_IMPUGNAZIONE_DELIBERE_ASSEMBLEARI_155001,Impugnazione di delibere assembleari di S.r.l. o S.p.a. (artt. 2377-2379 c.c.),allegati_obbligatori,allegati_obbligatori,allegati_obbligatori,allegati_obbligatori,True,True,True,True,True,,,,,,False,,ok
kb_98_top9_set6_parte1.json,TOP9_CODICI_FREQUENTI_SET6_PARTE1,GUIDA_IMPUGNAZIONE_DELIBERE_ASSEMBLEARI_155001,Impugnazione di delibere assembleari di S.r.l. o S.p.a. (artt. 2377-2379 c.c.),termini_processuali,termini_processuali,termini_processuali,termini_processuali,True,True,True,True,True,,,,,,False,,ok
kb_98_top9_set6_parte1.json,TOP9_CODICI_FREQUENTI_SET6_PARTE1,GUIDA_IMPUGNAZIONE_DELIBERE_ASSEMBLEARI_155001,Impugnazione di delibere assembleari di S.r.l. o S.p.a. (artt. 2377-2379 c.c.),esiti_processuali_tipici,esiti_processuali_tipici,esiti_processuali_tipici,esiti_processuali_tipici,True,True,True,True,True,,,,,,False,,ok
kb_98_top9_set6_parte1.json,TOP9_CODICI_FREQUENTI_SET6_PARTE1,GUIDA_IMPUGNAZIONE_DELIBERE_ASSEMBLEARI_155001,Impugnazione di delibere assembleari di S.r.l. o S.p.a. (artt. 2377-2379 c.c.),normativa,normativa,normativa,normativa,True,True,True,True,True,,,,,,False,,ok
kb_98_top9_set6_parte1.json,TOP9_CODICI_FREQUENTI_SET6_PARTE1,GUIDA_IMPUGNAZIONE_DELIBERE_ASSEMBLEARI_155001,Impugnazione di delibere assembleari di S.r.l. o S.p.a. (artt. 2377-2379 c.c.),atto_principale,atto_principale,atto_principale,atto_principale,True,True,True,True,True,,,,,,False,,ok
kb_98_top9_set6_parte1.json,TOP9_CODICI_FREQUENTI_SET6_PARTE1,GUIDA_IMPUGNAZIONE_DELIBERE_ASSEMBLEARI_155001,Impugnazione di delibere assembleari di S.r.l. o S.p.a. (artt. 2377-2379 c.c.),fonti_verifica_web,fonti_verifica_web,fonti_verifica_web,fonti_verifica_web,False,False,True,True,True,,,,,,False,,ok
kb_98_top9_set6_parte1.json,TOP9_CODICI_FREQUENTI_SET6_PARTE1,GUIDA_IMPUGNAZIONE_DELIBERE_ASSEMBLEARI_155001,Impugnazione di delibere assembleari di S.r.l. o S.p.a. (artt. 2377-2379 c.c.),presidi_operativi_integrativi,presidi_operativi_integrativi,presidi_operativi_integrativi,presidi_operativi_integrativi,False,False,True,True,True,,,,,,False,,ok
kb_98_top9_set6_parte1.json,TOP9_CODICI_FREQUENTI_SET6_PARTE1,GUIDA_IMPUGNAZIONE_DELIBERE_ASSEMBLEARI_155001,Impugnazione di delibere assembleari di S.r.l. o S.p.a. (artt. 2377-2379 c.c.),specialistica:tipologie_di_invalidita,tipologie_di_invalidita,tipologie_di_invalidita,tipologie_di_invalidita,True,True,True,True,True,,,,,,False,,ok
kb_98_top9_set6_parte1.json,TOP9_CODICI_FREQUENTI_SET6_PARTE1,GUIDA_IMPUGNAZIONE_DELIBERE_ASSEMBLEARI_155001,Impugnazione di delibere assembleari di S.r.l. o S.p.a. (artt. 2377-2379 c.c.),specialistica:soglie_di_legittimazione_2377_c_3_spa,soglie_di_legittimazione_2377_c_3_spa,soglie_di_legittimazione_2377_c_3_spa,soglie_di_legittimazione_2377_c_3_spa,True,True,True,True,True,,,,,,False,,ok
kb_98_top9_set6_parte1.json,TOP9_CODICI_FREQUENTI_SET6_PARTE1,GUIDA_LICENZIAMENTO_DISCIPLINARE_220003,Impugnazione del licenziamento disciplinare,denominazione,denominazione,denominazione,denominazione,True,True,True,True,True,,,,Impugnazione del licenziamento disciplinare,Impugnazione del licenziamento disciplinare,False,,ok
kb_98_top9_set6_parte1.json,TOP9_CODICI_FREQUENTI_SET6_PARTE1,GUIDA_LICENZIAMENTO_DISCIPLINARE_220003,Impugnazione del licenziamento disciplinare,categoria,categoria,categoria,categoria,True,True,True,True,True,,,,Lavoro - estinzione rapporto,Lavoro - estinzione rapporto,False,,ok
kb_98_top9_set6_parte1.json,TOP9_CODICI_FREQUENTI_SET6_PARTE1,GUIDA_LICENZIAMENTO_DISCIPLINARE_220003,Impugnazione del licenziamento disciplinare,sottocategoria,sottocategoria,sottocategoria,sottocategoria,True,True,True,True,True,,,,Impugnazione del licenziamento per giusta causa o giustificato motivo soggettivo (motivi disciplinari),Impugnazione del licenziamento per giusta causa o giustificato motivo soggettivo (motivi disciplinari),False,,ok
kb_98_top9_set6_parte1.json,TOP9_CODICI_FREQUENTI_SET6_PARTE1,GUIDA_LICENZIAMENTO_DISCIPLINARE_220003,Impugnazione del licenziamento disciplinare,rito,rito,rito,rito,True,True,True,True,True,,,,Rito del lavoro ex artt. 409 e ss. c.p.c. - rito ordinario o rito Fornero (legge 92/2012) a seconda dell'anzianità,Rito del lavoro ex artt. 409 e ss. c.p.c. - rito ordinario o rito Fornero (legge 92/2012) a seconda dell'anzianità,False,,ok
kb_98_top9_set6_parte1.json,TOP9_CODICI_FREQUENTI_SET6_PARTE1,GUIDA_LICENZIAMENTO_DISCIPLINARE_220003,Impugnazione del licenziamento disciplinare,competenza,competenza,competenza,competenza,True,True,True,True,True,,,,Tribunale del lavoro - foro del luogo sede di lavoro (art. 413 c.p.c.),Tribunale del lavoro - foro del luogo sede di lavoro (art. 413 c.p.c.),False,,ok
kb_98_top9_set6_parte1.json,TOP9_CODICI_FREQUENTI_SET6_PARTE1,GUIDA_LICENZIAMENTO_DISCIPLINARE_220003,Impugnazione del licenziamento disciplinare,uffici_destinatari,uffici_destinatari,uffici_destinatari,uffici_destinatari,True,True,True,True,True,,,,,,False,,ok
kb_98_top9_set6_parte1.json,TOP9_CODICI_FREQUENTI_SET6_PARTE1,GUIDA_LICENZIAMENTO_DISCIPLINARE_220003,Impugnazione del licenziamento disciplinare,tipologie_di_intervento,tipologie_di_intervento,tipologie_di_intervento,tipologie_di_intervento,False,False,False,True,False,,,,,,False,,ok
kb_98_top9_set6_parte1.json,TOP9_CODICI_FREQUENTI_SET6_PARTE1,GUIDA_LICENZIAMENTO_DISCIPLINARE_220003,Impugnazione del licenziamento disciplinare,presupposti_sostanziali,presupposti_sostanziali,presupposti_sostanziali,presupposti_sostanziali,False,False,False,True,True,,,,,,False,,ok
kb_98_top9_set6_parte1.json,TOP9_CODICI_FREQUENTI_SET6_PARTE1,GUIDA_LICENZIAMENTO_DISCIPLINARE_220003,Impugnazione del licenziamento disciplinare,legittimati_attivi,legittimati_attivi,legittimati_attivi,legittimati_attivi,False,False,False,True,False,,,,,,False,,ok
kb_98_top9_set6_parte1.json,TOP9_CODICI_FREQUENTI_SET6_PARTE1,GUIDA_LICENZIAMENTO_DISCIPLINARE_220003,Impugnazione del licenziamento disciplinare,obbligo_mediazione,obbligo_mediazione,obbligo_mediazione,obbligo_mediazione,False,False,False,True,True,,,,,,False,,ok
kb_98_top9_set6_parte1.json,TOP9_CODICI_FREQUENTI_SET6_PARTE1,GUIDA_LICENZIAMENTO_DISCIPLINARE_220003,Impugnazione del licenziamento disciplinare,adempimenti_propedeutici,adempimenti_propedeutici,adempimenti_propedeutici,adempimenti_propedeutici,True,True,True,True,True,"1,2,3,4,5,6","1,2,3,4,5,6",,,,False,,ok
kb_98_top9_set6_parte1.json,TOP9_CODICI_FREQUENTI_SET6_PARTE1,GUIDA_LICENZIAMENTO_DISCIPLINARE_220003,Impugnazione del licenziamento disciplinare,richiesta_provvedimenti_urgenti,richiesta_provvedimenti_urgenti,richiesta_provvedimenti_urgenti,richiesta_provvedimenti_urgenti,False,False,False,True,False,,,,,,False,,ok
kb_98_top9_set6_parte1.json,TOP9_CODICI_FREQUENTI_SET6_PARTE1,GUIDA_LICENZIAMENTO_DISCIPLINARE_220003,Impugnazione del licenziamento disciplinare,avvertimenti_obbligatori,atto_principale.avvertimenti_obbligatori,atto_principale.avvertimenti_obbligatori,atto_principale.avvertimenti_obbligatori,True,True,True,True,True,,,,,,False,,ok
kb_98_top9_set6_parte1.json,TOP9_CODICI_FREQUENTI_SET6_PARTE1,GUIDA_LICENZIAMENTO_DISCIPLINARE_220003,Impugnazione del licenziamento disciplinare,allegati_obbligatori,allegati_obbligatori,allegati_obbligatori,allegati_obbligatori,True,True,True,True,True,,,,,,False,,ok
kb_98_top9_set6_parte1.json,TOP9_CODICI_FREQUENTI_SET6_PARTE1,GUIDA_LICENZIAMENTO_DISCIPLINARE_220003,Impugnazione del licenziamento disciplinare,termini_processuali,termini_processuali,termini_processuali,termini_processuali,True,True,True,True,True,,,,,,False,,ok
kb_98_top9_set6_parte1.json,TOP9_CODICI_FREQUENTI_SET6_PARTE1,GUIDA_LICENZIAMENTO_DISCIPLINARE_220003,Impugnazione del licenziamento disciplinare,esiti_processuali_tipici,esiti_processuali_tipici,esiti_processuali_tipici,esiti_processuali_tipici,True,True,True,True,True,,,,,,False,,ok
kb_98_top9_set6_parte1.json,TOP9_CODICI_FREQUENTI_SET6_PARTE1,GUIDA_LICENZIAMENTO_DISCIPLINARE_220003,Impugnazione del licenziamento disciplinare,normativa,normativa,normativa,normativa,True,True,True,True,True,,,,,,False,,ok
kb_98_top9_set6_parte1.json,TOP9_CODICI_FREQUENTI_SET6_PARTE1,GUIDA_LICENZIAMENTO_DISCIPLINARE_220003,Impugnazione del licenziamento disciplinare,atto_principale,atto_principale,atto_principale,atto_principale,True,True,True,True,True,,,,,,False,,ok
kb_98_top9_set6_parte1.json,TOP9_CODICI_FREQUENTI_SET6_PARTE1,GUIDA_LICENZIAMENTO_DISCIPLINARE_220003,Impugnazione del licenziamento disciplinare,fonti_verifica_web,fonti_verifica_web,fonti_verifica_web,fonti_verifica_web,False,False,True,True,True,,,,,,False,,ok
kb_98_top9_set6_parte1.json,TOP9_CODICI_FREQUENTI_SET6_PARTE1,GUIDA_LICENZIAMENTO_DISCIPLINARE_220003,Impugnazione del licenziamento disciplinare,presidi_operativi_integrativi,presidi_operativi_integrativi,presidi_operativi_integrativi,presidi_operativi_integrativi,False,False,True,True,True,,,,,,False,,ok
kb_98_top9_set6_parte1.json,TOP9_CODICI_FREQUENTI_SET6_PARTE1,GUIDA_LICENZIAMENTO_DISCIPLINARE_220003,Impugnazione del licenziamento disciplinare,specialistica:presupposti_sostanziali_per_validita_licenziamento_disciplinare,presupposti_sostanziali_per_validita_licenziamento_disciplinare,presupposti_sostanziali_per_validita_licenziamento_disciplinare,presupposti_sostanziali_per_validita_licenziamento_disciplinare,True,True,True,True,True,,,,,,False,,ok
kb_98_top9_set6_parte1.json,TOP9_CODICI_FREQUENTI_SET6_PARTE1,GUIDA_LICENZIAMENTO_DISCIPLINARE_220003,Impugnazione del licenziamento disciplinare,specialistica:vizi_tipici_che_invalidano,vizi_tipici_che_invalidano,vizi_tipici_che_invalidano,vizi_tipici_che_invalidano,True,True,True,True,True,,,,,,False,,ok
kb_98_top9_set6_parte1.json,TOP9_CODICI_FREQUENTI_SET6_PARTE1,GUIDA_LICENZIAMENTO_DISCIPLINARE_220003,Impugnazione del licenziamento disciplinare,specialistica:regimi_di_tutela_alternativi,regimi_di_tutela_alternativi,regimi_di_tutela_alternativi,regimi_di_tutela_alternativi,True,True,True,True,True,,,,,,False,,ok
kb_98_top9_set6_parte1.json,TOP9_CODICI_FREQUENTI_SET6_PARTE1,GUIDA_LICENZIAMENTO_DISCIPLINARE_220003,Impugnazione del licenziamento disciplinare,specialistica:obbligo_mediazione_o_conciliazione,obbligo_mediazione_o_conciliazione,obbligo_mediazione_o_conciliazione,obbligo_mediazione_o_conciliazione,True,True,True,True,True,,,,,,False,,ok
kb_98_top9_set6_parte1.json,TOP9_CODICI_FREQUENTI_SET6_PARTE1,GUIDA_OPPOSIZIONE_CARTELLA_ESATTORIALE_191001,Opposizione alla cartella di pagamento esattoriale,denominazione,denominazione,denominazione,denominazione,True,True,True,True,True,,,,Opposizione alla cartella di pagamento esattoriale,Opposizione alla cartella di pagamento esattoriale,False,,ok
kb_98_top9_set6_parte1.json,TOP9_CODICI_FREQUENTI_SET6_PARTE1,GUIDA_OPPOSIZIONE_CARTELLA_ESATTORIALE_191001,Opposizione alla cartella di pagamento esattoriale,categoria,categoria,categoria,categoria,True,True,True,True,True,,,,Contenzioso tributario / esecutivo,Contenzioso tributario / esecutivo,False,,ok
kb_98_top9_set6_parte1.json,TOP9_CODICI_FREQUENTI_SET6_PARTE1,GUIDA_OPPOSIZIONE_CARTELLA_ESATTORIALE_191001,Opposizione alla cartella di pagamento esattoriale,sottocategoria,sottocategoria,sottocategoria,sottocategoria,True,True,True,True,True,,,,Opposizione/impugnazione cartella esattoriale emessa da Agenzia Entrate Riscossione - rito differenziato in base alla natura del credito,Opposizione/impugnazione cartella esattoriale emessa da Agenzia Entrate Riscossione - rito differenziato in base alla natura del credito,False,,ok
kb_98_top9_set6_parte1.json,TOP9_CODICI_FREQUENTI_SET6_PARTE1,GUIDA_OPPOSIZIONE_CARTELLA_ESATTORIALE_191001,Opposizione alla cartella di pagamento esattoriale,rito,rito,rito,rito,True,True,True,True,True,,,,"RITO DIFFERENZIATO in base a natura credito: TRIBUTARIO (Corte Giustizia Tributaria), NON TRIBUTARIO (Tribunale ordinario civile/lavoro)","RITO DIFFERENZIATO in base a natura credito: TRIBUTARIO (Corte Giustizia Tributaria), NON TRIBUTARIO (Tribunale ordinario civile/lavoro)",False,,ok
kb_98_top9_set6_parte1.json,TOP9_CODICI_FREQUENTI_SET6_PARTE1,GUIDA_OPPOSIZIONE_CARTELLA_ESATTORIALE_191001,Opposizione alla cartella di pagamento esattoriale,competenza,competenza,competenza,competenza,True,True,True,True,True,,,,"CORTI DI GIUSTIZIA TRIBUTARIA per crediti tributari (D.Lgs. 545/1992, D.Lgs. 546/1992); TRIBUNALE ORDINARIO per crediti non tributari (contributi previdenziali, sanzioni stradali, ecc.)","CORTI DI GIUSTIZIA TRIBUTARIA per crediti tributari (D.Lgs. 545/1992, D.Lgs. 546/1992); TRIBUNALE ORDINARIO per crediti non tributari (contributi previdenziali, sanzioni stradali, ecc.)",False,,ok
kb_98_top9_set6_parte1.json,TOP9_CODICI_FREQUENTI_SET6_PARTE1,GUIDA_OPPOSIZIONE_CARTELLA_ESATTORIALE_191001,Opposizione alla cartella di pagamento esattoriale,uffici_destinatari,uffici_destinatari,uffici_destinatari,uffici_destinatari,True,True,True,True,True,,,,,,False,,ok
kb_98_top9_set6_parte1.json,TOP9_CODICI_FREQUENTI_SET6_PARTE1,GUIDA_OPPOSIZIONE_CARTELLA_ESATTORIALE_191001,Opposizione alla cartella di pagamento esattoriale,tipologie_di_intervento,tipologie_di_intervento,tipologie_di_intervento,tipologie_di_intervento,False,False,False,True,False,,,,,,False,,ok
kb_98_top9_set6_parte1.json,TOP9_CODICI_FREQUENTI_SET6_PARTE1,GUIDA_OPPOSIZIONE_CARTELLA_ESATTORIALE_191001,Opposizione alla cartella di pagamento esattoriale,presupposti_sostanziali,presupposti_sostanziali,presupposti_sostanziali,presupposti_sostanziali,True,True,True,True,True,,,,,,False,,ok
kb_98_top9_set6_parte1.json,TOP9_CODICI_FREQUENTI_SET6_PARTE1,GUIDA_OPPOSIZIONE_CARTELLA_ESATTORIALE_191001,Opposizione alla cartella di pagamento esattoriale,legittimati_attivi,legittimati_attivi,legittimati_attivi,legittimati_attivi,False,False,False,True,False,,,,,,False,,ok
kb_98_top9_set6_parte1.json,TOP9_CODICI_FREQUENTI_SET6_PARTE1,GUIDA_OPPOSIZIONE_CARTELLA_ESATTORIALE_191001,Opposizione alla cartella di pagamento esattoriale,obbligo_mediazione,obbligo_mediazione,obbligo_mediazione,obbligo_mediazione,False,False,False,True,True,,,,,,False,,ok
kb_98_top9_set6_parte1.json,TOP9_CODICI_FREQUENTI_SET6_PARTE1,GUIDA_OPPOSIZIONE_CARTELLA_ESATTORIALE_191001,Opposizione alla cartella di pagamento esattoriale,adempimenti_propedeutici,adempimenti_propedeutici,adempimenti_propedeutici,adempimenti_propedeutici,True,True,True,True,True,"1,2,3,4,5,6","1,2,3,4,5,6",,,,False,,ok
kb_98_top9_set6_parte1.json,TOP9_CODICI_FREQUENTI_SET6_PARTE1,GUIDA_OPPOSIZIONE_CARTELLA_ESATTORIALE_191001,Opposizione alla cartella di pagamento esattoriale,richiesta_provvedimenti_urgenti,richiesta_provvedimenti_urgenti,richiesta_provvedimenti_urgenti,richiesta_provvedimenti_urgenti,False,False,False,True,False,,,,,,False,,ok
kb_98_top9_set6_parte1.json,TOP9_CODICI_FREQUENTI_SET6_PARTE1,GUIDA_OPPOSIZIONE_CARTELLA_ESATTORIALE_191001,Opposizione alla cartella di pagamento esattoriale,avvertimenti_obbligatori,atto_principale.avvertimenti_obbligatori,atto_principale.avvertimenti_obbligatori,atto_principale.avvertimenti_obbligatori,True,True,True,True,True,,,,,,False,,ok
kb_98_top9_set6_parte1.json,TOP9_CODICI_FREQUENTI_SET6_PARTE1,GUIDA_OPPOSIZIONE_CARTELLA_ESATTORIALE_191001,Opposizione alla cartella di pagamento esattoriale,allegati_obbligatori,allegati_obbligatori,allegati_obbligatori,allegati_obbligatori,True,True,True,True,True,,,,,,False,,ok
kb_98_top9_set6_parte1.json,TOP9_CODICI_FREQUENTI_SET6_PARTE1,GUIDA_OPPOSIZIONE_CARTELLA_ESATTORIALE_191001,Opposizione alla cartella di pagamento esattoriale,termini_processuali,termini_processuali,termini_processuali,termini_processuali,True,True,True,True,True,,,,,,False,,ok
kb_98_top9_set6_parte1.json,TOP9_CODICI_FREQUENTI_SET6_PARTE1,GUIDA_OPPOSIZIONE_CARTELLA_ESATTORIALE_191001,Opposizione alla cartella di pagamento esattoriale,esiti_processuali_tipici,esiti_processuali_tipici,esiti_processuali_tipici,esiti_processuali_tipici,True,True,True,True,True,,,,,,False,,ok
kb_98_top9_set6_parte1.json,TOP9_CODICI_FREQUENTI_SET6_PARTE1,GUIDA_OPPOSIZIONE_CARTELLA_ESATTORIALE_191001,Opposizione alla cartella di pagamento esattoriale,normativa,normativa,normativa,normativa,True,True,True,True,True,,,,,,False,,ok
kb_98_top9_set6_parte1.json,TOP9_CODICI_FREQUENTI_SET6_PARTE1,GUIDA_OPPOSIZIONE_CARTELLA_ESATTORIALE_191001,Opposizione alla cartella di pagamento esattoriale,atto_principale,atto_principale,atto_principale,atto_principale,True,True,True,True,True,,,,,,False,,ok
kb_98_top9_set6_parte1.json,TOP9_CODICI_FREQUENTI_SET6_PARTE1,GUIDA_OPPOSIZIONE_CARTELLA_ESATTORIALE_191001,Opposizione alla cartella di pagamento esattoriale,fonti_verifica_web,fonti_verifica_web,fonti_verifica_web,fonti_verifica_web,False,False,True,True,True,,,,,,False,,ok
kb_98_top9_set6_parte1.json,TOP9_CODICI_FREQUENTI_SET6_PARTE1,GUIDA_OPPOSIZIONE_CARTELLA_ESATTORIALE_191001,Opposizione alla cartella di pagamento esattoriale,presidi_operativi_integrativi,presidi_operativi_integrativi,presidi_operativi_integrativi,presidi_operativi_integrativi,False,False,True,True,True,,,,,,False,,ok
kb_98_top9_set6_parte1.json,TOP9_CODICI_FREQUENTI_SET6_PARTE1,GUIDA_OPPOSIZIONE_CARTELLA_ESATTORIALE_191001,Opposizione alla cartella di pagamento esattoriale,specialistica:casistica_e_riparto_giurisdizione,casistica_e_riparto_giurisdizione,casistica_e_riparto_giurisdizione,casistica_e_riparto_giurisdizione,True,True,True,True,True,,,,,,False,,ok
kb_98_top9_set6_parte1.json,TOP9_CODICI_FREQUENTI_SET6_PARTE1,GUIDA_OPPOSIZIONE_CARTELLA_ESATTORIALE_191001,Opposizione alla cartella di pagamento esattoriale,specialistica:vizi_tipici_impugnabili,vizi_tipici_impugnabili,vizi_tipici_impugnabili,vizi_tipici_impugnabili,True,True,True,True,True,,,,,,False,,ok
kb_98_top9_set6_parte1.json,TOP9_CODICI_FREQUENTI_SET6_PARTE1,GUIDA_OPPOSIZIONE_CARTELLA_ESATTORIALE_191001,Opposizione alla cartella di pagamento esattoriale,specialistica:obbligo_mediazione_o_reclamo,obbligo_mediazione_o_reclamo,obbligo_mediazione_o_reclamo,obbligo_mediazione_o_reclamo,True,True,True,True,True,,,,,,False,,ok
kb_98_top9_set6_parte1.json,TOP9_CODICI_FREQUENTI_SET6_PARTE1,GUIDA_IMMISSIONI_INTOLLERABILI_130012,Immissioni intollerabili (art. 844 c.c.),denominazione,denominazione,denominazione,denominazione,True,True,True,True,True,,,,Immissioni intollerabili (art. 844 c.c.),Immissioni intollerabili (art. 844 c.c.),False,,ok
kb_98_top9_set6_parte1.json,TOP9_CODICI_FREQUENTI_SET6_PARTE1,GUIDA_IMMISSIONI_INTOLLERABILI_130012,Immissioni intollerabili (art. 844 c.c.),categoria,categoria,categoria,categoria,True,True,True,True,True,,,,Diritti reali - rapporti di vicinato,Diritti reali - rapporti di vicinato,False,,ok
kb_98_top9_set6_parte1.json,TOP9_CODICI_FREQUENTI_SET6_PARTE1,GUIDA_IMMISSIONI_INTOLLERABILI_130012,Immissioni intollerabili (art. 844 c.c.),sottocategoria,sottocategoria,sottocategoria,sottocategoria,True,True,True,True,True,,,,Azione del proprietario per cessazione immissioni intollerabili dal fondo del vicino,Azione del proprietario per cessazione immissioni intollerabili dal fondo del vicino,False,,ok
kb_98_top9_set6_parte1.json,TOP9_CODICI_FREQUENTI_SET6_PARTE1,GUIDA_IMMISSIONI_INTOLLERABILI_130012,Immissioni intollerabili (art. 844 c.c.),rito,rito,rito,rito,True,True,True,True,True,,,,Rito ordinario di cognizione preceduto da MEDIAZIONE OBBLIGATORIA ex art. 5 c. 1-bis D.Lgs. 28/2010 (diritti reali),Rito ordinario di cognizione preceduto da MEDIAZIONE OBBLIGATORIA ex art. 5 c. 1-bis D.Lgs. 28/2010 (diritti reali),False,,ok
kb_98_top9_set6_parte1.json,TOP9_CODICI_FREQUENTI_SET6_PARTE1,GUIDA_IMMISSIONI_INTOLLERABILI_130012,Immissioni intollerabili (art. 844 c.c.),competenza,competenza,competenza,competenza,True,True,True,True,True,,,,Tribunale del luogo dell'immobile (art. 21 c.p.c. - foro esclusivo),Tribunale del luogo dell'immobile (art. 21 c.p.c. - foro esclusivo),False,,ok
kb_98_top9_set6_parte1.json,TOP9_CODICI_FREQUENTI_SET6_PARTE1,GUIDA_IMMISSIONI_INTOLLERABILI_130012,Immissioni intollerabili (art. 844 c.c.),uffici_destinatari,uffici_destinatari,uffici_destinatari,uffici_destinatari,True,True,True,True,True,,,,,,False,,ok
kb_98_top9_set6_parte1.json,TOP9_CODICI_FREQUENTI_SET6_PARTE1,GUIDA_IMMISSIONI_INTOLLERABILI_130012,Immissioni intollerabili (art. 844 c.c.),tipologie_di_intervento,tipologie_di_intervento,tipologie_di_intervento,tipologie_di_intervento,False,False,False,True,False,,,,,,False,,ok
kb_98_top9_set6_parte1.json,TOP9_CODICI_FREQUENTI_SET6_PARTE1,GUIDA_IMMISSIONI_INTOLLERABILI_130012,Immissioni intollerabili (art. 844 c.c.),presupposti_sostanziali,presupposti_sostanziali,presupposti_sostanziali,presupposti_sostanziali,False,False,False,True,True,,,,,,False,,ok
kb_98_top9_set6_parte1.json,TOP9_CODICI_FREQUENTI_SET6_PARTE1,GUIDA_IMMISSIONI_INTOLLERABILI_130012,Immissioni intollerabili (art. 844 c.c.),legittimati_attivi,legittimati_attivi,legittimati_attivi,legittimati_attivi,False,False,False,True,False,,,,,,False,,ok
kb_98_top9_set6_parte1.json,TOP9_CODICI_FREQUENTI_SET6_PARTE1,GUIDA_IMMISSIONI_INTOLLERABILI_130012,Immissioni intollerabili (art. 844 c.c.),obbligo_mediazione,obbligo_mediazione,obbligo_mediazione,obbligo_mediazione,True,True,True,True,True,,,,,,False,,ok
kb_98_top9_set6_parte1.json,TOP9_CODICI_FREQUENTI_SET6_PARTE1,GUIDA_IMMISSIONI_INTOLLERABILI_130012,Immissioni intollerabili (art. 844 c.c.),adempimenti_propedeutici,adempimenti_propedeutici,adempimenti_propedeutici,adempimenti_propedeutici,True,True,True,True,True,"1,2,3,4,5,6,7,8","1,2,3,4,5,6,7,8",,,,False,,ok
kb_98_top9_set6_parte1.json,TOP9_CODICI_FREQUENTI_SET6_PARTE1,GUIDA_IMMISSIONI_INTOLLERABILI_130012,Immissioni intollerabili (art. 844 c.c.),richiesta_provvedimenti_urgenti,richiesta_provvedimenti_urgenti,richiesta_provvedimenti_urgenti,richiesta_provvedimenti_urgenti,False,False,False,True,False,,,,,,False,,ok
kb_98_top9_set6_parte1.json,TOP9_CODICI_FREQUENTI_SET6_PARTE1,GUIDA_IMMISSIONI_INTOLLERABILI_130012,Immissioni intollerabili (art. 844 c.c.),avvertimenti_obbligatori,atto_principale.avvertimenti_obbligatori,atto_principale.avvertimenti_obbligatori,atto_principale.avvertimenti_obbligatori,True,True,True,True,True,,,,,,False,,ok
kb_98_top9_set6_parte1.json,TOP9_CODICI_FREQUENTI_SET6_PARTE1,GUIDA_IMMISSIONI_INTOLLERABILI_130012,Immissioni intollerabili (art. 844 c.c.),allegati_obbligatori,allegati_obbligatori,allegati_obbligatori,allegati_obbligatori,True,True,True,True,True,,,,,,False,,ok
kb_98_top9_set6_parte1.json,TOP9_CODICI_FREQUENTI_SET6_PARTE1,GUIDA_IMMISSIONI_INTOLLERABILI_130012,Immissioni intollerabili (art. 844 c.c.),termini_processuali,termini_processuali,termini_processuali,termini_processuali,True,True,True,True,True,,,,,,False,,ok
kb_98_top9_set6_parte1.json,TOP9_CODICI_FREQUENTI_SET6_PARTE1,GUIDA_IMMISSIONI_INTOLLERABILI_130012,Immissioni intollerabili (art. 844 c.c.),esiti_processuali_tipici,esiti_processuali_tipici,esiti_processuali_tipici,esiti_processuali_tipici,True,True,True,True,True,,,,,,False,,ok
kb_98_top9_set6_parte1.json,TOP9_CODICI_FREQUENTI_SET6_PARTE1,GUIDA_IMMISSIONI_INTOLLERABILI_130012,Immissioni intollerabili (art. 844 c.c.),normativa,normativa,normativa,normativa,True,True,True,True,True,,,,,,False,,ok
kb_98_top9_set6_parte1.json,TOP9_CODICI_FREQUENTI_SET6_PARTE1,GUIDA_IMMISSIONI_INTOLLERABILI_130012,Immissioni intollerabili (art. 844 c.c.),atto_principale,atto_principale,atto_principale,atto_principale,True,True,True,True,True,,,,,,False,,ok
kb_98_top9_set6_parte1.json,TOP9_CODICI_FREQUENTI_SET6_PARTE1,GUIDA_IMMISSIONI_INTOLLERABILI_130012,Immissioni intollerabili (art. 844 c.c.),fonti_verifica_web,fonti_verifica_web,fonti_verifica_web,fonti_verifica_web,False,False,True,True,True,,,,,,False,,ok
kb_98_top9_set6_parte1.json,TOP9_CODICI_FREQUENTI_SET6_PARTE1,GUIDA_IMMISSIONI_INTOLLERABILI_130012,Immissioni intollerabili (art. 844 c.c.),presidi_operativi_integrativi,presidi_operativi_integrativi,presidi_operativi_integrativi,presidi_operativi_integrativi,False,False,True,True,True,,,,,,False,,ok
kb_98_top9_set6_parte1.json,TOP9_CODICI_FREQUENTI_SET6_PARTE1,GUIDA_IMMISSIONI_INTOLLERABILI_130012,Immissioni intollerabili (art. 844 c.c.),specialistica:tipologie_di_immissioni_tutelabili,tipologie_di_immissioni_tutelabili,tipologie_di_immissioni_tutelabili,tipologie_di_immissioni_tutelabili,True,True,True,True,True,,,,,,False,,ok
kb_98_top9_set6_parte1.json,TOP9_CODICI_FREQUENTI_SET6_PARTE1,GUIDA_IMMISSIONI_INTOLLERABILI_130012,Immissioni intollerabili (art. 844 c.c.),specialistica:presupposti_sostanziali_art_844,presupposti_sostanziali_art_844,presupposti_sostanziali_art_844,presupposti_sostanziali_art_844,True,True,True,True,True,,,,,,False,,ok
kb_98_top9_set6_parte1.json,TOP9_CODICI_FREQUENTI_SET6_PARTE1,GUIDA_IMMISSIONI_INTOLLERABILI_130012,Immissioni intollerabili (art. 844 c.c.),specialistica:criteri_di_tollerabilita,criteri_di_tollerabilita,criteri_di_tollerabilita,criteri_di_tollerabilita,True,True,True,True,True,,,,,,False,,ok
kb_98_top9_set6_parte1.json,TOP9_CODICI_FREQUENTI_SET6_PARTE1,GUIDA_IMMISSIONI_INTOLLERABILI_130012,Immissioni intollerabili (art. 844 c.c.),specialistica:rimedi_disponibili,rimedi_disponibili,rimedi_disponibili,rimedi_disponibili,True,True,True,True,True,,,,,,False,,ok
kb_98_top9_set6_parte2.json,TOP9_CODICI_FREQUENTI_SET6_PARTE2,GUIDA_EREDITA_GIACENTE_413021,Eredità giacente (art. 528 c.c.) - nomina curatore e amministrazione,denominazione,denominazione,denominazione,denominazione,True,True,True,True,True,,,,Eredità giacente (art. 528 c.c.) - nomina curatore e amministrazione,Eredità giacente (art. 528 c.c.) - nomina curatore e amministrazione,False,,ok
kb_98_top9_set6_parte2.json,TOP9_CODICI_FREQUENTI_SET6_PARTE2,GUIDA_EREDITA_GIACENTE_413021,Eredità giacente (art. 528 c.c.) - nomina curatore e amministrazione,categoria,categoria,categoria,categoria,True,True,True,True,True,,,,Volontaria giurisdizione - successioni - amministrazione patrimoni acefali,Volontaria giurisdizione - successioni - amministrazione patrimoni acefali,False,,ok
kb_98_top9_set6_parte2.json,TOP9_CODICI_FREQUENTI_SET6_PARTE2,GUIDA_EREDITA_GIACENTE_413021,Eredità giacente (art. 528 c.c.) - nomina curatore e amministrazione,sottocategoria,sottocategoria,sottocategoria,sottocategoria,True,True,True,True,True,,,,Procedimento di nomina del curatore dell'eredità giacente e amministrazione del patrimonio ereditario in attesa di accettazione,Procedimento di nomina del curatore dell'eredità giacente e amministrazione del patrimonio ereditario in attesa di accettazione,False,,ok
kb_98_top9_set6_parte2.json,TOP9_CODICI_FREQUENTI_SET6_PARTE2,GUIDA_EREDITA_GIACENTE_413021,Eredità giacente (art. 528 c.c.) - nomina curatore e amministrazione,rito,rito,rito,rito,True,True,True,True,True,,,,Procedimento camerale di volontaria giurisdizione,Procedimento camerale di volontaria giurisdizione,False,,ok
kb_98_top9_set6_parte2.json,TOP9_CODICI_FREQUENTI_SET6_PARTE2,GUIDA_EREDITA_GIACENTE_413021,Eredità giacente (art. 528 c.c.) - nomina curatore e amministrazione,competenza,competenza,competenza,competenza,True,True,True,True,True,,,,Tribunale del luogo apertura successione (art. 22 c.p.c.) - sezione successioni o GT in alcuni tribunali,Tribunale del luogo apertura successione (art. 22 c.p.c.) - sezione successioni o GT in alcuni tribunali,False,,ok
kb_98_top9_set6_parte2.json,TOP9_CODICI_FREQUENTI_SET6_PARTE2,GUIDA_EREDITA_GIACENTE_413021,Eredità giacente (art. 528 c.c.) - nomina curatore e amministrazione,uffici_destinatari,uffici_destinatari,uffici_destinatari,uffici_destinatari,True,True,True,True,True,,,,,,False,,ok
kb_98_top9_set6_parte2.json,TOP9_CODICI_FREQUENTI_SET6_PARTE2,GUIDA_EREDITA_GIACENTE_413021,Eredità giacente (art. 528 c.c.) - nomina curatore e amministrazione,tipologie_di_intervento,tipologie_di_intervento,tipologie_di_intervento,tipologie_di_intervento,False,False,False,True,False,,,,,,False,,ok
kb_98_top9_set6_parte2.json,TOP9_CODICI_FREQUENTI_SET6_PARTE2,GUIDA_EREDITA_GIACENTE_413021,Eredità giacente (art. 528 c.c.) - nomina curatore e amministrazione,presupposti_sostanziali,presupposti_sostanziali,presupposti_sostanziali,presupposti_sostanziali,True,True,True,True,True,,,,,,False,,ok
kb_98_top9_set6_parte2.json,TOP9_CODICI_FREQUENTI_SET6_PARTE2,GUIDA_EREDITA_GIACENTE_413021,Eredità giacente (art. 528 c.c.) - nomina curatore e amministrazione,legittimati_attivi,legittimati_attivi,legittimati_attivi,legittimati_attivi,False,False,False,True,False,,,,,,False,,ok
kb_98_top9_set6_parte2.json,TOP9_CODICI_FREQUENTI_SET6_PARTE2,GUIDA_EREDITA_GIACENTE_413021,Eredità giacente (art. 528 c.c.) - nomina curatore e amministrazione,obbligo_mediazione,obbligo_mediazione,obbligo_mediazione,obbligo_mediazione,True,True,True,True,True,,,,,,False,,ok
kb_98_top9_set6_parte2.json,TOP9_CODICI_FREQUENTI_SET6_PARTE2,GUIDA_EREDITA_GIACENTE_413021,Eredità giacente (art. 528 c.c.) - nomina curatore e amministrazione,adempimenti_propedeutici,adempimenti_propedeutici,adempimenti_propedeutici,adempimenti_propedeutici,True,True,True,True,True,"1,2,3,4,5","1,2,3,4,5",,,,False,,ok
kb_98_top9_set6_parte2.json,TOP9_CODICI_FREQUENTI_SET6_PARTE2,GUIDA_EREDITA_GIACENTE_413021,Eredità giacente (art. 528 c.c.) - nomina curatore e amministrazione,richiesta_provvedimenti_urgenti,richiesta_provvedimenti_urgenti,richiesta_provvedimenti_urgenti,richiesta_provvedimenti_urgenti,False,False,False,True,False,,,,,,False,,ok
kb_98_top9_set6_parte2.json,TOP9_CODICI_FREQUENTI_SET6_PARTE2,GUIDA_EREDITA_GIACENTE_413021,Eredità giacente (art. 528 c.c.) - nomina curatore e amministrazione,avvertimenti_obbligatori,atto_principale.avvertimenti_obbligatori,atto_principale.avvertimenti_obbligatori,atto_principale.avvertimenti_obbligatori,True,True,True,True,True,,,,,,False,,ok
kb_98_top9_set6_parte2.json,TOP9_CODICI_FREQUENTI_SET6_PARTE2,GUIDA_EREDITA_GIACENTE_413021,Eredità giacente (art. 528 c.c.) - nomina curatore e amministrazione,allegati_obbligatori,allegati_obbligatori,allegati_obbligatori,allegati_obbligatori,True,True,True,True,True,,,,,,False,,ok
kb_98_top9_set6_parte2.json,TOP9_CODICI_FREQUENTI_SET6_PARTE2,GUIDA_EREDITA_GIACENTE_413021,Eredità giacente (art. 528 c.c.) - nomina curatore e amministrazione,termini_processuali,termini_processuali,termini_processuali,termini_processuali,True,True,True,True,True,,,,,,False,,ok
kb_98_top9_set6_parte2.json,TOP9_CODICI_FREQUENTI_SET6_PARTE2,GUIDA_EREDITA_GIACENTE_413021,Eredità giacente (art. 528 c.c.) - nomina curatore e amministrazione,esiti_processuali_tipici,esiti_processuali_tipici,esiti_processuali_tipici,esiti_processuali_tipici,True,True,True,True,True,,,,,,False,,ok
kb_98_top9_set6_parte2.json,TOP9_CODICI_FREQUENTI_SET6_PARTE2,GUIDA_EREDITA_GIACENTE_413021,Eredità giacente (art. 528 c.c.) - nomina curatore e amministrazione,normativa,normativa,normativa,normativa,True,True,True,True,True,,,,,,False,,ok
kb_98_top9_set6_parte2.json,TOP9_CODICI_FREQUENTI_SET6_PARTE2,GUIDA_EREDITA_GIACENTE_413021,Eredità giacente (art. 528 c.c.) - nomina curatore e amministrazione,atto_principale,atto_principale,atto_principale,atto_principale,True,True,True,True,True,,,,,,False,,ok
kb_98_top9_set6_parte2.json,TOP9_CODICI_FREQUENTI_SET6_PARTE2,GUIDA_EREDITA_GIACENTE_413021,Eredità giacente (art. 528 c.c.) - nomina curatore e amministrazione,fonti_verifica_web,fonti_verifica_web,fonti_verifica_web,fonti_verifica_web,False,False,True,True,True,,,,,,False,,ok
kb_98_top9_set6_parte2.json,TOP9_CODICI_FREQUENTI_SET6_PARTE2,GUIDA_EREDITA_GIACENTE_413021,Eredità giacente (art. 528 c.c.) - nomina curatore e amministrazione,presidi_operativi_integrativi,presidi_operativi_integrativi,presidi_operativi_integrativi,presidi_operativi_integrativi,False,False,True,True,True,,,,,,False,,ok
kb_98_top9_set6_parte2.json,TOP9_CODICI_FREQUENTI_SET6_PARTE2,GUIDA_EREDITA_GIACENTE_413021,Eredità giacente (art. 528 c.c.) - nomina curatore e amministrazione,specialistica:differenza_da_altre_situazioni,differenza_da_altre_situazioni,differenza_da_altre_situazioni,differenza_da_altre_situazioni,True,True,True,True,True,,,,,,False,,ok
kb_98_top9_set6_parte2.json,TOP9_CODICI_FREQUENTI_SET6_PARTE2,GUIDA_EREDITA_GIACENTE_413021,Eredità giacente (art. 528 c.c.) - nomina curatore e amministrazione,specialistica:legittimati_a_chiedere_la_nomina,legittimati_a_chiedere_la_nomina,legittimati_a_chiedere_la_nomina,legittimati_a_chiedere_la_nomina,True,True,True,True,True,,,,,,False,,ok
kb_98_top9_set6_parte2.json,TOP9_CODICI_FREQUENTI_SET6_PARTE2,GUIDA_OPPOSIZIONE_SANZIONE_AMMINISTRATIVA_240001,Opposizione a sanzione amministrativa (L. 689/1981),denominazione,denominazione,denominazione,denominazione,True,True,True,True,True,,,,Opposizione a sanzione amministrativa (L. 689/1981),Opposizione a sanzione amministrativa (L. 689/1981),False,,ok
kb_98_top9_set6_parte2.json,TOP9_CODICI_FREQUENTI_SET6_PARTE2,GUIDA_OPPOSIZIONE_SANZIONE_AMMINISTRATIVA_240001,Opposizione a sanzione amministrativa (L. 689/1981),categoria,categoria,categoria,categoria,True,True,True,True,True,,,,Diritto amministrativo - contenzioso sanzionatorio,Diritto amministrativo - contenzioso sanzionatorio,False,,ok
kb_98_top9_set6_parte2.json,TOP9_CODICI_FREQUENTI_SET6_PARTE2,GUIDA_OPPOSIZIONE_SANZIONE_AMMINISTRATIVA_240001,Opposizione a sanzione amministrativa (L. 689/1981),sottocategoria,sottocategoria,sottocategoria,sottocategoria,True,True,True,True,True,,,,Opposizione a verbale di accertamento di violazione amministrativa o ordinanza-ingiunzione,Opposizione a verbale di accertamento di violazione amministrativa o ordinanza-ingiunzione,False,,ok
kb_98_top9_set6_parte2.json,TOP9_CODICI_FREQUENTI_SET6_PARTE2,GUIDA_OPPOSIZIONE_SANZIONE_AMMINISTRATIVA_240001,Opposizione a sanzione amministrativa (L. 689/1981),rito,rito,rito,rito,True,True,True,True,True,,,,Rito del lavoro applicato ex art. 6 D.Lgs. 150/2011 (per opposizione a ordinanza-ingiunzione) o rito speciale del codice della strada (per CdS),Rito del lavoro applicato ex art. 6 D.Lgs. 150/2011 (per opposizione a ordinanza-ingiunzione) o rito speciale del codice della strada (per CdS),False,,ok
kb_98_top9_set6_parte2.json,TOP9_CODICI_FREQUENTI_SET6_PARTE2,GUIDA_OPPOSIZIONE_SANZIONE_AMMINISTRATIVA_240001,Opposizione a sanzione amministrativa (L. 689/1981),competenza,competenza,competenza,competenza,True,True,True,True,True,,,,"GIUDICE DI PACE per la maggior parte delle sanzioni amministrative; TRIBUNALE per sanzioni particolari (es. valore alto, materie specifiche L. 689/81 art. 22-bis)","GIUDICE DI PACE per la maggior parte delle sanzioni amministrative; TRIBUNALE per sanzioni particolari (es. valore alto, materie specifiche L. 689/81 art. 22-bis)",False,,ok
kb_98_top9_set6_parte2.json,TOP9_CODICI_FREQUENTI_SET6_PARTE2,GUIDA_OPPOSIZIONE_SANZIONE_AMMINISTRATIVA_240001,Opposizione a sanzione amministrativa (L. 689/1981),uffici_destinatari,uffici_destinatari,uffici_destinatari,uffici_destinatari,True,True,True,True,True,,,,,,False,,ok
kb_98_top9_set6_parte2.json,TOP9_CODICI_FREQUENTI_SET6_PARTE2,GUIDA_OPPOSIZIONE_SANZIONE_AMMINISTRATIVA_240001,Opposizione a sanzione amministrativa (L. 689/1981),tipologie_di_intervento,tipologie_di_intervento,tipologie_di_intervento,tipologie_di_intervento,False,False,False,True,False,,,,,,False,,ok
kb_98_top9_set6_parte2.json,TOP9_CODICI_FREQUENTI_SET6_PARTE2,GUIDA_OPPOSIZIONE_SANZIONE_AMMINISTRATIVA_240001,Opposizione a sanzione amministrativa (L. 689/1981),presupposti_sostanziali,presupposti_sostanziali,presupposti_sostanziali,presupposti_sostanziali,True,True,True,True,True,,,,,,False,,ok
kb_98_top9_set6_parte2.json,TOP9_CODICI_FREQUENTI_SET6_PARTE2,GUIDA_OPPOSIZIONE_SANZIONE_AMMINISTRATIVA_240001,Opposizione a sanzione amministrativa (L. 689/1981),legittimati_attivi,legittimati_attivi,legittimati_attivi,legittimati_attivi,False,False,False,True,False,,,,,,False,,ok
kb_98_top9_set6_parte2.json,TOP9_CODICI_FREQUENTI_SET6_PARTE2,GUIDA_OPPOSIZIONE_SANZIONE_AMMINISTRATIVA_240001,Opposizione a sanzione amministrativa (L. 689/1981),obbligo_mediazione,obbligo_mediazione,obbligo_mediazione,obbligo_mediazione,True,True,True,True,True,,,,,,False,,ok
kb_98_top9_set6_parte2.json,TOP9_CODICI_FREQUENTI_SET6_PARTE2,GUIDA_OPPOSIZIONE_SANZIONE_AMMINISTRATIVA_240001,Opposizione a sanzione amministrativa (L. 689/1981),adempimenti_propedeutici,adempimenti_propedeutici,adempimenti_propedeutici,adempimenti_propedeutici,True,True,True,True,True,"1,2,3,4,5","1,2,3,4,5",,,,False,,ok
kb_98_top9_set6_parte2.json,TOP9_CODICI_FREQUENTI_SET6_PARTE2,GUIDA_OPPOSIZIONE_SANZIONE_AMMINISTRATIVA_240001,Opposizione a sanzione amministrativa (L. 689/1981),richiesta_provvedimenti_urgenti,richiesta_provvedimenti_urgenti,richiesta_provvedimenti_urgenti,richiesta_provvedimenti_urgenti,False,False,False,True,False,,,,,,False,,ok
kb_98_top9_set6_parte2.json,TOP9_CODICI_FREQUENTI_SET6_PARTE2,GUIDA_OPPOSIZIONE_SANZIONE_AMMINISTRATIVA_240001,Opposizione a sanzione amministrativa (L. 689/1981),avvertimenti_obbligatori,atto_principale.avvertimenti_obbligatori,atto_principale.avvertimenti_obbligatori,atto_principale.avvertimenti_obbligatori,True,True,True,True,True,,,,,,False,,ok
kb_98_top9_set6_parte2.json,TOP9_CODICI_FREQUENTI_SET6_PARTE2,GUIDA_OPPOSIZIONE_SANZIONE_AMMINISTRATIVA_240001,Opposizione a sanzione amministrativa (L. 689/1981),allegati_obbligatori,allegati_obbligatori,allegati_obbligatori,allegati_obbligatori,True,True,True,True,True,,,,,,False,,ok
kb_98_top9_set6_parte2.json,TOP9_CODICI_FREQUENTI_SET6_PARTE2,GUIDA_OPPOSIZIONE_SANZIONE_AMMINISTRATIVA_240001,Opposizione a sanzione amministrativa (L. 689/1981),termini_processuali,termini_processuali,termini_processuali,termini_processuali,True,True,True,True,True,,,,,,False,,ok
kb_98_top9_set6_parte2.json,TOP9_CODICI_FREQUENTI_SET6_PARTE2,GUIDA_OPPOSIZIONE_SANZIONE_AMMINISTRATIVA_240001,Opposizione a sanzione amministrativa (L. 689/1981),esiti_processuali_tipici,esiti_processuali_tipici,esiti_processuali_tipici,esiti_processuali_tipici,True,True,True,True,True,,,,,,False,,ok
kb_98_top9_set6_parte2.json,TOP9_CODICI_FREQUENTI_SET6_PARTE2,GUIDA_OPPOSIZIONE_SANZIONE_AMMINISTRATIVA_240001,Opposizione a sanzione amministrativa (L. 689/1981),normativa,normativa,normativa,normativa,True,True,True,True,True,,,,,,False,,ok
kb_98_top9_set6_parte2.json,TOP9_CODICI_FREQUENTI_SET6_PARTE2,GUIDA_OPPOSIZIONE_SANZIONE_AMMINISTRATIVA_240001,Opposizione a sanzione amministrativa (L. 689/1981),atto_principale,atto_principale,atto_principale,atto_principale,True,True,True,True,True,,,,,,False,,ok
kb_98_top9_set6_parte2.json,TOP9_CODICI_FREQUENTI_SET6_PARTE2,GUIDA_OPPOSIZIONE_SANZIONE_AMMINISTRATIVA_240001,Opposizione a sanzione amministrativa (L. 689/1981),fonti_verifica_web,fonti_verifica_web,fonti_verifica_web,fonti_verifica_web,False,False,True,True,True,,,,,,False,,ok
kb_98_top9_set6_parte2.json,TOP9_CODICI_FREQUENTI_SET6_PARTE2,GUIDA_OPPOSIZIONE_SANZIONE_AMMINISTRATIVA_240001,Opposizione a sanzione amministrativa (L. 689/1981),presidi_operativi_integrativi,presidi_operativi_integrativi,presidi_operativi_integrativi,presidi_operativi_integrativi,False,False,True,True,True,,,,,,False,,ok
kb_98_top9_set6_parte2.json,TOP9_CODICI_FREQUENTI_SET6_PARTE2,GUIDA_OPPOSIZIONE_SANZIONE_AMMINISTRATIVA_240001,Opposizione a sanzione amministrativa (L. 689/1981),specialistica:competenza_territoriale,competenza_territoriale,competenza_territoriale,competenza_territoriale,True,True,True,True,True,,,,,,False,,ok
kb_98_top9_set6_parte2.json,TOP9_CODICI_FREQUENTI_SET6_PARTE2,GUIDA_OPPOSIZIONE_SANZIONE_AMMINISTRATIVA_240001,Opposizione a sanzione amministrativa (L. 689/1981),specialistica:differenze_tra_procedimenti,differenze_tra_procedimenti,differenze_tra_procedimenti,differenze_tra_procedimenti,True,True,True,True,True,,,,,,False,,ok
kb_98_top9_set6_parte2.json,TOP9_CODICI_FREQUENTI_SET6_PARTE2,111003,Separazione consensuale dei coniugi (omologa),denominazione,denominazione,denominazione,denominazione,True,True,True,True,True,,,,Separazione consensuale dei coniugi (omologa),Separazione consensuale dei coniugi (omologa),False,,ok
kb_98_top9_set6_parte2.json,TOP9_CODICI_FREQUENTI_SET6_PARTE2,111003,Separazione consensuale dei coniugi (omologa),categoria,categoria,categoria,categoria,True,True,True,True,True,,,,Persone e famiglia - separazione,Persone e famiglia - separazione,False,,ok
kb_98_top9_set6_parte2.json,TOP9_CODICI_FREQUENTI_SET6_PARTE2,111003,Separazione consensuale dei coniugi (omologa),sottocategoria,sottocategoria,sottocategoria,sottocategoria,True,True,True,True,True,,,,Procedimento di omologa della separazione consensuale - rito unificato post-Cartabia,Procedimento di omologa della separazione consensuale - rito unificato post-Cartabia,False,,ok
kb_98_top9_set6_parte2.json,TOP9_CODICI_FREQUENTI_SET6_PARTE2,111003,Separazione consensuale dei coniugi (omologa),rito,rito,rito,rito,True,True,True,True,True,,,,Rito unificato persone e famiglia ex artt. 473-bis.51 c.p.c. (procedimento congiunto - post-Cartabia),Rito unificato persone e famiglia ex artt. 473-bis.51 c.p.c. (procedimento congiunto - post-Cartabia),False,,ok
kb_98_top9_set6_parte2.json,TOP9_CODICI_FREQUENTI_SET6_PARTE2,111003,Separazione consensuale dei coniugi (omologa),competenza,competenza,competenza,competenza,True,True,True,True,True,,,,"Tribunale ordinario - sezione famiglia (Tribunale per le persone, per i minorenni e per le famiglie ex D.Lgs. 149/2022)","Tribunale ordinario - sezione famiglia (Tribunale per le persone, per i minorenni e per le famiglie ex D.Lgs. 149/2022)",False,,ok
kb_98_top9_set6_parte2.json,TOP9_CODICI_FREQUENTI_SET6_PARTE2,111003,Separazione consensuale dei coniugi (omologa),uffici_destinatari,uffici_destinatari,uffici_destinatari,uffici_destinatari,True,True,True,True,True,,,,,,False,,ok
kb_98_top9_set6_parte2.json,TOP9_CODICI_FREQUENTI_SET6_PARTE2,111003,Separazione consensuale dei coniugi (omologa),tipologie_di_intervento,tipologie_di_intervento,tipologie_di_intervento,tipologie_di_intervento,False,True,True,True,True,,,,,,False,,ok
kb_98_top9_set6_parte2.json,TOP9_CODICI_FREQUENTI_SET6_PARTE2,111003,Separazione consensuale dei coniugi (omologa),presupposti_sostanziali,presupposti_sostanziali,presupposti_sostanziali,presupposti_sostanziali,True,True,True,True,True,,,,,,False,,ok
kb_98_top9_set6_parte2.json,TOP9_CODICI_FREQUENTI_SET6_PARTE2,111003,Separazione consensuale dei coniugi (omologa),legittimati_attivi,legittimati_attivi,legittimati_attivi,legittimati_attivi,False,True,True,True,True,,,,,,False,,ok
kb_98_top9_set6_parte2.json,TOP9_CODICI_FREQUENTI_SET6_PARTE2,111003,Separazione consensuale dei coniugi (omologa),obbligo_mediazione,obbligo_mediazione,obbligo_mediazione,obbligo_mediazione,True,True,True,True,True,,,,,,False,,ok
kb_98_top9_set6_parte2.json,TOP9_CODICI_FREQUENTI_SET6_PARTE2,111003,Separazione consensuale dei coniugi (omologa),adempimenti_propedeutici,adempimenti_propedeutici,adempimenti_propedeutici,adempimenti_propedeutici,True,True,True,True,True,"1,2,3,4,5","1,2,3,4,5",,,,False,,ok
kb_98_top9_set6_parte2.json,TOP9_CODICI_FREQUENTI_SET6_PARTE2,111003,Separazione consensuale dei coniugi (omologa),richiesta_provvedimenti_urgenti,richiesta_provvedimenti_urgenti,richiesta_provvedimenti_urgenti,richiesta_provvedimenti_urgenti,False,True,True,True,True,,,,,,False,,ok
kb_98_top9_set6_parte2.json,TOP9_CODICI_FREQUENTI_SET6_PARTE2,111003,Separazione consensuale dei coniugi (omologa),avvertimenti_obbligatori,atto_principale.avvertimenti_obbligatori,avvertimenti_obbligatori,avvertimenti_obbligatori,True,True,True,True,True,,,,,,False,,ok
kb_98_top9_set6_parte2.json,TOP9_CODICI_FREQUENTI_SET6_PARTE2,111003,Separazione consensuale dei coniugi (omologa),allegati_obbligatori,allegati_obbligatori,allegati_obbligatori,allegati_obbligatori,True,True,True,True,True,,,,,,False,,ok
kb_98_top9_set6_parte2.json,TOP9_CODICI_FREQUENTI_SET6_PARTE2,111003,Separazione consensuale dei coniugi (omologa),termini_processuali,termini_processuali,termini_processuali,termini_processuali,True,True,True,True,True,,,,,,False,,ok
kb_98_top9_set6_parte2.json,TOP9_CODICI_FREQUENTI_SET6_PARTE2,111003,Separazione consensuale dei coniugi (omologa),esiti_processuali_tipici,esiti_processuali_tipici,esiti_processuali_tipici,esiti_processuali_tipici,True,True,True,True,True,,,,,,False,,ok
kb_98_top9_set6_parte2.json,TOP9_CODICI_FREQUENTI_SET6_PARTE2,111003,Separazione consensuale dei coniugi (omologa),normativa,normativa,normativa,normativa,True,True,True,True,True,,,,,,False,,ok
kb_98_top9_set6_parte2.json,TOP9_CODICI_FREQUENTI_SET6_PARTE2,111003,Separazione consensuale dei coniugi (omologa),atto_principale,atto_principale,atto_principale,atto_principale,True,True,True,True,True,,,,,,False,,ok
kb_98_top9_set6_parte2.json,TOP9_CODICI_FREQUENTI_SET6_PARTE2,111003,Separazione consensuale dei coniugi (omologa),fonti_verifica_web,fonti_verifica_web,fonti_verifica_web,fonti_verifica_web,False,False,True,True,True,,,,,,False,,ok
kb_98_top9_set6_parte2.json,TOP9_CODICI_FREQUENTI_SET6_PARTE2,111003,Separazione consensuale dei coniugi (omologa),presidi_operativi_integrativi,presidi_operativi_integrativi,presidi_operativi_integrativi,presidi_operativi_integrativi,False,False,True,True,True,,,,,,False,,ok
kb_98_top9_set6_parte2.json,TOP9_CODICI_FREQUENTI_SET6_PARTE2,111003,Separazione consensuale dei coniugi (omologa),specialistica:competenza_territoriale,competenza_territoriale,competenza_territoriale,competenza_territoriale,True,True,True,True,True,,,,,,False,,ok
kb_98_top9_set6_parte2.json,TOP9_CODICI_FREQUENTI_SET6_PARTE2,111003,Separazione consensuale dei coniugi (omologa),specialistica:alternative_extragiudiziali,alternative_extragiudiziali,alternative_extragiudiziali,alternative_extragiudiziali,True,True,True,True,True,,,,,,False,,ok
kb_98_top9_set6_parte2.json,TOP9_CODICI_FREQUENTI_SET6_PARTE2,GUIDA_DEMANSIONAMENTO_DEQUALIFICAZIONE_220030,Demansionamento / dequalificazione professionale (art. 2103 c.c. - lato passivo),denominazione,denominazione,denominazione,denominazione,True,True,True,True,True,,,,Demansionamento / dequalificazione professionale (art. 2103 c.c. - lato passivo),Demansionamento / dequalificazione professionale (art. 2103 c.c. - lato passivo),False,,ok
kb_98_top9_set6_parte2.json,TOP9_CODICI_FREQUENTI_SET6_PARTE2,GUIDA_DEMANSIONAMENTO_DEQUALIFICAZIONE_220030,Demansionamento / dequalificazione professionale (art. 2103 c.c. - lato passivo),categoria,categoria,categoria,categoria,True,True,True,True,True,,,,Lavoro - tutela professionalità del lavoratore,Lavoro - tutela professionalità del lavoratore,False,,ok
kb_98_top9_set6_parte2.json,TOP9_CODICI_FREQUENTI_SET6_PARTE2,GUIDA_DEMANSIONAMENTO_DEQUALIFICAZIONE_220030,Demansionamento / dequalificazione professionale (art. 2103 c.c. - lato passivo),sottocategoria,sottocategoria,sottocategoria,sottocategoria,True,True,True,True,True,,,,Azione del lavoratore per illegittimo demansionamento e risarcimento danni,Azione del lavoratore per illegittimo demansionamento e risarcimento danni,False,,ok
kb_98_top9_set6_parte2.json,TOP9_CODICI_FREQUENTI_SET6_PARTE2,GUIDA_DEMANSIONAMENTO_DEQUALIFICAZIONE_220030,Demansionamento / dequalificazione professionale (art. 2103 c.c. - lato passivo),rito,rito,rito,rito,True,True,True,True,True,,,,Rito del lavoro ex artt. 409 e ss. c.p.c.,Rito del lavoro ex artt. 409 e ss. c.p.c.,False,,ok
kb_98_top9_set6_parte2.json,TOP9_CODICI_FREQUENTI_SET6_PARTE2,GUIDA_DEMANSIONAMENTO_DEQUALIFICAZIONE_220030,Demansionamento / dequalificazione professionale (art. 2103 c.c. - lato passivo),competenza,competenza,competenza,competenza,True,True,True,True,True,,,,Tribunale del lavoro - foro della sede di lavoro (art. 413 c.p.c.),Tribunale del lavoro - foro della sede di lavoro (art. 413 c.p.c.),False,,ok
kb_98_top9_set6_parte2.json,TOP9_CODICI_FREQUENTI_SET6_PARTE2,GUIDA_DEMANSIONAMENTO_DEQUALIFICAZIONE_220030,Demansionamento / dequalificazione professionale (art. 2103 c.c. - lato passivo),uffici_destinatari,uffici_destinatari,uffici_destinatari,uffici_destinatari,True,True,True,True,True,,,,,,False,,ok
kb_98_top9_set6_parte2.json,TOP9_CODICI_FREQUENTI_SET6_PARTE2,GUIDA_DEMANSIONAMENTO_DEQUALIFICAZIONE_220030,Demansionamento / dequalificazione professionale (art. 2103 c.c. - lato passivo),tipologie_di_intervento,tipologie_di_intervento,tipologie_di_intervento,tipologie_di_intervento,False,False,False,True,False,,,,,,False,,ok
kb_98_top9_set6_parte2.json,TOP9_CODICI_FREQUENTI_SET6_PARTE2,GUIDA_DEMANSIONAMENTO_DEQUALIFICAZIONE_220030,Demansionamento / dequalificazione professionale (art. 2103 c.c. - lato passivo),presupposti_sostanziali,presupposti_sostanziali,presupposti_sostanziali,presupposti_sostanziali,True,True,True,True,True,,,,,,False,,ok
kb_98_top9_set6_parte2.json,TOP9_CODICI_FREQUENTI_SET6_PARTE2,GUIDA_DEMANSIONAMENTO_DEQUALIFICAZIONE_220030,Demansionamento / dequalificazione professionale (art. 2103 c.c. - lato passivo),legittimati_attivi,legittimati_attivi,legittimati_attivi,legittimati_attivi,False,False,False,True,False,,,,,,False,,ok
kb_98_top9_set6_parte2.json,TOP9_CODICI_FREQUENTI_SET6_PARTE2,GUIDA_DEMANSIONAMENTO_DEQUALIFICAZIONE_220030,Demansionamento / dequalificazione professionale (art. 2103 c.c. - lato passivo),obbligo_mediazione,obbligo_mediazione,obbligo_mediazione,obbligo_mediazione,True,True,True,True,True,,,,,,False,,ok
kb_98_top9_set6_parte2.json,TOP9_CODICI_FREQUENTI_SET6_PARTE2,GUIDA_DEMANSIONAMENTO_DEQUALIFICAZIONE_220030,Demansionamento / dequalificazione professionale (art. 2103 c.c. - lato passivo),adempimenti_propedeutici,adempimenti_propedeutici,adempimenti_propedeutici,adempimenti_propedeutici,True,True,True,True,True,"1,2,3,4,5,6","1,2,3,4,5,6",,,,False,,ok
kb_98_top9_set6_parte2.json,TOP9_CODICI_FREQUENTI_SET6_PARTE2,GUIDA_DEMANSIONAMENTO_DEQUALIFICAZIONE_220030,Demansionamento / dequalificazione professionale (art. 2103 c.c. - lato passivo),richiesta_provvedimenti_urgenti,richiesta_provvedimenti_urgenti,richiesta_provvedimenti_urgenti,richiesta_provvedimenti_urgenti,False,False,False,True,False,,,,,,False,,ok
kb_98_top9_set6_parte2.json,TOP9_CODICI_FREQUENTI_SET6_PARTE2,GUIDA_DEMANSIONAMENTO_DEQUALIFICAZIONE_220030,Demansionamento / dequalificazione professionale (art. 2103 c.c. - lato passivo),avvertimenti_obbligatori,atto_principale.avvertimenti_obbligatori,atto_principale.avvertimenti_obbligatori,atto_principale.avvertimenti_obbligatori,True,True,True,True,True,,,,,,False,,ok
kb_98_top9_set6_parte2.json,TOP9_CODICI_FREQUENTI_SET6_PARTE2,GUIDA_DEMANSIONAMENTO_DEQUALIFICAZIONE_220030,Demansionamento / dequalificazione professionale (art. 2103 c.c. - lato passivo),allegati_obbligatori,allegati_obbligatori,allegati_obbligatori,allegati_obbligatori,True,True,True,True,True,,,,,,False,,ok
kb_98_top9_set6_parte2.json,TOP9_CODICI_FREQUENTI_SET6_PARTE2,GUIDA_DEMANSIONAMENTO_DEQUALIFICAZIONE_220030,Demansionamento / dequalificazione professionale (art. 2103 c.c. - lato passivo),termini_processuali,termini_processuali,termini_processuali,termini_processuali,True,True,True,True,True,,,,,,False,,ok
kb_98_top9_set6_parte2.json,TOP9_CODICI_FREQUENTI_SET6_PARTE2,GUIDA_DEMANSIONAMENTO_DEQUALIFICAZIONE_220030,Demansionamento / dequalificazione professionale (art. 2103 c.c. - lato passivo),esiti_processuali_tipici,esiti_processuali_tipici,esiti_processuali_tipici,esiti_processuali_tipici,True,True,True,True,True,,,,,,False,,ok
kb_98_top9_set6_parte2.json,TOP9_CODICI_FREQUENTI_SET6_PARTE2,GUIDA_DEMANSIONAMENTO_DEQUALIFICAZIONE_220030,Demansionamento / dequalificazione professionale (art. 2103 c.c. - lato passivo),normativa,normativa,normativa,normativa,True,True,True,True,True,,,,,,False,,ok
kb_98_top9_set6_parte2.json,TOP9_CODICI_FREQUENTI_SET6_PARTE2,GUIDA_DEMANSIONAMENTO_DEQUALIFICAZIONE_220030,Demansionamento / dequalificazione professionale (art. 2103 c.c. - lato passivo),atto_principale,atto_principale,atto_principale,atto_principale,True,True,True,True,True,,,,,,False,,ok
kb_98_top9_set6_parte2.json,TOP9_CODICI_FREQUENTI_SET6_PARTE2,GUIDA_DEMANSIONAMENTO_DEQUALIFICAZIONE_220030,Demansionamento / dequalificazione professionale (art. 2103 c.c. - lato passivo),fonti_verifica_web,fonti_verifica_web,fonti_verifica_web,fonti_verifica_web,False,False,True,True,True,,,,,,False,,ok
kb_98_top9_set6_parte2.json,TOP9_CODICI_FREQUENTI_SET6_PARTE2,GUIDA_DEMANSIONAMENTO_DEQUALIFICAZIONE_220030,Demansionamento / dequalificazione professionale (art. 2103 c.c. - lato passivo),presidi_operativi_integrativi,presidi_operativi_integrativi,presidi_operativi_integrativi,presidi_operativi_integrativi,False,False,True,True,True,,,,,,False,,ok
kb_98_top9_set6_parte2.json,TOP9_CODICI_FREQUENTI_SET6_PARTE2,GUIDA_DEMANSIONAMENTO_DEQUALIFICAZIONE_220030,Demansionamento / dequalificazione professionale (art. 2103 c.c. - lato passivo),specialistica:regime_post_dlgs_81_2015,regime_post_dlgs_81_2015,regime_post_dlgs_81_2015,regime_post_dlgs_81_2015,True,True,True,True,True,,,,,,False,,ok
kb_98_top9_set6_parte2.json,TOP9_CODICI_FREQUENTI_SET6_PARTE2,GUIDA_DEMANSIONAMENTO_DEQUALIFICAZIONE_220030,Demansionamento / dequalificazione professionale (art. 2103 c.c. - lato passivo),specialistica:tipologie_di_danno_risarcibili,tipologie_di_danno_risarcibili,tipologie_di_danno_risarcibili,tipologie_di_danno_risarcibili,True,True,True,True,True,,,,,,False,,ok
kb_98_top9_set7_parte1.json,TOP9_CODICI_FREQUENTI_SET7_PARTE1,011001,Sequestro conservativo (art. 671 c.p.c.),denominazione,denominazione,denominazione,denominazione,True,True,True,True,True,,,,Sequestro conservativo (art. 671 c.p.c.),Sequestro conservativo (art. 671 c.p.c.),False,,ok
kb_98_top9_set7_parte1.json,TOP9_CODICI_FREQUENTI_SET7_PARTE1,011001,Sequestro conservativo (art. 671 c.p.c.),categoria,categoria,categoria,categoria,True,True,True,True,True,,,,Procedimenti cautelari - tutela del credito,Procedimenti cautelari - tutela del credito,False,,ok
kb_98_top9_set7_parte1.json,TOP9_CODICI_FREQUENTI_SET7_PARTE1,011001,Sequestro conservativo (art. 671 c.p.c.),sottocategoria,sottocategoria,sottocategoria,sottocategoria,True,True,True,True,True,,,,Sequestro conservativo a garanzia di un credito - ante causam o in corso di causa,Sequestro conservativo a garanzia di un credito - ante causam o in corso di causa,False,,ok
kb_98_top9_set7_parte1.json,TOP9_CODICI_FREQUENTI_SET7_PARTE1,011001,Sequestro conservativo (art. 671 c.p.c.),rito,rito,rito,rito,True,True,True,True,True,,,,Procedimento cautelare uniforme ex artt. 669-bis e ss. c.p.c.,Procedimento cautelare uniforme ex artt. 669-bis e ss. c.p.c.,False,,ok
kb_98_top9_set7_parte1.json,TOP9_CODICI_FREQUENTI_SET7_PARTE1,011001,Sequestro conservativo (art. 671 c.p.c.),competenza,competenza,competenza,competenza,True,True,True,True,True,,,,Giudice della causa di merito (se in corso) o Tribunale del foro del merito (ante causam) ex art. 669-ter c.p.c.,Giudice della causa di merito (se in corso) o Tribunale del foro del merito (ante causam) ex art. 669-ter c.p.c.,False,,ok
kb_98_top9_set7_parte1.json,TOP9_CODICI_FREQUENTI_SET7_PARTE1,011001,Sequestro conservativo (art. 671 c.p.c.),uffici_destinatari,uffici_destinatari,uffici_destinatari,uffici_destinatari,True,True,True,True,True,,,,,,False,,ok
kb_98_top9_set7_parte1.json,TOP9_CODICI_FREQUENTI_SET7_PARTE1,011001,Sequestro conservativo (art. 671 c.p.c.),tipologie_di_intervento,tipologie_di_intervento,tipologie_di_intervento,tipologie_di_intervento,False,False,False,True,False,,,,,,False,,ok
kb_98_top9_set7_parte1.json,TOP9_CODICI_FREQUENTI_SET7_PARTE1,011001,Sequestro conservativo (art. 671 c.p.c.),presupposti_sostanziali,presupposti_sostanziali,presupposti_sostanziali,presupposti_sostanziali,True,True,True,True,True,,,,,,False,,ok
kb_98_top9_set7_parte1.json,TOP9_CODICI_FREQUENTI_SET7_PARTE1,011001,Sequestro conservativo (art. 671 c.p.c.),legittimati_attivi,legittimati_attivi,legittimati_attivi,legittimati_attivi,False,False,False,True,False,,,,,,False,,ok
kb_98_top9_set7_parte1.json,TOP9_CODICI_FREQUENTI_SET7_PARTE1,011001,Sequestro conservativo (art. 671 c.p.c.),obbligo_mediazione,obbligo_mediazione,obbligo_mediazione,obbligo_mediazione,True,True,True,True,True,,,,,,False,,ok
kb_98_top9_set7_parte1.json,TOP9_CODICI_FREQUENTI_SET7_PARTE1,011001,Sequestro conservativo (art. 671 c.p.c.),adempimenti_propedeutici,adempimenti_propedeutici,adempimenti_propedeutici,adempimenti_propedeutici,True,True,True,True,True,"1,2,3,4,5","1,2,3,4,5",,,,False,,ok
kb_98_top9_set7_parte1.json,TOP9_CODICI_FREQUENTI_SET7_PARTE1,011001,Sequestro conservativo (art. 671 c.p.c.),richiesta_provvedimenti_urgenti,richiesta_provvedimenti_urgenti,richiesta_provvedimenti_urgenti,richiesta_provvedimenti_urgenti,False,False,False,True,False,,,,,,False,,ok
kb_98_top9_set7_parte1.json,TOP9_CODICI_FREQUENTI_SET7_PARTE1,011001,Sequestro conservativo (art. 671 c.p.c.),avvertimenti_obbligatori,atto_principale.avvertimenti_obbligatori,atto_principale.avvertimenti_obbligatori,atto_principale.avvertimenti_obbligatori,True,True,True,True,True,,,,,,False,,ok
kb_98_top9_set7_parte1.json,TOP9_CODICI_FREQUENTI_SET7_PARTE1,011001,Sequestro conservativo (art. 671 c.p.c.),allegati_obbligatori,allegati_obbligatori,allegati_obbligatori,allegati_obbligatori,True,True,True,True,True,,,,,,False,,ok
kb_98_top9_set7_parte1.json,TOP9_CODICI_FREQUENTI_SET7_PARTE1,011001,Sequestro conservativo (art. 671 c.p.c.),termini_processuali,termini_processuali,termini_processuali,termini_processuali,True,True,True,True,True,,,,,,False,,ok
kb_98_top9_set7_parte1.json,TOP9_CODICI_FREQUENTI_SET7_PARTE1,011001,Sequestro conservativo (art. 671 c.p.c.),esiti_processuali_tipici,esiti_processuali_tipici,esiti_processuali_tipici,esiti_processuali_tipici,True,True,True,True,True,,,,,,False,,ok
kb_98_top9_set7_parte1.json,TOP9_CODICI_FREQUENTI_SET7_PARTE1,011001,Sequestro conservativo (art. 671 c.p.c.),normativa,normativa,normativa,normativa,True,True,True,True,True,,,,,,False,,ok
kb_98_top9_set7_parte1.json,TOP9_CODICI_FREQUENTI_SET7_PARTE1,011001,Sequestro conservativo (art. 671 c.p.c.),atto_principale,atto_principale,atto_principale,atto_principale,True,True,True,True,True,,,,,,False,,ok
kb_98_top9_set7_parte1.json,TOP9_CODICI_FREQUENTI_SET7_PARTE1,011001,Sequestro conservativo (art. 671 c.p.c.),fonti_verifica_web,fonti_verifica_web,fonti_verifica_web,fonti_verifica_web,True,True,True,True,True,,,,,,False,,ok
kb_98_top9_set7_parte1.json,TOP9_CODICI_FREQUENTI_SET7_PARTE1,011001,Sequestro conservativo (art. 671 c.p.c.),presidi_operativi_integrativi,presidi_operativi_integrativi,presidi_operativi_integrativi,presidi_operativi_integrativi,False,False,True,True,True,,,,,,False,,ok
kb_98_top9_set7_parte1.json,TOP9_CODICI_FREQUENTI_SET7_PARTE1,011001,Sequestro conservativo (art. 671 c.p.c.),specialistica:elementi_che_concretano_il_periculum,elementi_che_concretano_il_periculum,elementi_che_concretano_il_periculum,elementi_che_concretano_il_periculum,True,True,True,True,True,,,,,,False,,ok
kb_98_top9_set7_parte1.json,TOP9_CODICI_FREQUENTI_SET7_PARTE1,170001,Azione di nullità o decadenza di marchio (CPI artt. 19-28),denominazione,denominazione,denominazione,denominazione,True,True,True,True,True,,,,Azione di nullità o decadenza di marchio (CPI artt. 19-28),Azione di nullità o decadenza di marchio (CPI artt. 19-28),False,,ok
kb_98_top9_set7_parte1.json,TOP9_CODICI_FREQUENTI_SET7_PARTE1,170001,Azione di nullità o decadenza di marchio (CPI artt. 19-28),categoria,categoria,categoria,categoria,True,True,True,True,True,,,,Diritto industriale - proprietà industriale,Diritto industriale - proprietà industriale,False,,ok
kb_98_top9_set7_parte1.json,TOP9_CODICI_FREQUENTI_SET7_PARTE1,170001,Azione di nullità o decadenza di marchio (CPI artt. 19-28),sottocategoria,sottocategoria,sottocategoria,sottocategoria,True,True,True,True,True,,,,Azione di nullità o decadenza di marchio registrato,Azione di nullità o decadenza di marchio registrato,False,,ok
kb_98_top9_set7_parte1.json,TOP9_CODICI_FREQUENTI_SET7_PARTE1,170001,Azione di nullità o decadenza di marchio (CPI artt. 19-28),rito,rito,rito,rito,True,True,True,True,True,,,,Rito ordinario di cognizione,Rito ordinario di cognizione,False,,ok
kb_98_top9_set7_parte1.json,TOP9_CODICI_FREQUENTI_SET7_PARTE1,170001,Azione di nullità o decadenza di marchio (CPI artt. 19-28),competenza,competenza,competenza,competenza,True,True,True,True,True,,,,TRIBUNALE SEZIONE SPECIALIZZATA IN MATERIA DI IMPRESA (D.Lgs. 168/2003 + D.L. 1/2012),TRIBUNALE SEZIONE SPECIALIZZATA IN MATERIA DI IMPRESA (D.Lgs. 168/2003 + D.L. 1/2012),False,,ok
kb_98_top9_set7_parte1.json,TOP9_CODICI_FREQUENTI_SET7_PARTE1,170001,Azione di nullità o decadenza di marchio (CPI artt. 19-28),uffici_destinatari,uffici_destinatari,uffici_destinatari,uffici_destinatari,True,True,True,True,True,,,,,,False,,ok
kb_98_top9_set7_parte1.json,TOP9_CODICI_FREQUENTI_SET7_PARTE1,170001,Azione di nullità o decadenza di marchio (CPI artt. 19-28),tipologie_di_intervento,tipologie_di_intervento,tipologie_di_intervento,tipologie_di_intervento,False,True,True,True,True,,,,,,False,,ok
kb_98_top9_set7_parte1.json,TOP9_CODICI_FREQUENTI_SET7_PARTE1,170001,Azione di nullità o decadenza di marchio (CPI artt. 19-28),presupposti_sostanziali,presupposti_sostanziali,presupposti_sostanziali,presupposti_sostanziali,True,True,True,True,True,,,,,,False,,ok
kb_98_top9_set7_parte1.json,TOP9_CODICI_FREQUENTI_SET7_PARTE1,170001,Azione di nullità o decadenza di marchio (CPI artt. 19-28),legittimati_attivi,legittimati_attivi,legittimati_attivi,legittimati_attivi,False,True,True,True,True,,,,,,False,,ok
kb_98_top9_set7_parte1.json,TOP9_CODICI_FREQUENTI_SET7_PARTE1,170001,Azione di nullità o decadenza di marchio (CPI artt. 19-28),obbligo_mediazione,obbligo_mediazione,obbligo_mediazione,obbligo_mediazione,True,True,True,True,True,,,,,,False,,ok
kb_98_top9_set7_parte1.json,TOP9_CODICI_FREQUENTI_SET7_PARTE1,170001,Azione di nullità o decadenza di marchio (CPI artt. 19-28),adempimenti_propedeutici,adempimenti_propedeutici,adempimenti_propedeutici,adempimenti_propedeutici,True,True,True,True,True,"1,2,3,4","1,2,3,4,5",,,,False,,ok
kb_98_top9_set7_parte1.json,TOP9_CODICI_FREQUENTI_SET7_PARTE1,170001,Azione di nullità o decadenza di marchio (CPI artt. 19-28),richiesta_provvedimenti_urgenti,richiesta_provvedimenti_urgenti,richiesta_provvedimenti_urgenti,richiesta_provvedimenti_urgenti,False,True,True,True,True,,,,,,False,,ok
kb_98_top9_set7_parte1.json,TOP9_CODICI_FREQUENTI_SET7_PARTE1,170001,Azione di nullità o decadenza di marchio (CPI artt. 19-28),avvertimenti_obbligatori,atto_principale.avvertimenti_obbligatori,avvertimenti_obbligatori,avvertimenti_obbligatori,True,True,True,True,True,,,,,,False,,ok
kb_98_top9_set7_parte1.json,TOP9_CODICI_FREQUENTI_SET7_PARTE1,170001,Azione di nullità o decadenza di marchio (CPI artt. 19-28),allegati_obbligatori,allegati_obbligatori,allegati_obbligatori,allegati_obbligatori,True,True,True,True,True,,,,,,False,,ok
kb_98_top9_set7_parte1.json,TOP9_CODICI_FREQUENTI_SET7_PARTE1,170001,Azione di nullità o decadenza di marchio (CPI artt. 19-28),termini_processuali,termini_processuali,termini_processuali,termini_processuali,True,True,True,True,True,,,,,,False,,ok
kb_98_top9_set7_parte1.json,TOP9_CODICI_FREQUENTI_SET7_PARTE1,170001,Azione di nullità o decadenza di marchio (CPI artt. 19-28),esiti_processuali_tipici,esiti_processuali_tipici,esiti_processuali_tipici,esiti_processuali_tipici,True,True,True,True,True,,,,,,False,,ok
kb_98_top9_set7_parte1.json,TOP9_CODICI_FREQUENTI_SET7_PARTE1,170001,Azione di nullità o decadenza di marchio (CPI artt. 19-28),normativa,normativa,normativa,normativa,True,True,True,True,True,,,,,,False,,ok
kb_98_top9_set7_parte1.json,TOP9_CODICI_FREQUENTI_SET7_PARTE1,170001,Azione di nullità o decadenza di marchio (CPI artt. 19-28),atto_principale,atto_principale,atto_principale,atto_principale,True,True,True,True,True,,,,,,False,,ok
kb_98_top9_set7_parte1.json,TOP9_CODICI_FREQUENTI_SET7_PARTE1,170001,Azione di nullità o decadenza di marchio (CPI artt. 19-28),fonti_verifica_web,fonti_verifica_web,fonti_verifica_web,fonti_verifica_web,True,True,True,True,True,,,,,,False,,ok
kb_98_top9_set7_parte1.json,TOP9_CODICI_FREQUENTI_SET7_PARTE1,170001,Azione di nullità o decadenza di marchio (CPI artt. 19-28),presidi_operativi_integrativi,presidi_operativi_integrativi,presidi_operativi_integrativi,presidi_operativi_integrativi,False,False,True,True,True,,,,,,False,,ok
kb_98_top9_set7_parte1.json,TOP9_CODICI_FREQUENTI_SET7_PARTE1,170001,Azione di nullità o decadenza di marchio (CPI artt. 19-28),specialistica:competenza_territoriale,competenza_territoriale,competenza_territoriale,competenza_territoriale,True,True,True,True,True,,,,,,False,,ok
kb_98_top9_set7_parte1.json,TOP9_CODICI_FREQUENTI_SET7_PARTE1,170001,Azione di nullità o decadenza di marchio (CPI artt. 19-28),specialistica:cause_di_nullita_assoluta_art_25,cause_di_nullita_assoluta_art_25,cause_di_nullita_assoluta_art_25,cause_di_nullita_assoluta_art_25,True,True,True,True,True,,,,,,False,,ok
kb_98_top9_set7_parte1.json,TOP9_CODICI_FREQUENTI_SET7_PARTE1,170001,Azione di nullità o decadenza di marchio (CPI artt. 19-28),specialistica:cause_di_nullita_relativa_art_25,cause_di_nullita_relativa_art_25,cause_di_nullita_relativa_art_25,cause_di_nullita_relativa_art_25,True,True,True,True,True,,,,,,False,,ok
kb_98_top9_set7_parte1.json,TOP9_CODICI_FREQUENTI_SET7_PARTE1,170001,Azione di nullità o decadenza di marchio (CPI artt. 19-28),specialistica:cause_di_decadenza_artt_22_24,cause_di_decadenza_artt_22_24,cause_di_decadenza_artt_22_24,cause_di_decadenza_artt_22_24,True,True,True,True,True,,,,,,False,,ok
kb_98_top9_set7_parte1.json,TOP9_CODICI_FREQUENTI_SET7_PARTE1,GUIDA_GARANZIA_VIZI_COSA_VENDUTA_140011,Garanzia per i vizi della cosa venduta (artt. 1490-1495 c.c.),denominazione,denominazione,denominazione,denominazione,True,True,True,True,True,,,,Garanzia per i vizi della cosa venduta (artt. 1490-1495 c.c.),Garanzia per i vizi della cosa venduta (artt. 1490-1495 c.c.),False,,ok
kb_98_top9_set7_parte1.json,TOP9_CODICI_FREQUENTI_SET7_PARTE1,GUIDA_GARANZIA_VIZI_COSA_VENDUTA_140011,Garanzia per i vizi della cosa venduta (artt. 1490-1495 c.c.),categoria,categoria,categoria,categoria,True,True,True,True,True,,,,Contratti - vendita - patologia,Contratti - vendita - patologia,False,,ok
kb_98_top9_set7_parte1.json,TOP9_CODICI_FREQUENTI_SET7_PARTE1,GUIDA_GARANZIA_VIZI_COSA_VENDUTA_140011,Garanzia per i vizi della cosa venduta (artt. 1490-1495 c.c.),sottocategoria,sottocategoria,sottocategoria,sottocategoria,True,True,True,True,True,,,,"Azione del compratore per vizi della cosa venduta - opzione tra risoluzione, riduzione prezzo, risarcimento","Azione del compratore per vizi della cosa venduta - opzione tra risoluzione, riduzione prezzo, risarcimento",False,,ok
kb_98_top9_set7_parte1.json,TOP9_CODICI_FREQUENTI_SET7_PARTE1,GUIDA_GARANZIA_VIZI_COSA_VENDUTA_140011,Garanzia per i vizi della cosa venduta (artt. 1490-1495 c.c.),rito,rito,rito,rito,True,True,True,True,True,,,,Rito ordinario di cognizione,Rito ordinario di cognizione,False,,ok
kb_98_top9_set7_parte1.json,TOP9_CODICI_FREQUENTI_SET7_PARTE1,GUIDA_GARANZIA_VIZI_COSA_VENDUTA_140011,Garanzia per i vizi della cosa venduta (artt. 1490-1495 c.c.),competenza,competenza,competenza,competenza,True,True,True,True,True,,,,Tribunale o GdP (per valore); foro esecuzione contratto (art. 20) o residenza convenuto,Tribunale o GdP (per valore); foro esecuzione contratto (art. 20) o residenza convenuto,False,,ok
kb_98_top9_set7_parte1.json,TOP9_CODICI_FREQUENTI_SET7_PARTE1,GUIDA_GARANZIA_VIZI_COSA_VENDUTA_140011,Garanzia per i vizi della cosa venduta (artt. 1490-1495 c.c.),uffici_destinatari,uffici_destinatari,uffici_destinatari,uffici_destinatari,True,True,True,True,True,,,,,,False,,ok
kb_98_top9_set7_parte1.json,TOP9_CODICI_FREQUENTI_SET7_PARTE1,GUIDA_GARANZIA_VIZI_COSA_VENDUTA_140011,Garanzia per i vizi della cosa venduta (artt. 1490-1495 c.c.),tipologie_di_intervento,tipologie_di_intervento,tipologie_di_intervento,tipologie_di_intervento,False,False,False,True,False,,,,,,False,,ok
kb_98_top9_set7_parte1.json,TOP9_CODICI_FREQUENTI_SET7_PARTE1,GUIDA_GARANZIA_VIZI_COSA_VENDUTA_140011,Garanzia per i vizi della cosa venduta (artt. 1490-1495 c.c.),presupposti_sostanziali,presupposti_sostanziali,presupposti_sostanziali,presupposti_sostanziali,True,True,True,True,True,,,,,,False,,ok
kb_98_top9_set7_parte1.json,TOP9_CODICI_FREQUENTI_SET7_PARTE1,GUIDA_GARANZIA_VIZI_COSA_VENDUTA_140011,Garanzia per i vizi della cosa venduta (artt. 1490-1495 c.c.),legittimati_attivi,legittimati_attivi,legittimati_attivi,legittimati_attivi,False,False,False,True,False,,,,,,False,,ok
kb_98_top9_set7_parte1.json,TOP9_CODICI_FREQUENTI_SET7_PARTE1,GUIDA_GARANZIA_VIZI_COSA_VENDUTA_140011,Garanzia per i vizi della cosa venduta (artt. 1490-1495 c.c.),obbligo_mediazione,obbligo_mediazione,obbligo_mediazione,obbligo_mediazione,True,True,True,True,True,,,,,,False,,ok
kb_98_top9_set7_parte1.json,TOP9_CODICI_FREQUENTI_SET7_PARTE1,GUIDA_GARANZIA_VIZI_COSA_VENDUTA_140011,Garanzia per i vizi della cosa venduta (artt. 1490-1495 c.c.),adempimenti_propedeutici,adempimenti_propedeutici,adempimenti_propedeutici,adempimenti_propedeutici,True,True,True,True,True,"1,2,3,4,5,6","1,2,3,4,5,6",,,,False,,ok
kb_98_top9_set7_parte1.json,TOP9_CODICI_FREQUENTI_SET7_PARTE1,GUIDA_GARANZIA_VIZI_COSA_VENDUTA_140011,Garanzia per i vizi della cosa venduta (artt. 1490-1495 c.c.),richiesta_provvedimenti_urgenti,richiesta_provvedimenti_urgenti,richiesta_provvedimenti_urgenti,richiesta_provvedimenti_urgenti,False,False,False,True,False,,,,,,False,,ok
kb_98_top9_set7_parte1.json,TOP9_CODICI_FREQUENTI_SET7_PARTE1,GUIDA_GARANZIA_VIZI_COSA_VENDUTA_140011,Garanzia per i vizi della cosa venduta (artt. 1490-1495 c.c.),avvertimenti_obbligatori,atto_principale.avvertimenti_obbligatori,atto_principale.avvertimenti_obbligatori,atto_principale.avvertimenti_obbligatori,True,True,True,True,True,,,,,,False,,ok
kb_98_top9_set7_parte1.json,TOP9_CODICI_FREQUENTI_SET7_PARTE1,GUIDA_GARANZIA_VIZI_COSA_VENDUTA_140011,Garanzia per i vizi della cosa venduta (artt. 1490-1495 c.c.),allegati_obbligatori,allegati_obbligatori,allegati_obbligatori,allegati_obbligatori,True,True,True,True,True,,,,,,False,,ok
kb_98_top9_set7_parte1.json,TOP9_CODICI_FREQUENTI_SET7_PARTE1,GUIDA_GARANZIA_VIZI_COSA_VENDUTA_140011,Garanzia per i vizi della cosa venduta (artt. 1490-1495 c.c.),termini_processuali,termini_processuali,termini_processuali,termini_processuali,True,True,True,True,True,,,,,,False,,ok
kb_98_top9_set7_parte1.json,TOP9_CODICI_FREQUENTI_SET7_PARTE1,GUIDA_GARANZIA_VIZI_COSA_VENDUTA_140011,Garanzia per i vizi della cosa venduta (artt. 1490-1495 c.c.),esiti_processuali_tipici,esiti_processuali_tipici,esiti_processuali_tipici,esiti_processuali_tipici,True,True,True,True,True,,,,,,False,,ok
kb_98_top9_set7_parte1.json,TOP9_CODICI_FREQUENTI_SET7_PARTE1,GUIDA_GARANZIA_VIZI_COSA_VENDUTA_140011,Garanzia per i vizi della cosa venduta (artt. 1490-1495 c.c.),normativa,normativa,normativa,normativa,True,True,True,True,True,,,,,,False,,ok
kb_98_top9_set7_parte1.json,TOP9_CODICI_FREQUENTI_SET7_PARTE1,GUIDA_GARANZIA_VIZI_COSA_VENDUTA_140011,Garanzia per i vizi della cosa venduta (artt. 1490-1495 c.c.),atto_principale,atto_principale,atto_principale,atto_principale,True,True,True,True,True,,,,,,False,,ok
kb_98_top9_set7_parte1.json,TOP9_CODICI_FREQUENTI_SET7_PARTE1,GUIDA_GARANZIA_VIZI_COSA_VENDUTA_140011,Garanzia per i vizi della cosa venduta (artt. 1490-1495 c.c.),fonti_verifica_web,fonti_verifica_web,fonti_verifica_web,fonti_verifica_web,True,True,True,True,True,,,,,,False,,ok
kb_98_top9_set7_parte1.json,TOP9_CODICI_FREQUENTI_SET7_PARTE1,GUIDA_GARANZIA_VIZI_COSA_VENDUTA_140011,Garanzia per i vizi della cosa venduta (artt. 1490-1495 c.c.),presidi_operativi_integrativi,presidi_operativi_integrativi,presidi_operativi_integrativi,presidi_operativi_integrativi,False,False,True,True,True,,,,,,False,,ok
kb_98_top9_set7_parte1.json,TOP9_CODICI_FREQUENTI_SET7_PARTE1,GUIDA_GARANZIA_VIZI_COSA_VENDUTA_140011,Garanzia per i vizi della cosa venduta (artt. 1490-1495 c.c.),specialistica:tipologie_di_azione_a_scelta_compratore_1492,tipologie_di_azione_a_scelta_compratore_1492,tipologie_di_azione_a_scelta_compratore_1492,tipologie_di_azione_a_scelta_compratore_1492,True,True,True,True,True,,,,,,False,,ok
kb_98_top9_set7_parte1.json,TOP9_CODICI_FREQUENTI_SET7_PARTE1,GUIDA_GARANZIA_VIZI_COSA_VENDUTA_140011,Garanzia per i vizi della cosa venduta (artt. 1490-1495 c.c.),specialistica:differenza_vendita_consumo_vs_civile,differenza_vendita_consumo_vs_civile,differenza_vendita_consumo_vs_civile,differenza_vendita_consumo_vs_civile,True,True,True,True,True,,,,,,False,,ok
kb_98_top9_set7_parte1.json,TOP9_CODICI_FREQUENTI_SET7_PARTE1,GUIDA_RESPONSABILITA_COSE_CUSTODIA_160021,Responsabilità da cose in custodia (art. 2051 c.c.),denominazione,denominazione,denominazione,denominazione,True,True,True,True,True,,,,Responsabilità da cose in custodia (art. 2051 c.c.),Responsabilità da cose in custodia (art. 2051 c.c.),False,,ok
kb_98_top9_set7_parte1.json,TOP9_CODICI_FREQUENTI_SET7_PARTE1,GUIDA_RESPONSABILITA_COSE_CUSTODIA_160021,Responsabilità da cose in custodia (art. 2051 c.c.),categoria,categoria,categoria,categoria,True,True,True,True,True,,,,Responsabilità civile - responsabilità oggettiva o aggravata,Responsabilità civile - responsabilità oggettiva o aggravata,False,,ok
kb_98_top9_set7_parte1.json,TOP9_CODICI_FREQUENTI_SET7_PARTE1,GUIDA_RESPONSABILITA_COSE_CUSTODIA_160021,Responsabilità da cose in custodia (art. 2051 c.c.),sottocategoria,sottocategoria,sottocategoria,sottocategoria,True,True,True,True,True,,,,Azione di risarcimento per danni causati da cose in custodia - inversione onere prova,Azione di risarcimento per danni causati da cose in custodia - inversione onere prova,False,,ok
kb_98_top9_set7_parte1.json,TOP9_CODICI_FREQUENTI_SET7_PARTE1,GUIDA_RESPONSABILITA_COSE_CUSTODIA_160021,Responsabilità da cose in custodia (art. 2051 c.c.),rito,rito,rito,rito,True,True,True,True,True,,,,Rito ordinario di cognizione,Rito ordinario di cognizione,False,,ok
kb_98_top9_set7_parte1.json,TOP9_CODICI_FREQUENTI_SET7_PARTE1,GUIDA_RESPONSABILITA_COSE_CUSTODIA_160021,Responsabilità da cose in custodia (art. 2051 c.c.),competenza,competenza,competenza,competenza,True,True,True,True,True,,,,Tribunale o GdP (per valore); foro residenza convenuto o luogo fatto illecito,Tribunale o GdP (per valore); foro residenza convenuto o luogo fatto illecito,False,,ok
kb_98_top9_set7_parte1.json,TOP9_CODICI_FREQUENTI_SET7_PARTE1,GUIDA_RESPONSABILITA_COSE_CUSTODIA_160021,Responsabilità da cose in custodia (art. 2051 c.c.),uffici_destinatari,uffici_destinatari,uffici_destinatari,uffici_destinatari,True,True,True,True,True,,,,,,False,,ok
kb_98_top9_set7_parte1.json,TOP9_CODICI_FREQUENTI_SET7_PARTE1,GUIDA_RESPONSABILITA_COSE_CUSTODIA_160021,Responsabilità da cose in custodia (art. 2051 c.c.),tipologie_di_intervento,tipologie_di_intervento,tipologie_di_intervento,tipologie_di_intervento,False,False,False,True,False,,,,,,False,,ok
kb_98_top9_set7_parte1.json,TOP9_CODICI_FREQUENTI_SET7_PARTE1,GUIDA_RESPONSABILITA_COSE_CUSTODIA_160021,Responsabilità da cose in custodia (art. 2051 c.c.),presupposti_sostanziali,presupposti_sostanziali,presupposti_sostanziali,presupposti_sostanziali,True,True,True,True,True,,,,,,False,,ok
kb_98_top9_set7_parte1.json,TOP9_CODICI_FREQUENTI_SET7_PARTE1,GUIDA_RESPONSABILITA_COSE_CUSTODIA_160021,Responsabilità da cose in custodia (art. 2051 c.c.),legittimati_attivi,legittimati_attivi,legittimati_attivi,legittimati_attivi,False,False,False,True,False,,,,,,False,,ok
kb_98_top9_set7_parte1.json,TOP9_CODICI_FREQUENTI_SET7_PARTE1,GUIDA_RESPONSABILITA_COSE_CUSTODIA_160021,Responsabilità da cose in custodia (art. 2051 c.c.),obbligo_mediazione,obbligo_mediazione,obbligo_mediazione,obbligo_mediazione,True,True,True,True,True,,,,,,False,,ok
kb_98_top9_set7_parte1.json,TOP9_CODICI_FREQUENTI_SET7_PARTE1,GUIDA_RESPONSABILITA_COSE_CUSTODIA_160021,Responsabilità da cose in custodia (art. 2051 c.c.),adempimenti_propedeutici,adempimenti_propedeutici,adempimenti_propedeutici,adempimenti_propedeutici,True,True,True,True,True,"1,2,3,4,5","1,2,3,4,5",,,,False,,ok
kb_98_top9_set7_parte1.json,TOP9_CODICI_FREQUENTI_SET7_PARTE1,GUIDA_RESPONSABILITA_COSE_CUSTODIA_160021,Responsabilità da cose in custodia (art. 2051 c.c.),richiesta_provvedimenti_urgenti,richiesta_provvedimenti_urgenti,richiesta_provvedimenti_urgenti,richiesta_provvedimenti_urgenti,False,False,False,True,False,,,,,,False,,ok
kb_98_top9_set7_parte1.json,TOP9_CODICI_FREQUENTI_SET7_PARTE1,GUIDA_RESPONSABILITA_COSE_CUSTODIA_160021,Responsabilità da cose in custodia (art. 2051 c.c.),avvertimenti_obbligatori,atto_principale.avvertimenti_obbligatori,atto_principale.avvertimenti_obbligatori,atto_principale.avvertimenti_obbligatori,True,True,True,True,True,,,,,,False,,ok
kb_98_top9_set7_parte1.json,TOP9_CODICI_FREQUENTI_SET7_PARTE1,GUIDA_RESPONSABILITA_COSE_CUSTODIA_160021,Responsabilità da cose in custodia (art. 2051 c.c.),allegati_obbligatori,allegati_obbligatori,allegati_obbligatori,allegati_obbligatori,True,True,True,True,True,,,,,,False,,ok
kb_98_top9_set7_parte1.json,TOP9_CODICI_FREQUENTI_SET7_PARTE1,GUIDA_RESPONSABILITA_COSE_CUSTODIA_160021,Responsabilità da cose in custodia (art. 2051 c.c.),termini_processuali,termini_processuali,termini_processuali,termini_processuali,True,True,True,True,True,,,,,,False,,ok
kb_98_top9_set7_parte1.json,TOP9_CODICI_FREQUENTI_SET7_PARTE1,GUIDA_RESPONSABILITA_COSE_CUSTODIA_160021,Responsabilità da cose in custodia (art. 2051 c.c.),esiti_processuali_tipici,esiti_processuali_tipici,esiti_processuali_tipici,esiti_processuali_tipici,True,True,True,True,True,,,,,,False,,ok
kb_98_top9_set7_parte1.json,TOP9_CODICI_FREQUENTI_SET7_PARTE1,GUIDA_RESPONSABILITA_COSE_CUSTODIA_160021,Responsabilità da cose in custodia (art. 2051 c.c.),normativa,normativa,normativa,normativa,True,True,True,True,True,,,,,,False,,ok
kb_98_top9_set7_parte1.json,TOP9_CODICI_FREQUENTI_SET7_PARTE1,GUIDA_RESPONSABILITA_COSE_CUSTODIA_160021,Responsabilità da cose in custodia (art. 2051 c.c.),atto_principale,atto_principale,atto_principale,atto_principale,True,True,True,True,True,,,,,,False,,ok
kb_98_top9_set7_parte1.json,TOP9_CODICI_FREQUENTI_SET7_PARTE1,GUIDA_RESPONSABILITA_COSE_CUSTODIA_160021,Responsabilità da cose in custodia (art. 2051 c.c.),fonti_verifica_web,fonti_verifica_web,fonti_verifica_web,fonti_verifica_web,True,True,True,True,True,,,,,,False,,ok
kb_98_top9_set7_parte1.json,TOP9_CODICI_FREQUENTI_SET7_PARTE1,GUIDA_RESPONSABILITA_COSE_CUSTODIA_160021,Responsabilità da cose in custodia (art. 2051 c.c.),presidi_operativi_integrativi,presidi_operativi_integrativi,presidi_operativi_integrativi,presidi_operativi_integrativi,False,False,True,True,True,,,,,,False,,ok
kb_98_top9_set7_parte1.json,TOP9_CODICI_FREQUENTI_SET7_PARTE1,GUIDA_RESPONSABILITA_COSE_CUSTODIA_160021,Responsabilità da cose in custodia (art. 2051 c.c.),specialistica:casistiche_tipiche,casistiche_tipiche,casistiche_tipiche,casistiche_tipiche,True,True,True,True,True,,,,,,False,,ok
kb_98_top9_set7_parte1.json,TOP9_CODICI_FREQUENTI_SET7_PARTE1,GUIDA_RESPONSABILITA_COSE_CUSTODIA_160021,Responsabilità da cose in custodia (art. 2051 c.c.),specialistica:caso_fortuito_come_unica_esimente,caso_fortuito_come_unica_esimente,caso_fortuito_come_unica_esimente,caso_fortuito_come_unica_esimente,True,True,True,True,True,,,,,,False,,ok
kb_98_top9_set7_parte1.json,TOP9_CODICI_FREQUENTI_SET7_PARTE1,GUIDA_DISTANZE_LEGALI_COSTRUZIONI_130011,Distanze legali tra costruzioni (artt. 873 e ss. c.c.),denominazione,denominazione,denominazione,denominazione,True,True,True,True,True,,,,Distanze legali tra costruzioni (artt. 873 e ss. c.c.),Distanze legali tra costruzioni (artt. 873 e ss. c.c.),False,,ok
kb_98_top9_set7_parte1.json,TOP9_CODICI_FREQUENTI_SET7_PARTE1,GUIDA_DISTANZE_LEGALI_COSTRUZIONI_130011,Distanze legali tra costruzioni (artt. 873 e ss. c.c.),categoria,categoria,categoria,categoria,True,True,True,True,True,,,,Diritti reali - rapporti di vicinato,Diritti reali - rapporti di vicinato,False,,ok
kb_98_top9_set7_parte1.json,TOP9_CODICI_FREQUENTI_SET7_PARTE1,GUIDA_DISTANZE_LEGALI_COSTRUZIONI_130011,Distanze legali tra costruzioni (artt. 873 e ss. c.c.),sottocategoria,sottocategoria,sottocategoria,sottocategoria,True,True,True,True,True,,,,"Azione per rispetto distanze legali tra costruzioni (edifici, muri, alberi, finestre, vedute)","Azione per rispetto distanze legali tra costruzioni (edifici, muri, alberi, finestre, vedute)",False,,ok
kb_98_top9_set7_parte1.json,TOP9_CODICI_FREQUENTI_SET7_PARTE1,GUIDA_DISTANZE_LEGALI_COSTRUZIONI_130011,Distanze legali tra costruzioni (artt. 873 e ss. c.c.),rito,rito,rito,rito,True,True,True,True,True,,,,Rito ordinario di cognizione preceduto da MEDIAZIONE OBBLIGATORIA (diritti reali),Rito ordinario di cognizione preceduto da MEDIAZIONE OBBLIGATORIA (diritti reali),False,,ok
kb_98_top9_set7_parte1.json,TOP9_CODICI_FREQUENTI_SET7_PARTE1,GUIDA_DISTANZE_LEGALI_COSTRUZIONI_130011,Distanze legali tra costruzioni (artt. 873 e ss. c.c.),competenza,competenza,competenza,competenza,True,True,True,True,True,,,,Tribunale del luogo dell'immobile (art. 21 c.p.c.) - foro esclusivo,Tribunale del luogo dell'immobile (art. 21 c.p.c.) - foro esclusivo,False,,ok
kb_98_top9_set7_parte1.json,TOP9_CODICI_FREQUENTI_SET7_PARTE1,GUIDA_DISTANZE_LEGALI_COSTRUZIONI_130011,Distanze legali tra costruzioni (artt. 873 e ss. c.c.),uffici_destinatari,uffici_destinatari,uffici_destinatari,uffici_destinatari,True,True,True,True,True,,,,,,False,,ok
kb_98_top9_set7_parte1.json,TOP9_CODICI_FREQUENTI_SET7_PARTE1,GUIDA_DISTANZE_LEGALI_COSTRUZIONI_130011,Distanze legali tra costruzioni (artt. 873 e ss. c.c.),tipologie_di_intervento,tipologie_di_intervento,tipologie_di_intervento,tipologie_di_intervento,False,False,False,True,False,,,,,,False,,ok
kb_98_top9_set7_parte1.json,TOP9_CODICI_FREQUENTI_SET7_PARTE1,GUIDA_DISTANZE_LEGALI_COSTRUZIONI_130011,Distanze legali tra costruzioni (artt. 873 e ss. c.c.),presupposti_sostanziali,presupposti_sostanziali,presupposti_sostanziali,presupposti_sostanziali,True,True,True,True,True,,,,,,False,,ok
kb_98_top9_set7_parte1.json,TOP9_CODICI_FREQUENTI_SET7_PARTE1,GUIDA_DISTANZE_LEGALI_COSTRUZIONI_130011,Distanze legali tra costruzioni (artt. 873 e ss. c.c.),legittimati_attivi,legittimati_attivi,legittimati_attivi,legittimati_attivi,False,False,False,True,False,,,,,,False,,ok
kb_98_top9_set7_parte1.json,TOP9_CODICI_FREQUENTI_SET7_PARTE1,GUIDA_DISTANZE_LEGALI_COSTRUZIONI_130011,Distanze legali tra costruzioni (artt. 873 e ss. c.c.),obbligo_mediazione,obbligo_mediazione,obbligo_mediazione,obbligo_mediazione,True,True,True,True,True,,,,,,False,,ok
kb_98_top9_set7_parte1.json,TOP9_CODICI_FREQUENTI_SET7_PARTE1,GUIDA_DISTANZE_LEGALI_COSTRUZIONI_130011,Distanze legali tra costruzioni (artt. 873 e ss. c.c.),adempimenti_propedeutici,adempimenti_propedeutici,adempimenti_propedeutici,adempimenti_propedeutici,True,True,True,True,True,"1,2,3,4,5","1,2,3,4,5",,,,False,,ok
kb_98_top9_set7_parte1.json,TOP9_CODICI_FREQUENTI_SET7_PARTE1,GUIDA_DISTANZE_LEGALI_COSTRUZIONI_130011,Distanze legali tra costruzioni (artt. 873 e ss. c.c.),richiesta_provvedimenti_urgenti,richiesta_provvedimenti_urgenti,richiesta_provvedimenti_urgenti,richiesta_provvedimenti_urgenti,False,False,False,True,False,,,,,,False,,ok
kb_98_top9_set7_parte1.json,TOP9_CODICI_FREQUENTI_SET7_PARTE1,GUIDA_DISTANZE_LEGALI_COSTRUZIONI_130011,Distanze legali tra costruzioni (artt. 873 e ss. c.c.),avvertimenti_obbligatori,atto_principale.avvertimenti_obbligatori,atto_principale.avvertimenti_obbligatori,atto_principale.avvertimenti_obbligatori,True,True,True,True,True,,,,,,False,,ok
kb_98_top9_set7_parte1.json,TOP9_CODICI_FREQUENTI_SET7_PARTE1,GUIDA_DISTANZE_LEGALI_COSTRUZIONI_130011,Distanze legali tra costruzioni (artt. 873 e ss. c.c.),allegati_obbligatori,allegati_obbligatori,allegati_obbligatori,allegati_obbligatori,True,True,True,True,True,,,,,,False,,ok
kb_98_top9_set7_parte1.json,TOP9_CODICI_FREQUENTI_SET7_PARTE1,GUIDA_DISTANZE_LEGALI_COSTRUZIONI_130011,Distanze legali tra costruzioni (artt. 873 e ss. c.c.),termini_processuali,termini_processuali,termini_processuali,termini_processuali,True,True,True,True,True,,,,,,False,,ok
kb_98_top9_set7_parte1.json,TOP9_CODICI_FREQUENTI_SET7_PARTE1,GUIDA_DISTANZE_LEGALI_COSTRUZIONI_130011,Distanze legali tra costruzioni (artt. 873 e ss. c.c.),esiti_processuali_tipici,esiti_processuali_tipici,esiti_processuali_tipici,esiti_processuali_tipici,True,True,True,True,True,,,,,,False,,ok
kb_98_top9_set7_parte1.json,TOP9_CODICI_FREQUENTI_SET7_PARTE1,GUIDA_DISTANZE_LEGALI_COSTRUZIONI_130011,Distanze legali tra costruzioni (artt. 873 e ss. c.c.),normativa,normativa,normativa,normativa,True,True,True,True,True,,,,,,False,,ok
kb_98_top9_set7_parte1.json,TOP9_CODICI_FREQUENTI_SET7_PARTE1,GUIDA_DISTANZE_LEGALI_COSTRUZIONI_130011,Distanze legali tra costruzioni (artt. 873 e ss. c.c.),atto_principale,atto_principale,atto_principale,atto_principale,True,True,True,True,True,,,,,,False,,ok
kb_98_top9_set7_parte1.json,TOP9_CODICI_FREQUENTI_SET7_PARTE1,GUIDA_DISTANZE_LEGALI_COSTRUZIONI_130011,Distanze legali tra costruzioni (artt. 873 e ss. c.c.),fonti_verifica_web,fonti_verifica_web,fonti_verifica_web,fonti_verifica_web,True,True,True,True,True,,,,,,False,,ok
kb_98_top9_set7_parte1.json,TOP9_CODICI_FREQUENTI_SET7_PARTE1,GUIDA_DISTANZE_LEGALI_COSTRUZIONI_130011,Distanze legali tra costruzioni (artt. 873 e ss. c.c.),presidi_operativi_integrativi,presidi_operativi_integrativi,presidi_operativi_integrativi,presidi_operativi_integrativi,False,False,True,True,True,,,,,,False,,ok
kb_98_top9_set7_parte1.json,TOP9_CODICI_FREQUENTI_SET7_PARTE1,GUIDA_DISTANZE_LEGALI_COSTRUZIONI_130011,Distanze legali tra costruzioni (artt. 873 e ss. c.c.),specialistica:principali_distanze_legali,principali_distanze_legali,principali_distanze_legali,principali_distanze_legali,True,True,True,True,True,,,,,,False,,ok
kb_98_top9_set7_parte1.json,TOP9_CODICI_FREQUENTI_SET7_PARTE1,GUIDA_DISTANZE_LEGALI_COSTRUZIONI_130011,Distanze legali tra costruzioni (artt. 873 e ss. c.c.),specialistica:tutele_disponibili,tutele_disponibili,tutele_disponibili,tutele_disponibili,True,True,True,True,True,,,,,,False,,ok
kb_98_top9_set7_parte2.json,TOP9_CODICI_FREQUENTI_SET7_PARTE2,GUIDA_SCIOGLIMENTO_SOCIETA_PERSONE_211001,Scioglimento giudiziale della società di persone (artt. 2272 e ss. c.c.),denominazione,denominazione,denominazione,denominazione,True,True,True,True,True,,,,Scioglimento giudiziale della società di persone (artt. 2272 e ss. c.c.),Scioglimento giudiziale della società di persone (artt. 2272 e ss. c.c.),False,,ok
kb_98_top9_set7_parte2.json,TOP9_CODICI_FREQUENTI_SET7_PARTE2,GUIDA_SCIOGLIMENTO_SOCIETA_PERSONE_211001,Scioglimento giudiziale della società di persone (artt. 2272 e ss. c.c.),categoria,categoria,categoria,categoria,True,True,True,True,True,,,,Diritto societario - vicende estintive società di persone,Diritto societario - vicende estintive società di persone,False,,ok
kb_98_top9_set7_parte2.json,TOP9_CODICI_FREQUENTI_SET7_PARTE2,GUIDA_SCIOGLIMENTO_SOCIETA_PERSONE_211001,Scioglimento giudiziale della società di persone (artt. 2272 e ss. c.c.),sottocategoria,sottocategoria,sottocategoria,sottocategoria,True,True,True,True,True,,,,"Azione per scioglimento e liquidazione società semplice, s.n.c., s.a.s.","Azione per scioglimento e liquidazione società semplice, s.n.c., s.a.s.",False,,ok
kb_98_top9_set7_parte2.json,TOP9_CODICI_FREQUENTI_SET7_PARTE2,GUIDA_SCIOGLIMENTO_SOCIETA_PERSONE_211001,Scioglimento giudiziale della società di persone (artt. 2272 e ss. c.c.),rito,rito,rito,rito,True,True,True,True,True,,,,Rito ordinario di cognizione,Rito ordinario di cognizione,False,,ok
kb_98_top9_set7_parte2.json,TOP9_CODICI_FREQUENTI_SET7_PARTE2,GUIDA_SCIOGLIMENTO_SOCIETA_PERSONE_211001,Scioglimento giudiziale della società di persone (artt. 2272 e ss. c.c.),competenza,competenza,competenza,competenza,True,True,True,True,True,,,,Tribunale - sezione civile o impresa; foro sede sociale (art. 19 c.p.c.),Tribunale - sezione civile o impresa; foro sede sociale (art. 19 c.p.c.),False,,ok
kb_98_top9_set7_parte2.json,TOP9_CODICI_FREQUENTI_SET7_PARTE2,GUIDA_SCIOGLIMENTO_SOCIETA_PERSONE_211001,Scioglimento giudiziale della società di persone (artt. 2272 e ss. c.c.),uffici_destinatari,uffici_destinatari,uffici_destinatari,uffici_destinatari,True,True,True,True,True,,,,,,False,,ok
kb_98_top9_set7_parte2.json,TOP9_CODICI_FREQUENTI_SET7_PARTE2,GUIDA_SCIOGLIMENTO_SOCIETA_PERSONE_211001,Scioglimento giudiziale della società di persone (artt. 2272 e ss. c.c.),tipologie_di_intervento,tipologie_di_intervento,tipologie_di_intervento,tipologie_di_intervento,False,False,False,True,False,,,,,,False,,ok
kb_98_top9_set7_parte2.json,TOP9_CODICI_FREQUENTI_SET7_PARTE2,GUIDA_SCIOGLIMENTO_SOCIETA_PERSONE_211001,Scioglimento giudiziale della società di persone (artt. 2272 e ss. c.c.),presupposti_sostanziali,presupposti_sostanziali,presupposti_sostanziali,presupposti_sostanziali,True,True,True,True,True,,,,,,False,,ok
kb_98_top9_set7_parte2.json,TOP9_CODICI_FREQUENTI_SET7_PARTE2,GUIDA_SCIOGLIMENTO_SOCIETA_PERSONE_211001,Scioglimento giudiziale della società di persone (artt. 2272 e ss. c.c.),legittimati_attivi,legittimati_attivi,legittimati_attivi,legittimati_attivi,False,False,False,True,False,,,,,,False,,ok
kb_98_top9_set7_parte2.json,TOP9_CODICI_FREQUENTI_SET7_PARTE2,GUIDA_SCIOGLIMENTO_SOCIETA_PERSONE_211001,Scioglimento giudiziale della società di persone (artt. 2272 e ss. c.c.),obbligo_mediazione,obbligo_mediazione,obbligo_mediazione,obbligo_mediazione,True,True,True,True,True,,,,,,False,,ok
kb_98_top9_set7_parte2.json,TOP9_CODICI_FREQUENTI_SET7_PARTE2,GUIDA_SCIOGLIMENTO_SOCIETA_PERSONE_211001,Scioglimento giudiziale della società di persone (artt. 2272 e ss. c.c.),adempimenti_propedeutici,adempimenti_propedeutici,adempimenti_propedeutici,adempimenti_propedeutici,True,True,True,True,True,"1,2,3,4,5","1,2,3,4,5",,,,False,,ok
kb_98_top9_set7_parte2.json,TOP9_CODICI_FREQUENTI_SET7_PARTE2,GUIDA_SCIOGLIMENTO_SOCIETA_PERSONE_211001,Scioglimento giudiziale della società di persone (artt. 2272 e ss. c.c.),richiesta_provvedimenti_urgenti,richiesta_provvedimenti_urgenti,richiesta_provvedimenti_urgenti,richiesta_provvedimenti_urgenti,False,False,False,True,False,,,,,,False,,ok
kb_98_top9_set7_parte2.json,TOP9_CODICI_FREQUENTI_SET7_PARTE2,GUIDA_SCIOGLIMENTO_SOCIETA_PERSONE_211001,Scioglimento giudiziale della società di persone (artt. 2272 e ss. c.c.),avvertimenti_obbligatori,atto_principale.avvertimenti_obbligatori,atto_principale.avvertimenti_obbligatori,atto_principale.avvertimenti_obbligatori,True,True,True,True,True,,,,,,False,,ok
kb_98_top9_set7_parte2.json,TOP9_CODICI_FREQUENTI_SET7_PARTE2,GUIDA_SCIOGLIMENTO_SOCIETA_PERSONE_211001,Scioglimento giudiziale della società di persone (artt. 2272 e ss. c.c.),allegati_obbligatori,allegati_obbligatori,allegati_obbligatori,allegati_obbligatori,True,True,True,True,True,,,,,,False,,ok
kb_98_top9_set7_parte2.json,TOP9_CODICI_FREQUENTI_SET7_PARTE2,GUIDA_SCIOGLIMENTO_SOCIETA_PERSONE_211001,Scioglimento giudiziale della società di persone (artt. 2272 e ss. c.c.),termini_processuali,termini_processuali,termini_processuali,termini_processuali,True,True,True,True,True,,,,,,False,,ok
kb_98_top9_set7_parte2.json,TOP9_CODICI_FREQUENTI_SET7_PARTE2,GUIDA_SCIOGLIMENTO_SOCIETA_PERSONE_211001,Scioglimento giudiziale della società di persone (artt. 2272 e ss. c.c.),esiti_processuali_tipici,esiti_processuali_tipici,esiti_processuali_tipici,esiti_processuali_tipici,True,True,True,True,True,,,,,,False,,ok
kb_98_top9_set7_parte2.json,TOP9_CODICI_FREQUENTI_SET7_PARTE2,GUIDA_SCIOGLIMENTO_SOCIETA_PERSONE_211001,Scioglimento giudiziale della società di persone (artt. 2272 e ss. c.c.),normativa,normativa,normativa,normativa,True,True,True,True,True,,,,,,False,,ok
kb_98_top9_set7_parte2.json,TOP9_CODICI_FREQUENTI_SET7_PARTE2,GUIDA_SCIOGLIMENTO_SOCIETA_PERSONE_211001,Scioglimento giudiziale della società di persone (artt. 2272 e ss. c.c.),atto_principale,atto_principale,atto_principale,atto_principale,True,True,True,True,True,,,,,,False,,ok
kb_98_top9_set7_parte2.json,TOP9_CODICI_FREQUENTI_SET7_PARTE2,GUIDA_SCIOGLIMENTO_SOCIETA_PERSONE_211001,Scioglimento giudiziale della società di persone (artt. 2272 e ss. c.c.),fonti_verifica_web,fonti_verifica_web,fonti_verifica_web,fonti_verifica_web,True,True,True,True,True,,,,,,False,,ok
kb_98_top9_set7_parte2.json,TOP9_CODICI_FREQUENTI_SET7_PARTE2,GUIDA_SCIOGLIMENTO_SOCIETA_PERSONE_211001,Scioglimento giudiziale della società di persone (artt. 2272 e ss. c.c.),presidi_operativi_integrativi,presidi_operativi_integrativi,presidi_operativi_integrativi,presidi_operativi_integrativi,False,False,True,True,True,,,,,,False,,ok
kb_98_top9_set7_parte2.json,TOP9_CODICI_FREQUENTI_SET7_PARTE2,GUIDA_SCIOGLIMENTO_SOCIETA_PERSONE_211001,Scioglimento giudiziale della società di persone (artt. 2272 e ss. c.c.),specialistica:cause_di_scioglimento_societa_persone,cause_di_scioglimento_societa_persone,cause_di_scioglimento_societa_persone,cause_di_scioglimento_societa_persone,True,True,True,True,True,,,,,,False,,ok
kb_98_top9_set7_parte2.json,TOP9_CODICI_FREQUENTI_SET7_PARTE2,GUIDA_SCIOGLIMENTO_SOCIETA_PERSONE_211001,Scioglimento giudiziale della società di persone (artt. 2272 e ss. c.c.),specialistica:fasi_della_liquidazione,fasi_della_liquidazione,fasi_della_liquidazione,fasi_della_liquidazione,True,True,True,True,True,,,,,,False,,ok
kb_98_top9_set7_parte2.json,TOP9_CODICI_FREQUENTI_SET7_PARTE2,GUIDA_TUTELA_MAGGIORE_GRAVE_HANDICAP_413051,Procedimenti di tutela del maggiore d'età con grave handicap (interdizione/inabilitazione - controversie),denominazione,denominazione,denominazione,denominazione,True,True,True,True,True,,,,Procedimenti di tutela del maggiore d'età con grave handicap (interdizione/inabilitazione - controversie),Procedimenti di tutela del maggiore d'età con grave handicap (interdizione/inabilitazione - controversie),False,,ok
kb_98_top9_set7_parte2.json,TOP9_CODICI_FREQUENTI_SET7_PARTE2,GUIDA_TUTELA_MAGGIORE_GRAVE_HANDICAP_413051,Procedimenti di tutela del maggiore d'età con grave handicap (interdizione/inabilitazione - controversie),categoria,categoria,categoria,categoria,True,True,True,True,True,,,,Volontaria giurisdizione - protezione - misure incapacitanti,Volontaria giurisdizione - protezione - misure incapacitanti,False,,ok
kb_98_top9_set7_parte2.json,TOP9_CODICI_FREQUENTI_SET7_PARTE2,GUIDA_TUTELA_MAGGIORE_GRAVE_HANDICAP_413051,Procedimenti di tutela del maggiore d'età con grave handicap (interdizione/inabilitazione - controversie),sottocategoria,sottocategoria,sottocategoria,sottocategoria,True,True,True,True,True,,,,"Controversie su interdizione/inabilitazione: opposizione apertura, revoca, sostituzione tutore/curatore","Controversie su interdizione/inabilitazione: opposizione apertura, revoca, sostituzione tutore/curatore",False,,ok
kb_98_top9_set7_parte2.json,TOP9_CODICI_FREQUENTI_SET7_PARTE2,GUIDA_TUTELA_MAGGIORE_GRAVE_HANDICAP_413051,Procedimenti di tutela del maggiore d'età con grave handicap (interdizione/inabilitazione - controversie),rito,rito,rito,rito,True,True,True,True,True,,,,Rito camerale ex artt. 712 e ss. c.p.c. con partecipazione PM obbligatoria,Rito camerale ex artt. 712 e ss. c.p.c. con partecipazione PM obbligatoria,False,,ok
kb_98_top9_set7_parte2.json,TOP9_CODICI_FREQUENTI_SET7_PARTE2,GUIDA_TUTELA_MAGGIORE_GRAVE_HANDICAP_413051,Procedimenti di tutela del maggiore d'età con grave handicap (interdizione/inabilitazione - controversie),competenza,competenza,competenza,competenza,True,True,True,True,True,,,,Tribunale del luogo di residenza/domicilio dell'interdetto/inabilitato,Tribunale del luogo di residenza/domicilio dell'interdetto/inabilitato,False,,ok
kb_98_top9_set7_parte2.json,TOP9_CODICI_FREQUENTI_SET7_PARTE2,GUIDA_TUTELA_MAGGIORE_GRAVE_HANDICAP_413051,Procedimenti di tutela del maggiore d'età con grave handicap (interdizione/inabilitazione - controversie),uffici_destinatari,uffici_destinatari,uffici_destinatari,uffici_destinatari,True,True,True,True,True,,,,,,False,,ok
kb_98_top9_set7_parte2.json,TOP9_CODICI_FREQUENTI_SET7_PARTE2,GUIDA_TUTELA_MAGGIORE_GRAVE_HANDICAP_413051,Procedimenti di tutela del maggiore d'età con grave handicap (interdizione/inabilitazione - controversie),tipologie_di_intervento,tipologie_di_intervento,tipologie_di_intervento,tipologie_di_intervento,False,False,False,True,False,,,,,,False,,ok
kb_98_top9_set7_parte2.json,TOP9_CODICI_FREQUENTI_SET7_PARTE2,GUIDA_TUTELA_MAGGIORE_GRAVE_HANDICAP_413051,Procedimenti di tutela del maggiore d'età con grave handicap (interdizione/inabilitazione - controversie),presupposti_sostanziali,presupposti_sostanziali,presupposti_sostanziali,presupposti_sostanziali,True,True,True,True,True,,,,,,False,,ok
kb_98_top9_set7_parte2.json,TOP9_CODICI_FREQUENTI_SET7_PARTE2,GUIDA_TUTELA_MAGGIORE_GRAVE_HANDICAP_413051,Procedimenti di tutela del maggiore d'età con grave handicap (interdizione/inabilitazione - controversie),legittimati_attivi,legittimati_attivi,legittimati_attivi,legittimati_attivi,True,True,True,True,True,,,,,,False,,ok
kb_98_top9_set7_parte2.json,TOP9_CODICI_FREQUENTI_SET7_PARTE2,GUIDA_TUTELA_MAGGIORE_GRAVE_HANDICAP_413051,Procedimenti di tutela del maggiore d'età con grave handicap (interdizione/inabilitazione - controversie),obbligo_mediazione,obbligo_mediazione,obbligo_mediazione,obbligo_mediazione,True,True,True,True,True,,,,,,False,,ok
kb_98_top9_set7_parte2.json,TOP9_CODICI_FREQUENTI_SET7_PARTE2,GUIDA_TUTELA_MAGGIORE_GRAVE_HANDICAP_413051,Procedimenti di tutela del maggiore d'età con grave handicap (interdizione/inabilitazione - controversie),adempimenti_propedeutici,adempimenti_propedeutici,adempimenti_propedeutici,adempimenti_propedeutici,True,True,True,True,True,"1,2,3,4","1,2,3,4",,,,False,,ok
kb_98_top9_set7_parte2.json,TOP9_CODICI_FREQUENTI_SET7_PARTE2,GUIDA_TUTELA_MAGGIORE_GRAVE_HANDICAP_413051,Procedimenti di tutela del maggiore d'età con grave handicap (interdizione/inabilitazione - controversie),richiesta_provvedimenti_urgenti,richiesta_provvedimenti_urgenti,richiesta_provvedimenti_urgenti,richiesta_provvedimenti_urgenti,False,False,False,True,False,,,,,,False,,ok
kb_98_top9_set7_parte2.json,TOP9_CODICI_FREQUENTI_SET7_PARTE2,GUIDA_TUTELA_MAGGIORE_GRAVE_HANDICAP_413051,Procedimenti di tutela del maggiore d'età con grave handicap (interdizione/inabilitazione - controversie),avvertimenti_obbligatori,atto_principale.avvertimenti_obbligatori,atto_principale.avvertimenti_obbligatori,atto_principale.avvertimenti_obbligatori,True,True,True,True,True,,,,,,False,,ok
kb_98_top9_set7_parte2.json,TOP9_CODICI_FREQUENTI_SET7_PARTE2,GUIDA_TUTELA_MAGGIORE_GRAVE_HANDICAP_413051,Procedimenti di tutela del maggiore d'età con grave handicap (interdizione/inabilitazione - controversie),allegati_obbligatori,allegati_obbligatori,allegati_obbligatori,allegati_obbligatori,True,True,True,True,True,,,,,,False,,ok
kb_98_top9_set7_parte2.json,TOP9_CODICI_FREQUENTI_SET7_PARTE2,GUIDA_TUTELA_MAGGIORE_GRAVE_HANDICAP_413051,Procedimenti di tutela del maggiore d'età con grave handicap (interdizione/inabilitazione - controversie),termini_processuali,termini_processuali,termini_processuali,termini_processuali,True,True,True,True,True,,,,,,False,,ok
kb_98_top9_set7_parte2.json,TOP9_CODICI_FREQUENTI_SET7_PARTE2,GUIDA_TUTELA_MAGGIORE_GRAVE_HANDICAP_413051,Procedimenti di tutela del maggiore d'età con grave handicap (interdizione/inabilitazione - controversie),esiti_processuali_tipici,esiti_processuali_tipici,esiti_processuali_tipici,esiti_processuali_tipici,True,True,True,True,True,,,,,,False,,ok
kb_98_top9_set7_parte2.json,TOP9_CODICI_FREQUENTI_SET7_PARTE2,GUIDA_TUTELA_MAGGIORE_GRAVE_HANDICAP_413051,Procedimenti di tutela del maggiore d'età con grave handicap (interdizione/inabilitazione - controversie),normativa,normativa,normativa,normativa,True,True,True,True,True,,,,,,False,,ok
kb_98_top9_set7_parte2.json,TOP9_CODICI_FREQUENTI_SET7_PARTE2,GUIDA_TUTELA_MAGGIORE_GRAVE_HANDICAP_413051,Procedimenti di tutela del maggiore d'età con grave handicap (interdizione/inabilitazione - controversie),atto_principale,atto_principale,atto_principale,atto_principale,True,True,True,True,True,,,,,,False,,ok
kb_98_top9_set7_parte2.json,TOP9_CODICI_FREQUENTI_SET7_PARTE2,GUIDA_TUTELA_MAGGIORE_GRAVE_HANDICAP_413051,Procedimenti di tutela del maggiore d'età con grave handicap (interdizione/inabilitazione - controversie),fonti_verifica_web,fonti_verifica_web,fonti_verifica_web,fonti_verifica_web,True,True,True,True,True,,,,,,False,,ok
kb_98_top9_set7_parte2.json,TOP9_CODICI_FREQUENTI_SET7_PARTE2,GUIDA_TUTELA_MAGGIORE_GRAVE_HANDICAP_413051,Procedimenti di tutela del maggiore d'età con grave handicap (interdizione/inabilitazione - controversie),presidi_operativi_integrativi,presidi_operativi_integrativi,presidi_operativi_integrativi,presidi_operativi_integrativi,False,False,True,True,True,,,,,,False,,ok
kb_98_top9_set7_parte2.json,TOP9_CODICI_FREQUENTI_SET7_PARTE2,GUIDA_TUTELA_MAGGIORE_GRAVE_HANDICAP_413051,Procedimenti di tutela del maggiore d'età con grave handicap (interdizione/inabilitazione - controversie),specialistica:tipologie_di_controversie_in_questo_codice,tipologie_di_controversie_in_questo_codice,tipologie_di_controversie_in_questo_codice,tipologie_di_controversie_in_questo_codice,True,True,True,True,True,,,,,,False,,ok
kb_98_top9_set7_parte2.json,TOP9_CODICI_FREQUENTI_SET7_PARTE2,GUIDA_RISOLUZIONE_MUTUO_DECADENZA_TERMINE_142001,Risoluzione contratto di mutuo + decadenza dal beneficio del termine (art. 1186 c.c.),denominazione,denominazione,denominazione,denominazione,True,True,True,True,True,,,,Risoluzione contratto di mutuo + decadenza dal beneficio del termine (art. 1186 c.c.),Risoluzione contratto di mutuo + decadenza dal beneficio del termine (art. 1186 c.c.),False,,ok
kb_98_top9_set7_parte2.json,TOP9_CODICI_FREQUENTI_SET7_PARTE2,GUIDA_RISOLUZIONE_MUTUO_DECADENZA_TERMINE_142001,Risoluzione contratto di mutuo + decadenza dal beneficio del termine (art. 1186 c.c.),categoria,categoria,categoria,categoria,True,True,True,True,True,,,,Contratti bancari e finanziari,Contratti bancari e finanziari,False,,ok
kb_98_top9_set7_parte2.json,TOP9_CODICI_FREQUENTI_SET7_PARTE2,GUIDA_RISOLUZIONE_MUTUO_DECADENZA_TERMINE_142001,Risoluzione contratto di mutuo + decadenza dal beneficio del termine (art. 1186 c.c.),sottocategoria,sottocategoria,sottocategoria,sottocategoria,True,True,True,True,True,,,,Azione della banca per decadenza dal termine e risoluzione del mutuo per inadempimento del mutuatario,Azione della banca per decadenza dal termine e risoluzione del mutuo per inadempimento del mutuatario,False,,ok
kb_98_top9_set7_parte2.json,TOP9_CODICI_FREQUENTI_SET7_PARTE2,GUIDA_RISOLUZIONE_MUTUO_DECADENZA_TERMINE_142001,Risoluzione contratto di mutuo + decadenza dal beneficio del termine (art. 1186 c.c.),rito,rito,rito,rito,True,True,True,True,True,,,,Rito ordinario di cognizione (frequente uso di rito monitorio - decreto ingiuntivo),Rito ordinario di cognizione (frequente uso di rito monitorio - decreto ingiuntivo),False,,ok
kb_98_top9_set7_parte2.json,TOP9_CODICI_FREQUENTI_SET7_PARTE2,GUIDA_RISOLUZIONE_MUTUO_DECADENZA_TERMINE_142001,Risoluzione contratto di mutuo + decadenza dal beneficio del termine (art. 1186 c.c.),competenza,competenza,competenza,competenza,True,True,True,True,True,,,,Tribunale (per valore quasi sempre); foro generale convenuto o luogo esecuzione contratto,Tribunale (per valore quasi sempre); foro generale convenuto o luogo esecuzione contratto,False,,ok
kb_98_top9_set7_parte2.json,TOP9_CODICI_FREQUENTI_SET7_PARTE2,GUIDA_RISOLUZIONE_MUTUO_DECADENZA_TERMINE_142001,Risoluzione contratto di mutuo + decadenza dal beneficio del termine (art. 1186 c.c.),uffici_destinatari,uffici_destinatari,uffici_destinatari,uffici_destinatari,True,True,True,True,True,,,,,,False,,ok
kb_98_top9_set7_parte2.json,TOP9_CODICI_FREQUENTI_SET7_PARTE2,GUIDA_RISOLUZIONE_MUTUO_DECADENZA_TERMINE_142001,Risoluzione contratto di mutuo + decadenza dal beneficio del termine (art. 1186 c.c.),tipologie_di_intervento,tipologie_di_intervento,tipologie_di_intervento,tipologie_di_intervento,False,False,False,True,False,,,,,,False,,ok
kb_98_top9_set7_parte2.json,TOP9_CODICI_FREQUENTI_SET7_PARTE2,GUIDA_RISOLUZIONE_MUTUO_DECADENZA_TERMINE_142001,Risoluzione contratto di mutuo + decadenza dal beneficio del termine (art. 1186 c.c.),presupposti_sostanziali,presupposti_sostanziali,presupposti_sostanziali,presupposti_sostanziali,True,True,True,True,True,,,,,,False,,ok
kb_98_top9_set7_parte2.json,TOP9_CODICI_FREQUENTI_SET7_PARTE2,GUIDA_RISOLUZIONE_MUTUO_DECADENZA_TERMINE_142001,Risoluzione contratto di mutuo + decadenza dal beneficio del termine (art. 1186 c.c.),legittimati_attivi,legittimati_attivi,legittimati_attivi,legittimati_attivi,False,False,False,True,False,,,,,,False,,ok
kb_98_top9_set7_parte2.json,TOP9_CODICI_FREQUENTI_SET7_PARTE2,GUIDA_RISOLUZIONE_MUTUO_DECADENZA_TERMINE_142001,Risoluzione contratto di mutuo + decadenza dal beneficio del termine (art. 1186 c.c.),obbligo_mediazione,obbligo_mediazione,obbligo_mediazione,obbligo_mediazione,True,True,True,True,True,,,,,,False,,ok
kb_98_top9_set7_parte2.json,TOP9_CODICI_FREQUENTI_SET7_PARTE2,GUIDA_RISOLUZIONE_MUTUO_DECADENZA_TERMINE_142001,Risoluzione contratto di mutuo + decadenza dal beneficio del termine (art. 1186 c.c.),adempimenti_propedeutici,adempimenti_propedeutici,adempimenti_propedeutici,adempimenti_propedeutici,True,True,True,True,True,"1,2,3,4,5,6","1,2,3,4,5,6",,,,False,,ok
kb_98_top9_set7_parte2.json,TOP9_CODICI_FREQUENTI_SET7_PARTE2,GUIDA_RISOLUZIONE_MUTUO_DECADENZA_TERMINE_142001,Risoluzione contratto di mutuo + decadenza dal beneficio del termine (art. 1186 c.c.),richiesta_provvedimenti_urgenti,richiesta_provvedimenti_urgenti,richiesta_provvedimenti_urgenti,richiesta_provvedimenti_urgenti,False,False,False,True,False,,,,,,False,,ok
kb_98_top9_set7_parte2.json,TOP9_CODICI_FREQUENTI_SET7_PARTE2,GUIDA_RISOLUZIONE_MUTUO_DECADENZA_TERMINE_142001,Risoluzione contratto di mutuo + decadenza dal beneficio del termine (art. 1186 c.c.),avvertimenti_obbligatori,atto_principale.avvertimenti_obbligatori,atto_principale.avvertimenti_obbligatori,atto_principale.avvertimenti_obbligatori,True,True,True,True,True,,,,,,False,,ok
kb_98_top9_set7_parte2.json,TOP9_CODICI_FREQUENTI_SET7_PARTE2,GUIDA_RISOLUZIONE_MUTUO_DECADENZA_TERMINE_142001,Risoluzione contratto di mutuo + decadenza dal beneficio del termine (art. 1186 c.c.),allegati_obbligatori,allegati_obbligatori,allegati_obbligatori,allegati_obbligatori,True,True,True,True,True,,,,,,False,,ok
kb_98_top9_set7_parte2.json,TOP9_CODICI_FREQUENTI_SET7_PARTE2,GUIDA_RISOLUZIONE_MUTUO_DECADENZA_TERMINE_142001,Risoluzione contratto di mutuo + decadenza dal beneficio del termine (art. 1186 c.c.),termini_processuali,termini_processuali,termini_processuali,termini_processuali,True,True,True,True,True,,,,,,False,,ok
kb_98_top9_set7_parte2.json,TOP9_CODICI_FREQUENTI_SET7_PARTE2,GUIDA_RISOLUZIONE_MUTUO_DECADENZA_TERMINE_142001,Risoluzione contratto di mutuo + decadenza dal beneficio del termine (art. 1186 c.c.),esiti_processuali_tipici,esiti_processuali_tipici,esiti_processuali_tipici,esiti_processuali_tipici,True,True,True,True,True,,,,,,False,,ok
kb_98_top9_set7_parte2.json,TOP9_CODICI_FREQUENTI_SET7_PARTE2,GUIDA_RISOLUZIONE_MUTUO_DECADENZA_TERMINE_142001,Risoluzione contratto di mutuo + decadenza dal beneficio del termine (art. 1186 c.c.),normativa,normativa,normativa,normativa,True,True,True,True,True,,,,,,False,,ok
kb_98_top9_set7_parte2.json,TOP9_CODICI_FREQUENTI_SET7_PARTE2,GUIDA_RISOLUZIONE_MUTUO_DECADENZA_TERMINE_142001,Risoluzione contratto di mutuo + decadenza dal beneficio del termine (art. 1186 c.c.),atto_principale,atto_principale,atto_principale,atto_principale,True,True,True,True,True,,,,,,False,,ok
kb_98_top9_set7_parte2.json,TOP9_CODICI_FREQUENTI_SET7_PARTE2,GUIDA_RISOLUZIONE_MUTUO_DECADENZA_TERMINE_142001,Risoluzione contratto di mutuo + decadenza dal beneficio del termine (art. 1186 c.c.),fonti_verifica_web,fonti_verifica_web,fonti_verifica_web,fonti_verifica_web,True,True,True,True,True,,,,,,False,,ok
kb_98_top9_set7_parte2.json,TOP9_CODICI_FREQUENTI_SET7_PARTE2,GUIDA_RISOLUZIONE_MUTUO_DECADENZA_TERMINE_142001,Risoluzione contratto di mutuo + decadenza dal beneficio del termine (art. 1186 c.c.),presidi_operativi_integrativi,presidi_operativi_integrativi,presidi_operativi_integrativi,presidi_operativi_integrativi,False,False,True,True,True,,,,,,False,,ok
kb_98_top9_set7_parte2.json,TOP9_CODICI_FREQUENTI_SET7_PARTE2,GUIDA_RISOLUZIONE_MUTUO_DECADENZA_TERMINE_142001,Risoluzione contratto di mutuo + decadenza dal beneficio del termine (art. 1186 c.c.),specialistica:differenza_mutuo_ordinario_vs_fondiario,differenza_mutuo_ordinario_vs_fondiario,differenza_mutuo_ordinario_vs_fondiario,differenza_mutuo_ordinario_vs_fondiario,True,True,True,True,True,,,,,,False,,ok
kb_98_top9_set7_parte2.json,TOP9_CODICI_FREQUENTI_SET7_PARTE2,GUIDA_RISOLUZIONE_MUTUO_DECADENZA_TERMINE_142001,Risoluzione contratto di mutuo + decadenza dal beneficio del termine (art. 1186 c.c.),specialistica:tipiche_clausole_contrattuali,tipiche_clausole_contrattuali,tipiche_clausole_contrattuali,tipiche_clausole_contrattuali,True,True,True,True,True,,,,,,False,,ok
kb_98_top9_set7_parte2.json,TOP9_CODICI_FREQUENTI_SET7_PARTE2,GUIDA_OPPOSIZIONE_PRECETTO_199001,Opposizione a precetto (art. 615 c. 1 c.p.c.),denominazione,denominazione,denominazione,denominazione,True,True,True,True,True,,,,Opposizione a precetto (art. 615 c. 1 c.p.c.),Opposizione a precetto (art. 615 c. 1 c.p.c.),False,,ok
kb_98_top9_set7_parte2.json,TOP9_CODICI_FREQUENTI_SET7_PARTE2,GUIDA_OPPOSIZIONE_PRECETTO_199001,Opposizione a precetto (art. 615 c. 1 c.p.c.),categoria,categoria,categoria,categoria,True,True,True,True,True,,,,Opposizioni esecutive - pre-esecutiva,Opposizioni esecutive - pre-esecutiva,False,,ok
kb_98_top9_set7_parte2.json,TOP9_CODICI_FREQUENTI_SET7_PARTE2,GUIDA_OPPOSIZIONE_PRECETTO_199001,Opposizione a precetto (art. 615 c. 1 c.p.c.),sottocategoria,sottocategoria,sottocategoria,sottocategoria,True,True,True,True,True,,,,"Opposizione all'esecuzione PRIMA dell'inizio dell'esecuzione (post-precetto, pre-pignoramento)","Opposizione all'esecuzione PRIMA dell'inizio dell'esecuzione (post-precetto, pre-pignoramento)",False,,ok
kb_98_top9_set7_parte2.json,TOP9_CODICI_FREQUENTI_SET7_PARTE2,GUIDA_OPPOSIZIONE_PRECETTO_199001,Opposizione a precetto (art. 615 c. 1 c.p.c.),rito,rito,rito,rito,True,True,True,True,True,,,,Rito ordinario di cognizione + possibile inibitoria,Rito ordinario di cognizione + possibile inibitoria,False,,ok
kb_98_top9_set7_parte2.json,TOP9_CODICI_FREQUENTI_SET7_PARTE2,GUIDA_OPPOSIZIONE_PRECETTO_199001,Opposizione a precetto (art. 615 c. 1 c.p.c.),competenza,competenza,competenza,competenza,True,True,True,True,True,,,,GIUDICE COMPETENTE PER MATERIA E VALORE come per causa di merito ordinaria,GIUDICE COMPETENTE PER MATERIA E VALORE come per causa di merito ordinaria,False,,ok
kb_98_top9_set7_parte2.json,TOP9_CODICI_FREQUENTI_SET7_PARTE2,GUIDA_OPPOSIZIONE_PRECETTO_199001,Opposizione a precetto (art. 615 c. 1 c.p.c.),uffici_destinatari,uffici_destinatari,uffici_destinatari,uffici_destinatari,True,True,True,True,True,,,,,,False,,ok
kb_98_top9_set7_parte2.json,TOP9_CODICI_FREQUENTI_SET7_PARTE2,GUIDA_OPPOSIZIONE_PRECETTO_199001,Opposizione a precetto (art. 615 c. 1 c.p.c.),tipologie_di_intervento,tipologie_di_intervento,tipologie_di_intervento,tipologie_di_intervento,False,False,False,True,False,,,,,,False,,ok
kb_98_top9_set7_parte2.json,TOP9_CODICI_FREQUENTI_SET7_PARTE2,GUIDA_OPPOSIZIONE_PRECETTO_199001,Opposizione a precetto (art. 615 c. 1 c.p.c.),presupposti_sostanziali,presupposti_sostanziali,presupposti_sostanziali,presupposti_sostanziali,True,True,True,True,True,,,,,,False,,ok
kb_98_top9_set7_parte2.json,TOP9_CODICI_FREQUENTI_SET7_PARTE2,GUIDA_OPPOSIZIONE_PRECETTO_199001,Opposizione a precetto (art. 615 c. 1 c.p.c.),legittimati_attivi,legittimati_attivi,legittimati_attivi,legittimati_attivi,False,False,False,True,False,,,,,,False,,ok
kb_98_top9_set7_parte2.json,TOP9_CODICI_FREQUENTI_SET7_PARTE2,GUIDA_OPPOSIZIONE_PRECETTO_199001,Opposizione a precetto (art. 615 c. 1 c.p.c.),obbligo_mediazione,obbligo_mediazione,obbligo_mediazione,obbligo_mediazione,True,True,True,True,True,,,,,,False,,ok
kb_98_top9_set7_parte2.json,TOP9_CODICI_FREQUENTI_SET7_PARTE2,GUIDA_OPPOSIZIONE_PRECETTO_199001,Opposizione a precetto (art. 615 c. 1 c.p.c.),adempimenti_propedeutici,adempimenti_propedeutici,adempimenti_propedeutici,adempimenti_propedeutici,True,True,True,True,True,"1,2,3,4,5","1,2,3,4,5",,,,False,,ok
kb_98_top9_set7_parte2.json,TOP9_CODICI_FREQUENTI_SET7_PARTE2,GUIDA_OPPOSIZIONE_PRECETTO_199001,Opposizione a precetto (art. 615 c. 1 c.p.c.),richiesta_provvedimenti_urgenti,richiesta_provvedimenti_urgenti,richiesta_provvedimenti_urgenti,richiesta_provvedimenti_urgenti,False,False,False,True,False,,,,,,False,,ok
kb_98_top9_set7_parte2.json,TOP9_CODICI_FREQUENTI_SET7_PARTE2,GUIDA_OPPOSIZIONE_PRECETTO_199001,Opposizione a precetto (art. 615 c. 1 c.p.c.),avvertimenti_obbligatori,atto_principale.avvertimenti_obbligatori,atto_principale.avvertimenti_obbligatori,atto_principale.avvertimenti_obbligatori,True,True,True,True,True,,,,,,False,,ok
kb_98_top9_set7_parte2.json,TOP9_CODICI_FREQUENTI_SET7_PARTE2,GUIDA_OPPOSIZIONE_PRECETTO_199001,Opposizione a precetto (art. 615 c. 1 c.p.c.),allegati_obbligatori,allegati_obbligatori,allegati_obbligatori,allegati_obbligatori,True,True,True,True,True,,,,,,False,,ok
kb_98_top9_set7_parte2.json,TOP9_CODICI_FREQUENTI_SET7_PARTE2,GUIDA_OPPOSIZIONE_PRECETTO_199001,Opposizione a precetto (art. 615 c. 1 c.p.c.),termini_processuali,termini_processuali,termini_processuali,termini_processuali,True,True,True,True,True,,,,,,False,,ok
kb_98_top9_set7_parte2.json,TOP9_CODICI_FREQUENTI_SET7_PARTE2,GUIDA_OPPOSIZIONE_PRECETTO_199001,Opposizione a precetto (art. 615 c. 1 c.p.c.),esiti_processuali_tipici,esiti_processuali_tipici,esiti_processuali_tipici,esiti_processuali_tipici,True,True,True,True,True,,,,,,False,,ok
kb_98_top9_set7_parte2.json,TOP9_CODICI_FREQUENTI_SET7_PARTE2,GUIDA_OPPOSIZIONE_PRECETTO_199001,Opposizione a precetto (art. 615 c. 1 c.p.c.),normativa,normativa,normativa,normativa,True,True,True,True,True,,,,,,False,,ok
kb_98_top9_set7_parte2.json,TOP9_CODICI_FREQUENTI_SET7_PARTE2,GUIDA_OPPOSIZIONE_PRECETTO_199001,Opposizione a precetto (art. 615 c. 1 c.p.c.),atto_principale,atto_principale,atto_principale,atto_principale,True,True,True,True,True,,,,,,False,,ok
kb_98_top9_set7_parte2.json,TOP9_CODICI_FREQUENTI_SET7_PARTE2,GUIDA_OPPOSIZIONE_PRECETTO_199001,Opposizione a precetto (art. 615 c. 1 c.p.c.),fonti_verifica_web,fonti_verifica_web,fonti_verifica_web,fonti_verifica_web,True,True,True,True,True,,,,,,False,,ok
kb_98_top9_set7_parte2.json,TOP9_CODICI_FREQUENTI_SET7_PARTE2,GUIDA_OPPOSIZIONE_PRECETTO_199001,Opposizione a precetto (art. 615 c. 1 c.p.c.),presidi_operativi_integrativi,presidi_operativi_integrativi,presidi_operativi_integrativi,presidi_operativi_integrativi,False,False,True,True,True,,,,,,False,,ok
kb_98_top9_set7_parte2.json,TOP9_CODICI_FREQUENTI_SET7_PARTE2,GUIDA_OPPOSIZIONE_PRECETTO_199001,Opposizione a precetto (art. 615 c. 1 c.p.c.),specialistica:differenze_critiche_615_c1_vs_c2_vs_617,differenze_critiche_615_c1_vs_c2_vs_617,differenze_critiche_615_c1_vs_c2_vs_617,differenze_critiche_615_c1_vs_c2_vs_617,True,True,True,True,True,,,,,,False,,ok
kb_98_top9_set7_parte2.json,TOP9_CODICI_FREQUENTI_SET7_PARTE2,GUIDA_OPPOSIZIONE_PRECETTO_199001,Opposizione a precetto (art. 615 c. 1 c.p.c.),specialistica:motivi_tipici_di_opposizione_615_c1,motivi_tipici_di_opposizione_615_c1,motivi_tipici_di_opposizione_615_c1,motivi_tipici_di_opposizione_615_c1,True,True,True,True,True,,,,,,False,,ok
kb_98_top9_set8_parte1.json,TOP9_CODICI_FREQUENTI_SET8_PARTE1,GUIDA_DIVISIONE_COMUNIONE_ORDINARIA_130070,Divisione giudiziale di comunione ordinaria (artt. 1111-1116 c.c. + 784-791 c.p.c.),denominazione,denominazione,denominazione,denominazione,True,True,True,True,True,,,,Divisione giudiziale di comunione ordinaria (artt. 1111-1116 c.c. + 784-791 c.p.c.),Divisione giudiziale di comunione ordinaria (artt. 1111-1116 c.c. + 784-791 c.p.c.),False,,ok
kb_98_top9_set8_parte1.json,TOP9_CODICI_FREQUENTI_SET8_PARTE1,GUIDA_DIVISIONE_COMUNIONE_ORDINARIA_130070,Divisione giudiziale di comunione ordinaria (artt. 1111-1116 c.c. + 784-791 c.p.c.),categoria,categoria,categoria,categoria,True,True,True,True,True,,,,Diritti reali - comunione,Diritti reali - comunione,False,,ok
kb_98_top9_set8_parte1.json,TOP9_CODICI_FREQUENTI_SET8_PARTE1,GUIDA_DIVISIONE_COMUNIONE_ORDINARIA_130070,Divisione giudiziale di comunione ordinaria (artt. 1111-1116 c.c. + 784-791 c.p.c.),sottocategoria,sottocategoria,sottocategoria,sottocategoria,True,True,True,True,True,,,,Scioglimento giudiziale della comunione ordinaria su beni - differente dalla divisione ereditaria,Scioglimento giudiziale della comunione ordinaria su beni - differente dalla divisione ereditaria,False,,ok
kb_98_top9_set8_parte1.json,TOP9_CODICI_FREQUENTI_SET8_PARTE1,GUIDA_DIVISIONE_COMUNIONE_ORDINARIA_130070,Divisione giudiziale di comunione ordinaria (artt. 1111-1116 c.c. + 784-791 c.p.c.),rito,rito,rito,rito,True,True,True,True,True,,,,Rito ordinario di cognizione preceduto da MEDIAZIONE OBBLIGATORIA ex art. 5 c. 1-bis D.Lgs. 28/2010,Rito ordinario di cognizione preceduto da MEDIAZIONE OBBLIGATORIA ex art. 5 c. 1-bis D.Lgs. 28/2010,False,,ok
kb_98_top9_set8_parte1.json,TOP9_CODICI_FREQUENTI_SET8_PARTE1,GUIDA_DIVISIONE_COMUNIONE_ORDINARIA_130070,Divisione giudiziale di comunione ordinaria (artt. 1111-1116 c.c. + 784-791 c.p.c.),competenza,competenza,competenza,competenza,True,True,True,True,True,,,,Tribunale del luogo dell'immobile (art. 21 c.p.c. - foro esclusivo per immobili); per altri beni: foro generale convenuto,Tribunale del luogo dell'immobile (art. 21 c.p.c. - foro esclusivo per immobili); per altri beni: foro generale convenuto,False,,ok
kb_98_top9_set8_parte1.json,TOP9_CODICI_FREQUENTI_SET8_PARTE1,GUIDA_DIVISIONE_COMUNIONE_ORDINARIA_130070,Divisione giudiziale di comunione ordinaria (artt. 1111-1116 c.c. + 784-791 c.p.c.),uffici_destinatari,uffici_destinatari,uffici_destinatari,uffici_destinatari,True,True,True,True,True,,,,,,False,,ok
kb_98_top9_set8_parte1.json,TOP9_CODICI_FREQUENTI_SET8_PARTE1,GUIDA_DIVISIONE_COMUNIONE_ORDINARIA_130070,Divisione giudiziale di comunione ordinaria (artt. 1111-1116 c.c. + 784-791 c.p.c.),tipologie_di_intervento,tipologie_di_intervento,tipologie_di_intervento,tipologie_di_intervento,False,False,False,True,False,,,,,,False,,ok
kb_98_top9_set8_parte1.json,TOP9_CODICI_FREQUENTI_SET8_PARTE1,GUIDA_DIVISIONE_COMUNIONE_ORDINARIA_130070,Divisione giudiziale di comunione ordinaria (artt. 1111-1116 c.c. + 784-791 c.p.c.),presupposti_sostanziali,presupposti_sostanziali,presupposti_sostanziali,presupposti_sostanziali,True,True,True,True,True,,,,,,False,,ok
kb_98_top9_set8_parte1.json,TOP9_CODICI_FREQUENTI_SET8_PARTE1,GUIDA_DIVISIONE_COMUNIONE_ORDINARIA_130070,Divisione giudiziale di comunione ordinaria (artt. 1111-1116 c.c. + 784-791 c.p.c.),legittimati_attivi,legittimati_attivi,legittimati_attivi,legittimati_attivi,False,False,False,True,False,,,,,,False,,ok
kb_98_top9_set8_parte1.json,TOP9_CODICI_FREQUENTI_SET8_PARTE1,GUIDA_DIVISIONE_COMUNIONE_ORDINARIA_130070,Divisione giudiziale di comunione ordinaria (artt. 1111-1116 c.c. + 784-791 c.p.c.),obbligo_mediazione,obbligo_mediazione,obbligo_mediazione,obbligo_mediazione,True,True,True,True,True,,,,,,False,,ok
kb_98_top9_set8_parte1.json,TOP9_CODICI_FREQUENTI_SET8_PARTE1,GUIDA_DIVISIONE_COMUNIONE_ORDINARIA_130070,Divisione giudiziale di comunione ordinaria (artt. 1111-1116 c.c. + 784-791 c.p.c.),adempimenti_propedeutici,adempimenti_propedeutici,adempimenti_propedeutici,adempimenti_propedeutici,True,True,True,True,True,"1,2,3,4,5,6","1,2,3,4,5,6",,,,False,,ok
kb_98_top9_set8_parte1.json,TOP9_CODICI_FREQUENTI_SET8_PARTE1,GUIDA_DIVISIONE_COMUNIONE_ORDINARIA_130070,Divisione giudiziale di comunione ordinaria (artt. 1111-1116 c.c. + 784-791 c.p.c.),richiesta_provvedimenti_urgenti,richiesta_provvedimenti_urgenti,richiesta_provvedimenti_urgenti,richiesta_provvedimenti_urgenti,False,False,False,True,False,,,,,,False,,ok
kb_98_top9_set8_parte1.json,TOP9_CODICI_FREQUENTI_SET8_PARTE1,GUIDA_DIVISIONE_COMUNIONE_ORDINARIA_130070,Divisione giudiziale di comunione ordinaria (artt. 1111-1116 c.c. + 784-791 c.p.c.),avvertimenti_obbligatori,atto_principale.avvertimenti_obbligatori,atto_principale.avvertimenti_obbligatori,atto_principale.avvertimenti_obbligatori,True,True,True,True,True,,,,,,False,,ok
kb_98_top9_set8_parte1.json,TOP9_CODICI_FREQUENTI_SET8_PARTE1,GUIDA_DIVISIONE_COMUNIONE_ORDINARIA_130070,Divisione giudiziale di comunione ordinaria (artt. 1111-1116 c.c. + 784-791 c.p.c.),allegati_obbligatori,allegati_obbligatori,allegati_obbligatori,allegati_obbligatori,True,True,True,True,True,,,,,,False,,ok
kb_98_top9_set8_parte1.json,TOP9_CODICI_FREQUENTI_SET8_PARTE1,GUIDA_DIVISIONE_COMUNIONE_ORDINARIA_130070,Divisione giudiziale di comunione ordinaria (artt. 1111-1116 c.c. + 784-791 c.p.c.),termini_processuali,termini_processuali,termini_processuali,termini_processuali,True,True,True,True,True,,,,,,False,,ok
kb_98_top9_set8_parte1.json,TOP9_CODICI_FREQUENTI_SET8_PARTE1,GUIDA_DIVISIONE_COMUNIONE_ORDINARIA_130070,Divisione giudiziale di comunione ordinaria (artt. 1111-1116 c.c. + 784-791 c.p.c.),esiti_processuali_tipici,esiti_processuali_tipici,esiti_processuali_tipici,esiti_processuali_tipici,True,True,True,True,True,,,,,,False,,ok
kb_98_top9_set8_parte1.json,TOP9_CODICI_FREQUENTI_SET8_PARTE1,GUIDA_DIVISIONE_COMUNIONE_ORDINARIA_130070,Divisione giudiziale di comunione ordinaria (artt. 1111-1116 c.c. + 784-791 c.p.c.),normativa,normativa,normativa,normativa,True,True,True,True,True,,,,,,False,,ok
kb_98_top9_set8_parte1.json,TOP9_CODICI_FREQUENTI_SET8_PARTE1,GUIDA_DIVISIONE_COMUNIONE_ORDINARIA_130070,Divisione giudiziale di comunione ordinaria (artt. 1111-1116 c.c. + 784-791 c.p.c.),atto_principale,atto_principale,atto_principale,atto_principale,True,True,True,True,True,,,,,,False,,ok
kb_98_top9_set8_parte1.json,TOP9_CODICI_FREQUENTI_SET8_PARTE1,GUIDA_DIVISIONE_COMUNIONE_ORDINARIA_130070,Divisione giudiziale di comunione ordinaria (artt. 1111-1116 c.c. + 784-791 c.p.c.),fonti_verifica_web,fonti_verifica_web,fonti_verifica_web,fonti_verifica_web,True,True,True,True,True,,,,,,False,,ok
kb_98_top9_set8_parte1.json,TOP9_CODICI_FREQUENTI_SET8_PARTE1,GUIDA_DIVISIONE_COMUNIONE_ORDINARIA_130070,Divisione giudiziale di comunione ordinaria (artt. 1111-1116 c.c. + 784-791 c.p.c.),presidi_operativi_integrativi,presidi_operativi_integrativi,presidi_operativi_integrativi,presidi_operativi_integrativi,False,False,True,True,True,,,,,,False,,ok
kb_98_top9_set8_parte1.json,TOP9_CODICI_FREQUENTI_SET8_PARTE1,GUIDA_DIVISIONE_COMUNIONE_ORDINARIA_130070,Divisione giudiziale di comunione ordinaria (artt. 1111-1116 c.c. + 784-791 c.p.c.),specialistica:differenza_da_divisione_ereditaria_121003,differenza_da_divisione_ereditaria_121003,differenza_da_divisione_ereditaria_121003,differenza_da_divisione_ereditaria_121003,True,True,True,True,True,,,,,,False,,ok
kb_98_top9_set8_parte1.json,TOP9_CODICI_FREQUENTI_SET8_PARTE1,GUIDA_DIVISIONE_COMUNIONE_ORDINARIA_130070,Divisione giudiziale di comunione ordinaria (artt. 1111-1116 c.c. + 784-791 c.p.c.),specialistica:tipologie_di_comunione_oggetto,tipologie_di_comunione_oggetto,tipologie_di_comunione_oggetto,tipologie_di_comunione_oggetto,True,True,True,True,True,,,,,,False,,ok
kb_98_top9_set8_parte1.json,TOP9_CODICI_FREQUENTI_SET8_PARTE1,GUIDA_DIVISIONE_COMUNIONE_ORDINARIA_130070,Divisione giudiziale di comunione ordinaria (artt. 1111-1116 c.c. + 784-791 c.p.c.),specialistica:modalita_di_divisione,modalita_di_divisione,modalita_di_divisione,modalita_di_divisione,True,True,True,True,True,,,,,,False,,ok
kb_98_top9_set8_parte1.json,TOP9_CODICI_FREQUENTI_SET8_PARTE1,510001,Espropriazione mobiliare presso il debitore (artt. 513-542 c.p.c.),denominazione,denominazione,denominazione,denominazione,True,True,True,True,True,,,,Espropriazione mobiliare presso il debitore (artt. 513-542 c.p.c.),Espropriazione mobiliare presso il debitore (artt. 513-542 c.p.c.),False,,ok
kb_98_top9_set8_parte1.json,TOP9_CODICI_FREQUENTI_SET8_PARTE1,510001,Espropriazione mobiliare presso il debitore (artt. 513-542 c.p.c.),categoria,categoria,categoria,categoria,True,True,True,True,True,,,,Esecuzioni forzate - espropriazione mobiliare,Esecuzioni forzate - espropriazione mobiliare,False,,ok
kb_98_top9_set8_parte1.json,TOP9_CODICI_FREQUENTI_SET8_PARTE1,510001,Espropriazione mobiliare presso il debitore (artt. 513-542 c.p.c.),sottocategoria,sottocategoria,sottocategoria,sottocategoria,True,True,True,True,True,,,,Pignoramento e vendita di beni mobili presso il debitore esecutato,Pignoramento e vendita di beni mobili presso il debitore esecutato,False,,ok
kb_98_top9_set8_parte1.json,TOP9_CODICI_FREQUENTI_SET8_PARTE1,510001,Espropriazione mobiliare presso il debitore (artt. 513-542 c.p.c.),rito,rito,rito,rito,True,True,True,True,True,,,,Procedura esecutiva ex artt. 513-542 c.p.c. davanti al Giudice dell'Esecuzione,Procedura esecutiva ex artt. 513-542 c.p.c. davanti al Giudice dell'Esecuzione,False,,ok
kb_98_top9_set8_parte1.json,TOP9_CODICI_FREQUENTI_SET8_PARTE1,510001,Espropriazione mobiliare presso il debitore (artt. 513-542 c.p.c.),competenza,competenza,competenza,competenza,True,True,True,True,True,,,,GIUDICE DELL'ESECUZIONE del luogo in cui si trovano i beni mobili (art. 26 c.p.c.),GIUDICE DELL'ESECUZIONE del luogo in cui si trovano i beni mobili (art. 26 c.p.c.),False,,ok
kb_98_top9_set8_parte1.json,TOP9_CODICI_FREQUENTI_SET8_PARTE1,510001,Espropriazione mobiliare presso il debitore (artt. 513-542 c.p.c.),uffici_destinatari,uffici_destinatari,uffici_destinatari,uffici_destinatari,True,True,True,True,True,,,,,,False,,ok
kb_98_top9_set8_parte1.json,TOP9_CODICI_FREQUENTI_SET8_PARTE1,510001,Espropriazione mobiliare presso il debitore (artt. 513-542 c.p.c.),tipologie_di_intervento,tipologie_di_intervento,tipologie_di_intervento,tipologie_di_intervento,False,False,False,True,False,,,,,,False,,ok
kb_98_top9_set8_parte1.json,TOP9_CODICI_FREQUENTI_SET8_PARTE1,510001,Espropriazione mobiliare presso il debitore (artt. 513-542 c.p.c.),presupposti_sostanziali,presupposti_sostanziali,presupposti_sostanziali,presupposti_sostanziali,True,True,True,True,True,,,,,,False,,ok
kb_98_top9_set8_parte1.json,TOP9_CODICI_FREQUENTI_SET8_PARTE1,510001,Espropriazione mobiliare presso il debitore (artt. 513-542 c.p.c.),legittimati_attivi,legittimati_attivi,legittimati_attivi,legittimati_attivi,False,False,False,True,False,,,,,,False,,ok
kb_98_top9_set8_parte1.json,TOP9_CODICI_FREQUENTI_SET8_PARTE1,510001,Espropriazione mobiliare presso il debitore (artt. 513-542 c.p.c.),obbligo_mediazione,obbligo_mediazione,obbligo_mediazione,obbligo_mediazione,True,True,True,True,True,,,,,,False,,ok
kb_98_top9_set8_parte1.json,TOP9_CODICI_FREQUENTI_SET8_PARTE1,510001,Espropriazione mobiliare presso il debitore (artt. 513-542 c.p.c.),adempimenti_propedeutici,adempimenti_propedeutici,adempimenti_propedeutici,adempimenti_propedeutici,True,True,True,True,True,"1,2,3,4","1,2,3,4",,,,False,,ok
kb_98_top9_set8_parte1.json,TOP9_CODICI_FREQUENTI_SET8_PARTE1,510001,Espropriazione mobiliare presso il debitore (artt. 513-542 c.p.c.),richiesta_provvedimenti_urgenti,richiesta_provvedimenti_urgenti,richiesta_provvedimenti_urgenti,richiesta_provvedimenti_urgenti,False,False,False,True,False,,,,,,False,,ok
kb_98_top9_set8_parte1.json,TOP9_CODICI_FREQUENTI_SET8_PARTE1,510001,Espropriazione mobiliare presso il debitore (artt. 513-542 c.p.c.),avvertimenti_obbligatori,atto_principale.avvertimenti_obbligatori,atto_principale.avvertimenti_obbligatori,atto_principale.avvertimenti_obbligatori,True,True,True,True,True,,,,,,False,,ok
kb_98_top9_set8_parte1.json,TOP9_CODICI_FREQUENTI_SET8_PARTE1,510001,Espropriazione mobiliare presso il debitore (artt. 513-542 c.p.c.),allegati_obbligatori,allegati_obbligatori,allegati_obbligatori,allegati_obbligatori,True,True,True,True,True,,,,,,False,,ok
kb_98_top9_set8_parte1.json,TOP9_CODICI_FREQUENTI_SET8_PARTE1,510001,Espropriazione mobiliare presso il debitore (artt. 513-542 c.p.c.),termini_processuali,termini_processuali,termini_processuali,termini_processuali,True,True,True,True,True,,,,,,False,,ok
kb_98_top9_set8_parte1.json,TOP9_CODICI_FREQUENTI_SET8_PARTE1,510001,Espropriazione mobiliare presso il debitore (artt. 513-542 c.p.c.),esiti_processuali_tipici,esiti_processuali_tipici,esiti_processuali_tipici,esiti_processuali_tipici,True,True,True,True,True,,,,,,False,,ok
kb_98_top9_set8_parte1.json,TOP9_CODICI_FREQUENTI_SET8_PARTE1,510001,Espropriazione mobiliare presso il debitore (artt. 513-542 c.p.c.),normativa,normativa,normativa,normativa,True,True,True,True,True,,,,,,False,,ok
kb_98_top9_set8_parte1.json,TOP9_CODICI_FREQUENTI_SET8_PARTE1,510001,Espropriazione mobiliare presso il debitore (artt. 513-542 c.p.c.),atto_principale,atto_principale,atto_principale,atto_principale,True,True,True,True,True,,,,,,False,,ok
kb_98_top9_set8_parte1.json,TOP9_CODICI_FREQUENTI_SET8_PARTE1,510001,Espropriazione mobiliare presso il debitore (artt. 513-542 c.p.c.),fonti_verifica_web,fonti_verifica_web,fonti_verifica_web,fonti_verifica_web,True,True,True,True,True,,,,,,False,,ok
kb_98_top9_set8_parte1.json,TOP9_CODICI_FREQUENTI_SET8_PARTE1,510001,Espropriazione mobiliare presso il debitore (artt. 513-542 c.p.c.),presidi_operativi_integrativi,presidi_operativi_integrativi,presidi_operativi_integrativi,presidi_operativi_integrativi,False,False,True,True,True,,,,,,False,,ok
kb_98_top9_set8_parte1.json,TOP9_CODICI_FREQUENTI_SET8_PARTE1,510001,Espropriazione mobiliare presso il debitore (artt. 513-542 c.p.c.),specialistica:beni_pignorabili_e_impignorabili,beni_pignorabili_e_impignorabili,beni_pignorabili_e_impignorabili,beni_pignorabili_e_impignorabili,True,True,True,True,True,,,,,,False,,ok
kb_98_top9_set8_parte1.json,TOP9_CODICI_FREQUENTI_SET8_PARTE1,510001,Espropriazione mobiliare presso il debitore (artt. 513-542 c.p.c.),specialistica:fasi_della_procedura,fasi_della_procedura,fasi_della_procedura,fasi_della_procedura,True,True,True,True,True,,,,,,False,,ok
kb_98_top9_set8_parte1.json,TOP9_CODICI_FREQUENTI_SET8_PARTE1,GUIDA_NULLITA_CLAUSOLE_BANCARIE_ANATOCISMO_USURA_142005,Nullità clausole bancarie / anatocismo / usura / azione restitutoria,denominazione,denominazione,denominazione,denominazione,True,True,True,True,True,,,,Nullità clausole bancarie / anatocismo / usura / azione restitutoria,Nullità clausole bancarie / anatocismo / usura / azione restitutoria,False,,ok
kb_98_top9_set8_parte1.json,TOP9_CODICI_FREQUENTI_SET8_PARTE1,GUIDA_NULLITA_CLAUSOLE_BANCARIE_ANATOCISMO_USURA_142005,Nullità clausole bancarie / anatocismo / usura / azione restitutoria,categoria,categoria,categoria,categoria,True,True,True,True,True,,,,Diritto bancario - contenzioso clausole abusive,Diritto bancario - contenzioso clausole abusive,False,,ok
kb_98_top9_set8_parte1.json,TOP9_CODICI_FREQUENTI_SET8_PARTE1,GUIDA_NULLITA_CLAUSOLE_BANCARIE_ANATOCISMO_USURA_142005,Nullità clausole bancarie / anatocismo / usura / azione restitutoria,sottocategoria,sottocategoria,sottocategoria,sottocategoria,True,True,True,True,True,,,,Azione del cliente bancario per nullità clausole + restituzione di indebito,Azione del cliente bancario per nullità clausole + restituzione di indebito,False,,ok
kb_98_top9_set8_parte1.json,TOP9_CODICI_FREQUENTI_SET8_PARTE1,GUIDA_NULLITA_CLAUSOLE_BANCARIE_ANATOCISMO_USURA_142005,Nullità clausole bancarie / anatocismo / usura / azione restitutoria,rito,rito,rito,rito,True,True,True,True,True,,,,Rito ordinario di cognizione preceduto da MEDIAZIONE OBBLIGATORIA,Rito ordinario di cognizione preceduto da MEDIAZIONE OBBLIGATORIA,False,,ok
kb_98_top9_set8_parte1.json,TOP9_CODICI_FREQUENTI_SET8_PARTE1,GUIDA_NULLITA_CLAUSOLE_BANCARIE_ANATOCISMO_USURA_142005,Nullità clausole bancarie / anatocismo / usura / azione restitutoria,competenza,competenza,competenza,competenza,True,True,True,True,True,,,,Tribunale - foro residenza convenuto banca o foro consumatore (se cliente consumatore),Tribunale - foro residenza convenuto banca o foro consumatore (se cliente consumatore),False,,ok
kb_98_top9_set8_parte1.json,TOP9_CODICI_FREQUENTI_SET8_PARTE1,GUIDA_NULLITA_CLAUSOLE_BANCARIE_ANATOCISMO_USURA_142005,Nullità clausole bancarie / anatocismo / usura / azione restitutoria,uffici_destinatari,uffici_destinatari,uffici_destinatari,uffici_destinatari,True,True,True,True,True,,,,,,False,,ok
kb_98_top9_set8_parte1.json,TOP9_CODICI_FREQUENTI_SET8_PARTE1,GUIDA_NULLITA_CLAUSOLE_BANCARIE_ANATOCISMO_USURA_142005,Nullità clausole bancarie / anatocismo / usura / azione restitutoria,tipologie_di_intervento,tipologie_di_intervento,tipologie_di_intervento,tipologie_di_intervento,False,False,False,True,False,,,,,,False,,ok
kb_98_top9_set8_parte1.json,TOP9_CODICI_FREQUENTI_SET8_PARTE1,GUIDA_NULLITA_CLAUSOLE_BANCARIE_ANATOCISMO_USURA_142005,Nullità clausole bancarie / anatocismo / usura / azione restitutoria,presupposti_sostanziali,presupposti_sostanziali,presupposti_sostanziali,presupposti_sostanziali,True,True,True,True,True,,,,,,False,,ok
kb_98_top9_set8_parte1.json,TOP9_CODICI_FREQUENTI_SET8_PARTE1,GUIDA_NULLITA_CLAUSOLE_BANCARIE_ANATOCISMO_USURA_142005,Nullità clausole bancarie / anatocismo / usura / azione restitutoria,legittimati_attivi,legittimati_attivi,legittimati_attivi,legittimati_attivi,False,False,False,True,False,,,,,,False,,ok
kb_98_top9_set8_parte1.json,TOP9_CODICI_FREQUENTI_SET8_PARTE1,GUIDA_NULLITA_CLAUSOLE_BANCARIE_ANATOCISMO_USURA_142005,Nullità clausole bancarie / anatocismo / usura / azione restitutoria,obbligo_mediazione,obbligo_mediazione,obbligo_mediazione,obbligo_mediazione,True,True,True,True,True,,,,,,False,,ok
kb_98_top9_set8_parte1.json,TOP9_CODICI_FREQUENTI_SET8_PARTE1,GUIDA_NULLITA_CLAUSOLE_BANCARIE_ANATOCISMO_USURA_142005,Nullità clausole bancarie / anatocismo / usura / azione restitutoria,adempimenti_propedeutici,adempimenti_propedeutici,adempimenti_propedeutici,adempimenti_propedeutici,True,True,True,True,True,"1,2,3,4,5","1,2,3,4,5",,,,False,,ok
kb_98_top9_set8_parte1.json,TOP9_CODICI_FREQUENTI_SET8_PARTE1,GUIDA_NULLITA_CLAUSOLE_BANCARIE_ANATOCISMO_USURA_142005,Nullità clausole bancarie / anatocismo / usura / azione restitutoria,richiesta_provvedimenti_urgenti,richiesta_provvedimenti_urgenti,richiesta_provvedimenti_urgenti,richiesta_provvedimenti_urgenti,False,False,False,True,False,,,,,,False,,ok
kb_98_top9_set8_parte1.json,TOP9_CODICI_FREQUENTI_SET8_PARTE1,GUIDA_NULLITA_CLAUSOLE_BANCARIE_ANATOCISMO_USURA_142005,Nullità clausole bancarie / anatocismo / usura / azione restitutoria,avvertimenti_obbligatori,atto_principale.avvertimenti_obbligatori,atto_principale.avvertimenti_obbligatori,atto_principale.avvertimenti_obbligatori,True,True,True,True,True,,,,,,False,,ok
kb_98_top9_set8_parte1.json,TOP9_CODICI_FREQUENTI_SET8_PARTE1,GUIDA_NULLITA_CLAUSOLE_BANCARIE_ANATOCISMO_USURA_142005,Nullità clausole bancarie / anatocismo / usura / azione restitutoria,allegati_obbligatori,allegati_obbligatori,allegati_obbligatori,allegati_obbligatori,True,True,True,True,True,,,,,,False,,ok
kb_98_top9_set8_parte1.json,TOP9_CODICI_FREQUENTI_SET8_PARTE1,GUIDA_NULLITA_CLAUSOLE_BANCARIE_ANATOCISMO_USURA_142005,Nullità clausole bancarie / anatocismo / usura / azione restitutoria,termini_processuali,termini_processuali,termini_processuali,termini_processuali,True,True,True,True,True,,,,,,False,,ok
kb_98_top9_set8_parte1.json,TOP9_CODICI_FREQUENTI_SET8_PARTE1,GUIDA_NULLITA_CLAUSOLE_BANCARIE_ANATOCISMO_USURA_142005,Nullità clausole bancarie / anatocismo / usura / azione restitutoria,esiti_processuali_tipici,esiti_processuali_tipici,esiti_processuali_tipici,esiti_processuali_tipici,True,True,True,True,True,,,,,,False,,ok
kb_98_top9_set8_parte1.json,TOP9_CODICI_FREQUENTI_SET8_PARTE1,GUIDA_NULLITA_CLAUSOLE_BANCARIE_ANATOCISMO_USURA_142005,Nullità clausole bancarie / anatocismo / usura / azione restitutoria,normativa,normativa,normativa,normativa,True,True,True,True,True,,,,,,False,,ok
kb_98_top9_set8_parte1.json,TOP9_CODICI_FREQUENTI_SET8_PARTE1,GUIDA_NULLITA_CLAUSOLE_BANCARIE_ANATOCISMO_USURA_142005,Nullità clausole bancarie / anatocismo / usura / azione restitutoria,atto_principale,atto_principale,atto_principale,atto_principale,True,True,True,True,True,,,,,,False,,ok
kb_98_top9_set8_parte1.json,TOP9_CODICI_FREQUENTI_SET8_PARTE1,GUIDA_NULLITA_CLAUSOLE_BANCARIE_ANATOCISMO_USURA_142005,Nullità clausole bancarie / anatocismo / usura / azione restitutoria,fonti_verifica_web,fonti_verifica_web,fonti_verifica_web,fonti_verifica_web,True,True,True,True,True,,,,,,False,,ok
kb_98_top9_set8_parte1.json,TOP9_CODICI_FREQUENTI_SET8_PARTE1,GUIDA_NULLITA_CLAUSOLE_BANCARIE_ANATOCISMO_USURA_142005,Nullità clausole bancarie / anatocismo / usura / azione restitutoria,presidi_operativi_integrativi,presidi_operativi_integrativi,presidi_operativi_integrativi,presidi_operativi_integrativi,False,False,True,True,True,,,,,,False,,ok
kb_98_top9_set8_parte1.json,TOP9_CODICI_FREQUENTI_SET8_PARTE1,GUIDA_NULLITA_CLAUSOLE_BANCARIE_ANATOCISMO_USURA_142005,Nullità clausole bancarie / anatocismo / usura / azione restitutoria,specialistica:tipologie_di_contestazione_tipiche,tipologie_di_contestazione_tipiche,tipologie_di_contestazione_tipiche,tipologie_di_contestazione_tipiche,True,True,True,True,True,,,,,,False,,ok
kb_98_top9_set8_parte1.json,TOP9_CODICI_FREQUENTI_SET8_PARTE1,GUIDA_NULLITA_CLAUSOLE_BANCARIE_ANATOCISMO_USURA_142005,Nullità clausole bancarie / anatocismo / usura / azione restitutoria,specialistica:calcolo_dell_indebito,calcolo_dell_indebito,calcolo_dell_indebito,calcolo_dell_indebito,True,True,True,True,True,,,,,,False,,ok
kb_98_top9_set8_parte1.json,TOP9_CODICI_FREQUENTI_SET8_PARTE1,GUIDA_MOBBING_STRAINING_DANNO_LAVORATORE_220050,Mobbing e straining - danni al lavoratore da condotte vessatorie,denominazione,denominazione,denominazione,denominazione,True,True,True,True,True,,,,Mobbing e straining - danni al lavoratore da condotte vessatorie,Mobbing e straining - danni al lavoratore da condotte vessatorie,False,,ok
kb_98_top9_set8_parte1.json,TOP9_CODICI_FREQUENTI_SET8_PARTE1,GUIDA_MOBBING_STRAINING_DANNO_LAVORATORE_220050,Mobbing e straining - danni al lavoratore da condotte vessatorie,categoria,categoria,categoria,categoria,True,True,True,True,True,,,,Lavoro - tutela dignità lavoratore,Lavoro - tutela dignità lavoratore,False,,ok
kb_98_top9_set8_parte1.json,TOP9_CODICI_FREQUENTI_SET8_PARTE1,GUIDA_MOBBING_STRAINING_DANNO_LAVORATORE_220050,Mobbing e straining - danni al lavoratore da condotte vessatorie,sottocategoria,sottocategoria,sottocategoria,sottocategoria,True,True,True,True,True,,,,Azione del lavoratore per risarcimento danni da condotte mobbizzanti o straining,Azione del lavoratore per risarcimento danni da condotte mobbizzanti o straining,False,,ok
kb_98_top9_set8_parte1.json,TOP9_CODICI_FREQUENTI_SET8_PARTE1,GUIDA_MOBBING_STRAINING_DANNO_LAVORATORE_220050,Mobbing e straining - danni al lavoratore da condotte vessatorie,rito,rito,rito,rito,True,True,True,True,True,,,,Rito del lavoro ex artt. 409 e ss. c.p.c.,Rito del lavoro ex artt. 409 e ss. c.p.c.,False,,ok
kb_98_top9_set8_parte1.json,TOP9_CODICI_FREQUENTI_SET8_PARTE1,GUIDA_MOBBING_STRAINING_DANNO_LAVORATORE_220050,Mobbing e straining - danni al lavoratore da condotte vessatorie,competenza,competenza,competenza,competenza,True,True,True,True,True,,,,Tribunale del lavoro - foro della sede di lavoro (art. 413 c.p.c.),Tribunale del lavoro - foro della sede di lavoro (art. 413 c.p.c.),False,,ok
kb_98_top9_set8_parte1.json,TOP9_CODICI_FREQUENTI_SET8_PARTE1,GUIDA_MOBBING_STRAINING_DANNO_LAVORATORE_220050,Mobbing e straining - danni al lavoratore da condotte vessatorie,uffici_destinatari,uffici_destinatari,uffici_destinatari,uffici_destinatari,True,True,True,True,True,,,,,,False,,ok
kb_98_top9_set8_parte1.json,TOP9_CODICI_FREQUENTI_SET8_PARTE1,GUIDA_MOBBING_STRAINING_DANNO_LAVORATORE_220050,Mobbing e straining - danni al lavoratore da condotte vessatorie,tipologie_di_intervento,tipologie_di_intervento,tipologie_di_intervento,tipologie_di_intervento,False,False,False,True,False,,,,,,False,,ok
kb_98_top9_set8_parte1.json,TOP9_CODICI_FREQUENTI_SET8_PARTE1,GUIDA_MOBBING_STRAINING_DANNO_LAVORATORE_220050,Mobbing e straining - danni al lavoratore da condotte vessatorie,presupposti_sostanziali,presupposti_sostanziali,presupposti_sostanziali,presupposti_sostanziali,True,True,True,True,True,,,,,,False,,ok
kb_98_top9_set8_parte1.json,TOP9_CODICI_FREQUENTI_SET8_PARTE1,GUIDA_MOBBING_STRAINING_DANNO_LAVORATORE_220050,Mobbing e straining - danni al lavoratore da condotte vessatorie,legittimati_attivi,legittimati_attivi,legittimati_attivi,legittimati_attivi,False,False,False,True,False,,,,,,False,,ok
kb_98_top9_set8_parte1.json,TOP9_CODICI_FREQUENTI_SET8_PARTE1,GUIDA_MOBBING_STRAINING_DANNO_LAVORATORE_220050,Mobbing e straining - danni al lavoratore da condotte vessatorie,obbligo_mediazione,obbligo_mediazione,obbligo_mediazione,obbligo_mediazione,True,True,True,True,True,,,,,,False,,ok
kb_98_top9_set8_parte1.json,TOP9_CODICI_FREQUENTI_SET8_PARTE1,GUIDA_MOBBING_STRAINING_DANNO_LAVORATORE_220050,Mobbing e straining - danni al lavoratore da condotte vessatorie,adempimenti_propedeutici,adempimenti_propedeutici,adempimenti_propedeutici,adempimenti_propedeutici,True,True,True,True,True,"1,2,3,4,5","1,2,3,4,5",,,,False,,ok
kb_98_top9_set8_parte1.json,TOP9_CODICI_FREQUENTI_SET8_PARTE1,GUIDA_MOBBING_STRAINING_DANNO_LAVORATORE_220050,Mobbing e straining - danni al lavoratore da condotte vessatorie,richiesta_provvedimenti_urgenti,richiesta_provvedimenti_urgenti,richiesta_provvedimenti_urgenti,richiesta_provvedimenti_urgenti,False,False,False,True,False,,,,,,False,,ok
kb_98_top9_set8_parte1.json,TOP9_CODICI_FREQUENTI_SET8_PARTE1,GUIDA_MOBBING_STRAINING_DANNO_LAVORATORE_220050,Mobbing e straining - danni al lavoratore da condotte vessatorie,avvertimenti_obbligatori,atto_principale.avvertimenti_obbligatori,atto_principale.avvertimenti_obbligatori,atto_principale.avvertimenti_obbligatori,True,True,True,True,True,,,,,,False,,ok
kb_98_top9_set8_parte1.json,TOP9_CODICI_FREQUENTI_SET8_PARTE1,GUIDA_MOBBING_STRAINING_DANNO_LAVORATORE_220050,Mobbing e straining - danni al lavoratore da condotte vessatorie,allegati_obbligatori,allegati_obbligatori,allegati_obbligatori,allegati_obbligatori,True,True,True,True,True,,,,,,False,,ok
kb_98_top9_set8_parte1.json,TOP9_CODICI_FREQUENTI_SET8_PARTE1,GUIDA_MOBBING_STRAINING_DANNO_LAVORATORE_220050,Mobbing e straining - danni al lavoratore da condotte vessatorie,termini_processuali,termini_processuali,termini_processuali,termini_processuali,True,True,True,True,True,,,,,,False,,ok
kb_98_top9_set8_parte1.json,TOP9_CODICI_FREQUENTI_SET8_PARTE1,GUIDA_MOBBING_STRAINING_DANNO_LAVORATORE_220050,Mobbing e straining - danni al lavoratore da condotte vessatorie,esiti_processuali_tipici,esiti_processuali_tipici,esiti_processuali_tipici,esiti_processuali_tipici,True,True,True,True,True,,,,,,False,,ok
kb_98_top9_set8_parte1.json,TOP9_CODICI_FREQUENTI_SET8_PARTE1,GUIDA_MOBBING_STRAINING_DANNO_LAVORATORE_220050,Mobbing e straining - danni al lavoratore da condotte vessatorie,normativa,normativa,normativa,normativa,True,True,True,True,True,,,,,,False,,ok
kb_98_top9_set8_parte1.json,TOP9_CODICI_FREQUENTI_SET8_PARTE1,GUIDA_MOBBING_STRAINING_DANNO_LAVORATORE_220050,Mobbing e straining - danni al lavoratore da condotte vessatorie,atto_principale,atto_principale,atto_principale,atto_principale,True,True,True,True,True,,,,,,False,,ok
kb_98_top9_set8_parte1.json,TOP9_CODICI_FREQUENTI_SET8_PARTE1,GUIDA_MOBBING_STRAINING_DANNO_LAVORATORE_220050,Mobbing e straining - danni al lavoratore da condotte vessatorie,fonti_verifica_web,fonti_verifica_web,fonti_verifica_web,fonti_verifica_web,True,True,True,True,True,,,,,,False,,ok
kb_98_top9_set8_parte1.json,TOP9_CODICI_FREQUENTI_SET8_PARTE1,GUIDA_MOBBING_STRAINING_DANNO_LAVORATORE_220050,Mobbing e straining - danni al lavoratore da condotte vessatorie,presidi_operativi_integrativi,presidi_operativi_integrativi,presidi_operativi_integrativi,presidi_operativi_integrativi,False,False,True,True,True,,,,,,False,,ok
kb_98_top9_set8_parte1.json,TOP9_CODICI_FREQUENTI_SET8_PARTE1,GUIDA_MOBBING_STRAINING_DANNO_LAVORATORE_220050,Mobbing e straining - danni al lavoratore da condotte vessatorie,specialistica:definizioni_mobbing_vs_straining,definizioni_mobbing_vs_straining,definizioni_mobbing_vs_straining,definizioni_mobbing_vs_straining,True,True,True,True,True,,,,,,False,,ok
kb_98_top9_set8_parte1.json,TOP9_CODICI_FREQUENTI_SET8_PARTE1,GUIDA_MOBBING_STRAINING_DANNO_LAVORATORE_220050,Mobbing e straining - danni al lavoratore da condotte vessatorie,specialistica:condotte_tipiche_di_mobbing,condotte_tipiche_di_mobbing,condotte_tipiche_di_mobbing,condotte_tipiche_di_mobbing,True,True,True,True,True,,,,,,False,,ok
kb_98_top9_set8_parte1.json,TOP9_CODICI_FREQUENTI_SET8_PARTE1,015011,Provvedimento d'urgenza ex art. 700 c.p.c. (atipico),denominazione,denominazione,denominazione,denominazione,True,True,True,True,True,,,,Provvedimento d'urgenza ex art. 700 c.p.c. (atipico),Provvedimento d'urgenza ex art. 700 c.p.c. (atipico),False,,ok
kb_98_top9_set8_parte1.json,TOP9_CODICI_FREQUENTI_SET8_PARTE1,015011,Provvedimento d'urgenza ex art. 700 c.p.c. (atipico),categoria,categoria,categoria,categoria,True,True,True,True,True,,,,Procedimenti cautelari atipici,Procedimenti cautelari atipici,False,,ok
kb_98_top9_set8_parte1.json,TOP9_CODICI_FREQUENTI_SET8_PARTE1,015011,Provvedimento d'urgenza ex art. 700 c.p.c. (atipico),sottocategoria,sottocategoria,sottocategoria,sottocategoria,True,True,True,True,True,,,,Tutela cautelare atipica per situazioni non disciplinate da altre misure tipiche,Tutela cautelare atipica per situazioni non disciplinate da altre misure tipiche,False,,ok
kb_98_top9_set8_parte1.json,TOP9_CODICI_FREQUENTI_SET8_PARTE1,015011,Provvedimento d'urgenza ex art. 700 c.p.c. (atipico),rito,rito,rito,rito,True,True,True,True,True,,,,Procedimento cautelare uniforme ex artt. 669-bis e ss. c.p.c. + 700,Procedimento cautelare uniforme ex artt. 669-bis e ss. c.p.c. + 700,False,,ok
kb_98_top9_set8_parte1.json,TOP9_CODICI_FREQUENTI_SET8_PARTE1,015011,Provvedimento d'urgenza ex art. 700 c.p.c. (atipico),competenza,competenza,competenza,competenza,True,True,True,True,True,,,,Giudice della causa di merito (se in corso) o Tribunale del foro del merito (ante causam) ex art. 669-ter c.p.c.,Giudice della causa di merito (se in corso) o Tribunale del foro del merito (ante causam) ex art. 669-ter c.p.c.,False,,ok
kb_98_top9_set8_parte1.json,TOP9_CODICI_FREQUENTI_SET8_PARTE1,015011,Provvedimento d'urgenza ex art. 700 c.p.c. (atipico),uffici_destinatari,uffici_destinatari,uffici_destinatari,uffici_destinatari,True,True,True,True,True,,,,,,False,,ok
kb_98_top9_set8_parte1.json,TOP9_CODICI_FREQUENTI_SET8_PARTE1,015011,Provvedimento d'urgenza ex art. 700 c.p.c. (atipico),tipologie_di_intervento,tipologie_di_intervento,tipologie_di_intervento,tipologie_di_intervento,False,False,False,True,False,,,,,,False,,ok
kb_98_top9_set8_parte1.json,TOP9_CODICI_FREQUENTI_SET8_PARTE1,015011,Provvedimento d'urgenza ex art. 700 c.p.c. (atipico),presupposti_sostanziali,presupposti_sostanziali,presupposti_sostanziali,presupposti_sostanziali,True,True,True,True,True,,,,,,False,,ok
kb_98_top9_set8_parte1.json,TOP9_CODICI_FREQUENTI_SET8_PARTE1,015011,Provvedimento d'urgenza ex art. 700 c.p.c. (atipico),legittimati_attivi,legittimati_attivi,legittimati_attivi,legittimati_attivi,False,False,False,True,False,,,,,,False,,ok
kb_98_top9_set8_parte1.json,TOP9_CODICI_FREQUENTI_SET8_PARTE1,015011,Provvedimento d'urgenza ex art. 700 c.p.c. (atipico),obbligo_mediazione,obbligo_mediazione,obbligo_mediazione,obbligo_mediazione,True,True,True,True,True,,,,,,False,,ok
kb_98_top9_set8_parte1.json,TOP9_CODICI_FREQUENTI_SET8_PARTE1,015011,Provvedimento d'urgenza ex art. 700 c.p.c. (atipico),adempimenti_propedeutici,adempimenti_propedeutici,adempimenti_propedeutici,adempimenti_propedeutici,True,True,True,True,True,"1,2,3,4,5","1,2,3,4,5",,,,False,,ok
kb_98_top9_set8_parte1.json,TOP9_CODICI_FREQUENTI_SET8_PARTE1,015011,Provvedimento d'urgenza ex art. 700 c.p.c. (atipico),richiesta_provvedimenti_urgenti,richiesta_provvedimenti_urgenti,richiesta_provvedimenti_urgenti,richiesta_provvedimenti_urgenti,False,False,False,True,False,,,,,,False,,ok
kb_98_top9_set8_parte1.json,TOP9_CODICI_FREQUENTI_SET8_PARTE1,015011,Provvedimento d'urgenza ex art. 700 c.p.c. (atipico),avvertimenti_obbligatori,atto_principale.avvertimenti_obbligatori,atto_principale.avvertimenti_obbligatori,atto_principale.avvertimenti_obbligatori,True,True,True,True,True,,,,,,False,,ok
kb_98_top9_set8_parte1.json,TOP9_CODICI_FREQUENTI_SET8_PARTE1,015011,Provvedimento d'urgenza ex art. 700 c.p.c. (atipico),allegati_obbligatori,allegati_obbligatori,allegati_obbligatori,allegati_obbligatori,True,True,True,True,True,,,,,,False,,ok
kb_98_top9_set8_parte1.json,TOP9_CODICI_FREQUENTI_SET8_PARTE1,015011,Provvedimento d'urgenza ex art. 700 c.p.c. (atipico),termini_processuali,termini_processuali,termini_processuali,termini_processuali,True,True,True,True,True,,,,,,False,,ok
kb_98_top9_set8_parte1.json,TOP9_CODICI_FREQUENTI_SET8_PARTE1,015011,Provvedimento d'urgenza ex art. 700 c.p.c. (atipico),esiti_processuali_tipici,esiti_processuali_tipici,esiti_processuali_tipici,esiti_processuali_tipici,True,True,True,True,True,,,,,,False,,ok
kb_98_top9_set8_parte1.json,TOP9_CODICI_FREQUENTI_SET8_PARTE1,015011,Provvedimento d'urgenza ex art. 700 c.p.c. (atipico),normativa,normativa,normativa,normativa,True,True,True,True,True,,,,,,False,,ok
kb_98_top9_set8_parte1.json,TOP9_CODICI_FREQUENTI_SET8_PARTE1,015011,Provvedimento d'urgenza ex art. 700 c.p.c. (atipico),atto_principale,atto_principale,atto_principale,atto_principale,True,True,True,True,True,,,,,,False,,ok
kb_98_top9_set8_parte1.json,TOP9_CODICI_FREQUENTI_SET8_PARTE1,015011,Provvedimento d'urgenza ex art. 700 c.p.c. (atipico),fonti_verifica_web,fonti_verifica_web,fonti_verifica_web,fonti_verifica_web,True,True,True,True,True,,,,,,False,,ok
kb_98_top9_set8_parte1.json,TOP9_CODICI_FREQUENTI_SET8_PARTE1,015011,Provvedimento d'urgenza ex art. 700 c.p.c. (atipico),presidi_operativi_integrativi,presidi_operativi_integrativi,presidi_operativi_integrativi,presidi_operativi_integrativi,False,False,True,True,True,,,,,,False,,ok
kb_98_top9_set8_parte1.json,TOP9_CODICI_FREQUENTI_SET8_PARTE1,015011,Provvedimento d'urgenza ex art. 700 c.p.c. (atipico),specialistica:casi_tipici_di_applicazione,casi_tipici_di_applicazione,casi_tipici_di_applicazione,casi_tipici_di_applicazione,True,True,True,True,True,,,,,,False,,ok
kb_98_top9_set8_parte1.json,TOP9_CODICI_FREQUENTI_SET8_PARTE1,015011,Provvedimento d'urgenza ex art. 700 c.p.c. (atipico),specialistica:elementi_critici,elementi_critici,elementi_critici,elementi_critici,True,True,True,True,True,,,,,,False,,ok
kb_98_top9_set8_parte2.json,TOP9_CODICI_FREQUENTI_SET8_PARTE2,GUIDA_ASSICURAZIONE_INDENNIZZO_RISOLUZIONE_140030,Risoluzione contratto di assicurazione e azione per indennizzo (artt. 1882-1932 c.c.),denominazione,denominazione,denominazione,denominazione,True,True,True,True,True,,,,Risoluzione contratto di assicurazione e azione per indennizzo (artt. 1882-1932 c.c.),Risoluzione contratto di assicurazione e azione per indennizzo (artt. 1882-1932 c.c.),False,,ok
kb_98_top9_set8_parte2.json,TOP9_CODICI_FREQUENTI_SET8_PARTE2,GUIDA_ASSICURAZIONE_INDENNIZZO_RISOLUZIONE_140030,Risoluzione contratto di assicurazione e azione per indennizzo (artt. 1882-1932 c.c.),categoria,categoria,categoria,categoria,True,True,True,True,True,,,,Contratti - assicurazioni,Contratti - assicurazioni,False,,ok
kb_98_top9_set8_parte2.json,TOP9_CODICI_FREQUENTI_SET8_PARTE2,GUIDA_ASSICURAZIONE_INDENNIZZO_RISOLUZIONE_140030,Risoluzione contratto di assicurazione e azione per indennizzo (artt. 1882-1932 c.c.),sottocategoria,sottocategoria,sottocategoria,sottocategoria,True,True,True,True,True,,,,Azione dell'assicurato per indennizzo o per risoluzione contrattuale + danni,Azione dell'assicurato per indennizzo o per risoluzione contrattuale + danni,False,,ok
kb_98_top9_set8_parte2.json,TOP9_CODICI_FREQUENTI_SET8_PARTE2,GUIDA_ASSICURAZIONE_INDENNIZZO_RISOLUZIONE_140030,Risoluzione contratto di assicurazione e azione per indennizzo (artt. 1882-1932 c.c.),rito,rito,rito,rito,True,True,True,True,True,,,,Rito ordinario di cognizione preceduto da NEGOZIAZIONE ASSISTITA obbligatoria per RC veicoli ex D.L. 132/2014; mediazione facoltativa per altre assicurazioni,Rito ordinario di cognizione preceduto da NEGOZIAZIONE ASSISTITA obbligatoria per RC veicoli ex D.L. 132/2014; mediazione facoltativa per altre assicurazioni,False,,ok
kb_98_top9_set8_parte2.json,TOP9_CODICI_FREQUENTI_SET8_PARTE2,GUIDA_ASSICURAZIONE_INDENNIZZO_RISOLUZIONE_140030,Risoluzione contratto di assicurazione e azione per indennizzo (artt. 1882-1932 c.c.),competenza,competenza,competenza,competenza,True,True,True,True,True,,,,Tribunale - foro residenza convenuto compagnia / foro speciale residenza assicurato consumatore,Tribunale - foro residenza convenuto compagnia / foro speciale residenza assicurato consumatore,False,,ok
kb_98_top9_set8_parte2.json,TOP9_CODICI_FREQUENTI_SET8_PARTE2,GUIDA_ASSICURAZIONE_INDENNIZZO_RISOLUZIONE_140030,Risoluzione contratto di assicurazione e azione per indennizzo (artt. 1882-1932 c.c.),uffici_destinatari,uffici_destinatari,uffici_destinatari,uffici_destinatari,True,True,True,True,True,,,,,,False,,ok
kb_98_top9_set8_parte2.json,TOP9_CODICI_FREQUENTI_SET8_PARTE2,GUIDA_ASSICURAZIONE_INDENNIZZO_RISOLUZIONE_140030,Risoluzione contratto di assicurazione e azione per indennizzo (artt. 1882-1932 c.c.),tipologie_di_intervento,tipologie_di_intervento,tipologie_di_intervento,tipologie_di_intervento,False,False,False,True,False,,,,,,False,,ok
kb_98_top9_set8_parte2.json,TOP9_CODICI_FREQUENTI_SET8_PARTE2,GUIDA_ASSICURAZIONE_INDENNIZZO_RISOLUZIONE_140030,Risoluzione contratto di assicurazione e azione per indennizzo (artt. 1882-1932 c.c.),presupposti_sostanziali,presupposti_sostanziali,presupposti_sostanziali,presupposti_sostanziali,True,True,True,True,True,,,,,,False,,ok
kb_98_top9_set8_parte2.json,TOP9_CODICI_FREQUENTI_SET8_PARTE2,GUIDA_ASSICURAZIONE_INDENNIZZO_RISOLUZIONE_140030,Risoluzione contratto di assicurazione e azione per indennizzo (artt. 1882-1932 c.c.),legittimati_attivi,legittimati_attivi,legittimati_attivi,legittimati_attivi,False,False,False,True,False,,,,,,False,,ok
kb_98_top9_set8_parte2.json,TOP9_CODICI_FREQUENTI_SET8_PARTE2,GUIDA_ASSICURAZIONE_INDENNIZZO_RISOLUZIONE_140030,Risoluzione contratto di assicurazione e azione per indennizzo (artt. 1882-1932 c.c.),obbligo_mediazione,obbligo_mediazione,obbligo_mediazione,obbligo_mediazione,True,True,True,True,True,,,,,,False,,ok
kb_98_top9_set8_parte2.json,TOP9_CODICI_FREQUENTI_SET8_PARTE2,GUIDA_ASSICURAZIONE_INDENNIZZO_RISOLUZIONE_140030,Risoluzione contratto di assicurazione e azione per indennizzo (artt. 1882-1932 c.c.),adempimenti_propedeutici,adempimenti_propedeutici,adempimenti_propedeutici,adempimenti_propedeutici,True,True,True,True,True,"1,2,3,4,5,6","1,2,3,4,5,6",,,,False,,ok
kb_98_top9_set8_parte2.json,TOP9_CODICI_FREQUENTI_SET8_PARTE2,GUIDA_ASSICURAZIONE_INDENNIZZO_RISOLUZIONE_140030,Risoluzione contratto di assicurazione e azione per indennizzo (artt. 1882-1932 c.c.),richiesta_provvedimenti_urgenti,richiesta_provvedimenti_urgenti,richiesta_provvedimenti_urgenti,richiesta_provvedimenti_urgenti,False,False,False,True,False,,,,,,False,,ok
kb_98_top9_set8_parte2.json,TOP9_CODICI_FREQUENTI_SET8_PARTE2,GUIDA_ASSICURAZIONE_INDENNIZZO_RISOLUZIONE_140030,Risoluzione contratto di assicurazione e azione per indennizzo (artt. 1882-1932 c.c.),avvertimenti_obbligatori,atto_principale.avvertimenti_obbligatori,atto_principale.avvertimenti_obbligatori,atto_principale.avvertimenti_obbligatori,True,True,True,True,True,,,,,,False,,ok
kb_98_top9_set8_parte2.json,TOP9_CODICI_FREQUENTI_SET8_PARTE2,GUIDA_ASSICURAZIONE_INDENNIZZO_RISOLUZIONE_140030,Risoluzione contratto di assicurazione e azione per indennizzo (artt. 1882-1932 c.c.),allegati_obbligatori,allegati_obbligatori,allegati_obbligatori,allegati_obbligatori,True,True,True,True,True,,,,,,False,,ok
kb_98_top9_set8_parte2.json,TOP9_CODICI_FREQUENTI_SET8_PARTE2,GUIDA_ASSICURAZIONE_INDENNIZZO_RISOLUZIONE_140030,Risoluzione contratto di assicurazione e azione per indennizzo (artt. 1882-1932 c.c.),termini_processuali,termini_processuali,termini_processuali,termini_processuali,True,True,True,True,True,,,,,,False,,ok
kb_98_top9_set8_parte2.json,TOP9_CODICI_FREQUENTI_SET8_PARTE2,GUIDA_ASSICURAZIONE_INDENNIZZO_RISOLUZIONE_140030,Risoluzione contratto di assicurazione e azione per indennizzo (artt. 1882-1932 c.c.),esiti_processuali_tipici,esiti_processuali_tipici,esiti_processuali_tipici,esiti_processuali_tipici,True,True,True,True,True,,,,,,False,,ok
kb_98_top9_set8_parte2.json,TOP9_CODICI_FREQUENTI_SET8_PARTE2,GUIDA_ASSICURAZIONE_INDENNIZZO_RISOLUZIONE_140030,Risoluzione contratto di assicurazione e azione per indennizzo (artt. 1882-1932 c.c.),normativa,normativa,normativa,normativa,True,True,True,True,True,,,,,,False,,ok
kb_98_top9_set8_parte2.json,TOP9_CODICI_FREQUENTI_SET8_PARTE2,GUIDA_ASSICURAZIONE_INDENNIZZO_RISOLUZIONE_140030,Risoluzione contratto di assicurazione e azione per indennizzo (artt. 1882-1932 c.c.),atto_principale,atto_principale,atto_principale,atto_principale,True,True,True,True,True,,,,,,False,,ok
kb_98_top9_set8_parte2.json,TOP9_CODICI_FREQUENTI_SET8_PARTE2,GUIDA_ASSICURAZIONE_INDENNIZZO_RISOLUZIONE_140030,Risoluzione contratto di assicurazione e azione per indennizzo (artt. 1882-1932 c.c.),fonti_verifica_web,fonti_verifica_web,fonti_verifica_web,fonti_verifica_web,True,True,True,True,True,,,,,,False,,ok
kb_98_top9_set8_parte2.json,TOP9_CODICI_FREQUENTI_SET8_PARTE2,GUIDA_ASSICURAZIONE_INDENNIZZO_RISOLUZIONE_140030,Risoluzione contratto di assicurazione e azione per indennizzo (artt. 1882-1932 c.c.),presidi_operativi_integrativi,presidi_operativi_integrativi,presidi_operativi_integrativi,presidi_operativi_integrativi,False,False,True,True,True,,,,,,False,,ok
kb_98_top9_set8_parte2.json,TOP9_CODICI_FREQUENTI_SET8_PARTE2,GUIDA_ASSICURAZIONE_INDENNIZZO_RISOLUZIONE_140030,Risoluzione contratto di assicurazione e azione per indennizzo (artt. 1882-1932 c.c.),specialistica:tipologie_di_contestazioni_tipiche,tipologie_di_contestazioni_tipiche,tipologie_di_contestazioni_tipiche,tipologie_di_contestazioni_tipiche,True,True,True,True,True,,,,,,False,,ok
kb_98_top9_set8_parte2.json,TOP9_CODICI_FREQUENTI_SET8_PARTE2,GUIDA_ASSICURAZIONE_INDENNIZZO_RISOLUZIONE_140030,Risoluzione contratto di assicurazione e azione per indennizzo (artt. 1882-1932 c.c.),specialistica:termini_critici,termini_critici,termini_critici,termini_critici,True,True,True,True,True,,,,,,False,,ok
kb_98_top9_set8_parte2.json,TOP9_CODICI_FREQUENTI_SET8_PARTE2,GUIDA_COLLAZIONE_EREDITARIA_121005,Collazione ereditaria (art. 737 c.c.),denominazione,denominazione,denominazione,denominazione,True,True,True,True,True,,,,Collazione ereditaria (art. 737 c.c.),Collazione ereditaria (art. 737 c.c.),False,,ok
kb_98_top9_set8_parte2.json,TOP9_CODICI_FREQUENTI_SET8_PARTE2,GUIDA_COLLAZIONE_EREDITARIA_121005,Collazione ereditaria (art. 737 c.c.),categoria,categoria,categoria,categoria,True,True,True,True,True,,,,Successioni - divisione,Successioni - divisione,False,,ok
kb_98_top9_set8_parte2.json,TOP9_CODICI_FREQUENTI_SET8_PARTE2,GUIDA_COLLAZIONE_EREDITARIA_121005,Collazione ereditaria (art. 737 c.c.),sottocategoria,sottocategoria,sottocategoria,sottocategoria,True,True,True,True,True,,,,Conferimento alla massa ereditaria di donazioni ricevute in vita dal de cuius - per assicurare parità tra coeredi,Conferimento alla massa ereditaria di donazioni ricevute in vita dal de cuius - per assicurare parità tra coeredi,False,,ok
kb_98_top9_set8_parte2.json,TOP9_CODICI_FREQUENTI_SET8_PARTE2,GUIDA_COLLAZIONE_EREDITARIA_121005,Collazione ereditaria (art. 737 c.c.),rito,rito,rito,rito,True,True,True,True,True,,,,Rito ordinario - generalmente cumulabile con divisione ereditaria (121003) o azione di riduzione (120030),Rito ordinario - generalmente cumulabile con divisione ereditaria (121003) o azione di riduzione (120030),False,,ok
kb_98_top9_set8_parte2.json,TOP9_CODICI_FREQUENTI_SET8_PARTE2,GUIDA_COLLAZIONE_EREDITARIA_121005,Collazione ereditaria (art. 737 c.c.),competenza,competenza,competenza,competenza,True,True,True,True,True,,,,Tribunale del luogo apertura successione (art. 22 c.p.c.) - foro esclusivo,Tribunale del luogo apertura successione (art. 22 c.p.c.) - foro esclusivo,False,,ok
kb_98_top9_set8_parte2.json,TOP9_CODICI_FREQUENTI_SET8_PARTE2,GUIDA_COLLAZIONE_EREDITARIA_121005,Collazione ereditaria (art. 737 c.c.),uffici_destinatari,uffici_destinatari,uffici_destinatari,uffici_destinatari,True,True,True,True,True,,,,,,False,,ok
kb_98_top9_set8_parte2.json,TOP9_CODICI_FREQUENTI_SET8_PARTE2,GUIDA_COLLAZIONE_EREDITARIA_121005,Collazione ereditaria (art. 737 c.c.),tipologie_di_intervento,tipologie_di_intervento,tipologie_di_intervento,tipologie_di_intervento,False,False,False,True,False,,,,,,False,,ok
kb_98_top9_set8_parte2.json,TOP9_CODICI_FREQUENTI_SET8_PARTE2,GUIDA_COLLAZIONE_EREDITARIA_121005,Collazione ereditaria (art. 737 c.c.),presupposti_sostanziali,presupposti_sostanziali,presupposti_sostanziali,presupposti_sostanziali,True,True,True,True,True,,,,,,False,,ok
kb_98_top9_set8_parte2.json,TOP9_CODICI_FREQUENTI_SET8_PARTE2,GUIDA_COLLAZIONE_EREDITARIA_121005,Collazione ereditaria (art. 737 c.c.),legittimati_attivi,legittimati_attivi,legittimati_attivi,legittimati_attivi,False,False,False,True,False,,,,,,False,,ok
kb_98_top9_set8_parte2.json,TOP9_CODICI_FREQUENTI_SET8_PARTE2,GUIDA_COLLAZIONE_EREDITARIA_121005,Collazione ereditaria (art. 737 c.c.),obbligo_mediazione,obbligo_mediazione,obbligo_mediazione,obbligo_mediazione,True,True,True,True,True,,,,,,False,,ok
kb_98_top9_set8_parte2.json,TOP9_CODICI_FREQUENTI_SET8_PARTE2,GUIDA_COLLAZIONE_EREDITARIA_121005,Collazione ereditaria (art. 737 c.c.),adempimenti_propedeutici,adempimenti_propedeutici,adempimenti_propedeutici,adempimenti_propedeutici,True,True,True,True,True,"1,2,3,4,5,6,7","1,2,3,4,5,6,7",,,,False,,ok
kb_98_top9_set8_parte2.json,TOP9_CODICI_FREQUENTI_SET8_PARTE2,GUIDA_COLLAZIONE_EREDITARIA_121005,Collazione ereditaria (art. 737 c.c.),richiesta_provvedimenti_urgenti,richiesta_provvedimenti_urgenti,richiesta_provvedimenti_urgenti,richiesta_provvedimenti_urgenti,False,False,False,True,False,,,,,,False,,ok
kb_98_top9_set8_parte2.json,TOP9_CODICI_FREQUENTI_SET8_PARTE2,GUIDA_COLLAZIONE_EREDITARIA_121005,Collazione ereditaria (art. 737 c.c.),avvertimenti_obbligatori,atto_principale.avvertimenti_obbligatori,atto_principale.avvertimenti_obbligatori,atto_principale.avvertimenti_obbligatori,True,True,True,True,True,,,,,,False,,ok
kb_98_top9_set8_parte2.json,TOP9_CODICI_FREQUENTI_SET8_PARTE2,GUIDA_COLLAZIONE_EREDITARIA_121005,Collazione ereditaria (art. 737 c.c.),allegati_obbligatori,allegati_obbligatori,allegati_obbligatori,allegati_obbligatori,True,True,True,True,True,,,,,,False,,ok
kb_98_top9_set8_parte2.json,TOP9_CODICI_FREQUENTI_SET8_PARTE2,GUIDA_COLLAZIONE_EREDITARIA_121005,Collazione ereditaria (art. 737 c.c.),termini_processuali,termini_processuali,termini_processuali,termini_processuali,True,True,True,True,True,,,,,,False,,ok
kb_98_top9_set8_parte2.json,TOP9_CODICI_FREQUENTI_SET8_PARTE2,GUIDA_COLLAZIONE_EREDITARIA_121005,Collazione ereditaria (art. 737 c.c.),esiti_processuali_tipici,esiti_processuali_tipici,esiti_processuali_tipici,esiti_processuali_tipici,True,True,True,True,True,,,,,,False,,ok
kb_98_top9_set8_parte2.json,TOP9_CODICI_FREQUENTI_SET8_PARTE2,GUIDA_COLLAZIONE_EREDITARIA_121005,Collazione ereditaria (art. 737 c.c.),normativa,normativa,normativa,normativa,True,True,True,True,True,,,,,,False,,ok
kb_98_top9_set8_parte2.json,TOP9_CODICI_FREQUENTI_SET8_PARTE2,GUIDA_COLLAZIONE_EREDITARIA_121005,Collazione ereditaria (art. 737 c.c.),atto_principale,atto_principale,atto_principale,atto_principale,True,True,True,True,True,,,,,,False,,ok
kb_98_top9_set8_parte2.json,TOP9_CODICI_FREQUENTI_SET8_PARTE2,GUIDA_COLLAZIONE_EREDITARIA_121005,Collazione ereditaria (art. 737 c.c.),fonti_verifica_web,fonti_verifica_web,fonti_verifica_web,fonti_verifica_web,True,True,True,True,True,,,,,,False,,ok
kb_98_top9_set8_parte2.json,TOP9_CODICI_FREQUENTI_SET8_PARTE2,GUIDA_COLLAZIONE_EREDITARIA_121005,Collazione ereditaria (art. 737 c.c.),presidi_operativi_integrativi,presidi_operativi_integrativi,presidi_operativi_integrativi,presidi_operativi_integrativi,False,False,True,True,True,,,,,,False,,ok
kb_98_top9_set8_parte2.json,TOP9_CODICI_FREQUENTI_SET8_PARTE2,GUIDA_COLLAZIONE_EREDITARIA_121005,Collazione ereditaria (art. 737 c.c.),specialistica:differenza_da_riduzione_legittima_120030,differenza_da_riduzione_legittima_120030,differenza_da_riduzione_legittima_120030,differenza_da_riduzione_legittima_120030,True,True,True,True,True,,,,,,False,,ok
kb_98_top9_set8_parte2.json,TOP9_CODICI_FREQUENTI_SET8_PARTE2,GUIDA_COLLAZIONE_EREDITARIA_121005,Collazione ereditaria (art. 737 c.c.),specialistica:soggetti_tenuti_alla_collazione_737,soggetti_tenuti_alla_collazione_737,soggetti_tenuti_alla_collazione_737,soggetti_tenuti_alla_collazione_737,True,True,True,True,True,,,,,,False,,ok
kb_98_top9_set8_parte2.json,TOP9_CODICI_FREQUENTI_SET8_PARTE2,GUIDA_COLLAZIONE_EREDITARIA_121005,Collazione ereditaria (art. 737 c.c.),specialistica:donazioni_soggette_a_collazione,donazioni_soggette_a_collazione,donazioni_soggette_a_collazione,donazioni_soggette_a_collazione,True,True,True,True,True,,,,,,False,,ok
kb_98_top9_set8_parte2.json,TOP9_CODICI_FREQUENTI_SET8_PARTE2,GUIDA_COLLAZIONE_EREDITARIA_121005,Collazione ereditaria (art. 737 c.c.),specialistica:modalita_di_collazione,modalita_di_collazione,modalita_di_collazione,modalita_di_collazione,True,True,True,True,True,,,,,,False,,ok
kb_98_top9_set8_parte2.json,TOP9_CODICI_FREQUENTI_SET8_PARTE2,170002,Azione di nullità o decadenza del brevetto (CPI artt. 45-81),denominazione,denominazione,denominazione,denominazione,True,True,True,True,True,,,,Azione di nullità o decadenza del brevetto (CPI artt. 45-81),Azione di nullità o decadenza del brevetto (CPI artt. 45-81),False,,ok
kb_98_top9_set8_parte2.json,TOP9_CODICI_FREQUENTI_SET8_PARTE2,170002,Azione di nullità o decadenza del brevetto (CPI artt. 45-81),categoria,categoria,categoria,categoria,True,True,True,True,True,,,,Diritto industriale - proprietà industriale,Diritto industriale - proprietà industriale,False,,ok
kb_98_top9_set8_parte2.json,TOP9_CODICI_FREQUENTI_SET8_PARTE2,170002,Azione di nullità o decadenza del brevetto (CPI artt. 45-81),sottocategoria,sottocategoria,sottocategoria,sottocategoria,True,True,True,True,True,,,,"Azione di nullità o decadenza di brevetto per invenzione, modello di utilità, modello/disegno","Azione di nullità o decadenza di brevetto per invenzione, modello di utilità, modello/disegno",False,,ok
kb_98_top9_set8_parte2.json,TOP9_CODICI_FREQUENTI_SET8_PARTE2,170002,Azione di nullità o decadenza del brevetto (CPI artt. 45-81),rito,rito,rito,rito,True,True,True,True,True,,,,Rito ordinario di cognizione,Rito ordinario di cognizione,False,,ok
kb_98_top9_set8_parte2.json,TOP9_CODICI_FREQUENTI_SET8_PARTE2,170002,Azione di nullità o decadenza del brevetto (CPI artt. 45-81),competenza,competenza,competenza,competenza,True,True,True,True,True,,,,TRIBUNALE SEZIONE SPECIALIZZATA IN MATERIA DI IMPRESA - foro speciale ex art. 120 CPI,TRIBUNALE SEZIONE SPECIALIZZATA IN MATERIA DI IMPRESA - foro speciale ex art. 120 CPI,False,,ok
kb_98_top9_set8_parte2.json,TOP9_CODICI_FREQUENTI_SET8_PARTE2,170002,Azione di nullità o decadenza del brevetto (CPI artt. 45-81),uffici_destinatari,uffici_destinatari,uffici_destinatari,uffici_destinatari,True,True,True,True,True,,,,,,False,,ok
kb_98_top9_set8_parte2.json,TOP9_CODICI_FREQUENTI_SET8_PARTE2,170002,Azione di nullità o decadenza del brevetto (CPI artt. 45-81),tipologie_di_intervento,tipologie_di_intervento,tipologie_di_intervento,tipologie_di_intervento,False,False,False,True,False,,,,,,False,,ok
kb_98_top9_set8_parte2.json,TOP9_CODICI_FREQUENTI_SET8_PARTE2,170002,Azione di nullità o decadenza del brevetto (CPI artt. 45-81),presupposti_sostanziali,presupposti_sostanziali,presupposti_sostanziali,presupposti_sostanziali,True,True,True,True,True,,,,,,False,,ok
kb_98_top9_set8_parte2.json,TOP9_CODICI_FREQUENTI_SET8_PARTE2,170002,Azione di nullità o decadenza del brevetto (CPI artt. 45-81),legittimati_attivi,legittimati_attivi,legittimati_attivi,legittimati_attivi,False,False,False,True,False,,,,,,False,,ok
kb_98_top9_set8_parte2.json,TOP9_CODICI_FREQUENTI_SET8_PARTE2,170002,Azione di nullità o decadenza del brevetto (CPI artt. 45-81),obbligo_mediazione,obbligo_mediazione,obbligo_mediazione,obbligo_mediazione,True,True,True,True,True,,,,,,False,,ok
kb_98_top9_set8_parte2.json,TOP9_CODICI_FREQUENTI_SET8_PARTE2,170002,Azione di nullità o decadenza del brevetto (CPI artt. 45-81),adempimenti_propedeutici,adempimenti_propedeutici,adempimenti_propedeutici,adempimenti_propedeutici,True,True,True,True,True,"1,2,3,4,5","1,2,3,4,5",,,,False,,ok
kb_98_top9_set8_parte2.json,TOP9_CODICI_FREQUENTI_SET8_PARTE2,170002,Azione di nullità o decadenza del brevetto (CPI artt. 45-81),richiesta_provvedimenti_urgenti,richiesta_provvedimenti_urgenti,richiesta_provvedimenti_urgenti,richiesta_provvedimenti_urgenti,False,False,False,True,False,,,,,,False,,ok
kb_98_top9_set8_parte2.json,TOP9_CODICI_FREQUENTI_SET8_PARTE2,170002,Azione di nullità o decadenza del brevetto (CPI artt. 45-81),avvertimenti_obbligatori,atto_principale.avvertimenti_obbligatori,atto_principale.avvertimenti_obbligatori,atto_principale.avvertimenti_obbligatori,True,True,True,True,True,,,,,,False,,ok
kb_98_top9_set8_parte2.json,TOP9_CODICI_FREQUENTI_SET8_PARTE2,170002,Azione di nullità o decadenza del brevetto (CPI artt. 45-81),allegati_obbligatori,allegati_obbligatori,allegati_obbligatori,allegati_obbligatori,True,True,True,True,True,,,,,,False,,ok
kb_98_top9_set8_parte2.json,TOP9_CODICI_FREQUENTI_SET8_PARTE2,170002,Azione di nullità o decadenza del brevetto (CPI artt. 45-81),termini_processuali,termini_processuali,termini_processuali,termini_processuali,True,True,True,True,True,,,,,,False,,ok
kb_98_top9_set8_parte2.json,TOP9_CODICI_FREQUENTI_SET8_PARTE2,170002,Azione di nullità o decadenza del brevetto (CPI artt. 45-81),esiti_processuali_tipici,esiti_processuali_tipici,esiti_processuali_tipici,esiti_processuali_tipici,True,True,True,True,True,,,,,,False,,ok
kb_98_top9_set8_parte2.json,TOP9_CODICI_FREQUENTI_SET8_PARTE2,170002,Azione di nullità o decadenza del brevetto (CPI artt. 45-81),normativa,normativa,normativa,normativa,True,True,True,True,True,,,,,,False,,ok
kb_98_top9_set8_parte2.json,TOP9_CODICI_FREQUENTI_SET8_PARTE2,170002,Azione di nullità o decadenza del brevetto (CPI artt. 45-81),atto_principale,atto_principale,atto_principale,atto_principale,True,True,True,True,True,,,,,,False,,ok
kb_98_top9_set8_parte2.json,TOP9_CODICI_FREQUENTI_SET8_PARTE2,170002,Azione di nullità o decadenza del brevetto (CPI artt. 45-81),fonti_verifica_web,fonti_verifica_web,fonti_verifica_web,fonti_verifica_web,True,True,True,True,True,,,,,,False,,ok
kb_98_top9_set8_parte2.json,TOP9_CODICI_FREQUENTI_SET8_PARTE2,170002,Azione di nullità o decadenza del brevetto (CPI artt. 45-81),presidi_operativi_integrativi,presidi_operativi_integrativi,presidi_operativi_integrativi,presidi_operativi_integrativi,False,False,True,True,True,,,,,,False,,ok
kb_98_top9_set8_parte2.json,TOP9_CODICI_FREQUENTI_SET8_PARTE2,170002,Azione di nullità o decadenza del brevetto (CPI artt. 45-81),specialistica:cause_di_nullita_brevetto_art_70_71,cause_di_nullita_brevetto_art_70_71,cause_di_nullita_brevetto_art_70_71,cause_di_nullita_brevetto_art_70_71,True,True,True,True,True,,,,,,False,,ok
kb_98_top9_set8_parte2.json,TOP9_CODICI_FREQUENTI_SET8_PARTE2,170002,Azione di nullità o decadenza del brevetto (CPI artt. 45-81),specialistica:cause_di_decadenza_brevetto_artt_75_77,cause_di_decadenza_brevetto_artt_75_77,cause_di_decadenza_brevetto_artt_75_77,cause_di_decadenza_brevetto_artt_75_77,True,True,True,True,True,,,,,,False,,ok
kb_98_top9_set8_parte2.json,TOP9_CODICI_FREQUENTI_SET8_PARTE2,511012,Esecuzione per consegna o rilascio (artt. 605-611 c.p.c.),denominazione,denominazione,denominazione,denominazione,True,True,True,True,True,,,,Esecuzione per consegna o rilascio (artt. 605-611 c.p.c.),Esecuzione per consegna o rilascio (artt. 605-611 c.p.c.),False,,ok
kb_98_top9_set8_parte2.json,TOP9_CODICI_FREQUENTI_SET8_PARTE2,511012,Esecuzione per consegna o rilascio (artt. 605-611 c.p.c.),categoria,categoria,categoria,categoria,True,True,True,True,True,,,,Esecuzioni forzate - obblighi di consegna o rilascio,Esecuzioni forzate - obblighi di consegna o rilascio,False,,ok
kb_98_top9_set8_parte2.json,TOP9_CODICI_FREQUENTI_SET8_PARTE2,511012,Esecuzione per consegna o rilascio (artt. 605-611 c.p.c.),sottocategoria,sottocategoria,sottocategoria,sottocategoria,True,True,True,True,True,,,,Esecuzione forzata per consegna di beni mobili o rilascio di immobili,Esecuzione forzata per consegna di beni mobili o rilascio di immobili,False,,ok
kb_98_top9_set8_parte2.json,TOP9_CODICI_FREQUENTI_SET8_PARTE2,511012,Esecuzione per consegna o rilascio (artt. 605-611 c.p.c.),rito,rito,rito,rito,True,True,True,True,True,,,,Procedura esecutiva ex artt. 605-611 c.p.c. con Ufficiale Giudiziario sotto vigilanza GE,Procedura esecutiva ex artt. 605-611 c.p.c. con Ufficiale Giudiziario sotto vigilanza GE,False,,ok
kb_98_top9_set8_parte2.json,TOP9_CODICI_FREQUENTI_SET8_PARTE2,511012,Esecuzione per consegna o rilascio (artt. 605-611 c.p.c.),competenza,competenza,competenza,competenza,True,True,True,True,True,,,,GIUDICE DELL'ESECUZIONE del luogo in cui si trova il bene (art. 26 c.p.c.),GIUDICE DELL'ESECUZIONE del luogo in cui si trova il bene (art. 26 c.p.c.),False,,ok
kb_98_top9_set8_parte2.json,TOP9_CODICI_FREQUENTI_SET8_PARTE2,511012,Esecuzione per consegna o rilascio (artt. 605-611 c.p.c.),uffici_destinatari,uffici_destinatari,uffici_destinatari,uffici_destinatari,True,True,True,True,True,,,,,,False,,ok
kb_98_top9_set8_parte2.json,TOP9_CODICI_FREQUENTI_SET8_PARTE2,511012,Esecuzione per consegna o rilascio (artt. 605-611 c.p.c.),tipologie_di_intervento,tipologie_di_intervento,tipologie_di_intervento,tipologie_di_intervento,False,False,False,True,False,,,,,,False,,ok
kb_98_top9_set8_parte2.json,TOP9_CODICI_FREQUENTI_SET8_PARTE2,511012,Esecuzione per consegna o rilascio (artt. 605-611 c.p.c.),presupposti_sostanziali,presupposti_sostanziali,presupposti_sostanziali,presupposti_sostanziali,True,True,True,True,True,,,,,,False,,ok
kb_98_top9_set8_parte2.json,TOP9_CODICI_FREQUENTI_SET8_PARTE2,511012,Esecuzione per consegna o rilascio (artt. 605-611 c.p.c.),legittimati_attivi,legittimati_attivi,legittimati_attivi,legittimati_attivi,False,False,False,True,False,,,,,,False,,ok
kb_98_top9_set8_parte2.json,TOP9_CODICI_FREQUENTI_SET8_PARTE2,511012,Esecuzione per consegna o rilascio (artt. 605-611 c.p.c.),obbligo_mediazione,obbligo_mediazione,obbligo_mediazione,obbligo_mediazione,True,True,True,True,True,,,,,,False,,ok
kb_98_top9_set8_parte2.json,TOP9_CODICI_FREQUENTI_SET8_PARTE2,511012,Esecuzione per consegna o rilascio (artt. 605-611 c.p.c.),adempimenti_propedeutici,adempimenti_propedeutici,adempimenti_propedeutici,adempimenti_propedeutici,True,True,True,True,True,"1,2,3,4,5","1,2,3,4,5",,,,False,,ok
kb_98_top9_set8_parte2.json,TOP9_CODICI_FREQUENTI_SET8_PARTE2,511012,Esecuzione per consegna o rilascio (artt. 605-611 c.p.c.),richiesta_provvedimenti_urgenti,richiesta_provvedimenti_urgenti,richiesta_provvedimenti_urgenti,richiesta_provvedimenti_urgenti,False,False,False,True,False,,,,,,False,,ok
kb_98_top9_set8_parte2.json,TOP9_CODICI_FREQUENTI_SET8_PARTE2,511012,Esecuzione per consegna o rilascio (artt. 605-611 c.p.c.),avvertimenti_obbligatori,atto_principale.avvertimenti_obbligatori,atto_principale.avvertimenti_obbligatori,atto_principale.avvertimenti_obbligatori,True,True,True,True,True,,,,,,False,,ok
kb_98_top9_set8_parte2.json,TOP9_CODICI_FREQUENTI_SET8_PARTE2,511012,Esecuzione per consegna o rilascio (artt. 605-611 c.p.c.),allegati_obbligatori,allegati_obbligatori,allegati_obbligatori,allegati_obbligatori,True,True,True,True,True,,,,,,False,,ok
kb_98_top9_set8_parte2.json,TOP9_CODICI_FREQUENTI_SET8_PARTE2,511012,Esecuzione per consegna o rilascio (artt. 605-611 c.p.c.),termini_processuali,termini_processuali,termini_processuali,termini_processuali,True,True,True,True,True,,,,,,False,,ok
kb_98_top9_set8_parte2.json,TOP9_CODICI_FREQUENTI_SET8_PARTE2,511012,Esecuzione per consegna o rilascio (artt. 605-611 c.p.c.),esiti_processuali_tipici,esiti_processuali_tipici,esiti_processuali_tipici,esiti_processuali_tipici,True,True,True,True,True,,,,,,False,,ok
kb_98_top9_set8_parte2.json,TOP9_CODICI_FREQUENTI_SET8_PARTE2,511012,Esecuzione per consegna o rilascio (artt. 605-611 c.p.c.),normativa,normativa,normativa,normativa,True,True,True,True,True,,,,,,False,,ok
kb_98_top9_set8_parte2.json,TOP9_CODICI_FREQUENTI_SET8_PARTE2,511012,Esecuzione per consegna o rilascio (artt. 605-611 c.p.c.),atto_principale,atto_principale,atto_principale,atto_principale,True,True,True,True,True,,,,,,False,,ok
kb_98_top9_set8_parte2.json,TOP9_CODICI_FREQUENTI_SET8_PARTE2,511012,Esecuzione per consegna o rilascio (artt. 605-611 c.p.c.),fonti_verifica_web,fonti_verifica_web,fonti_verifica_web,fonti_verifica_web,True,True,True,True,True,,,,,,False,,ok
kb_98_top9_set8_parte2.json,TOP9_CODICI_FREQUENTI_SET8_PARTE2,511012,Esecuzione per consegna o rilascio (artt. 605-611 c.p.c.),presidi_operativi_integrativi,presidi_operativi_integrativi,presidi_operativi_integrativi,presidi_operativi_integrativi,False,False,True,True,True,,,,,,False,,ok
kb_98_top9_set8_parte2.json,TOP9_CODICI_FREQUENTI_SET8_PARTE2,511012,Esecuzione per consegna o rilascio (artt. 605-611 c.p.c.),specialistica:differenze_consegna_vs_rilascio,differenze_consegna_vs_rilascio,differenze_consegna_vs_rilascio,differenze_consegna_vs_rilascio,True,True,True,True,True,,,,,,False,,ok
kb_98_top9_set8_parte2.json,TOP9_CODICI_FREQUENTI_SET8_PARTE2,511012,Esecuzione per consegna o rilascio (artt. 605-611 c.p.c.),specialistica:fasi_della_procedura_di_rilascio,fasi_della_procedura_di_rilascio,fasi_della_procedura_di_rilascio,fasi_della_procedura_di_rilascio,True,True,True,True,True,,,,,,False,,ok
kb_98_top9_set9_parte1.json,TOP9_CODICI_FREQUENTI_SET9_PARTE1,GUIDA_RESPONSABILITA_MEDICO_SANITARIA_160040,Responsabilità medico-sanitaria (L. 24/2017 Gelli-Bianco),denominazione,denominazione,denominazione,denominazione,True,True,True,True,True,,,,Responsabilità medico-sanitaria (L. 24/2017 Gelli-Bianco),Responsabilità medico-sanitaria (L. 24/2017 Gelli-Bianco),False,,ok
kb_98_top9_set9_parte1.json,TOP9_CODICI_FREQUENTI_SET9_PARTE1,GUIDA_RESPONSABILITA_MEDICO_SANITARIA_160040,Responsabilità medico-sanitaria (L. 24/2017 Gelli-Bianco),categoria,categoria,categoria,categoria,True,True,True,True,True,,,,Responsabilità civile - sanitaria,Responsabilità civile - sanitaria,False,,ok
kb_98_top9_set9_parte1.json,TOP9_CODICI_FREQUENTI_SET9_PARTE1,GUIDA_RESPONSABILITA_MEDICO_SANITARIA_160040,Responsabilità medico-sanitaria (L. 24/2017 Gelli-Bianco),sottocategoria,sottocategoria,sottocategoria,sottocategoria,True,True,True,True,True,,,,Azione di risarcimento per danni da malasanità: doppio binario (struttura contrattuale ex 1218 vs medico extracontrattuale ex 2043),Azione di risarcimento per danni da malasanità: doppio binario (struttura contrattuale ex 1218 vs medico extracontrattuale ex 2043),False,,ok
kb_98_top9_set9_parte1.json,TOP9_CODICI_FREQUENTI_SET9_PARTE1,GUIDA_RESPONSABILITA_MEDICO_SANITARIA_160040,Responsabilità medico-sanitaria (L. 24/2017 Gelli-Bianco),rito,rito,rito,rito,True,True,True,True,True,,,,"Rito ordinario di cognizione preceduto da CONSULENZA TECNICA PREVENTIVA OBBLIGATORIA ex art. 696-bis c.p.c. (alternativa a mediazione, scelta del danneggiato)","Rito ordinario di cognizione preceduto da CONSULENZA TECNICA PREVENTIVA OBBLIGATORIA ex art. 696-bis c.p.c. (alternativa a mediazione, scelta del danneggiato)",False,,ok
kb_98_top9_set9_parte1.json,TOP9_CODICI_FREQUENTI_SET9_PARTE1,GUIDA_RESPONSABILITA_MEDICO_SANITARIA_160040,Responsabilità medico-sanitaria (L. 24/2017 Gelli-Bianco),competenza,competenza,competenza,competenza,True,True,True,True,True,,,,Tribunale - foro luogo struttura sanitaria (art. 19 c.p.c.) o residenza paziente (per consumatore),Tribunale - foro luogo struttura sanitaria (art. 19 c.p.c.) o residenza paziente (per consumatore),False,,ok
kb_98_top9_set9_parte1.json,TOP9_CODICI_FREQUENTI_SET9_PARTE1,GUIDA_RESPONSABILITA_MEDICO_SANITARIA_160040,Responsabilità medico-sanitaria (L. 24/2017 Gelli-Bianco),uffici_destinatari,uffici_destinatari,uffici_destinatari,uffici_destinatari,True,True,True,True,True,,,,,,False,,ok
kb_98_top9_set9_parte1.json,TOP9_CODICI_FREQUENTI_SET9_PARTE1,GUIDA_RESPONSABILITA_MEDICO_SANITARIA_160040,Responsabilità medico-sanitaria (L. 24/2017 Gelli-Bianco),tipologie_di_intervento,tipologie_di_intervento,tipologie_di_intervento,tipologie_di_intervento,False,False,False,True,False,,,,,,False,,ok
kb_98_top9_set9_parte1.json,TOP9_CODICI_FREQUENTI_SET9_PARTE1,GUIDA_RESPONSABILITA_MEDICO_SANITARIA_160040,Responsabilità medico-sanitaria (L. 24/2017 Gelli-Bianco),presupposti_sostanziali,presupposti_sostanziali,presupposti_sostanziali,presupposti_sostanziali,True,True,True,True,True,,,,,,False,,ok
kb_98_top9_set9_parte1.json,TOP9_CODICI_FREQUENTI_SET9_PARTE1,GUIDA_RESPONSABILITA_MEDICO_SANITARIA_160040,Responsabilità medico-sanitaria (L. 24/2017 Gelli-Bianco),legittimati_attivi,legittimati_attivi,legittimati_attivi,legittimati_attivi,False,False,False,True,False,,,,,,False,,ok
kb_98_top9_set9_parte1.json,TOP9_CODICI_FREQUENTI_SET9_PARTE1,GUIDA_RESPONSABILITA_MEDICO_SANITARIA_160040,Responsabilità medico-sanitaria (L. 24/2017 Gelli-Bianco),obbligo_mediazione,obbligo_mediazione,obbligo_mediazione,obbligo_mediazione,True,True,True,True,True,,,,,,False,,ok
kb_98_top9_set9_parte1.json,TOP9_CODICI_FREQUENTI_SET9_PARTE1,GUIDA_RESPONSABILITA_MEDICO_SANITARIA_160040,Responsabilità medico-sanitaria (L. 24/2017 Gelli-Bianco),adempimenti_propedeutici,adempimenti_propedeutici,adempimenti_propedeutici,adempimenti_propedeutici,True,True,True,True,True,"1,2,3,4,5,6","1,2,3,4,5,6",,,,False,,ok
kb_98_top9_set9_parte1.json,TOP9_CODICI_FREQUENTI_SET9_PARTE1,GUIDA_RESPONSABILITA_MEDICO_SANITARIA_160040,Responsabilità medico-sanitaria (L. 24/2017 Gelli-Bianco),richiesta_provvedimenti_urgenti,richiesta_provvedimenti_urgenti,richiesta_provvedimenti_urgenti,richiesta_provvedimenti_urgenti,False,False,False,True,False,,,,,,False,,ok
kb_98_top9_set9_parte1.json,TOP9_CODICI_FREQUENTI_SET9_PARTE1,GUIDA_RESPONSABILITA_MEDICO_SANITARIA_160040,Responsabilità medico-sanitaria (L. 24/2017 Gelli-Bianco),avvertimenti_obbligatori,atto_principale.avvertimenti_obbligatori,atto_principale.avvertimenti_obbligatori,atto_principale.avvertimenti_obbligatori,True,True,True,True,True,,,,,,False,,ok
kb_98_top9_set9_parte1.json,TOP9_CODICI_FREQUENTI_SET9_PARTE1,GUIDA_RESPONSABILITA_MEDICO_SANITARIA_160040,Responsabilità medico-sanitaria (L. 24/2017 Gelli-Bianco),allegati_obbligatori,allegati_obbligatori,allegati_obbligatori,allegati_obbligatori,True,True,True,True,True,,,,,,False,,ok
kb_98_top9_set9_parte1.json,TOP9_CODICI_FREQUENTI_SET9_PARTE1,GUIDA_RESPONSABILITA_MEDICO_SANITARIA_160040,Responsabilità medico-sanitaria (L. 24/2017 Gelli-Bianco),termini_processuali,termini_processuali,termini_processuali,termini_processuali,True,True,True,True,True,,,,,,False,,ok
kb_98_top9_set9_parte1.json,TOP9_CODICI_FREQUENTI_SET9_PARTE1,GUIDA_RESPONSABILITA_MEDICO_SANITARIA_160040,Responsabilità medico-sanitaria (L. 24/2017 Gelli-Bianco),esiti_processuali_tipici,esiti_processuali_tipici,esiti_processuali_tipici,esiti_processuali_tipici,True,True,True,True,True,,,,,,False,,ok
kb_98_top9_set9_parte1.json,TOP9_CODICI_FREQUENTI_SET9_PARTE1,GUIDA_RESPONSABILITA_MEDICO_SANITARIA_160040,Responsabilità medico-sanitaria (L. 24/2017 Gelli-Bianco),normativa,normativa,normativa,normativa,True,True,True,True,True,,,,,,False,,ok
kb_98_top9_set9_parte1.json,TOP9_CODICI_FREQUENTI_SET9_PARTE1,GUIDA_RESPONSABILITA_MEDICO_SANITARIA_160040,Responsabilità medico-sanitaria (L. 24/2017 Gelli-Bianco),atto_principale,atto_principale,atto_principale,atto_principale,True,True,True,True,True,,,,,,False,,ok
kb_98_top9_set9_parte1.json,TOP9_CODICI_FREQUENTI_SET9_PARTE1,GUIDA_RESPONSABILITA_MEDICO_SANITARIA_160040,Responsabilità medico-sanitaria (L. 24/2017 Gelli-Bianco),fonti_verifica_web,fonti_verifica_web,fonti_verifica_web,fonti_verifica_web,True,True,True,True,True,,,,,,False,,ok
kb_98_top9_set9_parte1.json,TOP9_CODICI_FREQUENTI_SET9_PARTE1,GUIDA_RESPONSABILITA_MEDICO_SANITARIA_160040,Responsabilità medico-sanitaria (L. 24/2017 Gelli-Bianco),presidi_operativi_integrativi,presidi_operativi_integrativi,presidi_operativi_integrativi,presidi_operativi_integrativi,False,False,True,True,True,,,,,,False,,ok
kb_98_top9_set9_parte1.json,TOP9_CODICI_FREQUENTI_SET9_PARTE1,GUIDA_RESPONSABILITA_MEDICO_SANITARIA_160040,Responsabilità medico-sanitaria (L. 24/2017 Gelli-Bianco),specialistica:doppio_binario_responsabilita_l_24_2017,doppio_binario_responsabilita_l_24_2017,doppio_binario_responsabilita_l_24_2017,doppio_binario_responsabilita_l_24_2017,True,True,True,True,True,,,,,,False,,ok
kb_98_top9_set9_parte1.json,TOP9_CODICI_FREQUENTI_SET9_PARTE1,GUIDA_RESPONSABILITA_MEDICO_SANITARIA_160040,Responsabilità medico-sanitaria (L. 24/2017 Gelli-Bianco),specialistica:elementi_critici_della_responsabilita,elementi_critici_della_responsabilita,elementi_critici_della_responsabilita,elementi_critici_della_responsabilita,True,True,True,True,True,,,,,,False,,ok
kb_98_top9_set9_parte1.json,TOP9_CODICI_FREQUENTI_SET9_PARTE1,GUIDA_RESPONSABILITA_MEDICO_SANITARIA_160040,Responsabilità medico-sanitaria (L. 24/2017 Gelli-Bianco),specialistica:tipologie_di_danni_risarcibili,tipologie_di_danni_risarcibili,tipologie_di_danni_risarcibili,tipologie_di_danni_risarcibili,True,True,True,True,True,,,,,,False,,ok
kb_98_top9_set9_parte1.json,TOP9_CODICI_FREQUENTI_SET9_PARTE1,GUIDA_APPALTO_VIZI_DIFFORMITA_GARANZIA_143005,Risoluzione contratto di appalto per vizi/difformità + garanzia (artt. 1667-1669 c.c.),denominazione,denominazione,denominazione,denominazione,True,True,True,True,True,,,,Risoluzione contratto di appalto per vizi/difformità + garanzia (artt. 1667-1669 c.c.),Risoluzione contratto di appalto per vizi/difformità + garanzia (artt. 1667-1669 c.c.),False,,ok
kb_98_top9_set9_parte1.json,TOP9_CODICI_FREQUENTI_SET9_PARTE1,GUIDA_APPALTO_VIZI_DIFFORMITA_GARANZIA_143005,Risoluzione contratto di appalto per vizi/difformità + garanzia (artt. 1667-1669 c.c.),categoria,categoria,categoria,categoria,True,True,True,True,True,,,,Contratti - appalto - patologia,Contratti - appalto - patologia,False,,ok
kb_98_top9_set9_parte1.json,TOP9_CODICI_FREQUENTI_SET9_PARTE1,GUIDA_APPALTO_VIZI_DIFFORMITA_GARANZIA_143005,Risoluzione contratto di appalto per vizi/difformità + garanzia (artt. 1667-1669 c.c.),sottocategoria,sottocategoria,sottocategoria,sottocategoria,True,True,True,True,True,,,,"Azione del committente per vizi, difformità o gravi difetti dell'opera appaltata","Azione del committente per vizi, difformità o gravi difetti dell'opera appaltata",False,,ok
kb_98_top9_set9_parte1.json,TOP9_CODICI_FREQUENTI_SET9_PARTE1,GUIDA_APPALTO_VIZI_DIFFORMITA_GARANZIA_143005,Risoluzione contratto di appalto per vizi/difformità + garanzia (artt. 1667-1669 c.c.),rito,rito,rito,rito,True,True,True,True,True,,,,Rito ordinario di cognizione preceduto da MEDIAZIONE OBBLIGATORIA per appalti edilizi (rientranti in 'contratti'); ATP 696-bis molto utile,Rito ordinario di cognizione preceduto da MEDIAZIONE OBBLIGATORIA per appalti edilizi (rientranti in 'contratti'); ATP 696-bis molto utile,False,,ok
kb_98_top9_set9_parte1.json,TOP9_CODICI_FREQUENTI_SET9_PARTE1,GUIDA_APPALTO_VIZI_DIFFORMITA_GARANZIA_143005,Risoluzione contratto di appalto per vizi/difformità + garanzia (artt. 1667-1669 c.c.),competenza,competenza,competenza,competenza,True,True,True,True,True,,,,Tribunale - foro residenza convenuto o luogo esecuzione opera (art. 20 c.p.c.),Tribunale - foro residenza convenuto o luogo esecuzione opera (art. 20 c.p.c.),False,,ok
kb_98_top9_set9_parte1.json,TOP9_CODICI_FREQUENTI_SET9_PARTE1,GUIDA_APPALTO_VIZI_DIFFORMITA_GARANZIA_143005,Risoluzione contratto di appalto per vizi/difformità + garanzia (artt. 1667-1669 c.c.),uffici_destinatari,uffici_destinatari,uffici_destinatari,uffici_destinatari,True,True,True,True,True,,,,,,False,,ok
kb_98_top9_set9_parte1.json,TOP9_CODICI_FREQUENTI_SET9_PARTE1,GUIDA_APPALTO_VIZI_DIFFORMITA_GARANZIA_143005,Risoluzione contratto di appalto per vizi/difformità + garanzia (artt. 1667-1669 c.c.),tipologie_di_intervento,tipologie_di_intervento,tipologie_di_intervento,tipologie_di_intervento,False,False,False,True,False,,,,,,False,,ok
kb_98_top9_set9_parte1.json,TOP9_CODICI_FREQUENTI_SET9_PARTE1,GUIDA_APPALTO_VIZI_DIFFORMITA_GARANZIA_143005,Risoluzione contratto di appalto per vizi/difformità + garanzia (artt. 1667-1669 c.c.),presupposti_sostanziali,presupposti_sostanziali,presupposti_sostanziali,presupposti_sostanziali,True,True,True,True,True,,,,,,False,,ok
kb_98_top9_set9_parte1.json,TOP9_CODICI_FREQUENTI_SET9_PARTE1,GUIDA_APPALTO_VIZI_DIFFORMITA_GARANZIA_143005,Risoluzione contratto di appalto per vizi/difformità + garanzia (artt. 1667-1669 c.c.),legittimati_attivi,legittimati_attivi,legittimati_attivi,legittimati_attivi,False,False,False,True,False,,,,,,False,,ok
kb_98_top9_set9_parte1.json,TOP9_CODICI_FREQUENTI_SET9_PARTE1,GUIDA_APPALTO_VIZI_DIFFORMITA_GARANZIA_143005,Risoluzione contratto di appalto per vizi/difformità + garanzia (artt. 1667-1669 c.c.),obbligo_mediazione,obbligo_mediazione,obbligo_mediazione,obbligo_mediazione,True,True,True,True,True,,,,,,False,,ok
kb_98_top9_set9_parte1.json,TOP9_CODICI_FREQUENTI_SET9_PARTE1,GUIDA_APPALTO_VIZI_DIFFORMITA_GARANZIA_143005,Risoluzione contratto di appalto per vizi/difformità + garanzia (artt. 1667-1669 c.c.),adempimenti_propedeutici,adempimenti_propedeutici,adempimenti_propedeutici,adempimenti_propedeutici,True,True,True,True,True,"1,2,3,4,5,6,7","1,2,3,4,5,6,7",,,,False,,ok
kb_98_top9_set9_parte1.json,TOP9_CODICI_FREQUENTI_SET9_PARTE1,GUIDA_APPALTO_VIZI_DIFFORMITA_GARANZIA_143005,Risoluzione contratto di appalto per vizi/difformità + garanzia (artt. 1667-1669 c.c.),richiesta_provvedimenti_urgenti,richiesta_provvedimenti_urgenti,richiesta_provvedimenti_urgenti,richiesta_provvedimenti_urgenti,False,False,False,True,False,,,,,,False,,ok
kb_98_top9_set9_parte1.json,TOP9_CODICI_FREQUENTI_SET9_PARTE1,GUIDA_APPALTO_VIZI_DIFFORMITA_GARANZIA_143005,Risoluzione contratto di appalto per vizi/difformità + garanzia (artt. 1667-1669 c.c.),avvertimenti_obbligatori,atto_principale.avvertimenti_obbligatori,atto_principale.avvertimenti_obbligatori,atto_principale.avvertimenti_obbligatori,True,True,True,True,True,,,,,,False,,ok
kb_98_top9_set9_parte1.json,TOP9_CODICI_FREQUENTI_SET9_PARTE1,GUIDA_APPALTO_VIZI_DIFFORMITA_GARANZIA_143005,Risoluzione contratto di appalto per vizi/difformità + garanzia (artt. 1667-1669 c.c.),allegati_obbligatori,allegati_obbligatori,allegati_obbligatori,allegati_obbligatori,True,True,True,True,True,,,,,,False,,ok
kb_98_top9_set9_parte1.json,TOP9_CODICI_FREQUENTI_SET9_PARTE1,GUIDA_APPALTO_VIZI_DIFFORMITA_GARANZIA_143005,Risoluzione contratto di appalto per vizi/difformità + garanzia (artt. 1667-1669 c.c.),termini_processuali,termini_processuali,termini_processuali,termini_processuali,True,True,True,True,True,,,,,,False,,ok
kb_98_top9_set9_parte1.json,TOP9_CODICI_FREQUENTI_SET9_PARTE1,GUIDA_APPALTO_VIZI_DIFFORMITA_GARANZIA_143005,Risoluzione contratto di appalto per vizi/difformità + garanzia (artt. 1667-1669 c.c.),esiti_processuali_tipici,esiti_processuali_tipici,esiti_processuali_tipici,esiti_processuali_tipici,True,True,True,True,True,,,,,,False,,ok
kb_98_top9_set9_parte1.json,TOP9_CODICI_FREQUENTI_SET9_PARTE1,GUIDA_APPALTO_VIZI_DIFFORMITA_GARANZIA_143005,Risoluzione contratto di appalto per vizi/difformità + garanzia (artt. 1667-1669 c.c.),normativa,normativa,normativa,normativa,True,True,True,True,True,,,,,,False,,ok
kb_98_top9_set9_parte1.json,TOP9_CODICI_FREQUENTI_SET9_PARTE1,GUIDA_APPALTO_VIZI_DIFFORMITA_GARANZIA_143005,Risoluzione contratto di appalto per vizi/difformità + garanzia (artt. 1667-1669 c.c.),atto_principale,atto_principale,atto_principale,atto_principale,True,True,True,True,True,,,,,,False,,ok
kb_98_top9_set9_parte1.json,TOP9_CODICI_FREQUENTI_SET9_PARTE1,GUIDA_APPALTO_VIZI_DIFFORMITA_GARANZIA_143005,Risoluzione contratto di appalto per vizi/difformità + garanzia (artt. 1667-1669 c.c.),fonti_verifica_web,fonti_verifica_web,fonti_verifica_web,fonti_verifica_web,True,True,True,True,True,,,,,,False,,ok
kb_98_top9_set9_parte1.json,TOP9_CODICI_FREQUENTI_SET9_PARTE1,GUIDA_APPALTO_VIZI_DIFFORMITA_GARANZIA_143005,Risoluzione contratto di appalto per vizi/difformità + garanzia (artt. 1667-1669 c.c.),presidi_operativi_integrativi,presidi_operativi_integrativi,presidi_operativi_integrativi,presidi_operativi_integrativi,False,False,True,True,True,,,,,,False,,ok
kb_98_top9_set9_parte1.json,TOP9_CODICI_FREQUENTI_SET9_PARTE1,GUIDA_APPALTO_VIZI_DIFFORMITA_GARANZIA_143005,Risoluzione contratto di appalto per vizi/difformità + garanzia (artt. 1667-1669 c.c.),specialistica:differenza_critica_1667_vs_1669,differenza_critica_1667_vs_1669,differenza_critica_1667_vs_1669,differenza_critica_1667_vs_1669,True,True,True,True,True,,,,,,False,,ok
kb_98_top9_set9_parte1.json,TOP9_CODICI_FREQUENTI_SET9_PARTE1,GUIDA_APPALTO_VIZI_DIFFORMITA_GARANZIA_143005,Risoluzione contratto di appalto per vizi/difformità + garanzia (artt. 1667-1669 c.c.),specialistica:rimedi_disponibili_1668,rimedi_disponibili_1668,rimedi_disponibili_1668,rimedi_disponibili_1668,True,True,True,True,True,,,,,,False,,ok
kb_98_top9_set9_parte1.json,TOP9_CODICI_FREQUENTI_SET9_PARTE1,GUIDA_SERVITU_PREDIALI_130013,"Servitù prediali - costituzione, accertamento, modifiche (artt. 1027-1099 c.c.)",denominazione,denominazione,denominazione,denominazione,True,True,True,True,True,,,,"Servitù prediali - costituzione, accertamento, modifiche (artt. 1027-1099 c.c.)","Servitù prediali - costituzione, accertamento, modifiche (artt. 1027-1099 c.c.)",False,,ok
kb_98_top9_set9_parte1.json,TOP9_CODICI_FREQUENTI_SET9_PARTE1,GUIDA_SERVITU_PREDIALI_130013,"Servitù prediali - costituzione, accertamento, modifiche (artt. 1027-1099 c.c.)",categoria,categoria,categoria,categoria,True,True,True,True,True,,,,Diritti reali - servitù,Diritti reali - servitù,False,,ok
kb_98_top9_set9_parte1.json,TOP9_CODICI_FREQUENTI_SET9_PARTE1,GUIDA_SERVITU_PREDIALI_130013,"Servitù prediali - costituzione, accertamento, modifiche (artt. 1027-1099 c.c.)",sottocategoria,sottocategoria,sottocategoria,sottocategoria,True,True,True,True,True,,,,"Azioni relative all'esistenza, contenuto, esercizio o estinzione di servitù prediali","Azioni relative all'esistenza, contenuto, esercizio o estinzione di servitù prediali",False,,ok
kb_98_top9_set9_parte1.json,TOP9_CODICI_FREQUENTI_SET9_PARTE1,GUIDA_SERVITU_PREDIALI_130013,"Servitù prediali - costituzione, accertamento, modifiche (artt. 1027-1099 c.c.)",rito,rito,rito,rito,True,True,True,True,True,,,,Rito ordinario di cognizione preceduto da MEDIAZIONE OBBLIGATORIA (diritti reali),Rito ordinario di cognizione preceduto da MEDIAZIONE OBBLIGATORIA (diritti reali),False,,ok
kb_98_top9_set9_parte1.json,TOP9_CODICI_FREQUENTI_SET9_PARTE1,GUIDA_SERVITU_PREDIALI_130013,"Servitù prediali - costituzione, accertamento, modifiche (artt. 1027-1099 c.c.)",competenza,competenza,competenza,competenza,True,True,True,True,True,,,,Tribunale del luogo immobile (art. 21 c.p.c.) - foro esclusivo,Tribunale del luogo immobile (art. 21 c.p.c.) - foro esclusivo,False,,ok
kb_98_top9_set9_parte1.json,TOP9_CODICI_FREQUENTI_SET9_PARTE1,GUIDA_SERVITU_PREDIALI_130013,"Servitù prediali - costituzione, accertamento, modifiche (artt. 1027-1099 c.c.)",uffici_destinatari,uffici_destinatari,uffici_destinatari,uffici_destinatari,True,True,True,True,True,,,,,,False,,ok
kb_98_top9_set9_parte1.json,TOP9_CODICI_FREQUENTI_SET9_PARTE1,GUIDA_SERVITU_PREDIALI_130013,"Servitù prediali - costituzione, accertamento, modifiche (artt. 1027-1099 c.c.)",tipologie_di_intervento,tipologie_di_intervento,tipologie_di_intervento,tipologie_di_intervento,False,False,False,True,False,,,,,,False,,ok
kb_98_top9_set9_parte1.json,TOP9_CODICI_FREQUENTI_SET9_PARTE1,GUIDA_SERVITU_PREDIALI_130013,"Servitù prediali - costituzione, accertamento, modifiche (artt. 1027-1099 c.c.)",presupposti_sostanziali,presupposti_sostanziali,presupposti_sostanziali,presupposti_sostanziali,True,True,True,True,True,,,,,,False,,ok
kb_98_top9_set9_parte1.json,TOP9_CODICI_FREQUENTI_SET9_PARTE1,GUIDA_SERVITU_PREDIALI_130013,"Servitù prediali - costituzione, accertamento, modifiche (artt. 1027-1099 c.c.)",legittimati_attivi,legittimati_attivi,legittimati_attivi,legittimati_attivi,False,False,False,True,False,,,,,,False,,ok
kb_98_top9_set9_parte1.json,TOP9_CODICI_FREQUENTI_SET9_PARTE1,GUIDA_SERVITU_PREDIALI_130013,"Servitù prediali - costituzione, accertamento, modifiche (artt. 1027-1099 c.c.)",obbligo_mediazione,obbligo_mediazione,obbligo_mediazione,obbligo_mediazione,True,True,True,True,True,,,,,,False,,ok
kb_98_top9_set9_parte1.json,TOP9_CODICI_FREQUENTI_SET9_PARTE1,GUIDA_SERVITU_PREDIALI_130013,"Servitù prediali - costituzione, accertamento, modifiche (artt. 1027-1099 c.c.)",adempimenti_propedeutici,adempimenti_propedeutici,adempimenti_propedeutici,adempimenti_propedeutici,True,True,True,True,True,"1,2,3,4,5,6","1,2,3,4,5,6",,,,False,,ok
kb_98_top9_set9_parte1.json,TOP9_CODICI_FREQUENTI_SET9_PARTE1,GUIDA_SERVITU_PREDIALI_130013,"Servitù prediali - costituzione, accertamento, modifiche (artt. 1027-1099 c.c.)",richiesta_provvedimenti_urgenti,richiesta_provvedimenti_urgenti,richiesta_provvedimenti_urgenti,richiesta_provvedimenti_urgenti,False,False,False,True,False,,,,,,False,,ok
kb_98_top9_set9_parte1.json,TOP9_CODICI_FREQUENTI_SET9_PARTE1,GUIDA_SERVITU_PREDIALI_130013,"Servitù prediali - costituzione, accertamento, modifiche (artt. 1027-1099 c.c.)",avvertimenti_obbligatori,atto_principale.avvertimenti_obbligatori,atto_principale.avvertimenti_obbligatori,atto_principale.avvertimenti_obbligatori,True,True,True,True,True,,,,,,False,,ok
kb_98_top9_set9_parte1.json,TOP9_CODICI_FREQUENTI_SET9_PARTE1,GUIDA_SERVITU_PREDIALI_130013,"Servitù prediali - costituzione, accertamento, modifiche (artt. 1027-1099 c.c.)",allegati_obbligatori,allegati_obbligatori,allegati_obbligatori,allegati_obbligatori,True,True,True,True,True,,,,,,False,,ok
kb_98_top9_set9_parte1.json,TOP9_CODICI_FREQUENTI_SET9_PARTE1,GUIDA_SERVITU_PREDIALI_130013,"Servitù prediali - costituzione, accertamento, modifiche (artt. 1027-1099 c.c.)",termini_processuali,termini_processuali,termini_processuali,termini_processuali,True,True,True,True,True,,,,,,False,,ok
kb_98_top9_set9_parte1.json,TOP9_CODICI_FREQUENTI_SET9_PARTE1,GUIDA_SERVITU_PREDIALI_130013,"Servitù prediali - costituzione, accertamento, modifiche (artt. 1027-1099 c.c.)",esiti_processuali_tipici,esiti_processuali_tipici,esiti_processuali_tipici,esiti_processuali_tipici,True,True,True,True,True,,,,,,False,,ok
kb_98_top9_set9_parte1.json,TOP9_CODICI_FREQUENTI_SET9_PARTE1,GUIDA_SERVITU_PREDIALI_130013,"Servitù prediali - costituzione, accertamento, modifiche (artt. 1027-1099 c.c.)",normativa,normativa,normativa,normativa,True,True,True,True,True,,,,,,False,,ok
kb_98_top9_set9_parte1.json,TOP9_CODICI_FREQUENTI_SET9_PARTE1,GUIDA_SERVITU_PREDIALI_130013,"Servitù prediali - costituzione, accertamento, modifiche (artt. 1027-1099 c.c.)",atto_principale,atto_principale,atto_principale,atto_principale,True,True,True,True,True,,,,,,False,,ok
kb_98_top9_set9_parte1.json,TOP9_CODICI_FREQUENTI_SET9_PARTE1,GUIDA_SERVITU_PREDIALI_130013,"Servitù prediali - costituzione, accertamento, modifiche (artt. 1027-1099 c.c.)",fonti_verifica_web,fonti_verifica_web,fonti_verifica_web,fonti_verifica_web,True,True,True,True,True,,,,,,False,,ok
kb_98_top9_set9_parte1.json,TOP9_CODICI_FREQUENTI_SET9_PARTE1,GUIDA_SERVITU_PREDIALI_130013,"Servitù prediali - costituzione, accertamento, modifiche (artt. 1027-1099 c.c.)",presidi_operativi_integrativi,presidi_operativi_integrativi,presidi_operativi_integrativi,presidi_operativi_integrativi,False,False,True,True,True,,,,,,False,,ok
kb_98_top9_set9_parte1.json,TOP9_CODICI_FREQUENTI_SET9_PARTE1,GUIDA_SERVITU_PREDIALI_130013,"Servitù prediali - costituzione, accertamento, modifiche (artt. 1027-1099 c.c.)",specialistica:tipologie_di_azioni_relative_a_servitu,tipologie_di_azioni_relative_a_servitu,tipologie_di_azioni_relative_a_servitu,tipologie_di_azioni_relative_a_servitu,True,True,True,True,True,,,,,,False,,ok
kb_98_top9_set9_parte1.json,TOP9_CODICI_FREQUENTI_SET9_PARTE1,GUIDA_SERVITU_PREDIALI_130013,"Servitù prediali - costituzione, accertamento, modifiche (artt. 1027-1099 c.c.)",specialistica:modalita_di_costituzione_servitu,modalita_di_costituzione_servitu,modalita_di_costituzione_servitu,modalita_di_costituzione_servitu,True,True,True,True,True,,,,,,False,,ok
kb_98_top9_set9_parte1.json,TOP9_CODICI_FREQUENTI_SET9_PARTE1,GUIDA_VOLONTARIA_GIURISDIZIONE_MINORI_AUTORIZZAZIONI_414001,Volontaria giurisdizione su minori - autorizzazioni atti rappresentanti legali,denominazione,denominazione,denominazione,denominazione,True,True,True,True,True,,,,Volontaria giurisdizione su minori - autorizzazioni atti rappresentanti legali,Volontaria giurisdizione su minori - autorizzazioni atti rappresentanti legali,False,,ok
kb_98_top9_set9_parte1.json,TOP9_CODICI_FREQUENTI_SET9_PARTE1,GUIDA_VOLONTARIA_GIURISDIZIONE_MINORI_AUTORIZZAZIONI_414001,Volontaria giurisdizione su minori - autorizzazioni atti rappresentanti legali,categoria,categoria,categoria,categoria,True,True,True,True,True,,,,Volontaria giurisdizione - protezione minore,Volontaria giurisdizione - protezione minore,False,,ok
kb_98_top9_set9_parte1.json,TOP9_CODICI_FREQUENTI_SET9_PARTE1,GUIDA_VOLONTARIA_GIURISDIZIONE_MINORI_AUTORIZZAZIONI_414001,Volontaria giurisdizione su minori - autorizzazioni atti rappresentanti legali,sottocategoria,sottocategoria,sottocategoria,sottocategoria,True,True,True,True,True,,,,Autorizzazioni del Giudice Tutelare per atti dei rappresentanti legali (genitori esercenti potestà o tutori) eccedenti l'ordinaria amministrazione,Autorizzazioni del Giudice Tutelare per atti dei rappresentanti legali (genitori esercenti potestà o tutori) eccedenti l'ordinaria amministrazione,False,,ok
kb_98_top9_set9_parte1.json,TOP9_CODICI_FREQUENTI_SET9_PARTE1,GUIDA_VOLONTARIA_GIURISDIZIONE_MINORI_AUTORIZZAZIONI_414001,Volontaria giurisdizione su minori - autorizzazioni atti rappresentanti legali,rito,rito,rito,rito,True,True,True,True,True,,,,Procedimento camerale di volontaria giurisdizione davanti al GIUDICE TUTELARE,Procedimento camerale di volontaria giurisdizione davanti al GIUDICE TUTELARE,False,,ok
kb_98_top9_set9_parte1.json,TOP9_CODICI_FREQUENTI_SET9_PARTE1,GUIDA_VOLONTARIA_GIURISDIZIONE_MINORI_AUTORIZZAZIONI_414001,Volontaria giurisdizione su minori - autorizzazioni atti rappresentanti legali,competenza,competenza,competenza,competenza,True,True,True,True,True,,,,GIUDICE TUTELARE del luogo di residenza del minore,GIUDICE TUTELARE del luogo di residenza del minore,False,,ok
kb_98_top9_set9_parte1.json,TOP9_CODICI_FREQUENTI_SET9_PARTE1,GUIDA_VOLONTARIA_GIURISDIZIONE_MINORI_AUTORIZZAZIONI_414001,Volontaria giurisdizione su minori - autorizzazioni atti rappresentanti legali,uffici_destinatari,uffici_destinatari,uffici_destinatari,uffici_destinatari,True,True,True,True,True,,,,,,False,,ok
kb_98_top9_set9_parte1.json,TOP9_CODICI_FREQUENTI_SET9_PARTE1,GUIDA_VOLONTARIA_GIURISDIZIONE_MINORI_AUTORIZZAZIONI_414001,Volontaria giurisdizione su minori - autorizzazioni atti rappresentanti legali,tipologie_di_intervento,tipologie_di_intervento,tipologie_di_intervento,tipologie_di_intervento,False,False,False,True,False,,,,,,False,,ok
kb_98_top9_set9_parte1.json,TOP9_CODICI_FREQUENTI_SET9_PARTE1,GUIDA_VOLONTARIA_GIURISDIZIONE_MINORI_AUTORIZZAZIONI_414001,Volontaria giurisdizione su minori - autorizzazioni atti rappresentanti legali,presupposti_sostanziali,presupposti_sostanziali,presupposti_sostanziali,presupposti_sostanziali,True,True,True,True,True,,,,,,False,,ok
kb_98_top9_set9_parte1.json,TOP9_CODICI_FREQUENTI_SET9_PARTE1,GUIDA_VOLONTARIA_GIURISDIZIONE_MINORI_AUTORIZZAZIONI_414001,Volontaria giurisdizione su minori - autorizzazioni atti rappresentanti legali,legittimati_attivi,legittimati_attivi,legittimati_attivi,legittimati_attivi,True,True,True,True,True,,,,,,False,,ok
kb_98_top9_set9_parte1.json,TOP9_CODICI_FREQUENTI_SET9_PARTE1,GUIDA_VOLONTARIA_GIURISDIZIONE_MINORI_AUTORIZZAZIONI_414001,Volontaria giurisdizione su minori - autorizzazioni atti rappresentanti legali,obbligo_mediazione,obbligo_mediazione,obbligo_mediazione,obbligo_mediazione,True,True,True,True,True,,,,,,False,,ok
kb_98_top9_set9_parte1.json,TOP9_CODICI_FREQUENTI_SET9_PARTE1,GUIDA_VOLONTARIA_GIURISDIZIONE_MINORI_AUTORIZZAZIONI_414001,Volontaria giurisdizione su minori - autorizzazioni atti rappresentanti legali,adempimenti_propedeutici,adempimenti_propedeutici,adempimenti_propedeutici,adempimenti_propedeutici,True,True,True,True,True,"1,2,3,4,5,6","1,2,3,4,5,6",,,,False,,ok
kb_98_top9_set9_parte1.json,TOP9_CODICI_FREQUENTI_SET9_PARTE1,GUIDA_VOLONTARIA_GIURISDIZIONE_MINORI_AUTORIZZAZIONI_414001,Volontaria giurisdizione su minori - autorizzazioni atti rappresentanti legali,richiesta_provvedimenti_urgenti,richiesta_provvedimenti_urgenti,richiesta_provvedimenti_urgenti,richiesta_provvedimenti_urgenti,False,False,False,True,False,,,,,,False,,ok
kb_98_top9_set9_parte1.json,TOP9_CODICI_FREQUENTI_SET9_PARTE1,GUIDA_VOLONTARIA_GIURISDIZIONE_MINORI_AUTORIZZAZIONI_414001,Volontaria giurisdizione su minori - autorizzazioni atti rappresentanti legali,avvertimenti_obbligatori,atto_principale.avvertimenti_obbligatori,atto_principale.avvertimenti_obbligatori,atto_principale.avvertimenti_obbligatori,True,True,True,True,True,,,,,,False,,ok
kb_98_top9_set9_parte1.json,TOP9_CODICI_FREQUENTI_SET9_PARTE1,GUIDA_VOLONTARIA_GIURISDIZIONE_MINORI_AUTORIZZAZIONI_414001,Volontaria giurisdizione su minori - autorizzazioni atti rappresentanti legali,allegati_obbligatori,allegati_obbligatori,allegati_obbligatori,allegati_obbligatori,True,True,True,True,True,,,,,,False,,ok
kb_98_top9_set9_parte1.json,TOP9_CODICI_FREQUENTI_SET9_PARTE1,GUIDA_VOLONTARIA_GIURISDIZIONE_MINORI_AUTORIZZAZIONI_414001,Volontaria giurisdizione su minori - autorizzazioni atti rappresentanti legali,termini_processuali,termini_processuali,termini_processuali,termini_processuali,True,True,True,True,True,,,,,,False,,ok
kb_98_top9_set9_parte1.json,TOP9_CODICI_FREQUENTI_SET9_PARTE1,GUIDA_VOLONTARIA_GIURISDIZIONE_MINORI_AUTORIZZAZIONI_414001,Volontaria giurisdizione su minori - autorizzazioni atti rappresentanti legali,esiti_processuali_tipici,esiti_processuali_tipici,esiti_processuali_tipici,esiti_processuali_tipici,True,True,True,True,True,,,,,,False,,ok
kb_98_top9_set9_parte1.json,TOP9_CODICI_FREQUENTI_SET9_PARTE1,GUIDA_VOLONTARIA_GIURISDIZIONE_MINORI_AUTORIZZAZIONI_414001,Volontaria giurisdizione su minori - autorizzazioni atti rappresentanti legali,normativa,normativa,normativa,normativa,True,True,True,True,True,,,,,,False,,ok
kb_98_top9_set9_parte1.json,TOP9_CODICI_FREQUENTI_SET9_PARTE1,GUIDA_VOLONTARIA_GIURISDIZIONE_MINORI_AUTORIZZAZIONI_414001,Volontaria giurisdizione su minori - autorizzazioni atti rappresentanti legali,atto_principale,atto_principale,atto_principale,atto_principale,True,True,True,True,True,,,,,,False,,ok
kb_98_top9_set9_parte1.json,TOP9_CODICI_FREQUENTI_SET9_PARTE1,GUIDA_VOLONTARIA_GIURISDIZIONE_MINORI_AUTORIZZAZIONI_414001,Volontaria giurisdizione su minori - autorizzazioni atti rappresentanti legali,fonti_verifica_web,fonti_verifica_web,fonti_verifica_web,fonti_verifica_web,True,True,True,True,True,,,,,,False,,ok
kb_98_top9_set9_parte1.json,TOP9_CODICI_FREQUENTI_SET9_PARTE1,GUIDA_VOLONTARIA_GIURISDIZIONE_MINORI_AUTORIZZAZIONI_414001,Volontaria giurisdizione su minori - autorizzazioni atti rappresentanti legali,presidi_operativi_integrativi,presidi_operativi_integrativi,presidi_operativi_integrativi,presidi_operativi_integrativi,False,False,True,True,True,,,,,,False,,ok
kb_98_top9_set9_parte1.json,TOP9_CODICI_FREQUENTI_SET9_PARTE1,GUIDA_VOLONTARIA_GIURISDIZIONE_MINORI_AUTORIZZAZIONI_414001,Volontaria giurisdizione su minori - autorizzazioni atti rappresentanti legali,specialistica:atti_che_richiedono_autorizzazione_GT_art_320_374,atti_che_richiedono_autorizzazione_GT_art_320_374,atti_che_richiedono_autorizzazione_GT_art_320_374,atti_che_richiedono_autorizzazione_GT_art_320_374,True,True,True,True,True,,,,,,False,,ok
kb_98_top9_set9_parte1.json,TOP9_CODICI_FREQUENTI_SET9_PARTE1,GUIDA_VOLONTARIA_GIURISDIZIONE_MINORI_AUTORIZZAZIONI_414001,Volontaria giurisdizione su minori - autorizzazioni atti rappresentanti legali,specialistica:atti_che_richiedono_autorizzazione_TRIBUNALE_art_375,atti_che_richiedono_autorizzazione_TRIBUNALE_art_375,atti_che_richiedono_autorizzazione_TRIBUNALE_art_375,atti_che_richiedono_autorizzazione_TRIBUNALE_art_375,True,True,True,True,True,,,,,,False,,ok
kb_98_top9_set9_parte1.json,TOP9_CODICI_FREQUENTI_SET9_PARTE1,GUIDA_DIFETTO_CONFORMITA_BENI_CONSUMO_140005,Difetto di conformità nella vendita di beni di consumo (artt. 128-135 Cod. Consumo),denominazione,denominazione,denominazione,denominazione,True,True,True,True,True,,,,Difetto di conformità nella vendita di beni di consumo (artt. 128-135 Cod. Consumo),Difetto di conformità nella vendita di beni di consumo (artt. 128-135 Cod. Consumo),False,,ok
kb_98_top9_set9_parte1.json,TOP9_CODICI_FREQUENTI_SET9_PARTE1,GUIDA_DIFETTO_CONFORMITA_BENI_CONSUMO_140005,Difetto di conformità nella vendita di beni di consumo (artt. 128-135 Cod. Consumo),categoria,categoria,categoria,categoria,True,True,True,True,True,,,,Contratti - vendita - tutela consumatore,Contratti - vendita - tutela consumatore,False,,ok
kb_98_top9_set9_parte1.json,TOP9_CODICI_FREQUENTI_SET9_PARTE1,GUIDA_DIFETTO_CONFORMITA_BENI_CONSUMO_140005,Difetto di conformità nella vendita di beni di consumo (artt. 128-135 Cod. Consumo),sottocategoria,sottocategoria,sottocategoria,sottocategoria,True,True,True,True,True,,,,Azione del consumatore per difetto di conformità con i diritti gerarchici (riparazione/sostituzione/riduzione prezzo/risoluzione),Azione del consumatore per difetto di conformità con i diritti gerarchici (riparazione/sostituzione/riduzione prezzo/risoluzione),False,,ok
kb_98_top9_set9_parte1.json,TOP9_CODICI_FREQUENTI_SET9_PARTE1,GUIDA_DIFETTO_CONFORMITA_BENI_CONSUMO_140005,Difetto di conformità nella vendita di beni di consumo (artt. 128-135 Cod. Consumo),rito,rito,rito,rito,True,True,True,True,True,,,,Rito ordinario di cognizione (di norma davanti al Giudice di Pace per valori bassi - frequente uso ADR),Rito ordinario di cognizione (di norma davanti al Giudice di Pace per valori bassi - frequente uso ADR),False,,ok
kb_98_top9_set9_parte1.json,TOP9_CODICI_FREQUENTI_SET9_PARTE1,GUIDA_DIFETTO_CONFORMITA_BENI_CONSUMO_140005,Difetto di conformità nella vendita di beni di consumo (artt. 128-135 Cod. Consumo),competenza,competenza,competenza,competenza,True,True,True,True,True,,,,FORO SPECIALE DEL CONSUMATORE (Cass. SU 23633/2022) - residenza del consumatore,FORO SPECIALE DEL CONSUMATORE (Cass. SU 23633/2022) - residenza del consumatore,False,,ok
kb_98_top9_set9_parte1.json,TOP9_CODICI_FREQUENTI_SET9_PARTE1,GUIDA_DIFETTO_CONFORMITA_BENI_CONSUMO_140005,Difetto di conformità nella vendita di beni di consumo (artt. 128-135 Cod. Consumo),uffici_destinatari,uffici_destinatari,uffici_destinatari,uffici_destinatari,True,True,True,True,True,,,,,,False,,ok
kb_98_top9_set9_parte1.json,TOP9_CODICI_FREQUENTI_SET9_PARTE1,GUIDA_DIFETTO_CONFORMITA_BENI_CONSUMO_140005,Difetto di conformità nella vendita di beni di consumo (artt. 128-135 Cod. Consumo),tipologie_di_intervento,tipologie_di_intervento,tipologie_di_intervento,tipologie_di_intervento,False,False,False,True,False,,,,,,False,,ok
kb_98_top9_set9_parte1.json,TOP9_CODICI_FREQUENTI_SET9_PARTE1,GUIDA_DIFETTO_CONFORMITA_BENI_CONSUMO_140005,Difetto di conformità nella vendita di beni di consumo (artt. 128-135 Cod. Consumo),presupposti_sostanziali,presupposti_sostanziali,presupposti_sostanziali,presupposti_sostanziali,True,True,True,True,True,,,,,,False,,ok
kb_98_top9_set9_parte1.json,TOP9_CODICI_FREQUENTI_SET9_PARTE1,GUIDA_DIFETTO_CONFORMITA_BENI_CONSUMO_140005,Difetto di conformità nella vendita di beni di consumo (artt. 128-135 Cod. Consumo),legittimati_attivi,legittimati_attivi,legittimati_attivi,legittimati_attivi,False,False,False,True,False,,,,,,False,,ok
kb_98_top9_set9_parte1.json,TOP9_CODICI_FREQUENTI_SET9_PARTE1,GUIDA_DIFETTO_CONFORMITA_BENI_CONSUMO_140005,Difetto di conformità nella vendita di beni di consumo (artt. 128-135 Cod. Consumo),obbligo_mediazione,obbligo_mediazione,obbligo_mediazione,obbligo_mediazione,True,True,True,True,True,,,,,,False,,ok
kb_98_top9_set9_parte1.json,TOP9_CODICI_FREQUENTI_SET9_PARTE1,GUIDA_DIFETTO_CONFORMITA_BENI_CONSUMO_140005,Difetto di conformità nella vendita di beni di consumo (artt. 128-135 Cod. Consumo),adempimenti_propedeutici,adempimenti_propedeutici,adempimenti_propedeutici,adempimenti_propedeutici,True,True,True,True,True,"1,2,3,4,5,6,7","1,2,3,4,5,6,7",,,,False,,ok
kb_98_top9_set9_parte1.json,TOP9_CODICI_FREQUENTI_SET9_PARTE1,GUIDA_DIFETTO_CONFORMITA_BENI_CONSUMO_140005,Difetto di conformità nella vendita di beni di consumo (artt. 128-135 Cod. Consumo),richiesta_provvedimenti_urgenti,richiesta_provvedimenti_urgenti,richiesta_provvedimenti_urgenti,richiesta_provvedimenti_urgenti,False,False,False,True,False,,,,,,False,,ok
kb_98_top9_set9_parte1.json,TOP9_CODICI_FREQUENTI_SET9_PARTE1,GUIDA_DIFETTO_CONFORMITA_BENI_CONSUMO_140005,Difetto di conformità nella vendita di beni di consumo (artt. 128-135 Cod. Consumo),avvertimenti_obbligatori,atto_principale.avvertimenti_obbligatori,atto_principale.avvertimenti_obbligatori,atto_principale.avvertimenti_obbligatori,True,True,True,True,True,,,,,,False,,ok
kb_98_top9_set9_parte1.json,TOP9_CODICI_FREQUENTI_SET9_PARTE1,GUIDA_DIFETTO_CONFORMITA_BENI_CONSUMO_140005,Difetto di conformità nella vendita di beni di consumo (artt. 128-135 Cod. Consumo),allegati_obbligatori,allegati_obbligatori,allegati_obbligatori,allegati_obbligatori,True,True,True,True,True,,,,,,False,,ok
kb_98_top9_set9_parte1.json,TOP9_CODICI_FREQUENTI_SET9_PARTE1,GUIDA_DIFETTO_CONFORMITA_BENI_CONSUMO_140005,Difetto di conformità nella vendita di beni di consumo (artt. 128-135 Cod. Consumo),termini_processuali,termini_processuali,termini_processuali,termini_processuali,True,True,True,True,True,,,,,,False,,ok
kb_98_top9_set9_parte1.json,TOP9_CODICI_FREQUENTI_SET9_PARTE1,GUIDA_DIFETTO_CONFORMITA_BENI_CONSUMO_140005,Difetto di conformità nella vendita di beni di consumo (artt. 128-135 Cod. Consumo),esiti_processuali_tipici,esiti_processuali_tipici,esiti_processuali_tipici,esiti_processuali_tipici,True,True,True,True,True,,,,,,False,,ok
kb_98_top9_set9_parte1.json,TOP9_CODICI_FREQUENTI_SET9_PARTE1,GUIDA_DIFETTO_CONFORMITA_BENI_CONSUMO_140005,Difetto di conformità nella vendita di beni di consumo (artt. 128-135 Cod. Consumo),normativa,normativa,normativa,normativa,True,True,True,True,True,,,,,,False,,ok
kb_98_top9_set9_parte1.json,TOP9_CODICI_FREQUENTI_SET9_PARTE1,GUIDA_DIFETTO_CONFORMITA_BENI_CONSUMO_140005,Difetto di conformità nella vendita di beni di consumo (artt. 128-135 Cod. Consumo),atto_principale,atto_principale,atto_principale,atto_principale,True,True,True,True,True,,,,,,False,,ok
kb_98_top9_set9_parte1.json,TOP9_CODICI_FREQUENTI_SET9_PARTE1,GUIDA_DIFETTO_CONFORMITA_BENI_CONSUMO_140005,Difetto di conformità nella vendita di beni di consumo (artt. 128-135 Cod. Consumo),fonti_verifica_web,fonti_verifica_web,fonti_verifica_web,fonti_verifica_web,True,True,True,True,True,,,,,,False,,ok
kb_98_top9_set9_parte1.json,TOP9_CODICI_FREQUENTI_SET9_PARTE1,GUIDA_DIFETTO_CONFORMITA_BENI_CONSUMO_140005,Difetto di conformità nella vendita di beni di consumo (artt. 128-135 Cod. Consumo),presidi_operativi_integrativi,presidi_operativi_integrativi,presidi_operativi_integrativi,presidi_operativi_integrativi,False,False,True,True,True,,,,,,False,,ok
kb_98_top9_set9_parte1.json,TOP9_CODICI_FREQUENTI_SET9_PARTE1,GUIDA_DIFETTO_CONFORMITA_BENI_CONSUMO_140005,Difetto di conformità nella vendita di beni di consumo (artt. 128-135 Cod. Consumo),specialistica:differenze_critiche_vs_garanzia_civilistica_1490,differenze_critiche_vs_garanzia_civilistica_1490,differenze_critiche_vs_garanzia_civilistica_1490,differenze_critiche_vs_garanzia_civilistica_1490,True,True,True,True,True,,,,,,False,,ok
kb_98_top9_set9_parte1.json,TOP9_CODICI_FREQUENTI_SET9_PARTE1,GUIDA_DIFETTO_CONFORMITA_BENI_CONSUMO_140005,Difetto di conformità nella vendita di beni di consumo (artt. 128-135 Cod. Consumo),specialistica:gerarchia_dei_rimedi_art_131,gerarchia_dei_rimedi_art_131,gerarchia_dei_rimedi_art_131,gerarchia_dei_rimedi_art_131,True,True,True,True,True,,,,,,False,,ok
kb_98_top9_set9_parte1.json,TOP9_CODICI_FREQUENTI_SET9_PARTE1,GUIDA_DIFETTO_CONFORMITA_BENI_CONSUMO_140005,Difetto di conformità nella vendita di beni di consumo (artt. 128-135 Cod. Consumo),specialistica:inversione_onere_prova_critica,inversione_onere_prova_critica,inversione_onere_prova_critica,inversione_onere_prova_critica,True,True,True,True,True,,,,,,False,,ok
kb_98_top9_set9_parte2.json,TOP9_CODICI_FREQUENTI_SET9_PARTE2,GUIDA_LICENZIAMENTO_GMO_220005,Licenziamento per giustificato motivo oggettivo (GMO economico/organizzativo),denominazione,denominazione,denominazione,denominazione,True,True,True,True,True,,,,Licenziamento per giustificato motivo oggettivo (GMO economico/organizzativo),Licenziamento per giustificato motivo oggettivo (GMO economico/organizzativo),False,,ok
kb_98_top9_set9_parte2.json,TOP9_CODICI_FREQUENTI_SET9_PARTE2,GUIDA_LICENZIAMENTO_GMO_220005,Licenziamento per giustificato motivo oggettivo (GMO economico/organizzativo),categoria,categoria,categoria,categoria,True,True,True,True,True,,,,Lavoro - cessazione rapporto,Lavoro - cessazione rapporto,False,,ok
kb_98_top9_set9_parte2.json,TOP9_CODICI_FREQUENTI_SET9_PARTE2,GUIDA_LICENZIAMENTO_GMO_220005,Licenziamento per giustificato motivo oggettivo (GMO economico/organizzativo),sottocategoria,sottocategoria,sottocategoria,sottocategoria,True,True,True,True,True,,,,"Impugnazione di licenziamento per ragioni economiche, organizzative o produttive (art. 3 L. 604/1966)","Impugnazione di licenziamento per ragioni economiche, organizzative o produttive (art. 3 L. 604/1966)",False,,ok
kb_98_top9_set9_parte2.json,TOP9_CODICI_FREQUENTI_SET9_PARTE2,GUIDA_LICENZIAMENTO_GMO_220005,Licenziamento per giustificato motivo oggettivo (GMO economico/organizzativo),rito,rito,rito,rito,True,True,True,True,True,,,,Rito del lavoro ex artt. 409 e ss. c.p.c. - rito speciale per tutele crescenti,Rito del lavoro ex artt. 409 e ss. c.p.c. - rito speciale per tutele crescenti,False,,ok
kb_98_top9_set9_parte2.json,TOP9_CODICI_FREQUENTI_SET9_PARTE2,GUIDA_LICENZIAMENTO_GMO_220005,Licenziamento per giustificato motivo oggettivo (GMO economico/organizzativo),competenza,competenza,competenza,competenza,True,True,True,True,True,,,,Tribunale del lavoro - foro della sede di lavoro (art. 413 c.p.c.),Tribunale del lavoro - foro della sede di lavoro (art. 413 c.p.c.),False,,ok
kb_98_top9_set9_parte2.json,TOP9_CODICI_FREQUENTI_SET9_PARTE2,GUIDA_LICENZIAMENTO_GMO_220005,Licenziamento per giustificato motivo oggettivo (GMO economico/organizzativo),uffici_destinatari,uffici_destinatari,uffici_destinatari,uffici_destinatari,True,True,True,True,True,,,,,,False,,ok
kb_98_top9_set9_parte2.json,TOP9_CODICI_FREQUENTI_SET9_PARTE2,GUIDA_LICENZIAMENTO_GMO_220005,Licenziamento per giustificato motivo oggettivo (GMO economico/organizzativo),tipologie_di_intervento,tipologie_di_intervento,tipologie_di_intervento,tipologie_di_intervento,False,False,False,True,False,,,,,,False,,ok
kb_98_top9_set9_parte2.json,TOP9_CODICI_FREQUENTI_SET9_PARTE2,GUIDA_LICENZIAMENTO_GMO_220005,Licenziamento per giustificato motivo oggettivo (GMO economico/organizzativo),presupposti_sostanziali,presupposti_sostanziali,presupposti_sostanziali,presupposti_sostanziali,False,False,False,True,True,,,,,,False,,ok
kb_98_top9_set9_parte2.json,TOP9_CODICI_FREQUENTI_SET9_PARTE2,GUIDA_LICENZIAMENTO_GMO_220005,Licenziamento per giustificato motivo oggettivo (GMO economico/organizzativo),legittimati_attivi,legittimati_attivi,legittimati_attivi,legittimati_attivi,False,False,False,True,False,,,,,,False,,ok
kb_98_top9_set9_parte2.json,TOP9_CODICI_FREQUENTI_SET9_PARTE2,GUIDA_LICENZIAMENTO_GMO_220005,Licenziamento per giustificato motivo oggettivo (GMO economico/organizzativo),obbligo_mediazione,obbligo_mediazione,obbligo_mediazione,obbligo_mediazione,True,True,True,True,True,,,,,,False,,ok
kb_98_top9_set9_parte2.json,TOP9_CODICI_FREQUENTI_SET9_PARTE2,GUIDA_LICENZIAMENTO_GMO_220005,Licenziamento per giustificato motivo oggettivo (GMO economico/organizzativo),adempimenti_propedeutici,adempimenti_propedeutici,adempimenti_propedeutici,adempimenti_propedeutici,True,True,True,True,True,"1,2,3,4,5,6,7","1,2,3,4,5,6,7",,,,False,,ok
kb_98_top9_set9_parte2.json,TOP9_CODICI_FREQUENTI_SET9_PARTE2,GUIDA_LICENZIAMENTO_GMO_220005,Licenziamento per giustificato motivo oggettivo (GMO economico/organizzativo),richiesta_provvedimenti_urgenti,richiesta_provvedimenti_urgenti,richiesta_provvedimenti_urgenti,richiesta_provvedimenti_urgenti,False,False,False,True,False,,,,,,False,,ok
kb_98_top9_set9_parte2.json,TOP9_CODICI_FREQUENTI_SET9_PARTE2,GUIDA_LICENZIAMENTO_GMO_220005,Licenziamento per giustificato motivo oggettivo (GMO economico/organizzativo),avvertimenti_obbligatori,atto_principale.avvertimenti_obbligatori,atto_principale.avvertimenti_obbligatori,atto_principale.avvertimenti_obbligatori,True,True,True,True,True,,,,,,False,,ok
kb_98_top9_set9_parte2.json,TOP9_CODICI_FREQUENTI_SET9_PARTE2,GUIDA_LICENZIAMENTO_GMO_220005,Licenziamento per giustificato motivo oggettivo (GMO economico/organizzativo),allegati_obbligatori,allegati_obbligatori,allegati_obbligatori,allegati_obbligatori,True,True,True,True,True,,,,,,False,,ok
kb_98_top9_set9_parte2.json,TOP9_CODICI_FREQUENTI_SET9_PARTE2,GUIDA_LICENZIAMENTO_GMO_220005,Licenziamento per giustificato motivo oggettivo (GMO economico/organizzativo),termini_processuali,termini_processuali,termini_processuali,termini_processuali,True,True,True,True,True,,,,,,False,,ok
kb_98_top9_set9_parte2.json,TOP9_CODICI_FREQUENTI_SET9_PARTE2,GUIDA_LICENZIAMENTO_GMO_220005,Licenziamento per giustificato motivo oggettivo (GMO economico/organizzativo),esiti_processuali_tipici,esiti_processuali_tipici,esiti_processuali_tipici,esiti_processuali_tipici,True,True,True,True,True,,,,,,False,,ok
kb_98_top9_set9_parte2.json,TOP9_CODICI_FREQUENTI_SET9_PARTE2,GUIDA_LICENZIAMENTO_GMO_220005,Licenziamento per giustificato motivo oggettivo (GMO economico/organizzativo),normativa,normativa,normativa,normativa,True,True,True,True,True,,,,,,False,,ok
kb_98_top9_set9_parte2.json,TOP9_CODICI_FREQUENTI_SET9_PARTE2,GUIDA_LICENZIAMENTO_GMO_220005,Licenziamento per giustificato motivo oggettivo (GMO economico/organizzativo),atto_principale,atto_principale,atto_principale,atto_principale,True,True,True,True,True,,,,,,False,,ok
kb_98_top9_set9_parte2.json,TOP9_CODICI_FREQUENTI_SET9_PARTE2,GUIDA_LICENZIAMENTO_GMO_220005,Licenziamento per giustificato motivo oggettivo (GMO economico/organizzativo),fonti_verifica_web,fonti_verifica_web,fonti_verifica_web,fonti_verifica_web,True,True,True,True,True,,,,,,False,,ok
kb_98_top9_set9_parte2.json,TOP9_CODICI_FREQUENTI_SET9_PARTE2,GUIDA_LICENZIAMENTO_GMO_220005,Licenziamento per giustificato motivo oggettivo (GMO economico/organizzativo),presidi_operativi_integrativi,presidi_operativi_integrativi,presidi_operativi_integrativi,presidi_operativi_integrativi,False,False,True,True,True,,,,,,False,,ok
kb_98_top9_set9_parte2.json,TOP9_CODICI_FREQUENTI_SET9_PARTE2,GUIDA_LICENZIAMENTO_GMO_220005,Licenziamento per giustificato motivo oggettivo (GMO economico/organizzativo),specialistica:presupposti_sostanziali_GMO_art_3_L_604_1966,presupposti_sostanziali_GMO_art_3_L_604_1966,presupposti_sostanziali_GMO_art_3_L_604_1966,presupposti_sostanziali_GMO_art_3_L_604_1966,True,True,True,True,True,,,,,,False,,ok
kb_98_top9_set9_parte2.json,TOP9_CODICI_FREQUENTI_SET9_PARTE2,GUIDA_LICENZIAMENTO_GMO_220005,Licenziamento per giustificato motivo oggettivo (GMO economico/organizzativo),specialistica:tipologie_di_ragioni_GMO_legittime,tipologie_di_ragioni_GMO_legittime,tipologie_di_ragioni_GMO_legittime,tipologie_di_ragioni_GMO_legittime,True,True,True,True,True,,,,,,False,,ok
kb_98_top9_set9_parte2.json,TOP9_CODICI_FREQUENTI_SET9_PARTE2,GUIDA_LICENZIAMENTO_GMO_220005,Licenziamento per giustificato motivo oggettivo (GMO economico/organizzativo),specialistica:tipologie_di_ragioni_NON_legittime,tipologie_di_ragioni_NON_legittime,tipologie_di_ragioni_NON_legittime,tipologie_di_ragioni_NON_legittime,True,True,True,True,True,,,,,,False,,ok
kb_98_top9_set9_parte2.json,TOP9_CODICI_FREQUENTI_SET9_PARTE2,GUIDA_LICENZIAMENTO_GMO_220005,Licenziamento per giustificato motivo oggettivo (GMO economico/organizzativo),specialistica:tutele_post_2015_per_assunti_dopo_7_marzo_2015,tutele_post_2015_per_assunti_dopo_7_marzo_2015,tutele_post_2015_per_assunti_dopo_7_marzo_2015,tutele_post_2015_per_assunti_dopo_7_marzo_2015,True,True,True,True,True,,,,,,False,,ok
kb_98_top9_set9_parte2.json,TOP9_CODICI_FREQUENTI_SET9_PARTE2,GUIDA_ESECUZIONE_OBBLIGHI_FARE_NON_FARE_511020,Esecuzione di obblighi di fare e di non fare (artt. 612-614 c.p.c.),denominazione,denominazione,denominazione,denominazione,True,True,True,True,True,,,,Esecuzione di obblighi di fare e di non fare (artt. 612-614 c.p.c.),Esecuzione di obblighi di fare e di non fare (artt. 612-614 c.p.c.),False,,ok
kb_98_top9_set9_parte2.json,TOP9_CODICI_FREQUENTI_SET9_PARTE2,GUIDA_ESECUZIONE_OBBLIGHI_FARE_NON_FARE_511020,Esecuzione di obblighi di fare e di non fare (artt. 612-614 c.p.c.),categoria,categoria,categoria,categoria,True,True,True,True,True,,,,Esecuzioni forzate - obblighi infungibili,Esecuzioni forzate - obblighi infungibili,False,,ok
kb_98_top9_set9_parte2.json,TOP9_CODICI_FREQUENTI_SET9_PARTE2,GUIDA_ESECUZIONE_OBBLIGHI_FARE_NON_FARE_511020,Esecuzione di obblighi di fare e di non fare (artt. 612-614 c.p.c.),sottocategoria,sottocategoria,sottocategoria,sottocategoria,True,True,True,True,True,,,,Esecuzione forzata per obblighi di fare/non fare - astreintes per infungibili,Esecuzione forzata per obblighi di fare/non fare - astreintes per infungibili,False,,ok
kb_98_top9_set9_parte2.json,TOP9_CODICI_FREQUENTI_SET9_PARTE2,GUIDA_ESECUZIONE_OBBLIGHI_FARE_NON_FARE_511020,Esecuzione di obblighi di fare e di non fare (artt. 612-614 c.p.c.),rito,rito,rito,rito,True,True,True,True,True,,,,Procedura esecutiva ex artt. 612-614 c.p.c. davanti al Giudice dell'Esecuzione,Procedura esecutiva ex artt. 612-614 c.p.c. davanti al Giudice dell'Esecuzione,False,,ok
kb_98_top9_set9_parte2.json,TOP9_CODICI_FREQUENTI_SET9_PARTE2,GUIDA_ESECUZIONE_OBBLIGHI_FARE_NON_FARE_511020,Esecuzione di obblighi di fare e di non fare (artt. 612-614 c.p.c.),competenza,competenza,competenza,competenza,True,True,True,True,True,,,,GIUDICE DELL'ESECUZIONE del luogo dove deve essere eseguito l'obbligo (art. 26 c.p.c.),GIUDICE DELL'ESECUZIONE del luogo dove deve essere eseguito l'obbligo (art. 26 c.p.c.),False,,ok
kb_98_top9_set9_parte2.json,TOP9_CODICI_FREQUENTI_SET9_PARTE2,GUIDA_ESECUZIONE_OBBLIGHI_FARE_NON_FARE_511020,Esecuzione di obblighi di fare e di non fare (artt. 612-614 c.p.c.),uffici_destinatari,uffici_destinatari,uffici_destinatari,uffici_destinatari,True,True,True,True,True,,,,,,False,,ok
kb_98_top9_set9_parte2.json,TOP9_CODICI_FREQUENTI_SET9_PARTE2,GUIDA_ESECUZIONE_OBBLIGHI_FARE_NON_FARE_511020,Esecuzione di obblighi di fare e di non fare (artt. 612-614 c.p.c.),tipologie_di_intervento,tipologie_di_intervento,tipologie_di_intervento,tipologie_di_intervento,False,False,False,True,False,,,,,,False,,ok
kb_98_top9_set9_parte2.json,TOP9_CODICI_FREQUENTI_SET9_PARTE2,GUIDA_ESECUZIONE_OBBLIGHI_FARE_NON_FARE_511020,Esecuzione di obblighi di fare e di non fare (artt. 612-614 c.p.c.),presupposti_sostanziali,presupposti_sostanziali,presupposti_sostanziali,presupposti_sostanziali,True,True,True,True,True,,,,,,False,,ok
kb_98_top9_set9_parte2.json,TOP9_CODICI_FREQUENTI_SET9_PARTE2,GUIDA_ESECUZIONE_OBBLIGHI_FARE_NON_FARE_511020,Esecuzione di obblighi di fare e di non fare (artt. 612-614 c.p.c.),legittimati_attivi,legittimati_attivi,legittimati_attivi,legittimati_attivi,False,False,False,True,False,,,,,,False,,ok
kb_98_top9_set9_parte2.json,TOP9_CODICI_FREQUENTI_SET9_PARTE2,GUIDA_ESECUZIONE_OBBLIGHI_FARE_NON_FARE_511020,Esecuzione di obblighi di fare e di non fare (artt. 612-614 c.p.c.),obbligo_mediazione,obbligo_mediazione,obbligo_mediazione,obbligo_mediazione,True,True,True,True,True,,,,,,False,,ok
kb_98_top9_set9_parte2.json,TOP9_CODICI_FREQUENTI_SET9_PARTE2,GUIDA_ESECUZIONE_OBBLIGHI_FARE_NON_FARE_511020,Esecuzione di obblighi di fare e di non fare (artt. 612-614 c.p.c.),adempimenti_propedeutici,adempimenti_propedeutici,adempimenti_propedeutici,adempimenti_propedeutici,True,True,True,True,True,"1,2,3,4,5,6","1,2,3,4,5,6",,,,False,,ok
kb_98_top9_set9_parte2.json,TOP9_CODICI_FREQUENTI_SET9_PARTE2,GUIDA_ESECUZIONE_OBBLIGHI_FARE_NON_FARE_511020,Esecuzione di obblighi di fare e di non fare (artt. 612-614 c.p.c.),richiesta_provvedimenti_urgenti,richiesta_provvedimenti_urgenti,richiesta_provvedimenti_urgenti,richiesta_provvedimenti_urgenti,False,False,False,True,False,,,,,,False,,ok
kb_98_top9_set9_parte2.json,TOP9_CODICI_FREQUENTI_SET9_PARTE2,GUIDA_ESECUZIONE_OBBLIGHI_FARE_NON_FARE_511020,Esecuzione di obblighi di fare e di non fare (artt. 612-614 c.p.c.),avvertimenti_obbligatori,atto_principale.avvertimenti_obbligatori,atto_principale.avvertimenti_obbligatori,atto_principale.avvertimenti_obbligatori,True,True,True,True,True,,,,,,False,,ok
kb_98_top9_set9_parte2.json,TOP9_CODICI_FREQUENTI_SET9_PARTE2,GUIDA_ESECUZIONE_OBBLIGHI_FARE_NON_FARE_511020,Esecuzione di obblighi di fare e di non fare (artt. 612-614 c.p.c.),allegati_obbligatori,allegati_obbligatori,allegati_obbligatori,allegati_obbligatori,True,True,True,True,True,,,,,,False,,ok
kb_98_top9_set9_parte2.json,TOP9_CODICI_FREQUENTI_SET9_PARTE2,GUIDA_ESECUZIONE_OBBLIGHI_FARE_NON_FARE_511020,Esecuzione di obblighi di fare e di non fare (artt. 612-614 c.p.c.),termini_processuali,termini_processuali,termini_processuali,termini_processuali,True,True,True,True,True,,,,,,False,,ok
kb_98_top9_set9_parte2.json,TOP9_CODICI_FREQUENTI_SET9_PARTE2,GUIDA_ESECUZIONE_OBBLIGHI_FARE_NON_FARE_511020,Esecuzione di obblighi di fare e di non fare (artt. 612-614 c.p.c.),esiti_processuali_tipici,esiti_processuali_tipici,esiti_processuali_tipici,esiti_processuali_tipici,True,True,True,True,True,,,,,,False,,ok
kb_98_top9_set9_parte2.json,TOP9_CODICI_FREQUENTI_SET9_PARTE2,GUIDA_ESECUZIONE_OBBLIGHI_FARE_NON_FARE_511020,Esecuzione di obblighi di fare e di non fare (artt. 612-614 c.p.c.),normativa,normativa,normativa,normativa,True,True,True,True,True,,,,,,False,,ok
kb_98_top9_set9_parte2.json,TOP9_CODICI_FREQUENTI_SET9_PARTE2,GUIDA_ESECUZIONE_OBBLIGHI_FARE_NON_FARE_511020,Esecuzione di obblighi di fare e di non fare (artt. 612-614 c.p.c.),atto_principale,atto_principale,atto_principale,atto_principale,True,True,True,True,True,,,,,,False,,ok
kb_98_top9_set9_parte2.json,TOP9_CODICI_FREQUENTI_SET9_PARTE2,GUIDA_ESECUZIONE_OBBLIGHI_FARE_NON_FARE_511020,Esecuzione di obblighi di fare e di non fare (artt. 612-614 c.p.c.),fonti_verifica_web,fonti_verifica_web,fonti_verifica_web,fonti_verifica_web,True,True,True,True,True,,,,,,False,,ok
kb_98_top9_set9_parte2.json,TOP9_CODICI_FREQUENTI_SET9_PARTE2,GUIDA_ESECUZIONE_OBBLIGHI_FARE_NON_FARE_511020,Esecuzione di obblighi di fare e di non fare (artt. 612-614 c.p.c.),presidi_operativi_integrativi,presidi_operativi_integrativi,presidi_operativi_integrativi,presidi_operativi_integrativi,False,False,True,True,True,,,,,,False,,ok
kb_98_top9_set9_parte2.json,TOP9_CODICI_FREQUENTI_SET9_PARTE2,GUIDA_ESECUZIONE_OBBLIGHI_FARE_NON_FARE_511020,Esecuzione di obblighi di fare e di non fare (artt. 612-614 c.p.c.),specialistica:distinzioni_critiche_obblighi,distinzioni_critiche_obblighi,distinzioni_critiche_obblighi,distinzioni_critiche_obblighi,True,True,True,True,True,,,,,,False,,ok
kb_98_top9_set9_parte2.json,TOP9_CODICI_FREQUENTI_SET9_PARTE2,GUIDA_ESECUZIONE_OBBLIGHI_FARE_NON_FARE_511020,Esecuzione di obblighi di fare e di non fare (artt. 612-614 c.p.c.),specialistica:astreintes_art_614_bis,astreintes_art_614_bis,astreintes_art_614_bis,astreintes_art_614_bis,True,True,True,True,True,,,,,,False,,ok
kb_98_top9_set9_parte2.json,TOP9_CODICI_FREQUENTI_SET9_PARTE2,GUIDA_ESECUZIONE_OBBLIGHI_FARE_NON_FARE_511020,Esecuzione di obblighi di fare e di non fare (artt. 612-614 c.p.c.),specialistica:esempi_pratici,esempi_pratici,esempi_pratici,esempi_pratici,True,True,True,True,True,,,,,,False,,ok
kb_98_top9_set9_parte2.json,TOP9_CODICI_FREQUENTI_SET9_PARTE2,GUIDA_ADOZIONE_MAGGIORENNE_412001,Adozione di maggiorenne (artt. 291-314 c.c.),denominazione,denominazione,denominazione,denominazione,True,True,True,True,True,,,,Adozione di maggiorenne (artt. 291-314 c.c.),Adozione di maggiorenne (artt. 291-314 c.c.),False,,ok
kb_98_top9_set9_parte2.json,TOP9_CODICI_FREQUENTI_SET9_PARTE2,GUIDA_ADOZIONE_MAGGIORENNE_412001,Adozione di maggiorenne (artt. 291-314 c.c.),categoria,categoria,categoria,categoria,True,True,True,True,True,,,,Persone e famiglia - filiazione e adozione,Persone e famiglia - filiazione e adozione,False,,ok
kb_98_top9_set9_parte2.json,TOP9_CODICI_FREQUENTI_SET9_PARTE2,GUIDA_ADOZIONE_MAGGIORENNE_412001,Adozione di maggiorenne (artt. 291-314 c.c.),sottocategoria,sottocategoria,sottocategoria,sottocategoria,True,True,True,True,True,,,,Procedimento di adozione di persona maggiore d'età - finalità successorie e trasmissione cognome,Procedimento di adozione di persona maggiore d'età - finalità successorie e trasmissione cognome,False,,ok
kb_98_top9_set9_parte2.json,TOP9_CODICI_FREQUENTI_SET9_PARTE2,GUIDA_ADOZIONE_MAGGIORENNE_412001,Adozione di maggiorenne (artt. 291-314 c.c.),rito,rito,rito,rito,True,True,True,True,True,,,,Procedimento camerale ex artt. 311-314 c.c. davanti al TRIBUNALE ORDINARIO,Procedimento camerale ex artt. 311-314 c.c. davanti al TRIBUNALE ORDINARIO,False,,ok
kb_98_top9_set9_parte2.json,TOP9_CODICI_FREQUENTI_SET9_PARTE2,GUIDA_ADOZIONE_MAGGIORENNE_412001,Adozione di maggiorenne (artt. 291-314 c.c.),competenza,competenza,competenza,competenza,True,True,True,True,True,,,,Tribunale del luogo di residenza dell'adottante,Tribunale del luogo di residenza dell'adottante,False,,ok
kb_98_top9_set9_parte2.json,TOP9_CODICI_FREQUENTI_SET9_PARTE2,GUIDA_ADOZIONE_MAGGIORENNE_412001,Adozione di maggiorenne (artt. 291-314 c.c.),uffici_destinatari,uffici_destinatari,uffici_destinatari,uffici_destinatari,True,True,True,True,True,,,,,,False,,ok
kb_98_top9_set9_parte2.json,TOP9_CODICI_FREQUENTI_SET9_PARTE2,GUIDA_ADOZIONE_MAGGIORENNE_412001,Adozione di maggiorenne (artt. 291-314 c.c.),tipologie_di_intervento,tipologie_di_intervento,tipologie_di_intervento,tipologie_di_intervento,False,False,False,True,False,,,,,,False,,ok
kb_98_top9_set9_parte2.json,TOP9_CODICI_FREQUENTI_SET9_PARTE2,GUIDA_ADOZIONE_MAGGIORENNE_412001,Adozione di maggiorenne (artt. 291-314 c.c.),presupposti_sostanziali,presupposti_sostanziali,presupposti_sostanziali,presupposti_sostanziali,True,True,True,True,True,,,,,,False,,ok
kb_98_top9_set9_parte2.json,TOP9_CODICI_FREQUENTI_SET9_PARTE2,GUIDA_ADOZIONE_MAGGIORENNE_412001,Adozione di maggiorenne (artt. 291-314 c.c.),legittimati_attivi,legittimati_attivi,legittimati_attivi,legittimati_attivi,False,False,False,True,False,,,,,,False,,ok
kb_98_top9_set9_parte2.json,TOP9_CODICI_FREQUENTI_SET9_PARTE2,GUIDA_ADOZIONE_MAGGIORENNE_412001,Adozione di maggiorenne (artt. 291-314 c.c.),obbligo_mediazione,obbligo_mediazione,obbligo_mediazione,obbligo_mediazione,True,True,True,True,True,,,,,,False,,ok
kb_98_top9_set9_parte2.json,TOP9_CODICI_FREQUENTI_SET9_PARTE2,GUIDA_ADOZIONE_MAGGIORENNE_412001,Adozione di maggiorenne (artt. 291-314 c.c.),adempimenti_propedeutici,adempimenti_propedeutici,adempimenti_propedeutici,adempimenti_propedeutici,True,True,True,True,True,"1,2,3,4,5","1,2,3,4,5",,,,False,,ok
kb_98_top9_set9_parte2.json,TOP9_CODICI_FREQUENTI_SET9_PARTE2,GUIDA_ADOZIONE_MAGGIORENNE_412001,Adozione di maggiorenne (artt. 291-314 c.c.),richiesta_provvedimenti_urgenti,richiesta_provvedimenti_urgenti,richiesta_provvedimenti_urgenti,richiesta_provvedimenti_urgenti,False,False,False,True,False,,,,,,False,,ok
kb_98_top9_set9_parte2.json,TOP9_CODICI_FREQUENTI_SET9_PARTE2,GUIDA_ADOZIONE_MAGGIORENNE_412001,Adozione di maggiorenne (artt. 291-314 c.c.),avvertimenti_obbligatori,atto_principale.avvertimenti_obbligatori,atto_principale.avvertimenti_obbligatori,atto_principale.avvertimenti_obbligatori,True,True,True,True,True,,,,,,False,,ok
kb_98_top9_set9_parte2.json,TOP9_CODICI_FREQUENTI_SET9_PARTE2,GUIDA_ADOZIONE_MAGGIORENNE_412001,Adozione di maggiorenne (artt. 291-314 c.c.),allegati_obbligatori,allegati_obbligatori,allegati_obbligatori,allegati_obbligatori,True,True,True,True,True,,,,,,False,,ok
kb_98_top9_set9_parte2.json,TOP9_CODICI_FREQUENTI_SET9_PARTE2,GUIDA_ADOZIONE_MAGGIORENNE_412001,Adozione di maggiorenne (artt. 291-314 c.c.),termini_processuali,termini_processuali,termini_processuali,termini_processuali,True,True,True,True,True,,,,,,False,,ok
kb_98_top9_set9_parte2.json,TOP9_CODICI_FREQUENTI_SET9_PARTE2,GUIDA_ADOZIONE_MAGGIORENNE_412001,Adozione di maggiorenne (artt. 291-314 c.c.),esiti_processuali_tipici,esiti_processuali_tipici,esiti_processuali_tipici,esiti_processuali_tipici,True,True,True,True,True,,,,,,False,,ok
kb_98_top9_set9_parte2.json,TOP9_CODICI_FREQUENTI_SET9_PARTE2,GUIDA_ADOZIONE_MAGGIORENNE_412001,Adozione di maggiorenne (artt. 291-314 c.c.),normativa,normativa,normativa,normativa,True,True,True,True,True,,,,,,False,,ok
kb_98_top9_set9_parte2.json,TOP9_CODICI_FREQUENTI_SET9_PARTE2,GUIDA_ADOZIONE_MAGGIORENNE_412001,Adozione di maggiorenne (artt. 291-314 c.c.),atto_principale,atto_principale,atto_principale,atto_principale,True,True,True,True,True,,,,,,False,,ok
kb_98_top9_set9_parte2.json,TOP9_CODICI_FREQUENTI_SET9_PARTE2,GUIDA_ADOZIONE_MAGGIORENNE_412001,Adozione di maggiorenne (artt. 291-314 c.c.),fonti_verifica_web,fonti_verifica_web,fonti_verifica_web,fonti_verifica_web,True,True,True,True,True,,,,,,False,,ok
kb_98_top9_set9_parte2.json,TOP9_CODICI_FREQUENTI_SET9_PARTE2,GUIDA_ADOZIONE_MAGGIORENNE_412001,Adozione di maggiorenne (artt. 291-314 c.c.),presidi_operativi_integrativi,presidi_operativi_integrativi,presidi_operativi_integrativi,presidi_operativi_integrativi,False,False,True,True,True,,,,,,False,,ok
kb_98_top9_set9_parte2.json,TOP9_CODICI_FREQUENTI_SET9_PARTE2,GUIDA_ADOZIONE_MAGGIORENNE_412001,Adozione di maggiorenne (artt. 291-314 c.c.),specialistica:finalita_tipiche,finalita_tipiche,finalita_tipiche,finalita_tipiche,True,True,True,True,True,,,,,,False,,ok
kb_98_top9_set9_parte2.json,TOP9_CODICI_FREQUENTI_SET9_PARTE2,GUIDA_ADOZIONE_MAGGIORENNE_412001,Adozione di maggiorenne (artt. 291-314 c.c.),specialistica:effetti_giuridici_principali,effetti_giuridici_principali,effetti_giuridici_principali,effetti_giuridici_principali,True,True,True,True,True,,,,,,False,,ok
kb_98_top9_set9_parte2.json,TOP9_CODICI_FREQUENTI_SET9_PARTE2,GUIDA_PETIZIONE_RECLAMO_STATO_FAMILIARE_123001,Petizione di stato / reclamo di stato familiare (artt. 239-249 c.c.),denominazione,denominazione,denominazione,denominazione,True,True,True,True,True,,,,Petizione di stato / reclamo di stato familiare (artt. 239-249 c.c.),Petizione di stato / reclamo di stato familiare (artt. 239-249 c.c.),False,,ok
kb_98_top9_set9_parte2.json,TOP9_CODICI_FREQUENTI_SET9_PARTE2,GUIDA_PETIZIONE_RECLAMO_STATO_FAMILIARE_123001,Petizione di stato / reclamo di stato familiare (artt. 239-249 c.c.),categoria,categoria,categoria,categoria,True,True,True,True,True,,,,Persone e famiglia - filiazione e stato,Persone e famiglia - filiazione e stato,False,,ok
kb_98_top9_set9_parte2.json,TOP9_CODICI_FREQUENTI_SET9_PARTE2,GUIDA_PETIZIONE_RECLAMO_STATO_FAMILIARE_123001,Petizione di stato / reclamo di stato familiare (artt. 239-249 c.c.),sottocategoria,sottocategoria,sottocategoria,sottocategoria,True,True,True,True,True,,,,Azioni per accertamento/riconoscimento dello stato di figlio (legittimo o naturale) - status familiare,Azioni per accertamento/riconoscimento dello stato di figlio (legittimo o naturale) - status familiare,False,,ok
kb_98_top9_set9_parte2.json,TOP9_CODICI_FREQUENTI_SET9_PARTE2,GUIDA_PETIZIONE_RECLAMO_STATO_FAMILIARE_123001,Petizione di stato / reclamo di stato familiare (artt. 239-249 c.c.),rito,rito,rito,rito,True,True,True,True,True,,,,Rito unificato persone e famiglia ex artt. 473-bis e ss. c.p.c. (post-Cartabia),Rito unificato persone e famiglia ex artt. 473-bis e ss. c.p.c. (post-Cartabia),False,,ok
kb_98_top9_set9_parte2.json,TOP9_CODICI_FREQUENTI_SET9_PARTE2,GUIDA_PETIZIONE_RECLAMO_STATO_FAMILIARE_123001,Petizione di stato / reclamo di stato familiare (artt. 239-249 c.c.),competenza,competenza,competenza,competenza,True,True,True,True,True,,,,"Tribunale ordinario - sezione famiglia (Tribunale per le persone, i minorenni e per le famiglie ex D.Lgs. 149/2022); per minori: residenza abituale minore","Tribunale ordinario - sezione famiglia (Tribunale per le persone, i minorenni e per le famiglie ex D.Lgs. 149/2022); per minori: residenza abituale minore",False,,ok
kb_98_top9_set9_parte2.json,TOP9_CODICI_FREQUENTI_SET9_PARTE2,GUIDA_PETIZIONE_RECLAMO_STATO_FAMILIARE_123001,Petizione di stato / reclamo di stato familiare (artt. 239-249 c.c.),uffici_destinatari,uffici_destinatari,uffici_destinatari,uffici_destinatari,True,True,True,True,True,,,,,,False,,ok
kb_98_top9_set9_parte2.json,TOP9_CODICI_FREQUENTI_SET9_PARTE2,GUIDA_PETIZIONE_RECLAMO_STATO_FAMILIARE_123001,Petizione di stato / reclamo di stato familiare (artt. 239-249 c.c.),tipologie_di_intervento,tipologie_di_intervento,tipologie_di_intervento,tipologie_di_intervento,False,False,False,True,False,,,,,,False,,ok
kb_98_top9_set9_parte2.json,TOP9_CODICI_FREQUENTI_SET9_PARTE2,GUIDA_PETIZIONE_RECLAMO_STATO_FAMILIARE_123001,Petizione di stato / reclamo di stato familiare (artt. 239-249 c.c.),presupposti_sostanziali,presupposti_sostanziali,presupposti_sostanziali,presupposti_sostanziali,True,True,True,True,True,,,,,,False,,ok
kb_98_top9_set9_parte2.json,TOP9_CODICI_FREQUENTI_SET9_PARTE2,GUIDA_PETIZIONE_RECLAMO_STATO_FAMILIARE_123001,Petizione di stato / reclamo di stato familiare (artt. 239-249 c.c.),legittimati_attivi,legittimati_attivi,legittimati_attivi,legittimati_attivi,False,False,False,True,False,,,,,,False,,ok
kb_98_top9_set9_parte2.json,TOP9_CODICI_FREQUENTI_SET9_PARTE2,GUIDA_PETIZIONE_RECLAMO_STATO_FAMILIARE_123001,Petizione di stato / reclamo di stato familiare (artt. 239-249 c.c.),obbligo_mediazione,obbligo_mediazione,obbligo_mediazione,obbligo_mediazione,True,True,True,True,True,,,,,,False,,ok
kb_98_top9_set9_parte2.json,TOP9_CODICI_FREQUENTI_SET9_PARTE2,GUIDA_PETIZIONE_RECLAMO_STATO_FAMILIARE_123001,Petizione di stato / reclamo di stato familiare (artt. 239-249 c.c.),adempimenti_propedeutici,adempimenti_propedeutici,adempimenti_propedeutici,adempimenti_propedeutici,True,True,True,True,True,"1,2,3,4,5,6","1,2,3,4,5,6",,,,False,,ok
kb_98_top9_set9_parte2.json,TOP9_CODICI_FREQUENTI_SET9_PARTE2,GUIDA_PETIZIONE_RECLAMO_STATO_FAMILIARE_123001,Petizione di stato / reclamo di stato familiare (artt. 239-249 c.c.),richiesta_provvedimenti_urgenti,richiesta_provvedimenti_urgenti,richiesta_provvedimenti_urgenti,richiesta_provvedimenti_urgenti,False,False,False,True,False,,,,,,False,,ok
kb_98_top9_set9_parte2.json,TOP9_CODICI_FREQUENTI_SET9_PARTE2,GUIDA_PETIZIONE_RECLAMO_STATO_FAMILIARE_123001,Petizione di stato / reclamo di stato familiare (artt. 239-249 c.c.),avvertimenti_obbligatori,atto_principale.avvertimenti_obbligatori,atto_principale.avvertimenti_obbligatori,atto_principale.avvertimenti_obbligatori,True,True,True,True,True,,,,,,False,,ok
kb_98_top9_set9_parte2.json,TOP9_CODICI_FREQUENTI_SET9_PARTE2,GUIDA_PETIZIONE_RECLAMO_STATO_FAMILIARE_123001,Petizione di stato / reclamo di stato familiare (artt. 239-249 c.c.),allegati_obbligatori,allegati_obbligatori,allegati_obbligatori,allegati_obbligatori,True,True,True,True,True,,,,,,False,,ok
kb_98_top9_set9_parte2.json,TOP9_CODICI_FREQUENTI_SET9_PARTE2,GUIDA_PETIZIONE_RECLAMO_STATO_FAMILIARE_123001,Petizione di stato / reclamo di stato familiare (artt. 239-249 c.c.),termini_processuali,termini_processuali,termini_processuali,termini_processuali,True,True,True,True,True,,,,,,False,,ok
kb_98_top9_set9_parte2.json,TOP9_CODICI_FREQUENTI_SET9_PARTE2,GUIDA_PETIZIONE_RECLAMO_STATO_FAMILIARE_123001,Petizione di stato / reclamo di stato familiare (artt. 239-249 c.c.),esiti_processuali_tipici,esiti_processuali_tipici,esiti_processuali_tipici,esiti_processuali_tipici,True,True,True,True,True,,,,,,False,,ok
kb_98_top9_set9_parte2.json,TOP9_CODICI_FREQUENTI_SET9_PARTE2,GUIDA_PETIZIONE_RECLAMO_STATO_FAMILIARE_123001,Petizione di stato / reclamo di stato familiare (artt. 239-249 c.c.),normativa,normativa,normativa,normativa,True,True,True,True,True,,,,,,False,,ok
kb_98_top9_set9_parte2.json,TOP9_CODICI_FREQUENTI_SET9_PARTE2,GUIDA_PETIZIONE_RECLAMO_STATO_FAMILIARE_123001,Petizione di stato / reclamo di stato familiare (artt. 239-249 c.c.),atto_principale,atto_principale,atto_principale,atto_principale,True,True,True,True,True,,,,,,False,,ok
kb_98_top9_set9_parte2.json,TOP9_CODICI_FREQUENTI_SET9_PARTE2,GUIDA_PETIZIONE_RECLAMO_STATO_FAMILIARE_123001,Petizione di stato / reclamo di stato familiare (artt. 239-249 c.c.),fonti_verifica_web,fonti_verifica_web,fonti_verifica_web,fonti_verifica_web,True,True,True,True,True,,,,,,False,,ok
kb_98_top9_set9_parte2.json,TOP9_CODICI_FREQUENTI_SET9_PARTE2,GUIDA_PETIZIONE_RECLAMO_STATO_FAMILIARE_123001,Petizione di stato / reclamo di stato familiare (artt. 239-249 c.c.),presidi_operativi_integrativi,presidi_operativi_integrativi,presidi_operativi_integrativi,presidi_operativi_integrativi,False,False,True,True,True,,,,,,False,,ok
kb_98_top9_set9_parte2.json,TOP9_CODICI_FREQUENTI_SET9_PARTE2,GUIDA_PETIZIONE_RECLAMO_STATO_FAMILIARE_123001,Petizione di stato / reclamo di stato familiare (artt. 239-249 c.c.),specialistica:tipologie_di_azioni_di_stato,tipologie_di_azioni_di_stato,tipologie_di_azioni_di_stato,tipologie_di_azioni_di_stato,True,True,True,True,True,,,,,,False,,ok
kb_98_top9_set9_parte2.json,TOP9_CODICI_FREQUENTI_SET9_PARTE2,GUIDA_PETIZIONE_RECLAMO_STATO_FAMILIARE_123001,Petizione di stato / reclamo di stato familiare (artt. 239-249 c.c.),specialistica:valore_probatorio_del_DNA,valore_probatorio_del_DNA,valore_probatorio_del_DNA,valore_probatorio_del_DNA,True,True,True,True,True,,,,,,False,,ok
