source,codice,denominazione,categoria,sottocategoria,rito,fase_processuale,termine,giorni,mesi,anni,decorrenza,natura,norma,criticita,classificazione_import,calcolabile_automaticamente,direction,matter_type,term_rule_code,nota_import
pct\data\legal_knowledge_base.full.json,010001,Procedimento di ingiunzione ante causam,Procedimenti speciali sommari,Procedimento di ingiunzione (rito monitorio),Procedimento monitorio ex artt. 633-656 c.p.c.,notifica,Notifica decreto al debitore,60,,,deposito decreto,perentorio,art. 644 c.p.c.,,calcolabile_giorni,True,forward,civil,GP_TERM_604319ECAF8C,Importabile come template giorni se evento generatore e' valorizzato.
pct\data\legal_knowledge_base.full.json,010001,Procedimento di ingiunzione ante causam,Procedimenti speciali sommari,Procedimento di ingiunzione (rito monitorio),Procedimento monitorio ex artt. 633-656 c.p.c.,impugnazione,Opposizione,40,,,notifica decreto,perentorio,art. 641 c.p.c.,,calcolabile_giorni,True,forward,civil,GP_TERM_2C745393FC24,Importabile come template giorni se evento generatore e' valorizzato.
pct\data\legal_knowledge_base.full.json,010001,Procedimento di ingiunzione ante causam,Procedimenti speciali sommari,Procedimento di ingiunzione (rito monitorio),Procedimento monitorio ex artt. 633-656 c.p.c.,deposito,Decisione sul ricorso,30,,,deposito ricorso,ordinatorio,art. 641 c. 1 c.p.c.,,calcolabile_giorni,True,forward,civil,GP_TERM_A6FE023324E1,Importabile come template giorni se evento generatore e' valorizzato.
pct\data\legal_knowledge_base.full.json,010001,Procedimento di ingiunzione ante causam,Procedimenti speciali sommari,Procedimento di ingiunzione (rito monitorio),Procedimento monitorio ex artt. 633-656 c.p.c.,deposito,Termine ingiungendo all'estero,90,,,deposito decreto,perentorio,art. 644 c.p.c.,,calcolabile_giorni,True,forward,civil,GP_TERM_DCD93D76F140,Importabile come template giorni se evento generatore e' valorizzato.
pct\data\legal_knowledge_base.full.json,010001,Procedimento di ingiunzione ante causam,Procedimenti speciali sommari,Procedimento di ingiunzione (rito monitorio),Procedimento monitorio ex artt. 633-656 c.p.c.,impugnazione,Opposizione (ingiunto in Italia),40,,,notifica decreto,perentorio,art. 641 c.p.c.,,calcolabile_giorni,True,forward,civil,GP_TERM_90DFBD69F46F,Importabile come template giorni se evento generatore e' valorizzato.
pct\data\legal_knowledge_base.full.json,010001,Procedimento di ingiunzione ante causam,Procedimenti speciali sommari,Procedimento di ingiunzione (rito monitorio),Procedimento monitorio ex artt. 633-656 c.p.c.,impugnazione,Opposizione (ingiunto all'estero),50,,,notifica decreto,perentorio,art. 641 c.p.c.,,calcolabile_giorni,True,forward,civil,GP_TERM_C29B360D49D9,Importabile come template giorni se evento generatore e' valorizzato.
pct\data\legal_knowledge_base.full.json,010001,Procedimento di ingiunzione ante causam,Procedimenti speciali sommari,Procedimento di ingiunzione (rito monitorio),Procedimento monitorio ex artt. 633-656 c.p.c.,impugnazione,Apposizione formula esecutiva (per mancata opposizione),,,,su istanza dopo scadenza termine opposizione,decadenziale,art. 647 c.p.c.,,informativo_non_calcolabile,False,forward,civil,GP_TERM_67E115E7C904,Manca unita' numerica o decorrenza calcolabile.
pct\data\legal_knowledge_base.full.json,010001,Procedimento di ingiunzione ante causam,Procedimenti speciali sommari,Procedimento di ingiunzione (rito monitorio),Procedimento monitorio ex artt. 633-656 c.p.c.,notifica,Decadenza ricorso decreto non notificato,60,,,deposito decreto,decadenziale,art. 644 c.p.c.,,calcolabile_giorni,True,forward,civil,GP_TERM_044A47208CC5,Importabile come template giorni se evento generatore e' valorizzato.
pct\data\legal_knowledge_base.full.json,011001,Sequestro conservativo ex art. 671 c.p.c.,Procedimenti cautelari,,Procedimento cautelare uniforme ex artt. 669-bis e ss. c.p.c.,generico_da_classificare,Instaurazione causa di merito post-sequestro,60,,,esecuzione sequestro,perentorio,art. 669-octies c.p.c.,,calcolabile_giorni,True,forward,civil,GP_TERM_73BCE267EE7C,Importabile come template giorni se evento generatore e' valorizzato.
pct\data\legal_knowledge_base.full.json,012002,Consulenza tecnica preventiva (art. 696-bis cpc.) - responsabilità sanitaria L. 24/2017,Procedimenti speciali sommari,Procedimenti cautelari ante causam - istruzione preventiva,Procedimento cautelare o istruzione preventiva,notifica,Termini processuali del procedimento,,,,"Da verificare secondo rito, provvedimento o notifica",,,,manual_review,False,forward,admin,GP_TERM_5B3246BFF09A,Richiede verifica professionale prima di calcolo automatico.
pct\data\legal_knowledge_base.full.json,012003,Consulenza tecnica preventiva (art. 696-bis cpc) - altre ipotesi,Procedimenti speciali sommari,Procedimenti cautelari ante causam - istruzione preventiva,Procedimento cautelare o istruzione preventiva,notifica,Termini processuali del procedimento,,,,"Da verificare secondo rito, provvedimento o notifica",,,,manual_review,False,forward,civil,GP_TERM_92699B452DA4,Richiede verifica professionale prima di calcolo automatico.
pct\data\legal_knowledge_base.full.json,014002,Provvedimenti cautelari in materia di tutela della concorrenza e del mercato (art. 33 L. n. 287/90),Procedimenti speciali sommari,Procedimenti cautelari davanti alla Corte di Appello,Procedimento cautelare o istruzione preventiva,notifica,Termini processuali del procedimento,,,,"Da verificare secondo rito, provvedimento o notifica",,,,manual_review,False,forward,civil,GP_TERM_6B321A52CB85,Richiede verifica professionale prima di calcolo automatico.
pct\data\legal_knowledge_base.full.json,014100,Reclamo alla Corte di Appello avverso Procedimenti Cautelari,Impugnazioni cautelari,,Reclamo cautelare ex art. 669-terdecies c.p.c.,impugnazione,Proposizione reclamo,15,,,comunicazione/notificazione provvedimento,perentorio,,,calcolabile_giorni,True,forward,civil,GP_TERM_5529B25388D7,Importabile come template giorni se evento generatore e' valorizzato.
pct\data\legal_knowledge_base.full.json,015011,Provvedimenti d'urgenza ex art. 700 c.p.c.,Procedimenti cautelari atipici,,Procedimento cautelare uniforme,generico_da_classificare,"Instaurazione merito (se ante causam, per misure conservative)",60,,,esecuzione misura,perentorio,art. 669-octies c.p.c.,,calcolabile_giorni,True,forward,civil,GP_TERM_91FA6040706D,Importabile come template giorni se evento generatore e' valorizzato.
pct\data\legal_knowledge_base.full.json,017002,Sequestro giudiziario ex art. 670 c.p.c. - Sez. Spec. Impresa,Procedimenti speciali sommari,Provvedimenti cautelari ante causam davanti alla Sezione specializzata impresa,Procedimento cautelare o istruzione preventiva,notifica,Termini processuali del procedimento,,,,"Da verificare secondo rito, provvedimento o notifica",,,,manual_review,False,forward,civil,GP_TERM_918930155F5B,Richiede verifica professionale prima di calcolo automatico.
pct\data\legal_knowledge_base.full.json,017003,Sequestro (liberatorio) ex art. 687 c.p.c. - Sez. Spec. Impresa,Procedimenti speciali sommari,Provvedimenti cautelari ante causam davanti alla Sezione specializzata impresa,Procedimento cautelare o istruzione preventiva,notifica,Termini processuali del procedimento,,,,"Da verificare secondo rito, provvedimento o notifica",,,,manual_review,False,forward,civil,GP_TERM_D5F0A56637DF,Richiede verifica professionale prima di calcolo automatico.
pct\data\legal_knowledge_base.full.json,017004,Provvedimenti cautelari in materia di tutela della concorrenza e del mercato,Procedimenti speciali sommari,Provvedimenti cautelari ante causam davanti alla Sezione specializzata impresa,Procedimento cautelare o istruzione preventiva,notifica,Termini processuali del procedimento,,,,"Da verificare secondo rito, provvedimento o notifica",,,,manual_review,False,forward,civil,GP_TERM_101D459DAC07,Richiede verifica professionale prima di calcolo automatico.
pct\data\legal_knowledge_base.full.json,017007,Sequestro (art. 129 c.p.i.),Procedimenti speciali sommari,Provvedimenti cautelari ante causam davanti alla Sezione specializzata impresa,Procedimento cautelare o istruzione preventiva,notifica,Termini processuali del procedimento,,,,"Da verificare secondo rito, provvedimento o notifica",,,,manual_review,False,forward,civil,GP_TERM_8893C2691D21,Richiede verifica professionale prima di calcolo automatico.
pct\data\legal_knowledge_base.full.json,017008,Descrizione (art. 129 c.p.i.),Procedimenti speciali sommari,Provvedimenti cautelari ante causam davanti alla Sezione specializzata impresa,Procedimento cautelare o istruzione preventiva,notifica,Termini processuali del procedimento,,,,"Da verificare secondo rito, provvedimento o notifica",,,,manual_review,False,forward,civil,GP_TERM_558988B7DFA0,Richiede verifica professionale prima di calcolo automatico.
pct\data\legal_knowledge_base.full.json,017009,Inibitoria (art. 156 l. n. 663/1941 – Legge Autore),Procedimenti speciali sommari,Provvedimenti cautelari ante causam davanti alla Sezione specializzata impresa,Procedimento cautelare o istruzione preventiva,notifica,Termini processuali del procedimento,,,,"Da verificare secondo rito, provvedimento o notifica",,,,manual_review,False,forward,civil,GP_TERM_D977D4139FFC,Richiede verifica professionale prima di calcolo automatico.
pct\data\legal_knowledge_base.full.json,017010,Sequestro (art. 161 l. n. 633/1941 – Legge Autore),Procedimenti speciali sommari,Provvedimenti cautelari ante causam davanti alla Sezione specializzata impresa,Procedimento cautelare o istruzione preventiva,notifica,Termini processuali del procedimento,,,,"Da verificare secondo rito, provvedimento o notifica",,,,manual_review,False,forward,civil,GP_TERM_260062FE09E6,Richiede verifica professionale prima di calcolo automatico.
pct\data\legal_knowledge_base.full.json,017011,Descrizione (art. 161 L.633/1941 – Legge Autore),Procedimenti speciali sommari,Provvedimenti cautelari ante causam davanti alla Sezione specializzata impresa,Procedimento cautelare o istruzione preventiva,notifica,Termini processuali del procedimento,,,,"Da verificare secondo rito, provvedimento o notifica",,,,manual_review,False,forward,civil,GP_TERM_BF95401B1F58,Richiede verifica professionale prima di calcolo automatico.
pct\data\legal_knowledge_base.full.json,017012,Consulenza tecnica preventiva (art. 128 c.p.i.),Procedimenti speciali sommari,Provvedimenti cautelari ante causam davanti alla Sezione specializzata impresa,Procedimento cautelare o istruzione preventiva,notifica,Termini processuali del procedimento,,,,"Da verificare secondo rito, provvedimento o notifica",,,,manual_review,False,forward,civil,GP_TERM_07377E7FEE60,Richiede verifica professionale prima di calcolo automatico.
pct\data\legal_knowledge_base.full.json,017999,Altri procedimenti cautelari - Sez. Spec. Impresa,Procedimenti speciali sommari,Provvedimenti cautelari ante causam davanti alla Sezione specializzata impresa,Procedimento cautelare o istruzione preventiva,notifica,Termini processuali del procedimento,,,,"Da verificare secondo rito, provvedimento o notifica",,,,manual_review,False,forward,civil,GP_TERM_B21A51C35D84,Richiede verifica professionale prima di calcolo automatico.
pct\data\legal_knowledge_base.full.json,018001,Istanza sospensione dell'esecuzione ex art. 373 c.p.c.,Tribunale Superiore delle Acque Pubbliche,Procedimenti cautelari - Tribunale Superiore delle Acque Pubbliche,Procedimento cautelare o istruzione preventiva,notifica,Termini processuali del procedimento,,,,"Da verificare secondo rito, provvedimento o notifica",,,,manual_review,False,forward,civil,GP_TERM_5D66E2ACAFFD,Richiede verifica professionale prima di calcolo automatico.
pct\data\legal_knowledge_base.full.json,018002,Altri procedimenti cautelari,Tribunale Superiore delle Acque Pubbliche,Procedimenti cautelari - Tribunale Superiore delle Acque Pubbliche,Procedimento cautelare o istruzione preventiva,notifica,Termini processuali del procedimento,,,,"Da verificare secondo rito, provvedimento o notifica",,,,manual_review,False,forward,civil,GP_TERM_FA475A647F2A,Richiede verifica professionale prima di calcolo automatico.
pct\data\legal_knowledge_base.full.json,019999,Altri procedimenti cautelari,Procedimenti speciali sommari,Procedimenti cautelari in genere - altri,Procedimento cautelare o istruzione preventiva,notifica,Termini processuali del procedimento,,,,"Da verificare secondo rito, provvedimento o notifica",,,,manual_review,False,forward,civil,GP_TERM_560049F6BE49,Richiede verifica professionale prima di calcolo automatico.
pct\data\legal_knowledge_base.full.json,030001,Intimazione di licenza o di sfratto per finita locazione (art. 657 c.p.c.) - uso abitativo,Procedimenti speciali sommari,Procedimento per convalida di sfratto,,notifica,Notifica intimazione,,,,Prima dell'udienza di comparizione,,,,informativo_non_calcolabile,False,forward,civil,GP_TERM_CF29D3C05AE8,Manca unita' numerica o decorrenza calcolabile.
pct\data\legal_knowledge_base.full.json,030001,Intimazione di licenza o di sfratto per finita locazione (art. 657 c.p.c.) - uso abitativo,Procedimenti speciali sommari,Procedimento per convalida di sfratto,,costituzione,Costituzione intimante,,,,Prima dell'udienza,,,,informativo_non_calcolabile,False,forward,civil,GP_TERM_EED218B7C10F,Manca unita' numerica o decorrenza calcolabile.
pct\data\legal_knowledge_base.full.json,030021,Intimazione di licenza o di sfratto per cessazione del rapporto di locazione d'opera (art. 659 c.p.c.),Procedimenti speciali sommari,Procedimento per convalida di sfratto,Rito da verificare sul codice oggetto e sul registro di destinazione,notifica,Termini processuali del procedimento,,,,"Da verificare secondo rito, provvedimento o notifica",,,,manual_review,False,forward,civil,GP_TERM_897E407221BB,Richiede verifica professionale prima di calcolo automatico.
pct\data\legal_knowledge_base.full.json,050001,Procedimento di Ingiunzione Ante Causam,Procedimenti speciali sommari,"Ingiunzioni ante causam in materia societaria, finanziaria, bancaria e creditizia",Procedimento monitorio ex artt. 633-656 c.p.c.,notifica,Termini processuali del procedimento,,,,"Da verificare secondo rito, provvedimento o notifica",,,,manual_review,False,forward,admin,GP_TERM_6B8DE834E9A6,Richiede verifica professionale prima di calcolo automatico.
pct\data\legal_knowledge_base.full.json,051001,Sequestro conservativo ex art. 671 c.p.c.,Procedimenti speciali sommari,"Cautelari ante causam in materia societaria, finanziaria, bancaria e creditizia - sequestro",Procedimento cautelare o istruzione preventiva,notifica,Termini processuali del procedimento,,,,"Da verificare secondo rito, provvedimento o notifica",,,,manual_review,False,forward,admin,GP_TERM_F135EBE099ED,Richiede verifica professionale prima di calcolo automatico.
pct\data\legal_knowledge_base.full.json,051002,Sequestro giudiziario ex art. 670 c.p.c.,Procedimenti speciali sommari,"Cautelari ante causam in materia societaria, finanziaria, bancaria e creditizia - sequestro",Procedimento cautelare o istruzione preventiva,notifica,Termini processuali del procedimento,,,,"Da verificare secondo rito, provvedimento o notifica",,,,manual_review,False,forward,admin,GP_TERM_540EEAEB5C66,Richiede verifica professionale prima di calcolo automatico.
pct\data\legal_knowledge_base.full.json,051003,Sequestro (liberatorio) ex art. 687 c.p.c.,Procedimenti speciali sommari,"Cautelari ante causam in materia societaria, finanziaria, bancaria e creditizia - sequestro",Procedimento cautelare o istruzione preventiva,notifica,Termini processuali del procedimento,,,,"Da verificare secondo rito, provvedimento o notifica",,,,manual_review,False,forward,admin,GP_TERM_46A77FF3EAE9,Richiede verifica professionale prima di calcolo automatico.
pct\data\legal_knowledge_base.full.json,052001,Prova testimoniale e/o Accertamento tecnico preventivo,Procedimenti speciali sommari,"Cautelari ante causam in materia societaria, finanziaria, bancaria e creditizia - istruzione preventiva",Procedimento cautelare o istruzione preventiva,notifica,Termini processuali del procedimento,,,,"Da verificare secondo rito, provvedimento o notifica",,,,manual_review,False,forward,admin,GP_TERM_6C6E89C0185A,Richiede verifica professionale prima di calcolo automatico.
pct\data\legal_knowledge_base.full.json,052011,Ispezione preventiva,Procedimenti speciali sommari,"Cautelari ante causam in materia societaria, finanziaria, bancaria e creditizia - istruzione preventiva",Procedimento cautelare o istruzione preventiva,notifica,Termini processuali del procedimento,,,,"Da verificare secondo rito, provvedimento o notifica",,,,manual_review,False,forward,admin,GP_TERM_526F9C442CCF,Richiede verifica professionale prima di calcolo automatico.
pct\data\legal_knowledge_base.full.json,053001,"Inibitoria(art.63R.D.n.929/1942,art.83R.D.n.1127/1939,L n.52/1996,d.lgs.30/2005)",Procedimenti speciali sommari,"Cautelari ante causam in materia societaria, finanziaria, bancaria e creditizia - inibitoria",Procedimento cautelare o istruzione preventiva,notifica,Termini processuali del procedimento,,,,"Da verificare secondo rito, provvedimento o notifica",,,,manual_review,False,forward,admin,GP_TERM_BDDBA16376DC,Richiede verifica professionale prima di calcolo automatico.
pct\data\legal_knowledge_base.full.json,055011,Provvedimenti d'urgenza ex art. 700 c.p.c,Procedimenti speciali sommari,"Cautelari ante causam in materia societaria, finanziaria, bancaria e creditizia - azioni residuali",Procedimento cautelare o istruzione preventiva,notifica,Termini processuali del procedimento,,,,"Da verificare secondo rito, provvedimento o notifica",,,,manual_review,False,forward,admin,GP_TERM_4CA34753535C,Richiede verifica professionale prima di calcolo automatico.
pct\data\legal_knowledge_base.full.json,059999,Altri procedimenti cautelari in materia di diritto societario ecc.,Procedimenti speciali sommari,"Cautelari ante causam in materia societaria, finanziaria, bancaria e creditizia - altro",Procedimento cautelare o istruzione preventiva,notifica,Termini processuali del procedimento,,,,"Da verificare secondo rito, provvedimento o notifica",,,,manual_review,False,forward,admin,GP_TERM_371013E69926,Richiede verifica professionale prima di calcolo automatico.
pct\data\legal_knowledge_base.full.json,100001,Opposizione a precetto (art. 615 c. 1 c.p.c.),Opposizioni all'esecuzione,Opposizione pre-esecutiva (contestazione del diritto a procedere),Rito ordinario di cognizione (anche con profili cautelari per sospensione efficacia precetto),notifica,Validità del precetto,90,,,notifica precetto,decadenziale,art. 481 c.p.c.,,calcolabile_giorni,True,forward,civil,GP_TERM_F26E015D7E33,Importabile come template giorni se evento generatore e' valorizzato.
pct\data\legal_knowledge_base.full.json,100001,Opposizione a precetto (art. 615 c. 1 c.p.c.),Opposizioni all'esecuzione,Opposizione pre-esecutiva (contestazione del diritto a procedere),Rito ordinario di cognizione (anche con profili cautelari per sospensione efficacia precetto),impugnazione,Inizio esecuzione (dopo il quale opposizione diventa ex 615 c. 2),,,,pignoramento,preclusivo,art. 615 c. 2 c.p.c.,,informativo_non_calcolabile,False,forward,civil,GP_TERM_F6B37D1CCD86,Manca unita' numerica o decorrenza calcolabile.
pct\data\legal_knowledge_base.full.json,100001,Opposizione a precetto (art. 615 c. 1 c.p.c.),Opposizioni all'esecuzione,Opposizione pre-esecutiva (contestazione del diritto a procedere),Rito ordinario di cognizione (anche con profili cautelari per sospensione efficacia precetto),notifica,Termine a comparire ordinario,90,,,notifica citazione,minimo legale,art. 163-bis c.p.c.,,calcolabile_giorni,True,forward,civil,GP_TERM_C2E4C42599A8,Importabile come template giorni se evento generatore e' valorizzato.
pct\data\legal_knowledge_base.full.json,100001,Opposizione a precetto (art. 615 c. 1 c.p.c.),Opposizioni all'esecuzione,Opposizione pre-esecutiva (contestazione del diritto a procedere),Rito ordinario di cognizione (anche con profili cautelari per sospensione efficacia precetto),notifica,Costituzione attore,10,,,notifica citazione,perentorio,art. 165 c.p.c.,,calcolabile_giorni,True,forward,civil,GP_TERM_3F20C5FD0C0E,Importabile come template giorni se evento generatore e' valorizzato.
pct\data\legal_knowledge_base.full.json,100002,Opposizione a decreto ingiuntivo (art. 645 c.p.c.),Opposizioni a provvedimenti monitori,Opposizione al decreto ingiuntivo - trasformazione in giudizio ordinario di cognizione,Rito ordinario di cognizione (l'opposizione apre il giudizio di cognizione piena sul rapporto sostanziale),impugnazione,OPPOSIZIONE,40,,,notifica DI,DECADENZIALE,art. 641 c.p.c.,MASSIMA,calcolabile_giorni,True,forward,civil,GP_TERM_6A24C5946B8A,Importabile come template giorni se evento generatore e' valorizzato.
pct\data\legal_knowledge_base.full.json,100002,Opposizione a decreto ingiuntivo (art. 645 c.p.c.),Opposizioni a provvedimenti monitori,Opposizione al decreto ingiuntivo - trasformazione in giudizio ordinario di cognizione,Rito ordinario di cognizione (l'opposizione apre il giudizio di cognizione piena sul rapporto sostanziale),impugnazione,Opposizione con convenuto all'estero,50,,,notifica DI,decadenziale,art. 641 c.p.c.,,calcolabile_giorni,True,forward,civil,GP_TERM_733D625AF762,Importabile come template giorni se evento generatore e' valorizzato.
pct\data\legal_knowledge_base.full.json,100002,Opposizione a decreto ingiuntivo (art. 645 c.p.c.),Opposizioni a provvedimenti monitori,Opposizione al decreto ingiuntivo - trasformazione in giudizio ordinario di cognizione,Rito ordinario di cognizione (l'opposizione apre il giudizio di cognizione piena sul rapporto sostanziale),impugnazione,Opposizione tardiva ex art. 650,10,,,primo atto esecutivo,decadenziale eccezionale,,,calcolabile_giorni,True,forward,civil,GP_TERM_8DAA0044C05C,Importabile come template giorni se evento generatore e' valorizzato.
pct\data\legal_knowledge_base.full.json,100002,Opposizione a decreto ingiuntivo (art. 645 c.p.c.),Opposizioni a provvedimenti monitori,Opposizione al decreto ingiuntivo - trasformazione in giudizio ordinario di cognizione,Rito ordinario di cognizione (l'opposizione apre il giudizio di cognizione piena sul rapporto sostanziale),notifica,Costituzione opponente,10,,,notifica citazione (alle stesse condizioni dell'art. 165 c.p.c.),perentorio,art. 645 c. 2 c.p.c.,,calcolabile_giorni,True,forward,civil,GP_TERM_592D8D8BAFD3,Importabile come template giorni se evento generatore e' valorizzato.
pct\data\legal_knowledge_base.full.json,100002,Opposizione a decreto ingiuntivo (art. 645 c.p.c.),Opposizioni a provvedimenti monitori,Opposizione al decreto ingiuntivo - trasformazione in giudizio ordinario di cognizione,Rito ordinario di cognizione (l'opposizione apre il giudizio di cognizione piena sul rapporto sostanziale),notifica,Termine a comparire post-Cartabia,120,,,notifica citazione,minimo legale,art. 163-bis c.p.c.,,calcolabile_giorni,True,forward,civil,GP_TERM_0C2E99709D68,Importabile come template giorni se evento generatore e' valorizzato.
pct\data\legal_knowledge_base.full.json,100002,Opposizione a decreto ingiuntivo (art. 645 c.p.c.),Opposizioni a provvedimenti monitori,Opposizione al decreto ingiuntivo - trasformazione in giudizio ordinario di cognizione,Rito ordinario di cognizione (l'opposizione apre il giudizio di cognizione piena sul rapporto sostanziale),costituzione,Costituzione opposto,70,,,prima dell'udienza,perentorio (decadenze),art. 166 c.p.c.,,calcolabile_giorni,True,forward,civil,GP_TERM_83B12DD075A7,Importabile come template giorni se evento generatore e' valorizzato.
pct\data\legal_knowledge_base.full.json,100011,Opposizione all'esecuzione ex art. 615 c. 2 c.p.c. (dopo l'inizio dell'esecuzione),Opposizioni esecutive,Opposizione successiva all'inizio dell'esecuzione - merito,Procedimento davanti al GIUDICE DELL'ESECUZIONE - successiva fase di merito davanti al giudice competente per la causa di valore corrispondente,prescrizione_decadenza,Termine assegnato dal GE per introduzione causa di merito,fissato dal GE (di norma 60),,,,decadenziale,art. 616 c.p.c.,MASSIMA,calcolabile_giorni,True,forward,civil,GP_TERM_41283FEB7432,Importabile come template giorni se evento generatore e' valorizzato.
pct\data\legal_knowledge_base.full.json,100011,Opposizione all'esecuzione ex art. 615 c. 2 c.p.c. (dopo l'inizio dell'esecuzione),Opposizioni esecutive,Opposizione successiva all'inizio dell'esecuzione - merito,Procedimento davanti al GIUDICE DELL'ESECUZIONE - successiva fase di merito davanti al giudice competente per la causa di valore corrispondente,impugnazione,Reclamo avverso ordinanza GE su sospensione,20,,,udienza o comunicazione ordinanza,perentorio,,,calcolabile_giorni,True,forward,civil,GP_TERM_F627137FC43B,Importabile come template giorni se evento generatore e' valorizzato.
pct\data\legal_knowledge_base.full.json,100011,Opposizione all'esecuzione ex art. 615 c. 2 c.p.c. (dopo l'inizio dell'esecuzione),Opposizioni esecutive,Opposizione successiva all'inizio dell'esecuzione - merito,Procedimento davanti al GIUDICE DELL'ESECUZIONE - successiva fase di merito davanti al giudice competente per la causa di valore corrispondente,impugnazione,OPPOSIZIONE 617 (formale - distinta),20,,,atto contestato,decadenziale,art. 617 c.p.c.,,calcolabile_giorni,True,forward,civil,GP_TERM_F09A87586B8F,Importabile come template giorni se evento generatore e' valorizzato.
pct\data\legal_knowledge_base.full.json,100019,Opposizione all'esecuzione mobiliare e immobiliare riassunta davanti al Giudice di Pace,Contenzioso civile,Altri istituti e leggi speciali - Libro III c.p.c.,Esecuzione forzata,notifica,Termini processuali del procedimento,,,,"Da verificare secondo rito, provvedimento o notifica",,,,manual_review,False,forward,civil,GP_TERM_4BDB556782EE,Richiede verifica professionale prima di calcolo automatico.
pct\data\legal_knowledge_base.full.json,100021,Opposizione agli atti esecutivi (art. 617 c.p.c.) - mobiliare,Opposizioni esecutive,,Opposizione ex art. 617 c.p.c. - termine perentorio breve,impugnazione,Proposizione opposizione,20,,,compimento atto/legale conoscenza,perentorio,,,calcolabile_giorni,True,forward,civil,GP_TERM_0D37B390BF0B,Importabile come template giorni se evento generatore e' valorizzato.
pct\data\legal_knowledge_base.full.json,100999,PROVA,Contenzioso civile,Altri istituti e leggi speciali - Libro III c.p.c.,Rito da verificare sul codice oggetto e sul registro di destinazione,notifica,Termini processuali del procedimento,,,,"Da verificare secondo rito, provvedimento o notifica",,,,manual_review,False,forward,civil,GP_TERM_7C9FB2268E75,Richiede verifica professionale prima di calcolo automatico.
pct\data\legal_knowledge_base.full.json,101001,Revocazione ordinaria della sentenza (art. 395 c.p.c.),Impugnazioni straordinarie,Revocazione per motivi straordinari delle sentenze passate in giudicato o non più impugnabili,Rito ordinario di cognizione davanti al giudice che ha emesso la sentenza impugnata,prescrizione_decadenza,"REVOCAZIONE STRAORDINARIA (n. 1, 2, 3, 6)",30,,,scoperta fatto giustificante,DECADENZIALE,art. 326 c.p.c.,MASSIMA,calcolabile_giorni,True,forward,civil,GP_TERM_06A1E6725E91,Importabile come template giorni se evento generatore e' valorizzato.
pct\data\legal_knowledge_base.full.json,101001,Revocazione ordinaria della sentenza (art. 395 c.p.c.),Impugnazioni straordinarie,Revocazione per motivi straordinari delle sentenze passate in giudicato o non più impugnabili,Rito ordinario di cognizione davanti al giudice che ha emesso la sentenza impugnata,notifica,"REVOCAZIONE ORDINARIA (n. 4, 5)",30,,,notifica sentenza,decadenziale,art. 325 c.p.c.,,calcolabile_giorni,True,forward,civil,GP_TERM_4B98CC51447A,Importabile come template giorni se evento generatore e' valorizzato.
pct\data\legal_knowledge_base.full.json,101001,Revocazione ordinaria della sentenza (art. 395 c.p.c.),Impugnazioni straordinarie,Revocazione per motivi straordinari delle sentenze passate in giudicato o non più impugnabili,Rito ordinario di cognizione davanti al giudice che ha emesso la sentenza impugnata,prescrizione_decadenza,Revocazione ordinaria - termine lungo,,6,,pubblicazione sentenza,decadenziale,art. 327 c.p.c.,,calcolabile_mesi,True,forward,civil,GP_TERM_1250822A4E77,Importabile come template mesi se evento generatore e' valorizzato.
pct\data\legal_knowledge_base.full.json,101001,Revocazione ordinaria della sentenza (art. 395 c.p.c.),Impugnazioni straordinarie,Revocazione per motivi straordinari delle sentenze passate in giudicato o non più impugnabili,Rito ordinario di cognizione davanti al giudice che ha emesso la sentenza impugnata,costituzione,Termine a comparire,120,,,,minimo legale post-Cartabia,,,calcolabile_giorni,True,forward,civil,GP_TERM_5E9D42CD577D,Importabile come template giorni se evento generatore e' valorizzato.
pct\data\legal_knowledge_base.full.json,101001,Revocazione ordinaria della sentenza (art. 395 c.p.c.),Impugnazioni straordinarie,Revocazione per motivi straordinari delle sentenze passate in giudicato o non più impugnabili,Rito ordinario di cognizione davanti al giudice che ha emesso la sentenza impugnata,costituzione,Costituzione convenuto,70,,,prima udienza,perentorio,,,calcolabile_giorni,True,backward,civil,GP_TERM_ED8FCEC62A0C,Importabile come template giorni se evento generatore e' valorizzato.
pct\data\legal_knowledge_base.full.json,101002,Revocazione della sentenza ex artt. 395 e ss. c.p.c.,Impugnazioni straordinarie,,Procedimento ordinario davanti al giudice che ha emesso la sentenza,notifica,"Revocazione ordinaria (motivi n. 4, 5)",30,,,notificazione/comunicazione sentenza,perentorio,,,calcolabile_giorni,True,forward,civil,GP_TERM_00D9FAA64DE3,Importabile come template giorni se evento generatore e' valorizzato.
pct\data\legal_knowledge_base.full.json,101002,Revocazione della sentenza ex artt. 395 e ss. c.p.c.,Impugnazioni straordinarie,,Procedimento ordinario davanti al giudice che ha emesso la sentenza,generico_da_classificare,"Revocazione straordinaria (motivi n. 1, 2, 3, 6)",30,,,scoperta motivo,perentorio,,,calcolabile_giorni,True,forward,civil,GP_TERM_4FED6CD64394,Importabile come template giorni se evento generatore e' valorizzato.
pct\data\legal_knowledge_base.full.json,101004,Revocazione per contrarietà alla Convenzione europea dei diritti dell'uomo ex art. 391-quater,Contenzioso civile,Altri istituti e leggi speciali - altri istituti c.p.c.,"Impugnazione, reclamo od opposizione",notifica,Termini processuali del procedimento,,,,"Da verificare secondo rito, provvedimento o notifica",,,,manual_review,False,forward,civil,GP_TERM_EEC29C99B9B3,Richiede verifica professionale prima di calcolo automatico.
pct\data\legal_knowledge_base.full.json,101005,"Ricorso al Presidente del Tribunale per ricusazione arbitro (art. 815, comma 3 cpc)",Contenzioso civile,Altri istituti e leggi speciali - altri istituti c.p.c.,Rito da verificare sul codice oggetto e sul registro di destinazione,notifica,Termini processuali del procedimento,,,,"Da verificare secondo rito, provvedimento o notifica",,,,manual_review,False,forward,civil,GP_TERM_2FA01CEE9894,Richiede verifica professionale prima di calcolo automatico.
pct\data\legal_knowledge_base.full.json,101011,Rogatorie civili,Contenzioso civile,Altri istituti e leggi speciali - altri istituti c.p.c.,Rito da verificare sul codice oggetto e sul registro di destinazione,notifica,Termini processuali del procedimento,,,,"Da verificare secondo rito, provvedimento o notifica",,,,manual_review,False,forward,civil,GP_TERM_607E36075201,Richiede verifica professionale prima di calcolo automatico.
pct\data\legal_knowledge_base.full.json,101012,Prova Delegata,Contenzioso civile,Altri istituti e leggi speciali - altri istituti c.p.c.,Rito da verificare sul codice oggetto e sul registro di destinazione,notifica,Termini processuali del procedimento,,,,"Da verificare secondo rito, provvedimento o notifica",,,,manual_review,False,forward,civil,GP_TERM_575373F7C019,Richiede verifica professionale prima di calcolo automatico.
pct\data\legal_knowledge_base.full.json,102002,Azione revocatoria ordinaria ex art. 2901 c.c.,Azioni a tutela del credito,,Rito ordinario,prescrizione_decadenza,Prescrizione,1825,,,compimento atto,prescrizione,art. 2903 c.c.,,calcolabile_giorni,True,forward,civil,GP_TERM_47CC801B4E63,Importabile come template giorni se evento generatore e' valorizzato.
pct\data\legal_knowledge_base.full.json,102011,Privilegio,Contenzioso civile,Altri istituti e leggi speciali - tutela dei diritti,Volontaria giurisdizione,notifica,Termini processuali del procedimento,,,,"Da verificare secondo rito, provvedimento o notifica",,,,manual_review,False,forward,admin,GP_TERM_D082099FBCD5,Richiede verifica professionale prima di calcolo automatico.
pct\data\legal_knowledge_base.full.json,103001,Questioni di diritto della navigazione (esclusi i contratti di trasporto),Contenzioso civile,Altri istituti e leggi speciali - diritto della navigazione,Rito da verificare sul codice oggetto e sul registro di destinazione,notifica,Termini processuali del procedimento,,,,"Da verificare secondo rito, provvedimento o notifica",,,,manual_review,False,forward,civil,GP_TERM_8CACD3EDC638,Richiede verifica professionale prima di calcolo automatico.
pct\data\legal_knowledge_base.full.json,104001,Controversie di competenza del Tribunale Regionale delle Acque Pubbliche,Contenzioso civile,Altri istituti e leggi speciali di competenza della Corte di Appello / TRAP,"Impugnazione, reclamo od opposizione",notifica,Termini processuali del procedimento,,,,"Da verificare secondo rito, provvedimento o notifica",,,,manual_review,False,forward,civil,GP_TERM_B60016CE735D,Richiede verifica professionale prima di calcolo automatico.
pct\data\legal_knowledge_base.full.json,105001,Usi civici,Contenzioso civile,Altri istituti e leggi speciali di competenza della Corte di Appello di Roma - usi civici,"Impugnazione, reclamo od opposizione",notifica,Termini processuali del procedimento,,,,"Da verificare secondo rito, provvedimento o notifica",,,,manual_review,False,forward,civil,GP_TERM_3819456D84FA,Richiede verifica professionale prima di calcolo automatico.
pct\data\legal_knowledge_base.full.json,106002,Impugnazione di lodi nazionali (art. 828 c.p.c.),Arbitrato,,,impugnazione,Impugnazione,90,,,notifica lodo,perentorio,,,calcolabile_giorni,True,forward,civil,GP_TERM_61D507CE95D6,Importabile come template giorni se evento generatore e' valorizzato.
pct\data\legal_knowledge_base.full.json,106003,Espropriazione,Contenzioso civile,Altri istituti e leggi speciali di competenza della Corte di Appello in primo grado,"Impugnazione, reclamo od opposizione",notifica,Termini processuali del procedimento,,,,"Da verificare secondo rito, provvedimento o notifica",,,,manual_review,False,forward,civil,GP_TERM_6FBEBA4C1A65,Richiede verifica professionale prima di calcolo automatico.
pct\data\legal_knowledge_base.full.json,106004,Azione di nullita e risarcimento in materia di tutela della concorrenza e del mercato (art. 33 L. n. 287/90),Contenzioso civile,Altri istituti e leggi speciali di competenza della Corte di Appello in primo grado,Volontaria giurisdizione,notifica,Termini processuali del procedimento,,,,"Da verificare secondo rito, provvedimento o notifica",,,,manual_review,False,forward,admin,GP_TERM_0C979E65CC51,Richiede verifica professionale prima di calcolo automatico.
pct\data\legal_knowledge_base.full.json,106005,Opposizione avverso il decreto di esecutivita sentenze in materia civile e commerciale di cui alle convenzioni di Bruxelles e Lugano (L. 804/71),Contenzioso civile,Altri istituti e leggi speciali di competenza della Corte di Appello in primo grado,"Impugnazione, reclamo od opposizione",notifica,Termini processuali del procedimento,,,,"Da verificare secondo rito, provvedimento o notifica",,,,manual_review,False,forward,civil,GP_TERM_40D8C2D38952,Richiede verifica professionale prima di calcolo automatico.
pct\data\legal_knowledge_base.full.json,106007,Reclamo ex art. 818-bis cpc,Contenzioso civile,Altri istituti e leggi speciali di competenza della Corte di Appello in primo grado,"Impugnazione, reclamo od opposizione",notifica,Termini processuali del procedimento,,,,"Da verificare secondo rito, provvedimento o notifica",,,,manual_review,False,forward,civil,GP_TERM_3045D72F7B6D,Richiede verifica professionale prima di calcolo automatico.
pct\data\legal_knowledge_base.full.json,106502,Accertamento requisiti sentenze straniere in materia diversa da quella matrimoniale (art. 67 L. n. 218/95),Contenzioso civile,Altri istituti e leggi speciali di competenza della Corte di Appello in primo grado,"Procedimento immigrazione, protezione internazionale o cittadinanza",notifica,Termini processuali del procedimento,,,,"Da verificare secondo rito, provvedimento o notifica",,,,manual_review,False,forward,civil,GP_TERM_B299A53751D4,Richiede verifica professionale prima di calcolo automatico.
pct\data\legal_knowledge_base.full.json,108001,Istanza di conciliazione,Contenzioso civile,Materia/gruppo 108 - da verificare,Rito da verificare sul codice oggetto e sul registro di destinazione,notifica,Termini processuali del procedimento,,,,"Da verificare secondo rito, provvedimento o notifica",,,,manual_review,False,forward,civil,GP_TERM_753E3BC30332,Richiede verifica professionale prima di calcolo automatico.
pct\data\legal_knowledge_base.full.json,109999,Altri istituti e leggi speciali,Contenzioso civile,Altri istituti e leggi speciali in genere,Rito da verificare sul codice oggetto e sul registro di destinazione,notifica,Termini processuali del procedimento,,,,"Da verificare secondo rito, provvedimento o notifica",,,,manual_review,False,forward,civil,GP_TERM_013DCBE60FEB,Richiede verifica professionale prima di calcolo automatico.
pct\data\legal_knowledge_base.full.json,110000,Altre ipotesi di cui al comma 3 art. 3 L.46/2017,Contenzioso civile,Stato della persona e diritti della personalità,Rito da verificare sul codice oggetto e sul registro di destinazione,notifica,Termini processuali del procedimento,,,,"Da verificare secondo rito, provvedimento o notifica",,,,manual_review,False,forward,civil,GP_TERM_2B0AA7ABBBCC,Richiede verifica professionale prima di calcolo automatico.
pct\data\legal_knowledge_base.full.json,110011,"Diritti della personalita (anche della persona giuridica) (es.: identita personale, nome, immagine, onore e reputazione, riservatezza)",Contenzioso civile,Stato della persona e diritti della personalità,Rito da verificare sul codice oggetto e sul registro di destinazione,notifica,Termini processuali del procedimento,,,,"Da verificare secondo rito, provvedimento o notifica",,,,manual_review,False,forward,civil,GP_TERM_447BF3F8A7CB,Richiede verifica professionale prima di calcolo automatico.
pct\data\legal_knowledge_base.full.json,110021,Diritti di elettorato attivo e passivo,Contenzioso civile,Stato della persona e diritti della personalità,Rito da verificare sul codice oggetto e sul registro di destinazione,notifica,Termini processuali del procedimento,,,,"Da verificare secondo rito, provvedimento o notifica",,,,manual_review,False,forward,civil,GP_TERM_0329670C0795,Richiede verifica professionale prima di calcolo automatico.
pct\data\legal_knowledge_base.full.json,110022,Diritti della cittadinanza,Contenzioso civile,Stato della persona e diritti della personalità,"Procedimento immigrazione, protezione internazionale o cittadinanza",notifica,Termini processuali del procedimento,,,,"Da verificare secondo rito, provvedimento o notifica",,,,manual_review,False,forward,civil,GP_TERM_DF82143D9C6B,Richiede verifica professionale prima di calcolo automatico.
pct\data\legal_knowledge_base.full.json,110023,Riconoscimento dello stato di apolidia,Contenzioso civile,Stato della persona e diritti della personalità,Rito da verificare sul codice oggetto e sul registro di destinazione,notifica,Termini processuali del procedimento,,,,"Da verificare secondo rito, provvedimento o notifica",,,,manual_review,False,forward,civil,GP_TERM_5AED2627FA11,Richiede verifica professionale prima di calcolo automatico.
pct\data\legal_knowledge_base.full.json,110032,Impugnazione ex art. 35 D.Lgs. 25/2008 (protezione internazionale),Protezione internazionale,,,notifica,Ricorso,30,,,notificazione provvedimento,perentorio,art. 35-bis c. 2 D.Lgs. 25/2008,,calcolabile_giorni,True,forward,civil,GP_TERM_DB9CD16CF375,Importabile come template giorni se evento generatore e' valorizzato.
pct\data\legal_knowledge_base.full.json,110033,Riconoscimento diritto di soggiorno cittadini UE (art. 8. Dlgs 30/2007),Contenzioso civile,Stato della persona e diritti della personalità,Rito da verificare sul codice oggetto e sul registro di destinazione,notifica,Termini processuali del procedimento,,,,"Da verificare secondo rito, provvedimento o notifica",,,,manual_review,False,forward,civil,GP_TERM_5318437C1F63,Richiede verifica professionale prima di calcolo automatico.
pct\data\legal_knowledge_base.full.json,110034,Impugnazione provvedimento di allontanamento ex art. 20 e 21 D.Lgs 30/2007,Contenzioso civile,Stato della persona e diritti della personalità,"Impugnazione, reclamo od opposizione",notifica,Termini processuali del procedimento,,,,"Da verificare secondo rito, provvedimento o notifica",,,,manual_review,False,forward,civil,GP_TERM_79E9F5D837CD,Richiede verifica professionale prima di calcolo automatico.
pct\data\legal_knowledge_base.full.json,110035,Impugnazioni Unita' Dublino UE 604/2013,Contenzioso civile,Stato della persona e diritti della personalità,Rito da verificare sul codice oggetto e sul registro di destinazione,notifica,Termini processuali del procedimento,,,,"Da verificare secondo rito, provvedimento o notifica",,,,manual_review,False,forward,civil,GP_TERM_F909DA685DDC,Richiede verifica professionale prima di calcolo automatico.
pct\data\legal_knowledge_base.full.json,110036,Convalida del provvedimento di trattenimento o proroga del trattenimento,Contenzioso civile,Stato della persona e diritti della personalità,"Procedimento immigrazione, protezione internazionale o cittadinanza",notifica,Termini processuali del procedimento,,,,"Da verificare secondo rito, provvedimento o notifica",,,,manual_review,False,forward,civil,GP_TERM_6A55592CB71E,Richiede verifica professionale prima di calcolo automatico.
pct\data\legal_knowledge_base.full.json,110037,Ricongiungimento familiare (art.30),Contenzioso civile,Stato della persona e diritti della personalità,Rito da verificare sul codice oggetto e sul registro di destinazione,notifica,Termini processuali del procedimento,,,,"Da verificare secondo rito, provvedimento o notifica",,,,manual_review,False,forward,civil,GP_TERM_9D9242DA14E9,Richiede verifica professionale prima di calcolo automatico.
pct\data\legal_knowledge_base.full.json,110038,Impugnazione avverso diniego/revoca di rilascio/rinnovo permesso di soggiorno,Contenzioso civile,Stato della persona e diritti della personalità,Esecuzione forzata,notifica,Termini processuali del procedimento,,,,"Da verificare secondo rito, provvedimento o notifica",,,,manual_review,False,forward,civil,GP_TERM_E33689B505F2,Richiede verifica professionale prima di calcolo automatico.
pct\data\legal_knowledge_base.full.json,110039,Impugnazione avverso diniego di visto di ingresso per motivi di ricongiungimento familiare da parte dell’autorita' consolare,Contenzioso civile,Stato della persona e diritti della personalità,"Impugnazione, reclamo od opposizione",notifica,Termini processuali del procedimento,,,,"Da verificare secondo rito, provvedimento o notifica",,,,manual_review,False,forward,civil,GP_TERM_D5E4AB9D2364,Richiede verifica professionale prima di calcolo automatico.
pct\data\legal_knowledge_base.full.json,110040,Impugnazione diniego protezione umanitaria da parte del Questore,Contenzioso civile,Stato della persona e diritti della personalità,"Impugnazione, reclamo od opposizione",notifica,Termini processuali del procedimento,,,,"Da verificare secondo rito, provvedimento o notifica",,,,manual_review,False,forward,admin,GP_TERM_5B22A672AA18,Richiede verifica professionale prima di calcolo automatico.
pct\data\legal_knowledge_base.full.json,110041,Convalida del provvedimento del questore di accompagnamento immediato alla frontiera,Contenzioso civile,Stato della persona e diritti della personalità,Rito da verificare sul codice oggetto e sul registro di destinazione,notifica,Termini processuali del procedimento,,,,"Da verificare secondo rito, provvedimento o notifica",,,,manual_review,False,forward,civil,GP_TERM_6138D68E94C3,Richiede verifica professionale prima di calcolo automatico.
pct\data\legal_knowledge_base.full.json,110044,Reclamo avverso diniego sospensione provvedimento,Contenzioso civile,Stato della persona e diritti della personalità,"Impugnazione, reclamo od opposizione",notifica,Termini processuali del procedimento,,,,"Da verificare secondo rito, provvedimento o notifica",,,,manual_review,False,forward,civil,GP_TERM_252F96116172,Richiede verifica professionale prima di calcolo automatico.
pct\data\legal_knowledge_base.full.json,110045,Convalida dei provvedimenti di trattenimento per i cittadini comunitari,Contenzioso civile,Stato della persona e diritti della personalità,"Procedimento immigrazione, protezione internazionale o cittadinanza",notifica,Termini processuali del procedimento,,,,"Da verificare secondo rito, provvedimento o notifica",,,,manual_review,False,forward,admin,GP_TERM_855577B05B37,Richiede verifica professionale prima di calcolo automatico.
pct\data\legal_knowledge_base.full.json,110999,Altri istituti relativi allo stato della persona ed ai diritti della personalita,Contenzioso civile,Stato della persona e diritti della personalità,Rito da verificare sul codice oggetto e sul registro di destinazione,notifica,Termini processuali del procedimento,,,,"Da verificare secondo rito, provvedimento o notifica",,,,manual_review,False,forward,civil,GP_TERM_5FDC11C0F419,Richiede verifica professionale prima di calcolo automatico.
pct\data\legal_knowledge_base.full.json,111002,Separazione giudiziale,Separazione coniugale contenziosa,Separazione personale dei coniugi - rito unificato persone e famiglia (post-Cartabia),Rito unificato persone e famiglia ex artt. 473-bis e ss. c.p.c. (in vigore dal 28/2/2023),costituzione,Costituzione resistente,30,,,prima udienza,perentorio (pena decadenze),art. 473-bis.16 c.p.c.,,calcolabile_giorni,True,backward,civil,GP_TERM_8AE1FFBE346B,Importabile come template giorni se evento generatore e' valorizzato.
pct\data\legal_knowledge_base.full.json,111002,Separazione giudiziale,Separazione coniugale contenziosa,Separazione personale dei coniugi - rito unificato persone e famiglia (post-Cartabia),Rito unificato persone e famiglia ex artt. 473-bis e ss. c.p.c. (in vigore dal 28/2/2023),deposito,Memoria integrativa ricorrente,20,,,prima udienza,perentorio,art. 473-bis.17 c.p.c.,,calcolabile_giorni,True,backward,civil,GP_TERM_D60987493D2D,Importabile come template giorni se evento generatore e' valorizzato.
pct\data\legal_knowledge_base.full.json,111002,Separazione giudiziale,Separazione coniugale contenziosa,Separazione personale dei coniugi - rito unificato persone e famiglia (post-Cartabia),Rito unificato persone e famiglia ex artt. 473-bis e ss. c.p.c. (in vigore dal 28/2/2023),deposito,Memoria di replica resistente,10,,,prima udienza,perentorio,art. 473-bis.17 c.p.c.,,calcolabile_giorni,True,backward,civil,GP_TERM_CD26816DA274,Importabile come template giorni se evento generatore e' valorizzato.
pct\data\legal_knowledge_base.full.json,111002,Separazione giudiziale,Separazione coniugale contenziosa,Separazione personale dei coniugi - rito unificato persone e famiglia (post-Cartabia),Rito unificato persone e famiglia ex artt. 473-bis e ss. c.p.c. (in vigore dal 28/2/2023),udienza,Successive memorie istruttorie,fissati dal giudice,,,udienza,perentorio,art. 473-bis.19 c.p.c.,,informativo_non_calcolabile,False,forward,civil,GP_TERM_36ED665F6F0C,Manca unita' numerica o decorrenza calcolabile.
pct\data\legal_knowledge_base.full.json,111002,Separazione giudiziale,Separazione coniugale contenziosa,Separazione personale dei coniugi - rito unificato persone e famiglia (post-Cartabia),Rito unificato persone e famiglia ex artt. 473-bis e ss. c.p.c. (in vigore dal 28/2/2023),deposito,Ricorso per separazione di nuovo,nessuno,,,,imprescrittibile,,,informativo_non_calcolabile,False,forward,civil,GP_TERM_A6FA6F6A6497,Termine imprescrittibile o senza scadenza calcolabile.
pct\data\legal_knowledge_base.full.json,111002,Separazione giudiziale,Separazione coniugale contenziosa,Separazione personale dei coniugi - rito unificato persone e famiglia (post-Cartabia),Rito unificato persone e famiglia ex artt. 473-bis e ss. c.p.c. (in vigore dal 28/2/2023),impugnazione,Reclamo provvedimenti indifferibili,30,,,comunicazione/notifica,perentorio,art. 473-bis.24 c.p.c.,,calcolabile_giorni,True,forward,civil,GP_TERM_E4AE9BAFD8A9,Importabile come template giorni se evento generatore e' valorizzato.
pct\data\legal_knowledge_base.full.json,111003,Separazione consensuale e divorzio congiunto (Cessazione effetti civili),Contenzioso civile,Famiglia,"Procedimenti in materia di persone, minorenni e famiglie",notifica,Termini processuali del procedimento,,,,"Da verificare secondo rito, provvedimento o notifica",,,,manual_review,False,forward,civil,GP_TERM_038BA56514A3,Richiede verifica professionale prima di calcolo automatico.
pct\data\legal_knowledge_base.full.json,111004,Separazione consensuale e divorzio congiunto (Scioglimento matrimonio),Contenzioso civile,Famiglia,"Procedimenti in materia di persone, minorenni e famiglie",notifica,Termini processuali del procedimento,,,,"Da verificare secondo rito, provvedimento o notifica",,,,manual_review,False,forward,civil,GP_TERM_92212E7E5909,Richiede verifica professionale prima di calcolo automatico.
pct\data\legal_knowledge_base.full.json,111005,Modifica delle condizioni di separazione (contenzioso),Contenzioso civile,Famiglia,"Procedimenti in materia di persone, minorenni e famiglie",notifica,Termini processuali del procedimento,,,,"Da verificare secondo rito, provvedimento o notifica",,,,manual_review,False,forward,civil,GP_TERM_E1646E94C0D2,Richiede verifica professionale prima di calcolo automatico.
pct\data\legal_knowledge_base.full.json,111006,Affidamento e mantenimento dei figli nati fuori dal matrimonio,Persone e famiglia - filiazione fuori matrimonio,"Procedimento per determinazione affidamento, collocamento, mantenimento dei figli di coppie non coniugate",Rito unificato persone e famiglia ex artt. 473-bis e ss. c.p.c. (post-Cartabia - in vigore dal 28/2/2023),costituzione,Costituzione resistente,30,,,prima udienza,perentorio,art. 473-bis.16 c.p.c.,,calcolabile_giorni,True,backward,civil,GP_TERM_57FB7599A396,Importabile come template giorni se evento generatore e' valorizzato.
pct\data\legal_knowledge_base.full.json,111006,Affidamento e mantenimento dei figli nati fuori dal matrimonio,Persone e famiglia - filiazione fuori matrimonio,"Procedimento per determinazione affidamento, collocamento, mantenimento dei figli di coppie non coniugate",Rito unificato persone e famiglia ex artt. 473-bis e ss. c.p.c. (post-Cartabia - in vigore dal 28/2/2023),deposito,Memoria integrativa ricorrente,20,,,prima udienza,perentorio,art. 473-bis.17 c.p.c.,,calcolabile_giorni,True,backward,civil,GP_TERM_C8795EDC96E9,Importabile come template giorni se evento generatore e' valorizzato.
pct\data\legal_knowledge_base.full.json,111006,Affidamento e mantenimento dei figli nati fuori dal matrimonio,Persone e famiglia - filiazione fuori matrimonio,"Procedimento per determinazione affidamento, collocamento, mantenimento dei figli di coppie non coniugate",Rito unificato persone e famiglia ex artt. 473-bis e ss. c.p.c. (post-Cartabia - in vigore dal 28/2/2023),deposito,Memoria di replica resistente,10,,,prima udienza,perentorio,art. 473-bis.17 c.p.c.,,calcolabile_giorni,True,backward,civil,GP_TERM_1A1C212618CD,Importabile come template giorni se evento generatore e' valorizzato.
pct\data\legal_knowledge_base.full.json,111006,Affidamento e mantenimento dei figli nati fuori dal matrimonio,Persone e famiglia - filiazione fuori matrimonio,"Procedimento per determinazione affidamento, collocamento, mantenimento dei figli di coppie non coniugate",Rito unificato persone e famiglia ex artt. 473-bis e ss. c.p.c. (post-Cartabia - in vigore dal 28/2/2023),impugnazione,Reclamo provvedimenti indifferibili,30,,,comunicazione/notifica,perentorio,art. 473-bis.24 c.p.c.,,calcolabile_giorni,True,forward,civil,GP_TERM_C67A7F3C1EAC,Importabile come template giorni se evento generatore e' valorizzato.
pct\data\legal_knowledge_base.full.json,111010,Modifica delle condizioni di separazione (ricorso congiunto),Contenzioso civile,Famiglia,"Procedimenti in materia di persone, minorenni e famiglie",notifica,Termini processuali del procedimento,,,,"Da verificare secondo rito, provvedimento o notifica",,,,manual_review,False,forward,civil,GP_TERM_CAB41294F512,Richiede verifica professionale prima di calcolo automatico.
pct\data\legal_knowledge_base.full.json,111011,Divorzio congiunto,Contenzioso civile,Famiglia,"Procedimenti in materia di persone, minorenni e famiglie",notifica,Termini processuali del procedimento,,,,"Da verificare secondo rito, provvedimento o notifica",,,,manual_review,False,forward,civil,GP_TERM_24D3672D61C9,Richiede verifica professionale prima di calcolo automatico.
pct\data\legal_knowledge_base.full.json,111013,Modifica delle condizioni di divorzio (contenzioso),Contenzioso civile,Famiglia,"Procedimenti in materia di persone, minorenni e famiglie",notifica,Termini processuali del procedimento,,,,"Da verificare secondo rito, provvedimento o notifica",,,,manual_review,False,forward,civil,GP_TERM_CAEC96184728,Richiede verifica professionale prima di calcolo automatico.
pct\data\legal_knowledge_base.full.json,111014,Modifica delle condizioni di divorzio (ricorso congiunto),Contenzioso civile,Famiglia,"Procedimenti in materia di persone, minorenni e famiglie",notifica,Termini processuali del procedimento,,,,"Da verificare secondo rito, provvedimento o notifica",,,,manual_review,False,forward,civil,GP_TERM_EDDCBAD11413,Richiede verifica professionale prima di calcolo automatico.
pct\data\legal_knowledge_base.full.json,111021,Divorzio congiunto - Scioglimento matrimonio,Contenzioso civile,Famiglia,"Procedimenti in materia di persone, minorenni e famiglie",costituzione,Separazione consensuale: termine per chiedere divorzio,180,,,data prima udienza del giudizio di separazione (o comparizione presidente),presupposto temporale,L. 55/2015,,calcolabile_giorni,True,forward,civil,GP_TERM_FD5C9E51A723,Importabile come template giorni se evento generatore e' valorizzato.
pct\data\legal_knowledge_base.full.json,111021,Divorzio congiunto - Scioglimento matrimonio,Contenzioso civile,Famiglia,"Procedimenti in materia di persone, minorenni e famiglie",udienza,Separazione giudiziale: termine per chiedere divorzio,365,,,data prima udienza del giudizio di separazione,presupposto temporale,L. 55/2015,,calcolabile_giorni,True,forward,civil,GP_TERM_987A2E8CD4F1,Importabile come template giorni se evento generatore e' valorizzato.
pct\data\legal_knowledge_base.full.json,111021,Divorzio congiunto - Scioglimento matrimonio,Contenzioso civile,Famiglia,"Procedimenti in materia di persone, minorenni e famiglie",adempimento_amministrativo,Annotazione comune,tempestiva dopo passaggio giudicato,,,,amministrativo,,,informativo_non_calcolabile,False,forward,civil,GP_TERM_74D82BBF224A,Manca unita' numerica o decorrenza calcolabile.
pct\data\legal_knowledge_base.full.json,111021,Divorzio congiunto - Scioglimento matrimonio,Contenzioso civile,Famiglia,"Procedimenti in materia di persone, minorenni e famiglie",prescrizione_decadenza,Termine richiesta TFR,365,,,sentenza di divorzio passata in giudicato,decadenziale per quota TFR,art. 12-bis L. 898/70,,calcolabile_giorni,True,forward,civil,GP_TERM_500ECD444568,Importabile come template giorni se evento generatore e' valorizzato.
pct\data\legal_knowledge_base.full.json,111021,Divorzio congiunto - Scioglimento matrimonio,Contenzioso civile,Famiglia,"Procedimenti in materia di persone, minorenni e famiglie",notifica,Termini processuali del procedimento,,,,"Da verificare secondo rito, provvedimento o notifica",,,,manual_review,False,forward,civil,GP_TERM_EB65D020142A,Richiede verifica professionale prima di calcolo automatico.
pct\data\legal_knowledge_base.full.json,111022,Divorzio contenzioso - Scioglimento matrimonio,Contenzioso civile,Famiglia,"Procedimenti in materia di persone, minorenni e famiglie",notifica,Termini processuali del procedimento,,,,"Da verificare secondo rito, provvedimento o notifica",,,,manual_review,False,forward,civil,GP_TERM_78C0F2A794ED,Richiede verifica professionale prima di calcolo automatico.
pct\data\legal_knowledge_base.full.json,111023,Separazione giudiziale e divorzio congiunto (Cessazione effetti civili),Contenzioso civile,Famiglia,"Procedimenti in materia di persone, minorenni e famiglie",notifica,Termini processuali del procedimento,,,,"Da verificare secondo rito, provvedimento o notifica",,,,manual_review,False,forward,civil,GP_TERM_4C7D0CB9D342,Richiede verifica professionale prima di calcolo automatico.
pct\data\legal_knowledge_base.full.json,111024,Separazione giudiziale e divorzio contenzioso (Cessazione effetti civili),Contenzioso civile,Famiglia,"Procedimenti in materia di persone, minorenni e famiglie",notifica,Termini processuali del procedimento,,,,"Da verificare secondo rito, provvedimento o notifica",,,,manual_review,False,forward,civil,GP_TERM_FAA6B604BF85,Richiede verifica professionale prima di calcolo automatico.
pct\data\legal_knowledge_base.full.json,111101,Filiazione legittima,Contenzioso civile,Famiglia,"Procedimenti in materia di persone, minorenni e famiglie",notifica,Termini processuali del procedimento,,,,"Da verificare secondo rito, provvedimento o notifica",,,,manual_review,False,forward,civil,GP_TERM_9E9F2D5FB9DF,Richiede verifica professionale prima di calcolo automatico.
pct\data\legal_knowledge_base.full.json,111102,Filiazione naturale,Contenzioso civile,Famiglia,"Procedimenti in materia di persone, minorenni e famiglie",notifica,Termini processuali del procedimento,,,,"Da verificare secondo rito, provvedimento o notifica",,,,manual_review,False,forward,civil,GP_TERM_1B50B53F7505,Richiede verifica professionale prima di calcolo automatico.
pct\data\legal_knowledge_base.full.json,111104,Attuazione dei provvedimenti sull'affidamento,Contenzioso civile,Famiglia,"Procedimenti in materia di persone, minorenni e famiglie",notifica,Termini processuali del procedimento,,,,"Da verificare secondo rito, provvedimento o notifica",,,,manual_review,False,forward,civil,GP_TERM_E6202840209B,Richiede verifica professionale prima di calcolo automatico.
pct\data\legal_knowledge_base.full.json,111105,Dichiarazione giudiziale di paternità e maternità naturale - ammissibilita',Contenzioso civile,Famiglia,"Procedimenti in materia di persone, minorenni e famiglie",notifica,Termini processuali del procedimento,,,,"Da verificare secondo rito, provvedimento o notifica",,,,manual_review,False,forward,civil,GP_TERM_8BF9F59D81FA,Richiede verifica professionale prima di calcolo automatico.
pct\data\legal_knowledge_base.full.json,111106,Regolamentazione dell'esercizio della responsabilità genitoriale (contenzioso),Contenzioso civile,Famiglia,"Procedimenti in materia di persone, minorenni e famiglie",notifica,Termini processuali del procedimento,,,,"Da verificare secondo rito, provvedimento o notifica",,,,manual_review,False,forward,civil,GP_TERM_18344B5B9365,Richiede verifica professionale prima di calcolo automatico.
pct\data\legal_knowledge_base.full.json,111107,Regolamentazione dell'esercizio della responsabilità genitoriale (ricorso congiunto),Contenzioso civile,Famiglia,"Procedimenti in materia di persone, minorenni e famiglie",notifica,Termini processuali del procedimento,,,,"Da verificare secondo rito, provvedimento o notifica",,,,manual_review,False,forward,civil,GP_TERM_55FDD49987E0,Richiede verifica professionale prima di calcolo automatico.
pct\data\legal_knowledge_base.full.json,111108,Modifica condizioni regolamentaz. esercizio responsabilità genitoriale (contenzioso),Contenzioso civile,Famiglia,"Procedimenti in materia di persone, minorenni e famiglie",notifica,Termini processuali del procedimento,,,,"Da verificare secondo rito, provvedimento o notifica",,,,manual_review,False,forward,civil,GP_TERM_FE2F776BBA8E,Richiede verifica professionale prima di calcolo automatico.
pct\data\legal_knowledge_base.full.json,111109,Modifica condizioni regolamentaz. esercizio responsabilità genitoriale (ricorso congiunto),Contenzioso civile,Famiglia,"Procedimenti in materia di persone, minorenni e famiglie",notifica,Termini processuali del procedimento,,,,"Da verificare secondo rito, provvedimento o notifica",,,,manual_review,False,forward,civil,GP_TERM_4CD9D25C0438,Richiede verifica professionale prima di calcolo automatico.
pct\data\legal_knowledge_base.full.json,111110,Azione di dichiarazione giudiziale di paternità o maternità riguardante minori (art.274 Cod. Civ.) (contenzioso),Contenzioso civile,Famiglia,"Procedimenti in materia di persone, minorenni e famiglie",notifica,Termini processuali del procedimento,,,,"Da verificare secondo rito, provvedimento o notifica",,,,manual_review,False,forward,civil,GP_TERM_C48FA87F38B8,Richiede verifica professionale prima di calcolo automatico.
pct\data\legal_knowledge_base.full.json,111111,Impugnazione di riconoscimento di paternità o maternità riguardante minori (artt.74 e 264 Cod. Civ.) (contenzioso),Contenzioso civile,Famiglia,"Procedimenti in materia di persone, minorenni e famiglie",notifica,Termini processuali del procedimento,,,,"Da verificare secondo rito, provvedimento o notifica",,,,manual_review,False,forward,civil,GP_TERM_84D2848F254D,Richiede verifica professionale prima di calcolo automatico.
pct\data\legal_knowledge_base.full.json,111201,Matrimonio (promessa di matrimonio ex artt. 79-81 c.c. - opposizione al matrimonio ex artt. 102 - 104 c.c. - impugnazione del matrimonio ex artt. 117 e ss. c.c.),Contenzioso civile,Famiglia,"Procedimenti in materia di persone, minorenni e famiglie",notifica,Termini processuali del procedimento,,,,"Da verificare secondo rito, provvedimento o notifica",,,,manual_review,False,forward,civil,GP_TERM_7E912BB6C847,Richiede verifica professionale prima di calcolo automatico.
pct\data\legal_knowledge_base.full.json,111211,Regime Patrimoniale: della famiglia ex artt. 159 e ss. c.c.,Contenzioso civile,Famiglia,"Procedimenti in materia di persone, minorenni e famiglie",notifica,Termini processuali del procedimento,,,,"Da verificare secondo rito, provvedimento o notifica",,,,manual_review,False,forward,civil,GP_TERM_E257F3F2309D,Richiede verifica professionale prima di calcolo automatico.
pct\data\legal_knowledge_base.full.json,111212,Regime Patrimoniale della famiglia di fatto,Contenzioso civile,Famiglia,"Procedimenti in materia di persone, minorenni e famiglie",notifica,Termini processuali del procedimento,,,,"Da verificare secondo rito, provvedimento o notifica",,,,manual_review,False,forward,civil,GP_TERM_49880DE3B1B8,Richiede verifica professionale prima di calcolo automatico.
pct\data\legal_knowledge_base.full.json,111213,Attribuzione di quota di pensione e di indennità di fine rapporto lavorativo,Contenzioso civile,Famiglia,"Procedimenti in materia di persone, minorenni e famiglie",notifica,Termini processuali del procedimento,,,,"Da verificare secondo rito, provvedimento o notifica",,,,manual_review,False,forward,civil,GP_TERM_30FE3D45127C,Richiede verifica professionale prima di calcolo automatico.
pct\data\legal_knowledge_base.full.json,111214,Fondo patrimoniale (artt. 167 e ss. c.c.),Contenzioso civile,Famiglia,"Procedimenti in materia di persone, minorenni e famiglie",notifica,Termini processuali del procedimento,,,,"Da verificare secondo rito, provvedimento o notifica",,,,manual_review,False,forward,civil,GP_TERM_818FB0DDAB4F,Richiede verifica professionale prima di calcolo automatico.
pct\data\legal_knowledge_base.full.json,111215,Sostituzione dell'amministratore del patrimonio familiare,Contenzioso civile,Famiglia,"Procedimenti in materia di persone, minorenni e famiglie",notifica,Termini processuali del procedimento,,,,"Da verificare secondo rito, provvedimento o notifica",,,,manual_review,False,forward,civil,GP_TERM_EDA1B2771986,Richiede verifica professionale prima di calcolo automatico.
pct\data\legal_knowledge_base.full.json,111216,Sequestro dei beni del coniuge separato (art. 156 c.c.),Contenzioso civile,Famiglia,Procedimento cautelare o istruzione preventiva,notifica,Termini processuali del procedimento,,,,"Da verificare secondo rito, provvedimento o notifica",,,,manual_review,False,forward,civil,GP_TERM_84D3E4B41592,Richiede verifica professionale prima di calcolo automatico.
pct\data\legal_knowledge_base.full.json,111217,Fondo di solidarietà a tutela del coniuge in stato di bisogno,Contenzioso civile,Famiglia,"Procedimenti in materia di persone, minorenni e famiglie",notifica,Termini processuali del procedimento,,,,"Da verificare secondo rito, provvedimento o notifica",,,,manual_review,False,forward,civil,GP_TERM_387B894D0659,Richiede verifica professionale prima di calcolo automatico.
pct\data\legal_knowledge_base.full.json,111401,Mutamento di sesso,Contenzioso civile,Famiglia,"Procedimenti in materia di persone, minorenni e famiglie",notifica,Termini processuali del procedimento,,,,"Da verificare secondo rito, provvedimento o notifica",,,,manual_review,False,forward,civil,GP_TERM_3A208889ADD0,Richiede verifica professionale prima di calcolo automatico.
pct\data\legal_knowledge_base.full.json,111402,Stato civile (rettifica del nome e altri atti dello Stato civile),Contenzioso civile,Famiglia,"Procedimenti in materia di persone, minorenni e famiglie",notifica,Termini processuali del procedimento,,,,"Da verificare secondo rito, provvedimento o notifica",,,,manual_review,False,forward,civil,GP_TERM_2ECF04859439,Richiede verifica professionale prima di calcolo automatico.
pct\data\legal_knowledge_base.full.json,111403,Dichiarazione di assenza o di morte presunta (COLLEGIO),Contenzioso civile,Famiglia,"Procedimenti in materia di persone, minorenni e famiglie",notifica,Termini processuali del procedimento,,,,"Da verificare secondo rito, provvedimento o notifica",,,,manual_review,False,forward,civil,GP_TERM_CA1D060B8591,Richiede verifica professionale prima di calcolo automatico.
pct\data\legal_knowledge_base.full.json,111404,Adozione di maggiorenni,Contenzioso civile,Famiglia,"Procedimenti in materia di persone, minorenni e famiglie",notifica,Termini processuali del procedimento,,,,"Da verificare secondo rito, provvedimento o notifica",,,,manual_review,False,forward,civil,GP_TERM_B07ADC17F6E1,Richiede verifica professionale prima di calcolo automatico.
pct\data\legal_knowledge_base.full.json,111501,Esecutorieta sentenza Sacra Rota nullita di matrimonio (L. 121/85),Contenzioso civile,Famiglia,"Procedimenti in materia di persone, minorenni e famiglie",notifica,Termini processuali del procedimento,,,,"Da verificare secondo rito, provvedimento o notifica",,,,manual_review,False,forward,civil,GP_TERM_10F49FD6020B,Richiede verifica professionale prima di calcolo automatico.
pct\data\legal_knowledge_base.full.json,111502,Accertamento dei requisiti sentenza straniera di divorzio (art. 67 L. 218/95),Contenzioso civile,Famiglia,"Procedimenti in materia di persone, minorenni e famiglie",notifica,Termini processuali del procedimento,,,,"Da verificare secondo rito, provvedimento o notifica",,,,manual_review,False,forward,civil,GP_TERM_306EA945ED91,Richiede verifica professionale prima di calcolo automatico.
pct\data\legal_knowledge_base.full.json,111503,Istanza per la nomina del curatore speciale del minore,Contenzioso civile,Famiglia,"Procedimenti in materia di persone, minorenni e famiglie",notifica,Termini processuali del procedimento,,,,"Da verificare secondo rito, provvedimento o notifica",,,,manual_review,False,forward,civil,GP_TERM_A8C5B91F3FB1,Richiede verifica professionale prima di calcolo automatico.
pct\data\legal_knowledge_base.full.json,111504,"Matrimonio (pubbl.ni matrimoniali ex artt. 93 e ss. cc, nulla osta al matrim.)",Contenzioso civile,Famiglia,"Procedimenti in materia di persone, minorenni e famiglie",notifica,Termini processuali del procedimento,,,,"Da verificare secondo rito, provvedimento o notifica",,,,manual_review,False,forward,civil,GP_TERM_B55A7DE49CC9,Richiede verifica professionale prima di calcolo automatico.
pct\data\legal_knowledge_base.full.json,111601,Misure di protezione contro gli abusi familiari (art. 473 bis.71 c.p.c.),Contenzioso civile,Famiglia,"Procedimenti in materia di persone, minorenni e famiglie",notifica,Termini processuali del procedimento,,,,"Da verificare secondo rito, provvedimento o notifica",,,,manual_review,False,forward,civil,GP_TERM_F690293B28FB,Richiede verifica professionale prima di calcolo automatico.
pct\data\legal_knowledge_base.full.json,111602,"Ricorso per violenza domestica o di genere ex artt. 473 bis.40, 473 bis. 41, 73 bis.42",Contenzioso civile,Famiglia,"Procedimenti in materia di persone, minorenni e famiglie",notifica,Termini processuali del procedimento,,,,"Da verificare secondo rito, provvedimento o notifica",,,,manual_review,False,forward,civil,GP_TERM_EEF8AD9B1DC6,Richiede verifica professionale prima di calcolo automatico.
pct\data\legal_knowledge_base.full.json,111604,Istanza per la nomina del curatore speciale del minore,Contenzioso civile,Famiglia,"Procedimenti in materia di persone, minorenni e famiglie",notifica,Termini processuali del procedimento,,,,"Da verificare secondo rito, provvedimento o notifica",,,,manual_review,False,forward,civil,GP_TERM_26D8D07E09A5,Richiede verifica professionale prima di calcolo automatico.
pct\data\legal_knowledge_base.full.json,111999,"Altri istituti di diritto di famiglia (es.: mantenimento figli naturali e legittimi, etc.)",Contenzioso civile,Famiglia,"Procedimenti in materia di persone, minorenni e famiglie",notifica,Termini processuali del procedimento,,,,"Da verificare secondo rito, provvedimento o notifica",,,,manual_review,False,forward,civil,GP_TERM_DAD81BE9D635,Richiede verifica professionale prima di calcolo automatico.
pct\data\legal_knowledge_base.full.json,112001,Deprecato per iscrizione in secondo grado - Interdizione di minori,Contenzioso civile,Cause in materia minorile,"Procedimenti in materia di persone, minorenni e famiglie",notifica,Termini processuali del procedimento,,,,"Da verificare secondo rito, provvedimento o notifica",,,,manual_review,False,forward,civil,GP_TERM_2FFDE8AEB78D,Richiede verifica professionale prima di calcolo automatico.
pct\data\legal_knowledge_base.full.json,112002,Deprecato per iscrizione in secondo grado - Inabilitazione di minori,Contenzioso civile,Cause in materia minorile,"Procedimenti in materia di persone, minorenni e famiglie",notifica,Termini processuali del procedimento,,,,"Da verificare secondo rito, provvedimento o notifica",,,,manual_review,False,forward,civil,GP_TERM_163D17C502BE,Richiede verifica professionale prima di calcolo automatico.
pct\data\legal_knowledge_base.full.json,112102,Riconoscimento di figlio naturale (art. 250 c.c.),Contenzioso civile,Cause in materia minorile,"Procedimenti in materia di persone, minorenni e famiglie",notifica,Termini processuali del procedimento,,,,"Da verificare secondo rito, provvedimento o notifica",,,,manual_review,False,forward,civil,GP_TERM_B435D4DB1955,Richiede verifica professionale prima di calcolo automatico.
pct\data\legal_knowledge_base.full.json,112104,Regolamentazione rapporti con gli ascendenti (art. 317-bis Cod. Civ.),Contenzioso civile,Cause in materia minorile,"Procedimenti in materia di persone, minorenni e famiglie",notifica,Termini processuali del procedimento,,,,"Da verificare secondo rito, provvedimento o notifica",,,,manual_review,False,forward,civil,GP_TERM_D2DCC4BBFA74,Richiede verifica professionale prima di calcolo automatico.
pct\data\legal_knowledge_base.full.json,112105,Controllo della responsabilità genitoriale sui figli (art. 330 - 333 Cod. Civ.),Contenzioso civile,Cause in materia minorile,"Procedimenti in materia di persone, minorenni e famiglie",notifica,Termini processuali del procedimento,,,,"Da verificare secondo rito, provvedimento o notifica",,,,manual_review,False,forward,civil,GP_TERM_F3E136F6B2AC,Richiede verifica professionale prima di calcolo automatico.
pct\data\legal_knowledge_base.full.json,112106,Convalida del provvedimento ex art. 403 CC,Contenzioso civile,Cause in materia minorile,"Procedimenti in materia di persone, minorenni e famiglie",notifica,Termini processuali del procedimento,,,,"Da verificare secondo rito, provvedimento o notifica",,,,manual_review,False,forward,civil,GP_TERM_90DFCD8CD3B9,Richiede verifica professionale prima di calcolo automatico.
pct\data\legal_knowledge_base.full.json,112107,Affidamento minori (post Riforma Cartabia),Contenzioso civile,Cause in materia minorile,"Procedimenti in materia di persone, minorenni e famiglie",notifica,Termini processuali del procedimento,,,,"Da verificare secondo rito, provvedimento o notifica",,,,manual_review,False,forward,civil,GP_TERM_4AB48B501473,Richiede verifica professionale prima di calcolo automatico.
pct\data\legal_knowledge_base.full.json,112108,Istanza ex art. 473 bis.69 Cpc (Ordini di protezione contro gli abusi familiari su soggetto minore),Contenzioso civile,Cause in materia minorile,"Procedimenti in materia di persone, minorenni e famiglie",notifica,Termini processuali del procedimento,,,,"Da verificare secondo rito, provvedimento o notifica",,,,manual_review,False,forward,civil,GP_TERM_40736000176F,Richiede verifica professionale prima di calcolo automatico.
pct\data\legal_knowledge_base.full.json,112109,Provvedimenti indifferibili (Art. 473 bis.15 C.p.c.),Contenzioso civile,Cause in materia minorile,"Procedimenti in materia di persone, minorenni e famiglie",notifica,Termini processuali del procedimento,,,,"Da verificare secondo rito, provvedimento o notifica",,,,manual_review,False,forward,civil,GP_TERM_4B709F78F0A7,Richiede verifica professionale prima di calcolo automatico.
pct\data\legal_knowledge_base.full.json,112110,Attuazione dei provvedimenti sull'affidamento (Art. 473 bis.38 Cpc),Contenzioso civile,Cause in materia minorile,"Procedimenti in materia di persone, minorenni e famiglie",notifica,Termini processuali del procedimento,,,,"Da verificare secondo rito, provvedimento o notifica",,,,manual_review,False,forward,civil,GP_TERM_427D1BA612D3,Richiede verifica professionale prima di calcolo automatico.
pct\data\legal_knowledge_base.full.json,112111,Provvedimenti in caso di inadempienze o violazioni (Art. 473 bis.39 C.p.c.),Contenzioso civile,Cause in materia minorile,"Procedimenti in materia di persone, minorenni e famiglie",notifica,Termini processuali del procedimento,,,,"Da verificare secondo rito, provvedimento o notifica",,,,manual_review,False,forward,civil,GP_TERM_E2B20A12CA99,Richiede verifica professionale prima di calcolo automatico.
pct\data\legal_knowledge_base.full.json,112202,"Disconoscimento di figlio naturale (art. 250, 233, 244 c.c.)",Contenzioso civile,Cause in materia minorile,"Procedimenti in materia di persone, minorenni e famiglie",notifica,Termini processuali del procedimento,,,,"Da verificare secondo rito, provvedimento o notifica",,,,manual_review,False,forward,civil,GP_TERM_3367B460AEEA,Richiede verifica professionale prima di calcolo automatico.
pct\data\legal_knowledge_base.full.json,112999,Altri procedimenti in materia minorile,Contenzioso civile,Cause in materia minorile,"Procedimenti in materia di persone, minorenni e famiglie",notifica,Termini processuali del procedimento,,,,"Da verificare secondo rito, provvedimento o notifica",,,,manual_review,False,forward,civil,GP_TERM_EA34B099FA19,Richiede verifica professionale prima di calcolo automatico.
pct\data\legal_knowledge_base.full.json,118001,Controversie di competenza del TSAP ex art. 142 rd 1775/1933,Tribunale Superiore delle Acque Pubbliche,Contenzioso - Tribunale Superiore delle Acque Pubbliche,Rito da verificare sul codice oggetto e sul registro di destinazione,notifica,Termini processuali del procedimento,,,,"Da verificare secondo rito, provvedimento o notifica",,,,manual_review,False,forward,civil,GP_TERM_16431BCF1A9B,Richiede verifica professionale prima di calcolo automatico.
pct\data\legal_knowledge_base.full.json,118002,Controversie di competenza del TSAP ex art. 143 rd 1775/1933,Tribunale Superiore delle Acque Pubbliche,Contenzioso - Tribunale Superiore delle Acque Pubbliche,Rito da verificare sul codice oggetto e sul registro di destinazione,notifica,Termini processuali del procedimento,,,,"Da verificare secondo rito, provvedimento o notifica",,,,manual_review,False,forward,civil,GP_TERM_E3128F47B5F8,Richiede verifica professionale prima di calcolo automatico.
pct\data\legal_knowledge_base.full.json,118003,Revocazione ex art. 199 rd 1775/1933,Tribunale Superiore delle Acque Pubbliche,Contenzioso - Tribunale Superiore delle Acque Pubbliche,"Impugnazione, reclamo od opposizione",notifica,Termini processuali del procedimento,,,,"Da verificare secondo rito, provvedimento o notifica",,,,manual_review,False,forward,civil,GP_TERM_69A606529914,Richiede verifica professionale prima di calcolo automatico.
pct\data\legal_knowledge_base.full.json,118004,Rettificazione sentenza ex art. 204 rd 1775/1933,Tribunale Superiore delle Acque Pubbliche,Contenzioso - Tribunale Superiore delle Acque Pubbliche,Rito da verificare sul codice oggetto e sul registro di destinazione,notifica,Termini processuali del procedimento,,,,"Da verificare secondo rito, provvedimento o notifica",,,,manual_review,False,forward,civil,GP_TERM_E0F36917247C,Richiede verifica professionale prima di calcolo automatico.
pct\data\legal_knowledge_base.full.json,118099,Altre controversie di competenza del TSAP,Tribunale Superiore delle Acque Pubbliche,Contenzioso - Tribunale Superiore delle Acque Pubbliche,Rito da verificare sul codice oggetto e sul registro di destinazione,notifica,Termini processuali del procedimento,,,,"Da verificare secondo rito, provvedimento o notifica",,,,manual_review,False,forward,civil,GP_TERM_01B6118EBD28,Richiede verifica professionale prima di calcolo automatico.
pct\data\legal_knowledge_base.full.json,120010,Petizione di eredità (art. 533 c.c.),Successioni - tutela dell'erede vero,Azione dell'erede contro il possessore dei beni ereditari per ottenere il riconoscimento della qualità di erede e la restituzione dei beni,Rito ordinario di cognizione preceduto da MEDIAZIONE OBBLIGATORIA ex art. 5 c. 1-bis D.Lgs. 28/2010 (materia successioni),prescrizione_decadenza,AZIONE IMPRESCRITTIBILE,,,,,imprescrittibile,art. 533 c. 2 c.c.,,informativo_non_calcolabile,False,forward,admin,GP_TERM_02B2A9787BDD,Termine imprescrittibile o senza scadenza calcolabile.
pct\data\legal_knowledge_base.full.json,120010,Petizione di eredità (art. 533 c.c.),Successioni - tutela dell'erede vero,Azione dell'erede contro il possessore dei beni ereditari per ottenere il riconoscimento della qualità di erede e la restituzione dei beni,Rito ordinario di cognizione preceduto da MEDIAZIONE OBBLIGATORIA ex art. 5 c. 1-bis D.Lgs. 28/2010 (materia successioni),prescrizione_decadenza,Accettazione eredità,,,10,apertura successione,prescrizione del diritto di accettare,art. 480 c.c.,ALTA,termine_lungo_o_prescrizione,False,forward,admin,GP_TERM_3DB1B1D86C80,"Da registrare come regola/profilo, non come calcolo processuale ordinario."
pct\data\legal_knowledge_base.full.json,120010,Petizione di eredità (art. 533 c.c.),Successioni - tutela dell'erede vero,Azione dell'erede contro il possessore dei beni ereditari per ottenere il riconoscimento della qualità di erede e la restituzione dei beni,Rito ordinario di cognizione preceduto da MEDIAZIONE OBBLIGATORIA ex art. 5 c. 1-bis D.Lgs. 28/2010 (materia successioni),procedimentale,Mediazione obbligatoria - max,90,,,,,art. 6 D.Lgs. 28/2010,,calcolabile_giorni,True,forward,admin,GP_TERM_1C8F160B49D5,Importabile come template giorni se evento generatore e' valorizzato.
pct\data\legal_knowledge_base.full.json,120010,Petizione di eredità (art. 533 c.c.),Successioni - tutela dell'erede vero,Azione dell'erede contro il possessore dei beni ereditari per ottenere il riconoscimento della qualità di erede e la restituzione dei beni,Rito ordinario di cognizione preceduto da MEDIAZIONE OBBLIGATORIA ex art. 5 c. 1-bis D.Lgs. 28/2010 (materia successioni),costituzione,Termine a comparire,120,,,,minimo legale post-Cartabia,,,calcolabile_giorni,True,forward,admin,GP_TERM_3E7701081F31,Importabile come template giorni se evento generatore e' valorizzato.
pct\data\legal_knowledge_base.full.json,120010,Petizione di eredità (art. 533 c.c.),Successioni - tutela dell'erede vero,Azione dell'erede contro il possessore dei beni ereditari per ottenere il riconoscimento della qualità di erede e la restituzione dei beni,Rito ordinario di cognizione preceduto da MEDIAZIONE OBBLIGATORIA ex art. 5 c. 1-bis D.Lgs. 28/2010 (materia successioni),costituzione,Costituzione convenuto,70,,,prima udienza,perentorio,,,calcolabile_giorni,True,backward,admin,GP_TERM_528A2D1C445C,Importabile come template giorni se evento generatore e' valorizzato.
pct\data\legal_knowledge_base.full.json,120030,Azione di riduzione per lesione della quota di legittima,Successioni - tutela dei legittimari,Azione di riduzione delle disposizioni testamentarie e delle donazioni lesive della legittima,Rito ordinario di cognizione preceduto da MEDIAZIONE OBBLIGATORIA ex art. 5 c. 1-bis D.Lgs. 28/2010 (materia successioni),prescrizione_decadenza,PRESCRIZIONE AZIONE RIDUZIONE,,,10,apertura successione,prescrizione,Cass. SU 20644/2004,MASSIMA,termine_lungo_o_prescrizione,False,forward,admin,GP_TERM_DB7BB5B5620F,"Da registrare come regola/profilo, non come calcolo processuale ordinario."
pct\data\legal_knowledge_base.full.json,120030,Azione di riduzione per lesione della quota di legittima,Successioni - tutela dei legittimari,Azione di riduzione delle disposizioni testamentarie e delle donazioni lesive della legittima,Rito ordinario di cognizione preceduto da MEDIAZIONE OBBLIGATORIA ex art. 5 c. 1-bis D.Lgs. 28/2010 (materia successioni),prescrizione_decadenza,Accettazione eredità,,,10,apertura successione,prescrizione del diritto,art. 480 c.c.,,termine_lungo_o_prescrizione,False,forward,admin,GP_TERM_8D2DC200DD5C,"Da registrare come regola/profilo, non come calcolo processuale ordinario."
pct\data\legal_knowledge_base.full.json,120030,Azione di riduzione per lesione della quota di legittima,Successioni - tutela dei legittimari,Azione di riduzione delle disposizioni testamentarie e delle donazioni lesive della legittima,Rito ordinario di cognizione preceduto da MEDIAZIONE OBBLIGATORIA ex art. 5 c. 1-bis D.Lgs. 28/2010 (materia successioni),prescrizione_decadenza,Inventario per possessore di beni ereditari,90,,,apertura successione,decadenziale (per chi è in possesso),art. 485 c.c.,,calcolabile_giorni,True,forward,admin,GP_TERM_9FBD5D0663F7,Importabile come template giorni se evento generatore e' valorizzato.
pct\data\legal_knowledge_base.full.json,120030,Azione di riduzione per lesione della quota di legittima,Successioni - tutela dei legittimari,Azione di riduzione delle disposizioni testamentarie e delle donazioni lesive della legittima,Rito ordinario di cognizione preceduto da MEDIAZIONE OBBLIGATORIA ex art. 5 c. 1-bis D.Lgs. 28/2010 (materia successioni),notifica,Termine a comparire,120,,,notifica citazione,minimo legale,,,calcolabile_giorni,True,forward,admin,GP_TERM_079B1B0DA2A3,Importabile come template giorni se evento generatore e' valorizzato.
pct\data\legal_knowledge_base.full.json,120030,Azione di riduzione per lesione della quota di legittima,Successioni - tutela dei legittimari,Azione di riduzione delle disposizioni testamentarie e delle donazioni lesive della legittima,Rito ordinario di cognizione preceduto da MEDIAZIONE OBBLIGATORIA ex art. 5 c. 1-bis D.Lgs. 28/2010 (materia successioni),costituzione,Costituzione convenuto,70,,,prima udienza,perentorio,,,calcolabile_giorni,True,backward,admin,GP_TERM_8DA968BE3D3E,Importabile come template giorni se evento generatore e' valorizzato.
pct\data\legal_knowledge_base.full.json,120030,Azione di riduzione per lesione della quota di legittima,Successioni - tutela dei legittimari,Azione di riduzione delle disposizioni testamentarie e delle donazioni lesive della legittima,Rito ordinario di cognizione preceduto da MEDIAZIONE OBBLIGATORIA ex art. 5 c. 1-bis D.Lgs. 28/2010 (materia successioni),impugnazione,Azione restituzione contro terzi 561-563,,,20,trascrizione donazione (10 se opposizione),decadenziale,L. 80/2005,,calcolabile_anni_da_verificare,False,forward,admin,GP_TERM_DEE6979B230B,Anni da convertire in mesi solo dopo verifica professionale.
pct\data\legal_knowledge_base.full.json,121003,Divisione di comunione ereditaria (divisione giudiziale),Successioni e diritti reali - divisione,Scioglimento della comunione ereditaria per via giudiziale,Rito ordinario di cognizione preceduto da MEDIAZIONE OBBLIGATORIA ex art. 5 c. 1-bis D.Lgs. 28/2010,prescrizione_decadenza,Diritto alla divisione,,,,,imprescrittibile,art. 713 c.c.,,informativo_non_calcolabile,False,forward,admin,GP_TERM_4D696B071E5A,Termine imprescrittibile o senza scadenza calcolabile.
pct\data\legal_knowledge_base.full.json,121003,Divisione di comunione ereditaria (divisione giudiziale),Successioni e diritti reali - divisione,Scioglimento della comunione ereditaria per via giudiziale,Rito ordinario di cognizione preceduto da MEDIAZIONE OBBLIGATORIA ex art. 5 c. 1-bis D.Lgs. 28/2010,generico_da_classificare,Patto di indivisione max,,,10,,,art. 1111 c.c.,,termine_lungo_o_prescrizione,False,forward,admin,GP_TERM_908F7C3DF5A9,"Da registrare come regola/profilo, non come calcolo processuale ordinario."
pct\data\legal_knowledge_base.full.json,121003,Divisione di comunione ereditaria (divisione giudiziale),Successioni e diritti reali - divisione,Scioglimento della comunione ereditaria per via giudiziale,Rito ordinario di cognizione preceduto da MEDIAZIONE OBBLIGATORIA ex art. 5 c. 1-bis D.Lgs. 28/2010,generico_da_classificare,Sospensione divisione disposta dal giudice,,,5,,,art. 715 c.c.,,termine_lungo_o_prescrizione,False,forward,admin,GP_TERM_8BB7C684B65D,"Da registrare come regola/profilo, non come calcolo processuale ordinario."
pct\data\legal_knowledge_base.full.json,121003,Divisione di comunione ereditaria (divisione giudiziale),Successioni e diritti reali - divisione,Scioglimento della comunione ereditaria per via giudiziale,Rito ordinario di cognizione preceduto da MEDIAZIONE OBBLIGATORIA ex art. 5 c. 1-bis D.Lgs. 28/2010,procedimentale,Mediazione obbligatoria - max procedimento,90,,,,,art. 6 D.Lgs. 28/2010,,calcolabile_giorni,True,forward,admin,GP_TERM_C93187F4CF7E,Importabile come template giorni se evento generatore e' valorizzato.
pct\data\legal_knowledge_base.full.json,121003,Divisione di comunione ereditaria (divisione giudiziale),Successioni e diritti reali - divisione,Scioglimento della comunione ereditaria per via giudiziale,Rito ordinario di cognizione preceduto da MEDIAZIONE OBBLIGATORIA ex art. 5 c. 1-bis D.Lgs. 28/2010,notifica,Termine a comparire,120,,,notifica citazione,minimo legale,art. 163-bis c.p.c.,,calcolabile_giorni,True,forward,admin,GP_TERM_048C02A9E70D,Importabile come template giorni se evento generatore e' valorizzato.
pct\data\legal_knowledge_base.full.json,121003,Divisione di comunione ereditaria (divisione giudiziale),Successioni e diritti reali - divisione,Scioglimento della comunione ereditaria per via giudiziale,Rito ordinario di cognizione preceduto da MEDIAZIONE OBBLIGATORIA ex art. 5 c. 1-bis D.Lgs. 28/2010,costituzione,Costituzione convenuto,70,,,prima udienza,perentorio,,,calcolabile_giorni,True,backward,admin,GP_TERM_0F2C8461A277,Importabile come template giorni se evento generatore e' valorizzato.
pct\data\legal_knowledge_base.full.json,121003,Divisione di comunione ereditaria (divisione giudiziale),Successioni e diritti reali - divisione,Scioglimento della comunione ereditaria per via giudiziale,Rito ordinario di cognizione preceduto da MEDIAZIONE OBBLIGATORIA ex art. 5 c. 1-bis D.Lgs. 28/2010,prescrizione_decadenza,Azione di riduzione legittima,,,10,apertura successione,prescrizione,,,termine_lungo_o_prescrizione,False,forward,admin,GP_TERM_EBB25E5EF049,"Da registrare come regola/profilo, non come calcolo processuale ordinario."
pct\data\legal_knowledge_base.full.json,121003,Divisione di comunione ereditaria (divisione giudiziale),Successioni e diritti reali - divisione,Scioglimento della comunione ereditaria per via giudiziale,Rito ordinario di cognizione preceduto da MEDIAZIONE OBBLIGATORIA ex art. 5 c. 1-bis D.Lgs. 28/2010,prescrizione_decadenza,Rescissione per lesione divisione,,,2,divisione stessa,decadenziale,art. 763 c.c.,,calcolabile_anni_da_verificare,False,forward,admin,GP_TERM_9A0AE6C4D8EA,Anni da convertire in mesi solo dopo verifica professionale.
pct\data\legal_knowledge_base.full.json,129999,Altri istituti relativi alle successioni,Contenzioso civile,Successioni - altri istituti,Procedimento successorio o divisionale,notifica,Termini processuali del procedimento,,,,"Da verificare secondo rito, provvedimento o notifica",,,,manual_review,False,forward,civil,GP_TERM_1BEA60B5E029,Richiede verifica professionale prima di calcolo automatico.
pct\data\legal_knowledge_base.full.json,130001,Azione di rivendicazione (immobiliare),Diritti reali - tutela della proprietà,Rivendicazione del bene posseduto da altri - prova del titolo di proprietà (probatio diabolica),Rito ordinario di cognizione preceduto da MEDIAZIONE OBBLIGATORIA ex art. 5 c. 1-bis D.Lgs. 28/2010,prescrizione_decadenza,AZIONE IMPRESCRITTIBILE,,,,,imprescrittibile,art. 948 c.c.,,informativo_non_calcolabile,False,forward,civil,GP_TERM_80D7F77EE164,Termine imprescrittibile o senza scadenza calcolabile.
pct\data\legal_knowledge_base.full.json,130001,Azione di rivendicazione (immobiliare),Diritti reali - tutela della proprietà,Rivendicazione del bene posseduto da altri - prova del titolo di proprietà (probatio diabolica),Rito ordinario di cognizione preceduto da MEDIAZIONE OBBLIGATORIA ex art. 5 c. 1-bis D.Lgs. 28/2010,procedimentale,Mediazione obbligatoria - max,90,,,,,art. 6 D.Lgs. 28/2010,,calcolabile_giorni,True,forward,civil,GP_TERM_7228C64FE01B,Importabile come template giorni se evento generatore e' valorizzato.
pct\data\legal_knowledge_base.full.json,130001,Azione di rivendicazione (immobiliare),Diritti reali - tutela della proprietà,Rivendicazione del bene posseduto da altri - prova del titolo di proprietà (probatio diabolica),Rito ordinario di cognizione preceduto da MEDIAZIONE OBBLIGATORIA ex art. 5 c. 1-bis D.Lgs. 28/2010,costituzione,Termine a comparire,120,,,,minimo legale post-Cartabia,,,calcolabile_giorni,True,forward,civil,GP_TERM_A336248B1831,Importabile come template giorni se evento generatore e' valorizzato.
pct\data\legal_knowledge_base.full.json,130001,Azione di rivendicazione (immobiliare),Diritti reali - tutela della proprietà,Rivendicazione del bene posseduto da altri - prova del titolo di proprietà (probatio diabolica),Rito ordinario di cognizione preceduto da MEDIAZIONE OBBLIGATORIA ex art. 5 c. 1-bis D.Lgs. 28/2010,costituzione,Costituzione convenuto,70,,,prima udienza,perentorio,,,calcolabile_giorni,True,backward,civil,GP_TERM_5B2631EF0E01,Importabile come template giorni se evento generatore e' valorizzato.
pct\data\legal_knowledge_base.full.json,130001,Azione di rivendicazione (immobiliare),Diritti reali - tutela della proprietà,Rivendicazione del bene posseduto da altri - prova del titolo di proprietà (probatio diabolica),Rito ordinario di cognizione preceduto da MEDIAZIONE OBBLIGATORIA ex art. 5 c. 1-bis D.Lgs. 28/2010,impugnazione,Appello,30,,,notifica sentenza,perentorio,,,calcolabile_giorni,True,forward,civil,GP_TERM_9E5487DAF8CC,Importabile come template giorni se evento generatore e' valorizzato.
pct\data\legal_knowledge_base.full.json,130011,Superficie,Contenzioso civile,"Diritti reali, possesso e trascrizioni",Rito da verificare sul codice oggetto e sul registro di destinazione,notifica,Termini processuali del procedimento,,,,"Da verificare secondo rito, provvedimento o notifica",,,,manual_review,False,forward,civil,GP_TERM_C106ED57916C,Richiede verifica professionale prima di calcolo automatico.
pct\data\legal_knowledge_base.full.json,130021,Enfiteusi,Contenzioso civile,"Diritti reali, possesso e trascrizioni",Rito da verificare sul codice oggetto e sul registro di destinazione,notifica,Termini processuali del procedimento,,,,"Da verificare secondo rito, provvedimento o notifica",,,,manual_review,False,forward,civil,GP_TERM_832EF976F01C,Richiede verifica professionale prima di calcolo automatico.
pct\data\legal_knowledge_base.full.json,130031,Usufrutto,Contenzioso civile,"Diritti reali, possesso e trascrizioni",Rito da verificare sul codice oggetto e sul registro di destinazione,notifica,Termini processuali del procedimento,,,,"Da verificare secondo rito, provvedimento o notifica",,,,manual_review,False,forward,civil,GP_TERM_ABAC0E3EEBEF,Richiede verifica professionale prima di calcolo automatico.
pct\data\legal_knowledge_base.full.json,130032,Abitazione - Uso,Contenzioso civile,"Diritti reali, possesso e trascrizioni",Rito da verificare sul codice oggetto e sul registro di destinazione,notifica,Termini processuali del procedimento,,,,"Da verificare secondo rito, provvedimento o notifica",,,,manual_review,False,forward,civil,GP_TERM_07207887687A,Richiede verifica professionale prima di calcolo automatico.
pct\data\legal_knowledge_base.full.json,130033,Accertamento dell'acquisto della proprietà per usucapione,Diritti reali - acquisto a titolo originario,"Accertamento giudiziale di intervenuta usucapione (ordinaria, abbreviata, speciale)","Rito ordinario di cognizione preceduto da MEDIAZIONE OBBLIGATORIA ex art. 5 c. 1-bis D.Lgs. 28/2010 (NB: il D.L. 132/2014 ha previsto anche la negoziazione assistita per usucapione, ma con effetti più limitati)",generico_da_classificare,USUCAPIONE ORDINARIA,,,20,inizio possesso,termine sostanziale,art. 1158 c.c.,,calcolabile_anni_da_verificare,False,forward,civil,GP_TERM_707DD534E338,Anni da convertire in mesi solo dopo verifica professionale.
pct\data\legal_knowledge_base.full.json,130033,Accertamento dell'acquisto della proprietà per usucapione,Diritti reali - acquisto a titolo originario,"Accertamento giudiziale di intervenuta usucapione (ordinaria, abbreviata, speciale)","Rito ordinario di cognizione preceduto da MEDIAZIONE OBBLIGATORIA ex art. 5 c. 1-bis D.Lgs. 28/2010 (NB: il D.L. 132/2014 ha previsto anche la negoziazione assistita per usucapione, ma con effetti più limitati)",generico_da_classificare,USUCAPIONE ABBREVIATA,,,10,trascrizione titolo + buona fede,termine sostanziale,art. 1159 c.c.,,calcolabile_anni_da_verificare,False,forward,civil,GP_TERM_E2DEBCC6923F,Anni da convertire in mesi solo dopo verifica professionale.
pct\data\legal_knowledge_base.full.json,130033,Accertamento dell'acquisto della proprietà per usucapione,Diritti reali - acquisto a titolo originario,"Accertamento giudiziale di intervenuta usucapione (ordinaria, abbreviata, speciale)","Rito ordinario di cognizione preceduto da MEDIAZIONE OBBLIGATORIA ex art. 5 c. 1-bis D.Lgs. 28/2010 (NB: il D.L. 132/2014 ha previsto anche la negoziazione assistita per usucapione, ma con effetti più limitati)",generico_da_classificare,USUCAPIONE FONDI RUSTICI PICCOLI,,,15,inizio possesso,termine sostanziale,art. 1159-bis c.c.,,calcolabile_anni_da_verificare,False,forward,civil,GP_TERM_881292E4B19D,Anni da convertire in mesi solo dopo verifica professionale.
pct\data\legal_knowledge_base.full.json,130033,Accertamento dell'acquisto della proprietà per usucapione,Diritti reali - acquisto a titolo originario,"Accertamento giudiziale di intervenuta usucapione (ordinaria, abbreviata, speciale)","Rito ordinario di cognizione preceduto da MEDIAZIONE OBBLIGATORIA ex art. 5 c. 1-bis D.Lgs. 28/2010 (NB: il D.L. 132/2014 ha previsto anche la negoziazione assistita per usucapione, ma con effetti più limitati)",generico_da_classificare,USUCAPIONE FONDI RUSTICI BREVE,,,5,trascrizione titolo + buona fede,termine sostanziale,art. 1159-bis c.p.c.,,calcolabile_anni_da_verificare,False,forward,civil,GP_TERM_ED36C19EC04D,Anni da convertire in mesi solo dopo verifica professionale.
pct\data\legal_knowledge_base.full.json,130033,Accertamento dell'acquisto della proprietà per usucapione,Diritti reali - acquisto a titolo originario,"Accertamento giudiziale di intervenuta usucapione (ordinaria, abbreviata, speciale)","Rito ordinario di cognizione preceduto da MEDIAZIONE OBBLIGATORIA ex art. 5 c. 1-bis D.Lgs. 28/2010 (NB: il D.L. 132/2014 ha previsto anche la negoziazione assistita per usucapione, ma con effetti più limitati)",procedimentale,Mediazione obbligatoria - max,90,,,,,,,calcolabile_giorni,True,forward,civil,GP_TERM_55A0462FE341,Importabile come template giorni se evento generatore e' valorizzato.
pct\data\legal_knowledge_base.full.json,130033,Accertamento dell'acquisto della proprietà per usucapione,Diritti reali - acquisto a titolo originario,"Accertamento giudiziale di intervenuta usucapione (ordinaria, abbreviata, speciale)","Rito ordinario di cognizione preceduto da MEDIAZIONE OBBLIGATORIA ex art. 5 c. 1-bis D.Lgs. 28/2010 (NB: il D.L. 132/2014 ha previsto anche la negoziazione assistita per usucapione, ma con effetti più limitati)",costituzione,Termine a comparire,120,,,,minimo legale post-Cartabia,,,calcolabile_giorni,True,forward,civil,GP_TERM_57C056942DEB,Importabile come template giorni se evento generatore e' valorizzato.
pct\data\legal_knowledge_base.full.json,130033,Accertamento dell'acquisto della proprietà per usucapione,Diritti reali - acquisto a titolo originario,"Accertamento giudiziale di intervenuta usucapione (ordinaria, abbreviata, speciale)","Rito ordinario di cognizione preceduto da MEDIAZIONE OBBLIGATORIA ex art. 5 c. 1-bis D.Lgs. 28/2010 (NB: il D.L. 132/2014 ha previsto anche la negoziazione assistita per usucapione, ma con effetti più limitati)",costituzione,Costituzione convenuto,70,,,prima udienza,perentorio,,,calcolabile_giorni,True,backward,civil,GP_TERM_135108AD6B92,Importabile come template giorni se evento generatore e' valorizzato.
pct\data\legal_knowledge_base.full.json,130041,Costituzione di servitù coattiva (passaggio coattivo ex art. 1051 c.c. e altre servitù coattive),Diritti reali - servitù,"Azione costitutiva di servitù coattiva (passaggio, acquedotto, elettrodotto, ecc.)",Rito ordinario di cognizione preceduto da MEDIAZIONE OBBLIGATORIA ex art. 5 c. 1-bis D.Lgs. 28/2010 (diritti reali),prescrizione_decadenza,AZIONE IMPRESCRITTIBILE,,,,,imprescrittibile,,,informativo_non_calcolabile,False,forward,civil,GP_TERM_C51E6BF70D94,Termine imprescrittibile o senza scadenza calcolabile.
pct\data\legal_knowledge_base.full.json,130041,Costituzione di servitù coattiva (passaggio coattivo ex art. 1051 c.c. e altre servitù coattive),Diritti reali - servitù,"Azione costitutiva di servitù coattiva (passaggio, acquedotto, elettrodotto, ecc.)",Rito ordinario di cognizione preceduto da MEDIAZIONE OBBLIGATORIA ex art. 5 c. 1-bis D.Lgs. 28/2010 (diritti reali),procedimentale,Mediazione obbligatoria - max,90,,,,,art. 6 D.Lgs. 28/2010,,calcolabile_giorni,True,forward,civil,GP_TERM_FEC3A3920A5D,Importabile come template giorni se evento generatore e' valorizzato.
pct\data\legal_knowledge_base.full.json,130041,Costituzione di servitù coattiva (passaggio coattivo ex art. 1051 c.c. e altre servitù coattive),Diritti reali - servitù,"Azione costitutiva di servitù coattiva (passaggio, acquedotto, elettrodotto, ecc.)",Rito ordinario di cognizione preceduto da MEDIAZIONE OBBLIGATORIA ex art. 5 c. 1-bis D.Lgs. 28/2010 (diritti reali),costituzione,Termine a comparire,120,,,,minimo legale post-Cartabia,,,calcolabile_giorni,True,forward,civil,GP_TERM_2E65DDC91F93,Importabile come template giorni se evento generatore e' valorizzato.
pct\data\legal_knowledge_base.full.json,130041,Costituzione di servitù coattiva (passaggio coattivo ex art. 1051 c.c. e altre servitù coattive),Diritti reali - servitù,"Azione costitutiva di servitù coattiva (passaggio, acquedotto, elettrodotto, ecc.)",Rito ordinario di cognizione preceduto da MEDIAZIONE OBBLIGATORIA ex art. 5 c. 1-bis D.Lgs. 28/2010 (diritti reali),costituzione,Costituzione convenuto,70,,,prima udienza,perentorio,,,calcolabile_giorni,True,backward,civil,GP_TERM_4FC0E499851E,Importabile come template giorni se evento generatore e' valorizzato.
pct\data\legal_knowledge_base.full.json,130041,Costituzione di servitù coattiva (passaggio coattivo ex art. 1051 c.c. e altre servitù coattive),Diritti reali - servitù,"Azione costitutiva di servitù coattiva (passaggio, acquedotto, elettrodotto, ecc.)",Rito ordinario di cognizione preceduto da MEDIAZIONE OBBLIGATORIA ex art. 5 c. 1-bis D.Lgs. 28/2010 (diritti reali),impugnazione,Appello,30,,,notifica sentenza,perentorio,,,calcolabile_giorni,True,forward,civil,GP_TERM_025BF3DC478E,Importabile come template giorni se evento generatore e' valorizzato.
pct\data\legal_knowledge_base.full.json,130051,Comunione e Condominio - impugnazione di delibera assembleare e spese condominiali,Condominio - contenzioso,"Impugnazione delibere assembleari, recupero spese condominiali, responsabilità amministratore",Rito ordinario di cognizione (o sommario di cognizione ex art. 281-decies c.p.c. se valore o materia lo consente),impugnazione,Impugnazione delibera annullabile,30,,,comunicazione delibera (assenti) o approvazione (dissenzienti),decadenziale,,,calcolabile_giorni,True,forward,civil,GP_TERM_35510349C1B7,Importabile come template giorni se evento generatore e' valorizzato.
pct\data\legal_knowledge_base.full.json,130051,Comunione e Condominio - impugnazione di delibera assembleare e spese condominiali,Condominio - contenzioso,"Impugnazione delibere assembleari, recupero spese condominiali, responsabilità amministratore",Rito ordinario di cognizione (o sommario di cognizione ex art. 281-decies c.p.c. se valore o materia lo consente),impugnazione,Impugnazione delibera annullabile,30,,,comunicazione verbale (assenti) OR data assemblea (dissenzienti/astenuti),decadenziale,art. 1137 c. 2 c.c.,,calcolabile_giorni,True,forward,civil,GP_TERM_843FB14BDB21,Importabile come template giorni se evento generatore e' valorizzato.
pct\data\legal_knowledge_base.full.json,130051,Comunione e Condominio - impugnazione di delibera assembleare e spese condominiali,Condominio - contenzioso,"Impugnazione delibere assembleari, recupero spese condominiali, responsabilità amministratore",Rito ordinario di cognizione (o sommario di cognizione ex art. 281-decies c.p.c. se valore o materia lo consente),impugnazione,Impugnazione delibera nulla,nessuno,,,,imprescrittibile/rilevabile d'ufficio,art. 1421 c.c.,,informativo_non_calcolabile,False,forward,civil,GP_TERM_5ECD6B387B7E,Termine imprescrittibile o senza scadenza calcolabile.
pct\data\legal_knowledge_base.full.json,130051,Comunione e Condominio - impugnazione di delibera assembleare e spese condominiali,Condominio - contenzioso,"Impugnazione delibere assembleari, recupero spese condominiali, responsabilità amministratore",Rito ordinario di cognizione (o sommario di cognizione ex art. 281-decies c.p.c. se valore o materia lo consente),deposito,Mediazione obbligatoria - durata massima procedimento,90,,,deposito istanza,termine ordinatorio max,art. 6 D.Lgs. 28/2010,,calcolabile_giorni,True,forward,civil,GP_TERM_30CB916A35E2,Importabile come template giorni se evento generatore e' valorizzato.
pct\data\legal_knowledge_base.full.json,130051,Comunione e Condominio - impugnazione di delibera assembleare e spese condominiali,Condominio - contenzioso,"Impugnazione delibere assembleari, recupero spese condominiali, responsabilità amministratore",Rito ordinario di cognizione (o sommario di cognizione ex art. 281-decies c.p.c. se valore o materia lo consente),impugnazione,Opposizione decreto ingiuntivo per spese condominiali,40,,,notifica decreto,perentorio,art. 641 c.p.c.,,calcolabile_giorni,True,forward,civil,GP_TERM_BBB769B4DC6E,Importabile come template giorni se evento generatore e' valorizzato.
pct\data\legal_knowledge_base.full.json,130052,tabelle millesimali,Contenzioso civile,"Diritti reali, possesso e trascrizioni",Rito da verificare sul codice oggetto e sul registro di destinazione,notifica,Termini processuali del procedimento,,,,"Da verificare secondo rito, provvedimento o notifica",,,,manual_review,False,forward,civil,GP_TERM_5A3DF36505DE,Richiede verifica professionale prima di calcolo automatico.
pct\data\legal_knowledge_base.full.json,130099,altri rapporti condominiali,Contenzioso civile,"Diritti reali, possesso e trascrizioni",Rito da verificare sul codice oggetto e sul registro di destinazione,notifica,Termini processuali del procedimento,,,,"Da verificare secondo rito, provvedimento o notifica",,,,manual_review,False,forward,civil,GP_TERM_24759B647BB1,Richiede verifica professionale prima di calcolo automatico.
pct\data\legal_knowledge_base.full.json,130111,Apposizione di termini,Contenzioso civile,"Diritti reali, possesso e trascrizioni",Rito da verificare sul codice oggetto e sul registro di destinazione,notifica,Termini processuali del procedimento,,,,"Da verificare secondo rito, provvedimento o notifica",,,,manual_review,False,forward,civil,GP_TERM_B8B0734198A6,Richiede verifica professionale prima di calcolo automatico.
pct\data\legal_knowledge_base.full.json,130131,Osservanza distanze riguardo alberi/siepi,Contenzioso civile,"Diritti reali, possesso e trascrizioni",Rito da verificare sul codice oggetto e sul registro di destinazione,notifica,Termini processuali del procedimento,,,,"Da verificare secondo rito, provvedimento o notifica",,,,manual_review,False,forward,civil,GP_TERM_EEB3E1B73AB9,Richiede verifica professionale prima di calcolo automatico.
pct\data\legal_knowledge_base.full.json,131001,Diritti ed obblighi del possessore non riconducibili alle azioni di reintegrazione e manutenzione),Contenzioso civile,"Diritti reali, possesso e trascrizioni - possesso/divisione",Procedimento successorio o divisionale,notifica,Termini processuali del procedimento,,,,"Da verificare secondo rito, provvedimento o notifica",,,,manual_review,False,forward,civil,GP_TERM_C6FDE68AE4C3,Richiede verifica professionale prima di calcolo automatico.
pct\data\legal_knowledge_base.full.json,131011,Divisione di beni non caduti in successione,Contenzioso civile,"Diritti reali, possesso e trascrizioni - possesso/divisione",Procedimento successorio o divisionale,notifica,Termini processuali del procedimento,,,,"Da verificare secondo rito, provvedimento o notifica",,,,manual_review,False,forward,civil,GP_TERM_805D1E4970E3,Richiede verifica professionale prima di calcolo automatico.
pct\data\legal_knowledge_base.full.json,131101,Diritti ed obblighi del possessore non riconducibili alle azioni di reintegrazione e manutenzione),Contenzioso civile,"Diritti reali, possesso e trascrizioni - possesso/divisione",Procedimento successorio o divisionale,notifica,Termini processuali del procedimento,,,,"Da verificare secondo rito, provvedimento o notifica",,,,manual_review,False,forward,civil,GP_TERM_687CAE0CA85B,Richiede verifica professionale prima di calcolo automatico.
pct\data\legal_knowledge_base.full.json,132001,Pegno - Ipoteca - Trascrizione e pubblicita di beni immobili e mobili,Contenzioso civile,"Diritti reali, possesso e trascrizioni - tutela diritti",Volontaria giurisdizione,notifica,Termini processuali del procedimento,,,,"Da verificare secondo rito, provvedimento o notifica",,,,manual_review,False,forward,admin,GP_TERM_C99B0CB48354,Richiede verifica professionale prima di calcolo automatico.
pct\data\legal_knowledge_base.full.json,139999,Altri istituti in materia di diritti reali possesso e trascrizioni,Contenzioso civile,"Diritti reali, possesso e trascrizioni - altro",Rito da verificare sul codice oggetto e sul registro di destinazione,notifica,Termini processuali del procedimento,,,,"Da verificare secondo rito, provvedimento o notifica",,,,manual_review,False,forward,civil,GP_TERM_AEB687D4498D,Richiede verifica professionale prima di calcolo automatico.
pct\data\legal_knowledge_base.full.json,140001,Cessione dei crediti,Contenzioso civile,Contratti e obbligazioni varie,Rito da verificare sul codice oggetto e sul registro di destinazione,prescrizione_decadenza,DENUNCIA VIZI MOBILI,60,,,scoperta,DECADENZIALE,art. 1667 c. 2 c.c.,MASSIMA,calcolabile_giorni,True,forward,civil,GP_TERM_4CDACD7C2FC9,Importabile come template giorni se evento generatore e' valorizzato.
pct\data\legal_knowledge_base.full.json,140001,Cessione dei crediti,Contenzioso civile,Contratti e obbligazioni varie,Rito da verificare sul codice oggetto e sul registro di destinazione,prescrizione_decadenza,AZIONE PER VIZI MOBILI,,,2,consegna opera,decadenziale,art. 1667 c. 3 c.c.,,calcolabile_anni_da_verificare,False,forward,civil,GP_TERM_A40C7A21BBFD,Anni da convertire in mesi solo dopo verifica professionale.
pct\data\legal_knowledge_base.full.json,140001,Cessione dei crediti,Contenzioso civile,Contratti e obbligazioni varie,Rito da verificare sul codice oggetto e sul registro di destinazione,prescrizione_decadenza,DENUNCIA VIZI IMMOBILE (1669),,,,scoperta,DECADENZIALE,art. 1669 c.c.,MASSIMA,calcolabile_anni_da_verificare,False,forward,civil,GP_TERM_4741CE9C38F5,Anni da convertire in mesi solo dopo verifica professionale.
pct\data\legal_knowledge_base.full.json,140001,Cessione dei crediti,Contenzioso civile,Contratti e obbligazioni varie,Rito da verificare sul codice oggetto e sul registro di destinazione,prescrizione_decadenza,AZIONE GARANZIA DECENNALE IMMOBILI,,,,denuncia,decadenziale,art. 1669 c. 2 c.c.,,calcolabile_anni_da_verificare,False,forward,civil,GP_TERM_D30B21A96414,Anni da convertire in mesi solo dopo verifica professionale.
pct\data\legal_knowledge_base.full.json,140001,Cessione dei crediti,Contenzioso civile,Contratti e obbligazioni varie,Rito da verificare sul codice oggetto e sul registro di destinazione,presupposto_temporale,Durata garanzia decennale immobili,,,10,compimento opera,,,,calcolabile_anni_da_verificare,False,forward,civil,GP_TERM_4D74264B8974,Anni da convertire in mesi solo dopo verifica professionale.
pct\data\legal_knowledge_base.full.json,140001,Cessione dei crediti,Contenzioso civile,Contratti e obbligazioni varie,Rito da verificare sul codice oggetto e sul registro di destinazione,prescrizione_decadenza,Prescrizione ordinaria per risoluzione,,,10,,prescrizione,art. 2946 c.c.,,termine_lungo_o_prescrizione,False,forward,civil,GP_TERM_ED854F4E852C,"Da registrare come regola/profilo, non come calcolo processuale ordinario."
pct\data\legal_knowledge_base.full.json,140001,Cessione dei crediti,Contenzioso civile,Contratti e obbligazioni varie,Rito da verificare sul codice oggetto e sul registro di destinazione,costituzione,Termine a comparire,120,,,,minimo legale post-Cartabia,,,calcolabile_giorni,True,forward,civil,GP_TERM_E4915B404A3C,Importabile come template giorni se evento generatore e' valorizzato.
pct\data\legal_knowledge_base.full.json,140001,Cessione dei crediti,Contenzioso civile,Contratti e obbligazioni varie,Rito da verificare sul codice oggetto e sul registro di destinazione,costituzione,Costituzione convenuto,70,,,prima udienza,perentorio,,,calcolabile_giorni,True,backward,civil,GP_TERM_A93D9303034B,Importabile come template giorni se evento generatore e' valorizzato.
pct\data\legal_knowledge_base.full.json,140001,Cessione dei crediti,Contenzioso civile,Contratti e obbligazioni varie,Rito da verificare sul codice oggetto e sul registro di destinazione,notifica,Termini processuali del procedimento,,,,"Da verificare secondo rito, provvedimento o notifica",,,,manual_review,False,forward,civil,GP_TERM_6A14194B6F5B,Richiede verifica professionale prima di calcolo automatico.
pct\data\legal_knowledge_base.full.json,140002,Arbitraggio - Perizia contrattuale,Contenzioso civile,Contratti e obbligazioni varie,Rito da verificare sul codice oggetto e sul registro di destinazione,notifica,Termini processuali del procedimento,,,,"Da verificare secondo rito, provvedimento o notifica",,,,manual_review,False,forward,civil,GP_TERM_CFF3B8200CEA,Richiede verifica professionale prima di calcolo automatico.
pct\data\legal_knowledge_base.full.json,140012,Vendita di cose mobili,Contenzioso civile,Contratti e obbligazioni varie,Esecuzione forzata,notifica,Termini processuali del procedimento,,,,"Da verificare secondo rito, provvedimento o notifica",,,,manual_review,False,forward,civil,GP_TERM_CF3426A4B7A1,Richiede verifica professionale prima di calcolo automatico.
pct\data\legal_knowledge_base.full.json,140021,Appalto di opere pubbliche,Contenzioso civile,Contratti e obbligazioni varie,Rito da verificare sul codice oggetto e sul registro di destinazione,notifica,Termini processuali del procedimento,,,,"Da verificare secondo rito, provvedimento o notifica",,,,manual_review,False,forward,civil,GP_TERM_ADBA7AF9221D,Richiede verifica professionale prima di calcolo automatico.
pct\data\legal_knowledge_base.full.json,140031,Somministrazione,Contenzioso civile,Contratti e obbligazioni varie,Rito da verificare sul codice oggetto e sul registro di destinazione,notifica,Termini processuali del procedimento,,,,"Da verificare secondo rito, provvedimento o notifica",,,,manual_review,False,forward,civil,GP_TERM_0F1A801BAD61,Richiede verifica professionale prima di calcolo automatico.
pct\data\legal_knowledge_base.full.json,140032,Locazione di beni mobili,Contenzioso civile,Contratti e obbligazioni varie,Rito da verificare sul codice oggetto e sul registro di destinazione,notifica,Termini processuali del procedimento,,,,"Da verificare secondo rito, provvedimento o notifica",,,,manual_review,False,forward,civil,GP_TERM_D26833EA19DC,Richiede verifica professionale prima di calcolo automatico.
pct\data\legal_knowledge_base.full.json,140033,"Spedizione - Trasporto (nazionale, internazionale, terrestre, aereo, marittimo, misto)",Contenzioso civile,Contratti e obbligazioni varie,Rito da verificare sul codice oggetto e sul registro di destinazione,notifica,Termini processuali del procedimento,,,,"Da verificare secondo rito, provvedimento o notifica",,,,manual_review,False,forward,civil,GP_TERM_77E24340B86E,Richiede verifica professionale prima di calcolo automatico.
pct\data\legal_knowledge_base.full.json,140034,Mandato,Contenzioso civile,Contratti e obbligazioni varie,Rito da verificare sul codice oggetto e sul registro di destinazione,notifica,Termini processuali del procedimento,,,,"Da verificare secondo rito, provvedimento o notifica",,,,manual_review,False,forward,civil,GP_TERM_B91BC0EF07F6,Richiede verifica professionale prima di calcolo automatico.
pct\data\legal_knowledge_base.full.json,140035,Agenzia,Contenzioso civile,Contratti e obbligazioni varie,Rito da verificare sul codice oggetto e sul registro di destinazione,notifica,Termini processuali del procedimento,,,,"Da verificare secondo rito, provvedimento o notifica",,,,manual_review,False,forward,civil,GP_TERM_F74CD87D5320,Richiede verifica professionale prima di calcolo automatico.
pct\data\legal_knowledge_base.full.json,140036,Mediazione,Contenzioso civile,Contratti e obbligazioni varie,Rito da verificare sul codice oggetto e sul registro di destinazione,notifica,Termini processuali del procedimento,,,,"Da verificare secondo rito, provvedimento o notifica",,,,manual_review,False,forward,civil,GP_TERM_AFB0871CC869,Richiede verifica professionale prima di calcolo automatico.
pct\data\legal_knowledge_base.full.json,140037,Deposito,Contenzioso civile,Contratti e obbligazioni varie,Rito da verificare sul codice oggetto e sul registro di destinazione,notifica,Termini processuali del procedimento,,,,"Da verificare secondo rito, provvedimento o notifica",,,,manual_review,False,forward,civil,GP_TERM_3907EB989C06,Richiede verifica professionale prima di calcolo automatico.
pct\data\legal_knowledge_base.full.json,140038,Mutuo,Contenzioso civile,Contratti e obbligazioni varie,Rito da verificare sul codice oggetto e sul registro di destinazione,notifica,Termini processuali del procedimento,,,,"Da verificare secondo rito, provvedimento o notifica",,,,manual_review,False,forward,civil,GP_TERM_242602FD3F3C,Richiede verifica professionale prima di calcolo automatico.
pct\data\legal_knowledge_base.full.json,140039,Transazione,Contenzioso civile,Contratti e obbligazioni varie,Rito da verificare sul codice oggetto e sul registro di destinazione,notifica,Termini processuali del procedimento,,,,"Da verificare secondo rito, provvedimento o notifica",,,,manual_review,False,forward,civil,GP_TERM_FD00F809FD77,Richiede verifica professionale prima di calcolo automatico.
pct\data\legal_knowledge_base.full.json,140051,Assicurazione contro i danni,Contenzioso civile,Contratti e obbligazioni varie,Rito da verificare sul codice oggetto e sul registro di destinazione,notifica,Termini processuali del procedimento,,,,"Da verificare secondo rito, provvedimento o notifica",,,,manual_review,False,forward,civil,GP_TERM_2106D1366864,Richiede verifica professionale prima di calcolo automatico.
pct\data\legal_knowledge_base.full.json,140052,Assicurazione sulla vita,Contenzioso civile,Contratti e obbligazioni varie,Rito da verificare sul codice oggetto e sul registro di destinazione,notifica,Termini processuali del procedimento,,,,"Da verificare secondo rito, provvedimento o notifica",,,,manual_review,False,forward,civil,GP_TERM_0B11681E1596,Richiede verifica professionale prima di calcolo automatico.
pct\data\legal_knowledge_base.full.json,140061,Fideiussione - Polizza fideiussoria,Contenzioso civile,Contratti e obbligazioni varie,Rito da verificare sul codice oggetto e sul registro di destinazione,notifica,Termini processuali del procedimento,,,,"Da verificare secondo rito, provvedimento o notifica",,,,manual_review,False,forward,civil,GP_TERM_24AADF6FC5EC,Richiede verifica professionale prima di calcolo automatico.
pct\data\legal_knowledge_base.full.json,140101,Promessa di pagamento - Ricognizione di debito,Contenzioso civile,Contratti e obbligazioni varie,Rito da verificare sul codice oggetto e sul registro di destinazione,notifica,Termini processuali del procedimento,,,,"Da verificare secondo rito, provvedimento o notifica",,,,manual_review,False,forward,civil,GP_TERM_8F043C99C10C,Richiede verifica professionale prima di calcolo automatico.
pct\data\legal_knowledge_base.full.json,140102,Titoli di credito,Contenzioso civile,Contratti e obbligazioni varie,Rito da verificare sul codice oggetto e sul registro di destinazione,notifica,Termini processuali del procedimento,,,,"Da verificare secondo rito, provvedimento o notifica",,,,manual_review,False,forward,civil,GP_TERM_BCA2BD36EFFC,Richiede verifica professionale prima di calcolo automatico.
pct\data\legal_knowledge_base.full.json,140111,Indebito soggettivo - Indebito oggettivo,Contenzioso civile,Contratti e obbligazioni varie,Rito da verificare sul codice oggetto e sul registro di destinazione,notifica,Termini processuali del procedimento,,,,"Da verificare secondo rito, provvedimento o notifica",,,,manual_review,False,forward,civil,GP_TERM_1571361A109B,Richiede verifica professionale prima di calcolo automatico.
pct\data\legal_knowledge_base.full.json,140112,Arricchimento senza causa,Contenzioso civile,Contratti e obbligazioni varie,Rito da verificare sul codice oggetto e sul registro di destinazione,notifica,Termini processuali del procedimento,,,,"Da verificare secondo rito, provvedimento o notifica",,,,manual_review,False,forward,civil,GP_TERM_2B6DCA04D6C7,Richiede verifica professionale prima di calcolo automatico.
pct\data\legal_knowledge_base.full.json,140999,Altri contratti tipici ed obbligazioni non rientranti nelle altre materie,Contenzioso civile,Contratti e obbligazioni varie,Rito da verificare sul codice oggetto e sul registro di destinazione,notifica,Termini processuali del procedimento,,,,"Da verificare secondo rito, provvedimento o notifica",,,,manual_review,False,forward,civil,GP_TERM_D050B01A3EAA,Richiede verifica professionale prima di calcolo automatico.
pct\data\legal_knowledge_base.full.json,141001,Donazione,Contenzioso civile,Contratti e obbligazioni varie - contratti libro I / donazioni,Rito da verificare sul codice oggetto e sul registro di destinazione,prescrizione_decadenza,PRESCRIZIONE PRESUNTIVA ONORARI,,,3,esaurimento mandato,prescrizione presuntiva,art. 2956 n. 2 c.c.,,termine_lungo_o_prescrizione,False,forward,civil,GP_TERM_C91632B00969,"Da registrare come regola/profilo, non come calcolo processuale ordinario."
pct\data\legal_knowledge_base.full.json,141001,Donazione,Contenzioso civile,Contratti e obbligazioni varie - contratti libro I / donazioni,Rito da verificare sul codice oggetto e sul registro di destinazione,prescrizione_decadenza,PRESCRIZIONE ORDINARIA (su prestazione comprovata),,,10,ultima prestazione,,art. 2946 c.c.,,termine_lungo_o_prescrizione,False,forward,civil,GP_TERM_C57E556E7751,"Da registrare come regola/profilo, non come calcolo processuale ordinario."
pct\data\legal_knowledge_base.full.json,141001,Donazione,Contenzioso civile,Contratti e obbligazioni varie - contratti libro I / donazioni,Rito da verificare sul codice oggetto e sul registro di destinazione,costituzione,Costituzione resistente,fissato dal giudice nel decreto di fissazione udienza (di norma 30 gg),,,,perentorio,,,calcolabile_giorni,True,forward,civil,GP_TERM_A0840814C0BA,Importabile come template giorni se evento generatore e' valorizzato.
pct\data\legal_knowledge_base.full.json,141001,Donazione,Contenzioso civile,Contratti e obbligazioni varie - contratti libro I / donazioni,Rito da verificare sul codice oggetto e sul registro di destinazione,impugnazione,Appello ordinanza ex art. 14 D.Lgs. 150/2011,30,,,notifica,perentorio,,,calcolabile_giorni,True,forward,civil,GP_TERM_C561011D245E,Importabile come template giorni se evento generatore e' valorizzato.
pct\data\legal_knowledge_base.full.json,141001,Donazione,Contenzioso civile,Contratti e obbligazioni varie - contratti libro I / donazioni,Rito da verificare sul codice oggetto e sul registro di destinazione,notifica,Termini processuali del procedimento,,,,"Da verificare secondo rito, provvedimento o notifica",,,,manual_review,False,forward,civil,GP_TERM_94FD04251895,Richiede verifica professionale prima di calcolo automatico.
pct\data\legal_knowledge_base.full.json,142001,Prestazione d'opera intellettuale,Contenzioso civile,Contratti e obbligazioni varie - contratti d'opera,Rito da verificare sul codice oggetto e sul registro di destinazione,notifica,Termini processuali del procedimento,,,,"Da verificare secondo rito, provvedimento o notifica",,,,manual_review,False,forward,civil,GP_TERM_AD9DBDAB31BF,Richiede verifica professionale prima di calcolo automatico.
pct\data\legal_knowledge_base.full.json,142999,Altri contratti d'opera,Contenzioso civile,Contratti e obbligazioni varie - contratti d'opera,Rito da verificare sul codice oggetto e sul registro di destinazione,notifica,Termini processuali del procedimento,,,,"Da verificare secondo rito, provvedimento o notifica",,,,manual_review,False,forward,civil,GP_TERM_CFDF3E072132,Richiede verifica professionale prima di calcolo automatico.
pct\data\legal_knowledge_base.full.json,143001,Responsabilità professionale dell'avvocato,Responsabilità civile - responsabilità professionale,Risarcimento danni da malpractice dell'avvocato - responsabilità contrattuale per inadempimento mandato,Rito ordinario di cognizione,prescrizione_decadenza,Prescrizione responsabilità contrattuale,,,10,esaurimento mandato o scoperta danno,prescrizione,art. 2946 c.c.,,termine_lungo_o_prescrizione,False,forward,civil,GP_TERM_F42DC623D823,"Da registrare come regola/profilo, non come calcolo processuale ordinario."
pct\data\legal_knowledge_base.full.json,143001,Responsabilità professionale dell'avvocato,Responsabilità civile - responsabilità professionale,Risarcimento danni da malpractice dell'avvocato - responsabilità contrattuale per inadempimento mandato,Rito ordinario di cognizione,costituzione,Termine a comparire,120,,,,minimo legale post-Cartabia,,,calcolabile_giorni,True,forward,civil,GP_TERM_8E64EB542CAE,Importabile come template giorni se evento generatore e' valorizzato.
pct\data\legal_knowledge_base.full.json,143001,Responsabilità professionale dell'avvocato,Responsabilità civile - responsabilità professionale,Risarcimento danni da malpractice dell'avvocato - responsabilità contrattuale per inadempimento mandato,Rito ordinario di cognizione,costituzione,Costituzione convenuto,70,,,prima udienza,perentorio,,,calcolabile_giorni,True,backward,civil,GP_TERM_D5354ACAA189,Importabile come template giorni se evento generatore e' valorizzato.
pct\data\legal_knowledge_base.full.json,143001,Responsabilità professionale dell'avvocato,Responsabilità civile - responsabilità professionale,Risarcimento danni da malpractice dell'avvocato - responsabilità contrattuale per inadempimento mandato,Rito ordinario di cognizione,impugnazione,Appello,30,,,notifica sentenza,perentorio,,,calcolabile_giorni,True,forward,civil,GP_TERM_FDE64849F03C,Importabile come template giorni se evento generatore e' valorizzato.
pct\data\legal_knowledge_base.full.json,143002,Responsabilità professionale del personale sanitario e della struttura sanitaria (Legge Gelli-Bianco),Responsabilità civile - responsabilità professionale sanitaria,"Risarcimento danni da malpractice medica - responsabilità della struttura sanitaria (contrattuale) e del sanitario (extracontrattuale, salvo contratto specifico)","Rito ordinario di cognizione, preceduto OBBLIGATORIAMENTE da ATP CONCILIATIVO ex art. 8 L. 24/2017 o, in alternativa, da mediazione obbligatoria ex art. 5 D.Lgs. 28/2010",prescrizione_decadenza,PRESCRIZIONE responsabilità contrattuale struttura,3650,,,scoperta del danno (oppure cessazione prestazione),prescrizione (interrompibile),art. 2946 c.c.,,calcolabile_giorni,True,forward,admin,GP_TERM_9938328B4C54,Importabile come template giorni se evento generatore e' valorizzato.
pct\data\legal_knowledge_base.full.json,143002,Responsabilità professionale del personale sanitario e della struttura sanitaria (Legge Gelli-Bianco),Responsabilità civile - responsabilità professionale sanitaria,"Risarcimento danni da malpractice medica - responsabilità della struttura sanitaria (contrattuale) e del sanitario (extracontrattuale, salvo contratto specifico)","Rito ordinario di cognizione, preceduto OBBLIGATORIAMENTE da ATP CONCILIATIVO ex art. 8 L. 24/2017 o, in alternativa, da mediazione obbligatoria ex art. 5 D.Lgs. 28/2010",prescrizione_decadenza,PRESCRIZIONE responsabilità extracontrattuale sanitario dipendente,1825,,,fatto/scoperta,prescrizione (interrompibile),art. 2947 c.c.,,calcolabile_giorni,True,forward,admin,GP_TERM_20F9DE8778BA,Importabile come template giorni se evento generatore e' valorizzato.
pct\data\legal_knowledge_base.full.json,143002,Responsabilità professionale del personale sanitario e della struttura sanitaria (Legge Gelli-Bianco),Responsabilità civile - responsabilità professionale sanitaria,"Risarcimento danni da malpractice medica - responsabilità della struttura sanitaria (contrattuale) e del sanitario (extracontrattuale, salvo contratto specifico)","Rito ordinario di cognizione, preceduto OBBLIGATORIAMENTE da ATP CONCILIATIVO ex art. 8 L. 24/2017 o, in alternativa, da mediazione obbligatoria ex art. 5 D.Lgs. 28/2010",deposito,ATP conciliativo - durata massima procedura,180,,,deposito ricorso ATP,max procedimentale,art. 8 c. 3 L. 24/2017,,calcolabile_giorni,True,forward,admin,GP_TERM_06AC7F0BD52B,Importabile come template giorni se evento generatore e' valorizzato.
pct\data\legal_knowledge_base.full.json,143002,Responsabilità professionale del personale sanitario e della struttura sanitaria (Legge Gelli-Bianco),Responsabilità civile - responsabilità professionale sanitaria,"Risarcimento danni da malpractice medica - responsabilità della struttura sanitaria (contrattuale) e del sanitario (extracontrattuale, salvo contratto specifico)","Rito ordinario di cognizione, preceduto OBBLIGATORIAMENTE da ATP CONCILIATIVO ex art. 8 L. 24/2017 o, in alternativa, da mediazione obbligatoria ex art. 5 D.Lgs. 28/2010",deposito,Mediazione obbligatoria - durata,90,,,deposito istanza,max procedimentale,art. 6 D.Lgs. 28/2010,,calcolabile_giorni,True,forward,admin,GP_TERM_D0D477F17523,Importabile come template giorni se evento generatore e' valorizzato.
pct\data\legal_knowledge_base.full.json,143002,Responsabilità professionale del personale sanitario e della struttura sanitaria (Legge Gelli-Bianco),Responsabilità civile - responsabilità professionale sanitaria,"Risarcimento danni da malpractice medica - responsabilità della struttura sanitaria (contrattuale) e del sanitario (extracontrattuale, salvo contratto specifico)","Rito ordinario di cognizione, preceduto OBBLIGATORIAMENTE da ATP CONCILIATIVO ex art. 8 L. 24/2017 o, in alternativa, da mediazione obbligatoria ex art. 5 D.Lgs. 28/2010",notifica,Termine a comparire,120,,,notifica citazione (post-Cartabia),minimo legale,,,calcolabile_giorni,True,forward,admin,GP_TERM_05873191675A,Importabile come template giorni se evento generatore e' valorizzato.
pct\data\legal_knowledge_base.full.json,143002,Responsabilità professionale del personale sanitario e della struttura sanitaria (Legge Gelli-Bianco),Responsabilità civile - responsabilità professionale sanitaria,"Risarcimento danni da malpractice medica - responsabilità della struttura sanitaria (contrattuale) e del sanitario (extracontrattuale, salvo contratto specifico)","Rito ordinario di cognizione, preceduto OBBLIGATORIAMENTE da ATP CONCILIATIVO ex art. 8 L. 24/2017 o, in alternativa, da mediazione obbligatoria ex art. 5 D.Lgs. 28/2010",costituzione,Costituzione convenuto,70,,,prima udienza,perentorio,art. 166 c.p.c.,,calcolabile_giorni,True,backward,admin,GP_TERM_3DE9AA19A71A,Importabile come template giorni se evento generatore e' valorizzato.
pct\data\legal_knowledge_base.full.json,143002,Responsabilità professionale del personale sanitario e della struttura sanitaria (Legge Gelli-Bianco),Responsabilità civile - responsabilità professionale sanitaria,"Risarcimento danni da malpractice medica - responsabilità della struttura sanitaria (contrattuale) e del sanitario (extracontrattuale, salvo contratto specifico)","Rito ordinario di cognizione, preceduto OBBLIGATORIAMENTE da ATP CONCILIATIVO ex art. 8 L. 24/2017 o, in alternativa, da mediazione obbligatoria ex art. 5 D.Lgs. 28/2010",prescrizione_decadenza,Azione di rivalsa struttura contro sanitario,365,,,pagamento del risarcimento,decadenziale,art. 9 c. 2 L. 24/2017,,calcolabile_giorni,True,forward,admin,GP_TERM_4CAED1BF3528,Importabile come template giorni se evento generatore e' valorizzato.
pct\data\legal_knowledge_base.full.json,143101,Cessione di azienda,Contenzioso civile,Contratti e obbligazioni varie - contratti atipici,Rito da verificare sul codice oggetto e sul registro di destinazione,notifica,Termini processuali del procedimento,,,,"Da verificare secondo rito, provvedimento o notifica",,,,manual_review,False,forward,civil,GP_TERM_CE0DBA73DAAB,Richiede verifica professionale prima di calcolo automatico.
pct\data\legal_knowledge_base.full.json,143102,Concessione di vendita,Contenzioso civile,Contratti e obbligazioni varie - contratti atipici,Esecuzione forzata,notifica,Termini processuali del procedimento,,,,"Da verificare secondo rito, provvedimento o notifica",,,,manual_review,False,forward,civil,GP_TERM_F545A5FA8D51,Richiede verifica professionale prima di calcolo automatico.
pct\data\legal_knowledge_base.full.json,143103,Distribuzione,Contenzioso civile,Contratti e obbligazioni varie - contratti atipici,Esecuzione forzata,notifica,Termini processuali del procedimento,,,,"Da verificare secondo rito, provvedimento o notifica",,,,manual_review,False,forward,civil,GP_TERM_520871102CA4,Richiede verifica professionale prima di calcolo automatico.
pct\data\legal_knowledge_base.full.json,143104,Licenza d'uso,Contenzioso civile,Contratti e obbligazioni varie - contratti atipici,Rito da verificare sul codice oggetto e sul registro di destinazione,notifica,Termini processuali del procedimento,,,,"Da verificare secondo rito, provvedimento o notifica",,,,manual_review,False,forward,civil,GP_TERM_FE10D6425F98,Richiede verifica professionale prima di calcolo automatico.
pct\data\legal_knowledge_base.full.json,143105,Noleggio,Contenzioso civile,Contratti e obbligazioni varie - contratti atipici,Rito da verificare sul codice oggetto e sul registro di destinazione,notifica,Termini processuali del procedimento,,,,"Da verificare secondo rito, provvedimento o notifica",,,,manual_review,False,forward,civil,GP_TERM_EB8CF792EB82,Richiede verifica professionale prima di calcolo automatico.
pct\data\legal_knowledge_base.full.json,143106,Subfomitura,Contenzioso civile,Contratti e obbligazioni varie - contratti atipici,Rito da verificare sul codice oggetto e sul registro di destinazione,notifica,Termini processuali del procedimento,,,,"Da verificare secondo rito, provvedimento o notifica",,,,manual_review,False,forward,civil,GP_TERM_CF56719C66FA,Richiede verifica professionale prima di calcolo automatico.
pct\data\legal_knowledge_base.full.json,143111,Factoring,Contenzioso civile,Contratti e obbligazioni varie - contratti atipici,Rito da verificare sul codice oggetto e sul registro di destinazione,notifica,Termini processuali del procedimento,,,,"Da verificare secondo rito, provvedimento o notifica",,,,manual_review,False,forward,civil,GP_TERM_30BF4BA2DC87,Richiede verifica professionale prima di calcolo automatico.
pct\data\legal_knowledge_base.full.json,143112,Franchising,Contenzioso civile,Contratti e obbligazioni varie - contratti atipici,Rito da verificare sul codice oggetto e sul registro di destinazione,notifica,Termini processuali del procedimento,,,,"Da verificare secondo rito, provvedimento o notifica",,,,manual_review,False,forward,civil,GP_TERM_0FE3AD0F5963,Richiede verifica professionale prima di calcolo automatico.
pct\data\legal_knowledge_base.full.json,143121,Leasing,Contenzioso civile,Contratti e obbligazioni varie - contratti atipici,Rito da verificare sul codice oggetto e sul registro di destinazione,notifica,Termini processuali del procedimento,,,,"Da verificare secondo rito, provvedimento o notifica",,,,manual_review,False,forward,civil,GP_TERM_EF45CE82F853,Richiede verifica professionale prima di calcolo automatico.
pct\data\legal_knowledge_base.full.json,143131,Intermediazione finanziaria (S.I.M.) - Contratti di Borsa,Contenzioso civile,Contratti e obbligazioni varie - contratti atipici,Rito da verificare sul codice oggetto e sul registro di destinazione,notifica,Termini processuali del procedimento,,,,"Da verificare secondo rito, provvedimento o notifica",,,,manual_review,False,forward,civil,GP_TERM_1C19F38E3060,Richiede verifica professionale prima di calcolo automatico.
pct\data\legal_knowledge_base.full.json,143999,Altri contratti atipici,Contenzioso civile,Contratti e obbligazioni varie - contratti atipici,Rito da verificare sul codice oggetto e sul registro di destinazione,notifica,Termini processuali del procedimento,,,,"Da verificare secondo rito, provvedimento o notifica",,,,manual_review,False,forward,civil,GP_TERM_2E68E0EB8AA7,Richiede verifica professionale prima di calcolo automatico.
pct\data\legal_knowledge_base.full.json,144001,"Cessazione del contratto di locazione alla scadenza, uso abitativo",Contenzioso civile,Locazione e comodato di immobile urbano - affitto di azienda,Rito da verificare sul codice oggetto e sul registro di destinazione,notifica,Termini processuali del procedimento,,,,"Da verificare secondo rito, provvedimento o notifica",,,,manual_review,False,forward,civil,GP_TERM_79F0FAF58910,Richiede verifica professionale prima di calcolo automatico.
pct\data\legal_knowledge_base.full.json,144002,"Cessazione del contratto di locazione alla scadenza, uso diverso",Contenzioso civile,Locazione e comodato di immobile urbano - affitto di azienda,Rito da verificare sul codice oggetto e sul registro di destinazione,notifica,Termini processuali del procedimento,,,,"Da verificare secondo rito, provvedimento o notifica",,,,manual_review,False,forward,civil,GP_TERM_59E92085084D,Richiede verifica professionale prima di calcolo automatico.
pct\data\legal_knowledge_base.full.json,144011,Recesso dal contratto del Conduttore uso abitativo,Contenzioso civile,Locazione e comodato di immobile urbano - affitto di azienda,Rito da verificare sul codice oggetto e sul registro di destinazione,notifica,Termini processuali del procedimento,,,,"Da verificare secondo rito, provvedimento o notifica",,,,manual_review,False,forward,civil,GP_TERM_B409FA98E1E8,Richiede verifica professionale prima di calcolo automatico.
pct\data\legal_knowledge_base.full.json,144012,Recesso dal contratto del Conduttore uso diverso,Contenzioso civile,Locazione e comodato di immobile urbano - affitto di azienda,Rito da verificare sul codice oggetto e sul registro di destinazione,notifica,Termini processuali del procedimento,,,,"Da verificare secondo rito, provvedimento o notifica",,,,manual_review,False,forward,civil,GP_TERM_C881190BB8C4,Richiede verifica professionale prima di calcolo automatico.
pct\data\legal_knowledge_base.full.json,144021,Risoluzione del contratto di locazione per inadempimento - uso abitativo,Locazioni - merito,"Risoluzione per inadempimento (morosità, danni all'immobile, mutamento di destinazione)",Rito locatizio ex art. 447-bis c.p.c. (rito del lavoro adattato alle locazioni),costituzione,Costituzione resistente,10,,,prima dell'udienza,perentorio (decadenze),art. 416 c.p.c. richiamato da 447-bis,,calcolabile_giorni,True,forward,labor,GP_TERM_8E69F98190B0,Importabile come template giorni se evento generatore e' valorizzato.
pct\data\legal_knowledge_base.full.json,144021,Risoluzione del contratto di locazione per inadempimento - uso abitativo,Locazioni - merito,"Risoluzione per inadempimento (morosità, danni all'immobile, mutamento di destinazione)",Rito locatizio ex art. 447-bis c.p.c. (rito del lavoro adattato alle locazioni),deposito,Mediazione obbligatoria,90,,,deposito istanza,max procedimento,art. 6 D.Lgs. 28/2010,,calcolabile_giorni,True,forward,labor,GP_TERM_C870515D14E9,Importabile come template giorni se evento generatore e' valorizzato.
pct\data\legal_knowledge_base.full.json,144021,Risoluzione del contratto di locazione per inadempimento - uso abitativo,Locazioni - merito,"Risoluzione per inadempimento (morosità, danni all'immobile, mutamento di destinazione)",Rito locatizio ex art. 447-bis c.p.c. (rito del lavoro adattato alle locazioni),notifica,Diffida ad adempiere,15,,,notifica diffida,minimo legale,art. 1454 c.c.,,calcolabile_giorni,True,forward,labor,GP_TERM_B83FFA37C70D,Importabile come template giorni se evento generatore e' valorizzato.
pct\data\legal_knowledge_base.full.json,144021,Risoluzione del contratto di locazione per inadempimento - uso abitativo,Locazioni - merito,"Risoluzione per inadempimento (morosità, danni all'immobile, mutamento di destinazione)",Rito locatizio ex art. 447-bis c.p.c. (rito del lavoro adattato alle locazioni),generico_da_classificare,Soglie morosità ex art. 5 L. 392/78,20,,,scadenza canone pattuita,decorrenza grave inadempimento,,,calcolabile_giorni,True,forward,labor,GP_TERM_443CEF918EB4,Importabile come template giorni se evento generatore e' valorizzato.
pct\data\legal_knowledge_base.full.json,144021,Risoluzione del contratto di locazione per inadempimento - uso abitativo,Locazioni - merito,"Risoluzione per inadempimento (morosità, danni all'immobile, mutamento di destinazione)",Rito locatizio ex art. 447-bis c.p.c. (rito del lavoro adattato alle locazioni),generico_da_classificare,Termine di grazia max,90,,,,facoltà del giudice,art. 55 L. 392/78,,calcolabile_giorni,True,forward,labor,GP_TERM_A59150F43F57,Importabile come template giorni se evento generatore e' valorizzato.
pct\data\legal_knowledge_base.full.json,144031,"Cause relative alla validita o efficacia del contratto o di singole clausole (azione di simulazione, nullita, annullamento, etc.)",Contenzioso civile,Locazione e comodato di immobile urbano - affitto di azienda,Rito da verificare sul codice oggetto e sul registro di destinazione,notifica,Termini processuali del procedimento,,,,"Da verificare secondo rito, provvedimento o notifica",,,,manual_review,False,forward,civil,GP_TERM_6702276A5327,Richiede verifica professionale prima di calcolo automatico.
pct\data\legal_knowledge_base.full.json,144032,Pagamento del corrispettivo - Indennita di avviamento - Ripetizione di indebito - Risarcimento del danno,Contenzioso civile,Locazione e comodato di immobile urbano - affitto di azienda,Rito da verificare sul codice oggetto e sul registro di destinazione,notifica,Termini processuali del procedimento,,,,"Da verificare secondo rito, provvedimento o notifica",,,,manual_review,False,forward,civil,GP_TERM_EA490DAB951A,Richiede verifica professionale prima di calcolo automatico.
pct\data\legal_knowledge_base.full.json,144033,"Diritto di prelazione - diritto di riscatto del conduttore (ex L. n. 392/1978, ex L. n.431/1998 e altre leggi speciali)",Contenzioso civile,Locazione e comodato di immobile urbano - affitto di azienda,Rito da verificare sul codice oggetto e sul registro di destinazione,notifica,Termini processuali del procedimento,,,,"Da verificare secondo rito, provvedimento o notifica",,,,manual_review,False,forward,civil,GP_TERM_D42123F40EF7,Richiede verifica professionale prima di calcolo automatico.
pct\data\legal_knowledge_base.full.json,144101,Affitto di azienda,Contenzioso civile,Locazione e comodato di immobile urbano - affitto di azienda,Rito da verificare sul codice oggetto e sul registro di destinazione,notifica,Termini processuali del procedimento,,,,"Da verificare secondo rito, provvedimento o notifica",,,,manual_review,False,forward,civil,GP_TERM_B21D5A562448,Richiede verifica professionale prima di calcolo automatico.
pct\data\legal_knowledge_base.full.json,144301,Comodato di immobile urbano,Contenzioso civile,Locazione e comodato di immobile urbano - affitto di azienda,Rito da verificare sul codice oggetto e sul registro di destinazione,notifica,Termini processuali del procedimento,,,,"Da verificare secondo rito, provvedimento o notifica",,,,manual_review,False,forward,civil,GP_TERM_8102259FFBA5,Richiede verifica professionale prima di calcolo automatico.
pct\data\legal_knowledge_base.full.json,144999,Altri istituti del diritto delle locazioni,Contenzioso civile,Locazione e comodato di immobile urbano - affitto di azienda,Rito da verificare sul codice oggetto e sul registro di destinazione,notifica,Termini processuali del procedimento,,,,"Da verificare secondo rito, provvedimento o notifica",,,,manual_review,False,forward,civil,GP_TERM_71A8DE471DA6,Richiede verifica professionale prima di calcolo automatico.
pct\data\legal_knowledge_base.full.json,145002,Risarcimento del danno - lesione personale (responsabilità extracontrattuale),Responsabilità civile - danni alla persona,"Lesione personale da fatto illecito (sinistri stradali, infortuni, ecc.)",Rito ordinario di cognizione (o rito sommario ex art. 281-decies se valore consente); Procedura indennizzo diretto per sinistri stradali ex D.Lgs. 209/2005 (CdA),prescrizione_decadenza,PRESCRIZIONE RC AUTO,730,,,data sinistro,prescrizione (interrompibile),art. 2947 c. 2 c.c.,MASSIMA,calcolabile_giorni,True,forward,civil,GP_TERM_7CCE89039CAA,Importabile come template giorni se evento generatore e' valorizzato.
pct\data\legal_knowledge_base.full.json,145002,Risarcimento del danno - lesione personale (responsabilità extracontrattuale),Responsabilità civile - danni alla persona,"Lesione personale da fatto illecito (sinistri stradali, infortuni, ecc.)",Rito ordinario di cognizione (o rito sommario ex art. 281-decies se valore consente); Procedura indennizzo diretto per sinistri stradali ex D.Lgs. 209/2005 (CdA),prescrizione_decadenza,PRESCRIZIONE FATTO ILLECITO ORDINARIA,1825,,,data fatto,prescrizione (interrompibile),art. 2947 c. 1 c.c.,,calcolabile_giorni,True,forward,civil,GP_TERM_9925D6CF077E,Importabile come template giorni se evento generatore e' valorizzato.
pct\data\legal_knowledge_base.full.json,145002,Risarcimento del danno - lesione personale (responsabilità extracontrattuale),Responsabilità civile - danni alla persona,"Lesione personale da fatto illecito (sinistri stradali, infortuni, ecc.)",Rito ordinario di cognizione (o rito sommario ex art. 281-decies se valore consente); Procedura indennizzo diretto per sinistri stradali ex D.Lgs. 209/2005 (CdA),generico_da_classificare,RICHIESTA STRAGIUDIZIALE ex art. 145 CAP - attesa risposta compagnia per danni a persona,90,,,invio richiesta,condizione di proponibilità,art. 148 c. 2 D.Lgs. 209/2005,,calcolabile_giorni,True,forward,civil,GP_TERM_6E38AE07D18A,Importabile come template giorni se evento generatore e' valorizzato.
pct\data\legal_knowledge_base.full.json,145002,Risarcimento del danno - lesione personale (responsabilità extracontrattuale),Responsabilità civile - danni alla persona,"Lesione personale da fatto illecito (sinistri stradali, infortuni, ecc.)",Rito ordinario di cognizione (o rito sommario ex art. 281-decies se valore consente); Procedura indennizzo diretto per sinistri stradali ex D.Lgs. 209/2005 (CdA),generico_da_classificare,RICHIESTA STRAGIUDIZIALE ex art. 145 CAP - attesa risposta compagnia per danni a cose,60,,,invio richiesta,condizione di proponibilità,art. 148 c. 1 D.Lgs. 209/2005,,calcolabile_giorni,True,forward,civil,GP_TERM_B44462B4D006,Importabile come template giorni se evento generatore e' valorizzato.
pct\data\legal_knowledge_base.full.json,145002,Risarcimento del danno - lesione personale (responsabilità extracontrattuale),Responsabilità civile - danni alla persona,"Lesione personale da fatto illecito (sinistri stradali, infortuni, ecc.)",Rito ordinario di cognizione (o rito sommario ex art. 281-decies se valore consente); Procedura indennizzo diretto per sinistri stradali ex D.Lgs. 209/2005 (CdA),costituzione,Costituzione convenuto,70,,,prima dell'udienza,perentorio (decadenze),art. 166 c.p.c.,,calcolabile_giorni,True,forward,civil,GP_TERM_B44ED21863F7,Importabile come template giorni se evento generatore e' valorizzato.
pct\data\legal_knowledge_base.full.json,145002,Risarcimento del danno - lesione personale (responsabilità extracontrattuale),Responsabilità civile - danni alla persona,"Lesione personale da fatto illecito (sinistri stradali, infortuni, ecc.)",Rito ordinario di cognizione (o rito sommario ex art. 281-decies se valore consente); Procedura indennizzo diretto per sinistri stradali ex D.Lgs. 209/2005 (CdA),notifica,Termine a comparire,120,,,notifica citazione (post-Cartabia),minimo legale,art. 163-bis c.p.c.,,calcolabile_giorni,True,forward,civil,GP_TERM_F52F289EC6EC,Importabile come template giorni se evento generatore e' valorizzato.
pct\data\legal_knowledge_base.full.json,145009,Azioni di competenza del Giudice di Pace in materia di risarcimento danno,Contenzioso civile,Responsabilità extracontrattuale,Rito da verificare sul codice oggetto e sul registro di destinazione,notifica,Termini processuali del procedimento,,,,"Da verificare secondo rito, provvedimento o notifica",,,,manual_review,False,forward,civil,GP_TERM_1390501585A6,Richiede verifica professionale prima di calcolo automatico.
pct\data\legal_knowledge_base.full.json,145011,"Responsabilita dei genitori, dei tutori e dei maestri (art. 2048 c.c.)",Contenzioso civile,Responsabilità extracontrattuale,Rito da verificare sul codice oggetto e sul registro di destinazione,notifica,Termini processuali del procedimento,,,,"Da verificare secondo rito, provvedimento o notifica",,,,manual_review,False,forward,civil,GP_TERM_5272A1F98725,Richiede verifica professionale prima di calcolo automatico.
pct\data\legal_knowledge_base.full.json,145012,Responsabilita per l'esercizio di attivita pericolose (art. 2050 c.c.),Contenzioso civile,Responsabilità extracontrattuale,Rito da verificare sul codice oggetto e sul registro di destinazione,notifica,Termini processuali del procedimento,,,,"Da verificare secondo rito, provvedimento o notifica",,,,manual_review,False,forward,civil,GP_TERM_A55D9E69D6B2,Richiede verifica professionale prima di calcolo automatico.
pct\data\legal_knowledge_base.full.json,145013,Responsabilita ex artt. 2049 - 2051 - 2052 c.c.,Contenzioso civile,Responsabilità extracontrattuale,Rito da verificare sul codice oggetto e sul registro di destinazione,notifica,Termini processuali del procedimento,,,,"Da verificare secondo rito, provvedimento o notifica",,,,manual_review,False,forward,civil,GP_TERM_EB8D1D77BE1A,Richiede verifica professionale prima di calcolo automatico.
pct\data\legal_knowledge_base.full.json,145014,Rovina di edificio (art. 2053c.c.),Contenzioso civile,Responsabilità extracontrattuale,Rito da verificare sul codice oggetto e sul registro di destinazione,notifica,Termini processuali del procedimento,,,,"Da verificare secondo rito, provvedimento o notifica",,,,manual_review,False,forward,civil,GP_TERM_AB45482F5635,Richiede verifica professionale prima di calcolo automatico.
pct\data\legal_knowledge_base.full.json,145021,Responsabilita del produttore,Contenzioso civile,Responsabilità extracontrattuale,Rito da verificare sul codice oggetto e sul registro di destinazione,notifica,Termini processuali del procedimento,,,,"Da verificare secondo rito, provvedimento o notifica",,,,manual_review,False,forward,civil,GP_TERM_6A8EFCE4C121,Richiede verifica professionale prima di calcolo automatico.
pct\data\legal_knowledge_base.full.json,145111,Responsabilita civile dei magistrati (cause di cui alla legge n. 117/1988),Contenzioso civile,Responsabilità extracontrattuale,Rito da verificare sul codice oggetto e sul registro di destinazione,notifica,Termini processuali del procedimento,,,,"Da verificare secondo rito, provvedimento o notifica",,,,manual_review,False,forward,civil,GP_TERM_B9E2872F1A8D,Richiede verifica professionale prima di calcolo automatico.
pct\data\legal_knowledge_base.full.json,145999,Altre ipotesi di responsabilita Extracontrattuale non ricomprese nelle altre materie (art. 2043 c.c. e norme speciali),Contenzioso civile,Responsabilità extracontrattuale,Rito da verificare sul codice oggetto e sul registro di destinazione,notifica,Termini processuali del procedimento,,,,"Da verificare secondo rito, provvedimento o notifica",,,,manual_review,False,forward,civil,GP_TERM_9AE52CE45886,Richiede verifica professionale prima di calcolo automatico.
pct\data\legal_knowledge_base.full.json,146041,"Contratti bancari (deposito bancario, cassetta di sicurezza, apertura di credito bancario, anticipazione bancaria, conto corrente bancario, sconto bancario) cui non si applica il d.l.vo n. 5/2003",Contenzioso civile,Contratti bancari,Rito da verificare sul codice oggetto e sul registro di destinazione,notifica,Termini processuali del procedimento,,,,"Da verificare secondo rito, provvedimento o notifica",,,,manual_review,False,forward,civil,GP_TERM_82E298DF3778,Richiede verifica professionale prima di calcolo automatico.
pct\data\legal_knowledge_base.full.json,146231,"Intermed. mobiliare (servizi e contratti di invest.,servizi accessori,fondi di invest., gestione collettiva del risparmio,gestione accentrata di strumenti finan.,vendita di prodotti finanz.,cartolarizzazione di crediti,contratti di borsa)",Contenzioso civile,Contratti bancari,Esecuzione forzata,notifica,Termini processuali del procedimento,,,,"Da verificare secondo rito, provvedimento o notifica",,,,manual_review,False,forward,civil,GP_TERM_74C2BFF90983,Richiede verifica professionale prima di calcolo automatico.
pct\data\legal_knowledge_base.full.json,146232,Credito per le opere pubbliche (lett. f art. 1 d.l.vo n. 5/2003),Contenzioso civile,Contratti bancari,Rito da verificare sul codice oggetto e sul registro di destinazione,notifica,Termini processuali del procedimento,,,,"Da verificare secondo rito, provvedimento o notifica",,,,manual_review,False,forward,civil,GP_TERM_D6C8E397BE84,Richiede verifica professionale prima di calcolo automatico.
pct\data\legal_knowledge_base.full.json,146239,Altri contratti bancari e controversie in genere di cui alla lettera e) art. 1 d.l.vo n. 5/2003,Contenzioso civile,Contratti bancari,Rito da verificare sul codice oggetto e sul registro di destinazione,notifica,Termini processuali del procedimento,,,,"Da verificare secondo rito, provvedimento o notifica",,,,manual_review,False,forward,civil,GP_TERM_9E33F75AB04A,Richiede verifica professionale prima di calcolo automatico.
pct\data\legal_knowledge_base.full.json,146331,"Pagamento di somma di danaro o consegna di cosa mobile in materia di controversie promosse da una banca nei confronti di altra banca e di cui alle lettere e), f) art. 1 d.l.vo n. 5/2003",Contenzioso civile,Contratti bancari,Rito da verificare sul codice oggetto e sul registro di destinazione,notifica,Termini processuali del procedimento,,,,"Da verificare secondo rito, provvedimento o notifica",,,,manual_review,False,forward,civil,GP_TERM_5D36956B8501,Richiede verifica professionale prima di calcolo automatico.
pct\data\legal_knowledge_base.full.json,150001,Associazione - Comitato,Contenzioso civile,Persone giuridiche e diritto societario - persone giuridiche,"Procedimento societario, impresa o crisi d'impresa",notifica,Termini processuali del procedimento,,,,"Da verificare secondo rito, provvedimento o notifica",,,,manual_review,False,forward,admin,GP_TERM_3988F88E9335,Richiede verifica professionale prima di calcolo automatico.
pct\data\legal_knowledge_base.full.json,150002,Associazione in partecipazione,Contenzioso civile,Persone giuridiche e diritto societario - persone giuridiche,"Procedimento societario, impresa o crisi d'impresa",notifica,Termini processuali del procedimento,,,,"Da verificare secondo rito, provvedimento o notifica",,,,manual_review,False,forward,admin,GP_TERM_9AF68223294D,Richiede verifica professionale prima di calcolo automatico.
pct\data\legal_knowledge_base.full.json,150003,Consorzio,Contenzioso civile,Persone giuridiche e diritto societario - persone giuridiche,"Procedimento societario, impresa o crisi d'impresa",deposito,DICHIARAZIONE DI RECESSO,15,,,iscrizione decisione legittimante nel Registro Imprese,decadenziale,art. 2473 c. 2 c.c.,MASSIMA,calcolabile_giorni,True,forward,admin,GP_TERM_0A79BDE39528,Importabile come template giorni se evento generatore e' valorizzato.
pct\data\legal_knowledge_base.full.json,150003,Consorzio,Contenzioso civile,Persone giuridiche e diritto societario - persone giuridiche,"Procedimento societario, impresa o crisi d'impresa",notifica,Liquidazione spontanea quota,,6,,comunicazione recesso,termine legale,art. 2473 c. 4 c.c.,,calcolabile_mesi,True,forward,admin,GP_TERM_CA2195ACD91E,Importabile come template mesi se evento generatore e' valorizzato.
pct\data\legal_knowledge_base.full.json,150003,Consorzio,Contenzioso civile,Persone giuridiche e diritto societario - persone giuridiche,"Procedimento societario, impresa o crisi d'impresa",notifica,Termine a comparire,120,,,notifica citazione (post-Cartabia),minimo legale,,,calcolabile_giorni,True,forward,admin,GP_TERM_173925D653A7,Importabile come template giorni se evento generatore e' valorizzato.
pct\data\legal_knowledge_base.full.json,150003,Consorzio,Contenzioso civile,Persone giuridiche e diritto societario - persone giuridiche,"Procedimento societario, impresa o crisi d'impresa",costituzione,Costituzione convenuto,70,,,prima udienza,perentorio,,,calcolabile_giorni,True,backward,admin,GP_TERM_10676FB56442,Importabile come template giorni se evento generatore e' valorizzato.
pct\data\legal_knowledge_base.full.json,150003,Consorzio,Contenzioso civile,Persone giuridiche e diritto societario - persone giuridiche,"Procedimento societario, impresa o crisi d'impresa",notifica,Termini processuali del procedimento,,,,"Da verificare secondo rito, provvedimento o notifica",,,,manual_review,False,forward,admin,GP_TERM_08966F3A34EA,Richiede verifica professionale prima di calcolo automatico.
pct\data\legal_knowledge_base.full.json,150004,Fondazione,Contenzioso civile,Persone giuridiche e diritto societario - persone giuridiche,"Procedimento societario, impresa o crisi d'impresa",notifica,Termini processuali del procedimento,,,,"Da verificare secondo rito, provvedimento o notifica",,,,manual_review,False,forward,admin,GP_TERM_B37593FB19DF,Richiede verifica professionale prima di calcolo automatico.
pct\data\legal_knowledge_base.full.json,150999,Altri istituti relativi alle persone giuridiche,Contenzioso civile,Persone giuridiche e diritto societario - persone giuridiche,"Procedimento societario, impresa o crisi d'impresa",notifica,Termini processuali del procedimento,,,,"Da verificare secondo rito, provvedimento o notifica",,,,manual_review,False,forward,admin,GP_TERM_A2576B888A01,Richiede verifica professionale prima di calcolo automatico.
pct\data\legal_knowledge_base.full.json,151111,"Cause di responsabilita proposte dalla L.CA. in societa fiduciarie e di revisione ex art. 2, L. n. 430/1986 (COLLEGIO E RITO DEL LAVORO)",Catalogo PST ufficiale,,Rito del lavoro,notifica,Termini processuali del procedimento,,,,"Da verificare secondo rito, provvedimento o notifica",,,,manual_review,False,forward,labor,GP_TERM_14762FFB878D,Richiede verifica professionale prima di calcolo automatico.
pct\data\legal_knowledge_base.full.json,151112,Impugnazione delle deliberazioni dell'assemblea e del CdA,Impugnazione delibere,,,impugnazione,Impugnazione annullabilità,90,,,data delibera o iscrizione registro imprese,decadenziale,art. 2377 c. 6,,calcolabile_giorni,True,forward,civil,GP_TERM_4A77D84869BC,Importabile come template giorni se evento generatore e' valorizzato.
pct\data\legal_knowledge_base.full.json,151112,Impugnazione delle deliberazioni dell'assemblea e del CdA,Impugnazione delibere,,,deposito,Nullità,1095,,,iscrizione/trascrizione,decadenziale,art. 2379 c. 1,,calcolabile_giorni,True,forward,civil,GP_TERM_8997B1D8B900,Importabile come template giorni se evento generatore e' valorizzato.
pct\data\legal_knowledge_base.full.json,151120,"Rapporti sociali e cessione di partecipazione nelle societa di fatto, di persone, di capitali, di cooperative e mutue assicuratrici",Catalogo PST ufficiale,,"Procedimento societario, impresa o crisi d'impresa",notifica,Termini processuali del procedimento,,,,"Da verificare secondo rito, provvedimento o notifica",,,,manual_review,False,forward,admin,GP_TERM_8B48F8B44BBD,Richiede verifica professionale prima di calcolo automatico.
pct\data\legal_knowledge_base.full.json,151121,Cause in materia di trasferimento di partecipazioni sociali etc.,Catalogo PST ufficiale,,Rito da verificare sul codice oggetto e sul registro di destinazione,notifica,Termini processuali del procedimento,,,,"Da verificare secondo rito, provvedimento o notifica",,,,manual_review,False,forward,civil,GP_TERM_F6D409C38EB9,Richiede verifica professionale prima di calcolo automatico.
pct\data\legal_knowledge_base.full.json,151122,Cause in materia di patti parasociali,Catalogo PST ufficiale,,Rito da verificare sul codice oggetto e sul registro di destinazione,notifica,Termini processuali del procedimento,,,,"Da verificare secondo rito, provvedimento o notifica",,,,manual_review,False,forward,civil,GP_TERM_DDAF450A0786,Richiede verifica professionale prima di calcolo automatico.
pct\data\legal_knowledge_base.full.json,151123,Cause in materia di offerte pubbliche etc.,Catalogo PST ufficiale,,Rito da verificare sul codice oggetto e sul registro di destinazione,notifica,Termini processuali del procedimento,,,,"Da verificare secondo rito, provvedimento o notifica",,,,manual_review,False,forward,civil,GP_TERM_0BCD3131E8CE,Richiede verifica professionale prima di calcolo automatico.
pct\data\legal_knowledge_base.full.json,151130,Opposizione dei creditori alla fusione delle societa (art. 2503 c.c.),Catalogo PST ufficiale,,"Procedimento societario, impresa o crisi d'impresa",notifica,Termini processuali del procedimento,,,,"Da verificare secondo rito, provvedimento o notifica",,,,manual_review,False,forward,admin,GP_TERM_3A48C0B1A999,Richiede verifica professionale prima di calcolo automatico.
pct\data\legal_knowledge_base.full.json,151999,Altri istituti di diritto societario,Catalogo PST ufficiale,,"Procedimento societario, impresa o crisi d'impresa",notifica,Termini processuali del procedimento,,,,"Da verificare secondo rito, provvedimento o notifica",,,,manual_review,False,forward,admin,GP_TERM_2E4ECE081072,Richiede verifica professionale prima di calcolo automatico.
pct\data\legal_knowledge_base.full.json,152001,Cause di respons. vs gli amministratori delle società di persone,Contenzioso civile,Società di persone,"Procedimento societario, impresa o crisi d'impresa",notifica,Termini processuali del procedimento,,,,"Da verificare secondo rito, provvedimento o notifica",,,,manual_review,False,forward,admin,GP_TERM_849C9F8C969A,Richiede verifica professionale prima di calcolo automatico.
pct\data\legal_knowledge_base.full.json,152003,Impugnazione delle delibere di assemblea – società di persone,Contenzioso civile,Società di persone,"Procedimento societario, impresa o crisi d'impresa",notifica,Termini processuali del procedimento,,,,"Da verificare secondo rito, provvedimento o notifica",,,,manual_review,False,forward,admin,GP_TERM_EE6BAFD61E3C,Richiede verifica professionale prima di calcolo automatico.
pct\data\legal_knowledge_base.full.json,152004,Cause in materia di rapporti societari – società di persone,Contenzioso civile,Società di persone,"Procedimento societario, impresa o crisi d'impresa",notifica,Termini processuali del procedimento,,,,"Da verificare secondo rito, provvedimento o notifica",,,,manual_review,False,forward,admin,GP_TERM_43FB8FC111B0,Richiede verifica professionale prima di calcolo automatico.
pct\data\legal_knowledge_base.full.json,152005,Cause in materia di trasferimento di partecipazioni sociali etc. – società di persone,Contenzioso civile,Società di persone,"Procedimento societario, impresa o crisi d'impresa",notifica,Termini processuali del procedimento,,,,"Da verificare secondo rito, provvedimento o notifica",,,,manual_review,False,forward,admin,GP_TERM_6A6174A4C717,Richiede verifica professionale prima di calcolo automatico.
pct\data\legal_knowledge_base.full.json,152006,Cause in materia di patti parasociali – società di persone,Contenzioso civile,Società di persone,"Procedimento societario, impresa o crisi d'impresa",notifica,Termini processuali del procedimento,,,,"Da verificare secondo rito, provvedimento o notifica",,,,manual_review,False,forward,admin,GP_TERM_9F0CAEA99871,Richiede verifica professionale prima di calcolo automatico.
pct\data\legal_knowledge_base.full.json,152110,"Cause di responsabilita contro gli organi amministrativi e di controllo, i direttori generali e i liquidatori delle associazioni in partecipazione e dei consorzi (COLLEGIO)",Contenzioso civile,Società di persone,"Procedimento societario, impresa o crisi d'impresa",notifica,Termini processuali del procedimento,,,,"Da verificare secondo rito, provvedimento o notifica",,,,manual_review,False,forward,admin,GP_TERM_D4328B95A4C6,Richiede verifica professionale prima di calcolo automatico.
pct\data\legal_knowledge_base.full.json,152112,Impugnazione delle deliberazioni dell'assemblea e del consiglio di amministrazione delle associazioni in partecipazione e dei consorzi (COLLEGIO),Contenzioso civile,Società di persone,"Procedimento societario, impresa o crisi d'impresa",notifica,Termini processuali del procedimento,,,,"Da verificare secondo rito, provvedimento o notifica",,,,manual_review,False,forward,admin,GP_TERM_6869E2AFFC77,Richiede verifica professionale prima di calcolo automatico.
pct\data\legal_knowledge_base.full.json,152999,Altre controversie in materia di società di persone,Contenzioso civile,Società di persone,"Procedimento societario, impresa o crisi d'impresa",notifica,Termini processuali del procedimento,,,,"Da verificare secondo rito, provvedimento o notifica",,,,manual_review,False,forward,admin,GP_TERM_DC27B135EC14,Richiede verifica professionale prima di calcolo automatico.
pct\data\legal_knowledge_base.full.json,153120,"Cause in materia di rapporti societari, ivi compresi quelli concernenti le societa di fatto nonche l'accertamento, la costituzione, la modificazione o l'estinzione del rapporto societario",Contenzioso civile,Diritto societario - procedimenti soggetti al rito ordinario ex d.lgs. n. 5/2003,"Procedimento societario, impresa o crisi d'impresa",notifica,Termini processuali del procedimento,,,,"Da verificare secondo rito, provvedimento o notifica",,,,manual_review,False,forward,admin,GP_TERM_C1D5506E5735,Richiede verifica professionale prima di calcolo automatico.
pct\data\legal_knowledge_base.full.json,153121,Cause in materia di trasferimento di partecipazioni sociali e di negozi o diritti inerenti,Contenzioso civile,Diritto societario - procedimenti soggetti al rito ordinario ex d.lgs. n. 5/2003,"Procedimento societario, impresa o crisi d'impresa",notifica,Termini processuali del procedimento,,,,"Da verificare secondo rito, provvedimento o notifica",,,,manual_review,False,forward,admin,GP_TERM_CC8B2C4B0A9B,Richiede verifica professionale prima di calcolo automatico.
pct\data\legal_knowledge_base.full.json,153122,Cause in materia di patti parasociali,Contenzioso civile,Diritto societario - procedimenti soggetti al rito ordinario ex d.lgs. n. 5/2003,"Procedimento societario, impresa o crisi d'impresa",notifica,Termini processuali del procedimento,,,,"Da verificare secondo rito, provvedimento o notifica",,,,manual_review,False,forward,admin,GP_TERM_CED15C262AE4,Richiede verifica professionale prima di calcolo automatico.
pct\data\legal_knowledge_base.full.json,153123,"Cause in materia di offerte pubbliche di acquisto, di scambio e di vendita (O.P.A., O.P.S., O.P.V.)",Contenzioso civile,Diritto societario - procedimenti soggetti al rito ordinario ex d.lgs. n. 5/2003,Esecuzione forzata,notifica,Termini processuali del procedimento,,,,"Da verificare secondo rito, provvedimento o notifica",,,,manual_review,False,forward,admin,GP_TERM_4CBDB548ECA3,Richiede verifica professionale prima di calcolo automatico.
pct\data\legal_knowledge_base.full.json,153999,Altri istituti di diritto societario soggetti al d.l.vo n. 5/2003,Contenzioso civile,Diritto societario - procedimenti soggetti al rito ordinario ex d.lgs. n. 5/2003,"Procedimento societario, impresa o crisi d'impresa",notifica,Termini processuali del procedimento,,,,"Da verificare secondo rito, provvedimento o notifica",,,,manual_review,False,forward,admin,GP_TERM_06D652E12520,Richiede verifica professionale prima di calcolo automatico.
pct\data\legal_knowledge_base.full.json,154112,"Pagamento di somma di danaro o di consegna di cosa mobile in cause di impugnazione delle deliberazioni dell'assemblea e del c.d.a. delle societa, delle mutue assicuratrici e delle societa cooperative",Contenzioso civile,Diritto societario - procedimenti soggetti al rito sommario ex d.lgs. n. 5/2003,"Procedimento societario, impresa o crisi d'impresa",notifica,Termini processuali del procedimento,,,,"Da verificare secondo rito, provvedimento o notifica",,,,manual_review,False,forward,admin,GP_TERM_B1E571E6CB58,Richiede verifica professionale prima di calcolo automatico.
pct\data\legal_knowledge_base.full.json,154120,"Pagamento di somma di danaro o di consegna di cosa mobile in materia di rapporti societari, ivi compresi quelli concernenti le societa di fatto",Contenzioso civile,Diritto societario - procedimenti soggetti al rito sommario ex d.lgs. n. 5/2003,"Procedimento societario, impresa o crisi d'impresa",notifica,Termini processuali del procedimento,,,,"Da verificare secondo rito, provvedimento o notifica",,,,manual_review,False,forward,admin,GP_TERM_52BA42FE0A4A,Richiede verifica professionale prima di calcolo automatico.
pct\data\legal_knowledge_base.full.json,154121,Pagamento di somma di danaro o di consegna di cosa mobile in cause in materia di trasferimento di partecipazioni sociali e di negozi o diritti inerenti,Contenzioso civile,Diritto societario - procedimenti soggetti al rito sommario ex d.lgs. n. 5/2003,"Procedimento societario, impresa o crisi d'impresa",notifica,Termini processuali del procedimento,,,,"Da verificare secondo rito, provvedimento o notifica",,,,manual_review,False,forward,admin,GP_TERM_38CB6D6BBDF5,Richiede verifica professionale prima di calcolo automatico.
pct\data\legal_knowledge_base.full.json,154122,Pagamento di somma di danaro o di consegna di cosa mobile in cause in materia di patti parasociali,Contenzioso civile,Diritto societario - procedimenti soggetti al rito sommario ex d.lgs. n. 5/2003,"Procedimento societario, impresa o crisi d'impresa",notifica,Termini processuali del procedimento,,,,"Da verificare secondo rito, provvedimento o notifica",,,,manual_review,False,forward,admin,GP_TERM_692592094B68,Richiede verifica professionale prima di calcolo automatico.
pct\data\legal_knowledge_base.full.json,154123,"Pagamento di somma di danaro o di consegna di cosa mobile in cause in materia di offerte pubbliche di acquisto, di scambio e di vendita (O.P.A., O.P.S., O.P.V.)",Contenzioso civile,Diritto societario - procedimenti soggetti al rito sommario ex d.lgs. n. 5/2003,Esecuzione forzata,notifica,Termini processuali del procedimento,,,,"Da verificare secondo rito, provvedimento o notifica",,,,manual_review,False,forward,admin,GP_TERM_E33082B8FEF4,Richiede verifica professionale prima di calcolo automatico.
pct\data\legal_knowledge_base.full.json,154999,Pagamento di somma di danaro o di consegna di cosa mobile in cause residuali in materia di dirtto societario soggette al d.l.vo n. 5/2003,Contenzioso civile,Diritto societario - procedimenti soggetti al rito sommario ex d.lgs. n. 5/2003,"Procedimento societario, impresa o crisi d'impresa",notifica,Termini processuali del procedimento,,,,"Da verificare secondo rito, provvedimento o notifica",,,,manual_review,False,forward,admin,GP_TERM_F61D6400FC80,Richiede verifica professionale prima di calcolo automatico.
pct\data\legal_knowledge_base.full.json,170001,Brevetto (invenzione e modello) - Marchio: Nullita - Decadenza,Contenzioso civile,Diritto industriale - vecchio rito,Rito da verificare sul codice oggetto e sul registro di destinazione,notifica,Termini processuali del procedimento,,,,"Da verificare secondo rito, provvedimento o notifica",,,,manual_review,False,forward,civil,GP_TERM_AF91C80D8480,Richiede verifica professionale prima di calcolo automatico.
pct\data\legal_knowledge_base.full.json,170004,Marchio,Contenzioso civile,Diritto industriale - vecchio rito,Rito da verificare sul codice oggetto e sul registro di destinazione,notifica,Termini processuali del procedimento,,,,"Da verificare secondo rito, provvedimento o notifica",,,,manual_review,False,forward,civil,GP_TERM_F1DBDD4A7E85,Richiede verifica professionale prima di calcolo automatico.
pct\data\legal_knowledge_base.full.json,170006,Concorrenza sleale (art. 2598 c.c.),Diritto industriale e commerciale,"Atti di concorrenza sleale - confusione, denigrazione, scorrettezza professionale",Rito ordinario di cognizione (con frequente fase cautelare ex art. 700 c.p.c. o inibitoria),prescrizione_decadenza,Prescrizione azione,,,5,fatto illecito (atti continuati: dalla cessazione),prescrizione,art. 2947 c.c.,,termine_lungo_o_prescrizione,False,forward,civil,GP_TERM_EADF5065C4EB,"Da registrare come regola/profilo, non come calcolo processuale ordinario."
pct\data\legal_knowledge_base.full.json,170006,Concorrenza sleale (art. 2598 c.c.),Diritto industriale e commerciale,"Atti di concorrenza sleale - confusione, denigrazione, scorrettezza professionale",Rito ordinario di cognizione (con frequente fase cautelare ex art. 700 c.p.c. o inibitoria),notifica,Termine a comparire,120,,,notifica citazione (post-Cartabia),minimo legale,,,calcolabile_giorni,True,forward,civil,GP_TERM_028A8AD1B712,Importabile come template giorni se evento generatore e' valorizzato.
pct\data\legal_knowledge_base.full.json,170006,Concorrenza sleale (art. 2598 c.c.),Diritto industriale e commerciale,"Atti di concorrenza sleale - confusione, denigrazione, scorrettezza professionale",Rito ordinario di cognizione (con frequente fase cautelare ex art. 700 c.p.c. o inibitoria),costituzione,Costituzione convenuto,70,,,prima udienza,perentorio,,,calcolabile_giorni,True,backward,civil,GP_TERM_2E1D654AA6E4,Importabile come template giorni se evento generatore e' valorizzato.
pct\data\legal_knowledge_base.full.json,170006,Concorrenza sleale (art. 2598 c.c.),Diritto industriale e commerciale,"Atti di concorrenza sleale - confusione, denigrazione, scorrettezza professionale",Rito ordinario di cognizione (con frequente fase cautelare ex art. 700 c.p.c. o inibitoria),impugnazione,Appello,30,,,notifica sentenza,perentorio,,,calcolabile_giorni,True,forward,civil,GP_TERM_43DDB93F1B64,Importabile come template giorni se evento generatore e' valorizzato.
pct\data\legal_knowledge_base.full.json,170011,Concorrenza sleale,Contenzioso civile,Diritto industriale - vecchio rito,Rito da verificare sul codice oggetto e sul registro di destinazione,notifica,Termini processuali del procedimento,,,,"Da verificare secondo rito, provvedimento o notifica",,,,manual_review,False,forward,civil,GP_TERM_0391E72EFD58,Richiede verifica professionale prima di calcolo automatico.
pct\data\legal_knowledge_base.full.json,170013,Concorrenza sleale interferente,Contenzioso civile,Diritto industriale - vecchio rito,Rito da verificare sul codice oggetto e sul registro di destinazione,notifica,Termini processuali del procedimento,,,,"Da verificare secondo rito, provvedimento o notifica",,,,manual_review,False,forward,civil,GP_TERM_4B80AEF99E02,Richiede verifica professionale prima di calcolo automatico.
pct\data\legal_knowledge_base.full.json,170014,Marchi di fatto,Contenzioso civile,Diritto industriale - vecchio rito,Rito da verificare sul codice oggetto e sul registro di destinazione,notifica,Termini processuali del procedimento,,,,"Da verificare secondo rito, provvedimento o notifica",,,,manual_review,False,forward,civil,GP_TERM_37A46319169C,Richiede verifica professionale prima di calcolo automatico.
pct\data\legal_knowledge_base.full.json,170015,Nome a dominio,Contenzioso civile,Diritto industriale - vecchio rito,Rito da verificare sul codice oggetto e sul registro di destinazione,notifica,Termini processuali del procedimento,,,,"Da verificare secondo rito, provvedimento o notifica",,,,manual_review,False,forward,civil,GP_TERM_0EE879B542FB,Richiede verifica professionale prima di calcolo automatico.
pct\data\legal_knowledge_base.full.json,170021,Diritto di autore,Contenzioso civile,Diritto industriale - vecchio rito,Rito da verificare sul codice oggetto e sul registro di destinazione,notifica,Termini processuali del procedimento,,,,"Da verificare secondo rito, provvedimento o notifica",,,,manual_review,False,forward,civil,GP_TERM_F28DADD45742,Richiede verifica professionale prima di calcolo automatico.
pct\data\legal_knowledge_base.full.json,170031,Ditta - Insegna - Denominazione sociale - Ragione sociale,Contenzioso civile,Diritto industriale - vecchio rito,Rito da verificare sul codice oggetto e sul registro di destinazione,notifica,Termini processuali del procedimento,,,,"Da verificare secondo rito, provvedimento o notifica",,,,manual_review,False,forward,civil,GP_TERM_FC9106A69766,Richiede verifica professionale prima di calcolo automatico.
pct\data\legal_knowledge_base.full.json,170041,Antitrust afferente diritti di proprietà industriale,Contenzioso civile,Diritto industriale - vecchio rito,Rito da verificare sul codice oggetto e sul registro di destinazione,notifica,Termini processuali del procedimento,,,,"Da verificare secondo rito, provvedimento o notifica",,,,manual_review,False,forward,civil,GP_TERM_30A675AB5887,Richiede verifica professionale prima di calcolo automatico.
pct\data\legal_knowledge_base.full.json,170042,Antitrust,Contenzioso civile,Diritto industriale - vecchio rito,Rito da verificare sul codice oggetto e sul registro di destinazione,notifica,Termini processuali del procedimento,,,,"Da verificare secondo rito, provvedimento o notifica",,,,manual_review,False,forward,civil,GP_TERM_2A3CE7A012CC,Richiede verifica professionale prima di calcolo automatico.
pct\data\legal_knowledge_base.full.json,170999,Altri istituti di diritto industriale,Contenzioso civile,Diritto industriale - vecchio rito,Rito da verificare sul codice oggetto e sul registro di destinazione,notifica,Termini processuali del procedimento,,,,"Da verificare secondo rito, provvedimento o notifica",,,,manual_review,False,forward,civil,GP_TERM_ED4EC44E087E,Richiede verifica professionale prima di calcolo automatico.
pct\data\legal_knowledge_base.full.json,171001,Opposizione alla sentenza dichiarativa di fallimento (art. 18 L.F.),Procedura concorsuale - opposizione apertura,,,impugnazione,Reclamo,30,,,notificazione sentenza,perentorio,,,calcolabile_giorni,True,forward,civil,GP_TERM_DF5E1AFB00DB,Importabile come template giorni se evento generatore e' valorizzato.
pct\data\legal_knowledge_base.full.json,171002,Opposizione all'accertamento dello stato di insolvenza,Contenzioso civile,Fallimento e procedure concorsuali,"Procedimento societario, impresa o crisi d'impresa",notifica,Termini processuali del procedimento,,,,"Da verificare secondo rito, provvedimento o notifica",,,,manual_review,False,forward,admin,GP_TERM_47691CF01F3D,Richiede verifica professionale prima di calcolo automatico.
pct\data\legal_knowledge_base.full.json,171101,azione di inefficacia ex art. 44,Contenzioso civile,Fallimento e procedure concorsuali,"Procedimento societario, impresa o crisi d'impresa",notifica,Termini processuali del procedimento,,,,"Da verificare secondo rito, provvedimento o notifica",,,,manual_review,False,forward,admin,GP_TERM_C51990D6AED5,Richiede verifica professionale prima di calcolo automatico.
pct\data\legal_knowledge_base.full.json,171102,azione di inefficacia ex art. 64,Contenzioso civile,Fallimento e procedure concorsuali,"Procedimento societario, impresa o crisi d'impresa",notifica,Termini processuali del procedimento,,,,"Da verificare secondo rito, provvedimento o notifica",,,,manual_review,False,forward,admin,GP_TERM_6B88FB3BA518,Richiede verifica professionale prima di calcolo automatico.
pct\data\legal_knowledge_base.full.json,171103,azione ex artt. 72 e ss.,Contenzioso civile,Fallimento e procedure concorsuali,"Procedimento societario, impresa o crisi d'impresa",notifica,Termini processuali del procedimento,,,,"Da verificare secondo rito, provvedimento o notifica",,,,manual_review,False,forward,admin,GP_TERM_4AE192537611,Richiede verifica professionale prima di calcolo automatico.
pct\data\legal_knowledge_base.full.json,171104,azione di inefficacia ex art. 167,Contenzioso civile,Fallimento e procedure concorsuali,"Procedimento societario, impresa o crisi d'impresa",notifica,Termini processuali del procedimento,,,,"Da verificare secondo rito, provvedimento o notifica",,,,manual_review,False,forward,admin,GP_TERM_DCA46B3B6108,Richiede verifica professionale prima di calcolo automatico.
pct\data\legal_knowledge_base.full.json,171201,Opposizione allo stato passivo (art. 98 L.F.),Stato passivo,,,impugnazione,Opposizione,30,,,comunicazione esecutività stato passivo,perentorio,,,calcolabile_giorni,True,forward,civil,GP_TERM_2F8FEE9BF6EB,Importabile come template giorni se evento generatore e' valorizzato.
pct\data\legal_knowledge_base.full.json,171204,Istanza di revocazione contro crediti ammessi (art. 102),Contenzioso civile,Fallimento e procedure concorsuali,"Procedimento societario, impresa o crisi d'impresa",notifica,Termini processuali del procedimento,,,,"Da verificare secondo rito, provvedimento o notifica",,,,manual_review,False,forward,admin,GP_TERM_DE445AA72BD6,Richiede verifica professionale prima di calcolo automatico.
pct\data\legal_knowledge_base.full.json,171205,"Domande di rivendicazione,, restituzione e separazione di cose mobili (art. 103)",Contenzioso civile,Fallimento e procedure concorsuali,"Procedimenti in materia di persone, minorenni e famiglie",notifica,Termini processuali del procedimento,,,,"Da verificare secondo rito, provvedimento o notifica",,,,manual_review,False,forward,civil,GP_TERM_81C063260216,Richiede verifica professionale prima di calcolo automatico.
pct\data\legal_knowledge_base.full.json,171301,Contestazione avverso il rendiconto del curatore (art. 116),Contenzioso civile,Fallimento e procedure concorsuali,"Procedimento societario, impresa o crisi d'impresa",notifica,Termini processuali del procedimento,,,,"Da verificare secondo rito, provvedimento o notifica",,,,manual_review,False,forward,admin,GP_TERM_05CE8D762084,Richiede verifica professionale prima di calcolo automatico.
pct\data\legal_knowledge_base.full.json,171311,Cause di omologazione di concordato fallimentare (artt. 124 e ss.),Contenzioso civile,Fallimento e procedure concorsuali,"Procedimento societario, impresa o crisi d'impresa",notifica,Termini processuali del procedimento,,,,"Da verificare secondo rito, provvedimento o notifica",,,,manual_review,False,forward,admin,GP_TERM_85899C511AD5,Richiede verifica professionale prima di calcolo automatico.
pct\data\legal_knowledge_base.full.json,171321,Cause di omologazione di concordato preventivo (art. 160 e ss.),Contenzioso civile,Fallimento e procedure concorsuali,"Procedimento societario, impresa o crisi d'impresa",notifica,Termini processuali del procedimento,,,,"Da verificare secondo rito, provvedimento o notifica",,,,manual_review,False,forward,admin,GP_TERM_A7A315C085D2,Richiede verifica professionale prima di calcolo automatico.
pct\data\legal_knowledge_base.full.json,171401,Istanza e ricorso per la dichiarazione di fallimento e relativo reclamo (art. 6-22 del R.D. n. 267/1942),Contenzioso civile,Fallimento e procedure concorsuali,"Procedimento societario, impresa o crisi d'impresa",notifica,Termini processuali del procedimento,,,,"Da verificare secondo rito, provvedimento o notifica",,,,manual_review,False,forward,admin,GP_TERM_CF7D812BF127,Richiede verifica professionale prima di calcolo automatico.
pct\data\legal_knowledge_base.full.json,171402,Istanza per estensione di fallimento (art. 147 del R.D. n. 267/1942,Contenzioso civile,Fallimento e procedure concorsuali,"Procedimento societario, impresa o crisi d'impresa",notifica,Termini processuali del procedimento,,,,"Da verificare secondo rito, provvedimento o notifica",,,,manual_review,False,forward,admin,GP_TERM_397DE99529F4,Richiede verifica professionale prima di calcolo automatico.
pct\data\legal_knowledge_base.full.json,171403,Accertamento dello stato di insolvenza nella Liquidazione coatta amministrativa o nella Amministrazione straordinaria e relativo reclamo,Contenzioso civile,Fallimento e procedure concorsuali,"Procedimento societario, impresa o crisi d'impresa",notifica,Termini processuali del procedimento,,,,"Da verificare secondo rito, provvedimento o notifica",,,,manual_review,False,forward,admin,GP_TERM_D2EFC6F7DF2C,Richiede verifica professionale prima di calcolo automatico.
pct\data\legal_knowledge_base.full.json,171404,Esdebitazione del Debitore Incapiente (CCI),Contenzioso civile,Fallimento e procedure concorsuali,"Procedimento societario, impresa o crisi d'impresa",notifica,Termini processuali del procedimento,,,,"Da verificare secondo rito, provvedimento o notifica",,,,manual_review,False,forward,admin,GP_TERM_7142150B67B5,Richiede verifica professionale prima di calcolo automatico.
pct\data\legal_knowledge_base.full.json,171405,Reclamo avverso il rigetto della dichiarazione dello stato di insolvenza (LCA),Contenzioso civile,Fallimento e procedure concorsuali,"Procedimento societario, impresa o crisi d'impresa",notifica,Termini processuali del procedimento,,,,"Da verificare secondo rito, provvedimento o notifica",,,,manual_review,False,forward,admin,GP_TERM_AF45FDF716FA,Richiede verifica professionale prima di calcolo automatico.
pct\data\legal_knowledge_base.full.json,171406,Opposizione all'omologazione del piano di ristrutturazione,Contenzioso civile,Fallimento e procedure concorsuali,"Procedimento societario, impresa o crisi d'impresa",notifica,Termini processuali del procedimento,,,,"Da verificare secondo rito, provvedimento o notifica",,,,manual_review,False,forward,admin,GP_TERM_59EE81580082,Richiede verifica professionale prima di calcolo automatico.
pct\data\legal_knowledge_base.full.json,171999,Altri istituti di diritto fallimentare,Contenzioso civile,Fallimento e procedure concorsuali,"Procedimento societario, impresa o crisi d'impresa",notifica,Termini processuali del procedimento,,,,"Da verificare secondo rito, provvedimento o notifica",,,,manual_review,False,forward,admin,GP_TERM_04CC1F5F37F7,Richiede verifica professionale prima di calcolo automatico.
pct\data\legal_knowledge_base.full.json,172001,Brevetto (invenzione e modello) - Marchio,Contenzioso civile,Diritto industriale - vecchio rito,Rito da verificare sul codice oggetto e sul registro di destinazione,notifica,Termini processuali del procedimento,,,,"Da verificare secondo rito, provvedimento o notifica",,,,manual_review,False,forward,civil,GP_TERM_20410C89B3EB,Richiede verifica professionale prima di calcolo automatico.
pct\data\legal_knowledge_base.full.json,172011,Concorrenza sleale,Contenzioso civile,Diritto industriale - vecchio rito,Rito da verificare sul codice oggetto e sul registro di destinazione,notifica,Termini processuali del procedimento,,,,"Da verificare secondo rito, provvedimento o notifica",,,,manual_review,False,forward,civil,GP_TERM_4C3A587B5851,Richiede verifica professionale prima di calcolo automatico.
pct\data\legal_knowledge_base.full.json,172012,Concorrenza sleale interferente- marchio di fatto - nome a dominio,Contenzioso civile,Diritto industriale - vecchio rito,Rito da verificare sul codice oggetto e sul registro di destinazione,notifica,Termini processuali del procedimento,,,,"Da verificare secondo rito, provvedimento o notifica",,,,manual_review,False,forward,civil,GP_TERM_F245DCF2CF2F,Richiede verifica professionale prima di calcolo automatico.
pct\data\legal_knowledge_base.full.json,172021,Diritto di autore,Contenzioso civile,Diritto industriale - vecchio rito,Rito da verificare sul codice oggetto e sul registro di destinazione,notifica,Termini processuali del procedimento,,,,"Da verificare secondo rito, provvedimento o notifica",,,,manual_review,False,forward,civil,GP_TERM_2E5603C8A85B,Richiede verifica professionale prima di calcolo automatico.
pct\data\legal_knowledge_base.full.json,172031,Ditta - Insegna - Denominazione sociale,Contenzioso civile,Diritto industriale - vecchio rito,Rito da verificare sul codice oggetto e sul registro di destinazione,notifica,Termini processuali del procedimento,,,,"Da verificare secondo rito, provvedimento o notifica",,,,manual_review,False,forward,civil,GP_TERM_468DBB6B72F7,Richiede verifica professionale prima di calcolo automatico.
pct\data\legal_knowledge_base.full.json,172999,Altri istituti di diritto industriale,Contenzioso civile,Diritto industriale - vecchio rito,Rito da verificare sul codice oggetto e sul registro di destinazione,notifica,Termini processuali del procedimento,,,,"Da verificare secondo rito, provvedimento o notifica",,,,manual_review,False,forward,civil,GP_TERM_626A1DB41B47,Richiede verifica professionale prima di calcolo automatico.
pct\data\legal_knowledge_base.full.json,173001,Brevetto (invenzione e modello) - Marchio,Contenzioso civile,Diritto industriale - nuovo rito,Rito da verificare sul codice oggetto e sul registro di destinazione,notifica,Termini processuali del procedimento,,,,"Da verificare secondo rito, provvedimento o notifica",,,,manual_review,False,forward,civil,GP_TERM_31DB13A8E493,Richiede verifica professionale prima di calcolo automatico.
pct\data\legal_knowledge_base.full.json,173011,Concorrenza sleale,Contenzioso civile,Diritto industriale - nuovo rito,Rito da verificare sul codice oggetto e sul registro di destinazione,notifica,Termini processuali del procedimento,,,,"Da verificare secondo rito, provvedimento o notifica",,,,manual_review,False,forward,civil,GP_TERM_F82BE83078C8,Richiede verifica professionale prima di calcolo automatico.
pct\data\legal_knowledge_base.full.json,173012,Concorrenza sleale interferente- marchio di fatto - nome a dominio,Contenzioso civile,Diritto industriale - nuovo rito,Rito da verificare sul codice oggetto e sul registro di destinazione,notifica,Termini processuali del procedimento,,,,"Da verificare secondo rito, provvedimento o notifica",,,,manual_review,False,forward,civil,GP_TERM_8BAF08DA6004,Richiede verifica professionale prima di calcolo automatico.
pct\data\legal_knowledge_base.full.json,173021,Diritto di autore,Contenzioso civile,Diritto industriale - nuovo rito,Rito da verificare sul codice oggetto e sul registro di destinazione,notifica,Termini processuali del procedimento,,,,"Da verificare secondo rito, provvedimento o notifica",,,,manual_review,False,forward,civil,GP_TERM_B5C81A24DED5,Richiede verifica professionale prima di calcolo automatico.
pct\data\legal_knowledge_base.full.json,173031,Ditta - Insegna - Denominazione sociale,Contenzioso civile,Diritto industriale - nuovo rito,Rito da verificare sul codice oggetto e sul registro di destinazione,notifica,Termini processuali del procedimento,,,,"Da verificare secondo rito, provvedimento o notifica",,,,manual_review,False,forward,civil,GP_TERM_916F9BE36715,Richiede verifica professionale prima di calcolo automatico.
pct\data\legal_knowledge_base.full.json,173999,Altri istituti di diritto industriale,Contenzioso civile,Diritto industriale - nuovo rito,Rito da verificare sul codice oggetto e sul registro di destinazione,notifica,Termini processuali del procedimento,,,,"Da verificare secondo rito, provvedimento o notifica",,,,manual_review,False,forward,civil,GP_TERM_903648EA8625,Richiede verifica professionale prima di calcolo automatico.
pct\data\legal_knowledge_base.full.json,174101,Azione di inefficacia ex art. 144 CCI,Contenzioso civile,Azioni di diritto concorsuale,Rito da verificare sul codice oggetto e sul registro di destinazione,notifica,Termini processuali del procedimento,,,,"Da verificare secondo rito, provvedimento o notifica",,,,manual_review,False,forward,civil,GP_TERM_9CA3FAE2D3CF,Richiede verifica professionale prima di calcolo automatico.
pct\data\legal_knowledge_base.full.json,174102,Azione di inefficacia ex art. 163 CCI,Contenzioso civile,Azioni di diritto concorsuale,Rito da verificare sul codice oggetto e sul registro di destinazione,notifica,Termini processuali del procedimento,,,,"Da verificare secondo rito, provvedimento o notifica",,,,manual_review,False,forward,civil,GP_TERM_90B5EDABA273,Richiede verifica professionale prima di calcolo automatico.
pct\data\legal_knowledge_base.full.json,174103,Azione di inefficacia ex art. 94 CCI,Contenzioso civile,Azioni di diritto concorsuale,Rito da verificare sul codice oggetto e sul registro di destinazione,notifica,Termini processuali del procedimento,,,,"Da verificare secondo rito, provvedimento o notifica",,,,manual_review,False,forward,civil,GP_TERM_D7EB6EA4A006,Richiede verifica professionale prima di calcolo automatico.
pct\data\legal_knowledge_base.full.json,174104,Azione revocatoria ex art. 166 CCI,Contenzioso civile,Azioni di diritto concorsuale,Rito da verificare sul codice oggetto e sul registro di destinazione,notifica,Termini processuali del procedimento,,,,"Da verificare secondo rito, provvedimento o notifica",,,,manual_review,False,forward,civil,GP_TERM_9D00D87EE538,Richiede verifica professionale prima di calcolo automatico.
pct\data\legal_knowledge_base.full.json,174201,Opposizione sentenza di apertura della liquidazione giudiziale,Contenzioso civile,Azioni di diritto concorsuale,"Procedimento societario, impresa o crisi d'impresa",notifica,Termini processuali del procedimento,,,,"Da verificare secondo rito, provvedimento o notifica",,,,manual_review,False,forward,admin,GP_TERM_2846BC5886BF,Richiede verifica professionale prima di calcolo automatico.
pct\data\legal_knowledge_base.full.json,174202,Opposizione all'accertamento dello stato di insolvenza,Contenzioso civile,Azioni di diritto concorsuale,"Procedimento societario, impresa o crisi d'impresa",notifica,Termini processuali del procedimento,,,,"Da verificare secondo rito, provvedimento o notifica",,,,manual_review,False,forward,admin,GP_TERM_E858795933C8,Richiede verifica professionale prima di calcolo automatico.
pct\data\legal_knowledge_base.full.json,174203,Opposizione omologazione concordato preventivo,Contenzioso civile,Azioni di diritto concorsuale,"Impugnazione, reclamo od opposizione",notifica,Termini processuali del procedimento,,,,"Da verificare secondo rito, provvedimento o notifica",,,,manual_review,False,forward,civil,GP_TERM_614B818E2BC2,Richiede verifica professionale prima di calcolo automatico.
pct\data\legal_knowledge_base.full.json,174204,Opposizione omologazione accordo di ristrutturazione,Contenzioso civile,Azioni di diritto concorsuale,"Impugnazione, reclamo od opposizione",notifica,Termini processuali del procedimento,,,,"Da verificare secondo rito, provvedimento o notifica",,,,manual_review,False,forward,civil,GP_TERM_8EEAB1CE3818,Richiede verifica professionale prima di calcolo automatico.
pct\data\legal_knowledge_base.full.json,174999,Altri istituti di diritto concorsuale,Contenzioso civile,Azioni di diritto concorsuale,Rito da verificare sul codice oggetto e sul registro di destinazione,notifica,Termini processuali del procedimento,,,,"Da verificare secondo rito, provvedimento o notifica",,,,manual_review,False,forward,civil,GP_TERM_C48DD7FA08B8,Richiede verifica professionale prima di calcolo automatico.
pct\data\legal_knowledge_base.full.json,180001,Opposizione all'ordinanza-ingiunzione ex artt. 22 e ss. L. 689/1981 (escluso lavoro),Opposizioni a sanzioni amministrative,,Rito del lavoro (per richiamo D.Lgs. 150/2011 art. 6),impugnazione,Opposizione,30,,,notificazione ordinanza,perentorio,,,calcolabile_giorni,True,forward,labor,GP_TERM_CA07B1F7E677,Importabile come template giorni se evento generatore e' valorizzato.
pct\data\legal_knowledge_base.full.json,180003,Opposizione ordinanza prefettizia di cui all'art. 75 c.4 DPR 309/1990 (stupefacenti),Contenzioso civile,Controversie di diritto amministrativo,"Impugnazione, reclamo od opposizione",notifica,Termini processuali del procedimento,,,,"Da verificare secondo rito, provvedimento o notifica",,,,manual_review,False,forward,admin,GP_TERM_7F5D6ADF6D91,Richiede verifica professionale prima di calcolo automatico.
pct\data\legal_knowledge_base.full.json,180004,Opposizione ordinanza/decreto prefettizio di cui all'art. di cui all'art. 75 c.9 DPR 309/1990 (stupefacenti),Contenzioso civile,Controversie di diritto amministrativo,"Impugnazione, reclamo od opposizione",notifica,Termini processuali del procedimento,,,,"Da verificare secondo rito, provvedimento o notifica",,,,manual_review,False,forward,admin,GP_TERM_F743B3E4B747,Richiede verifica professionale prima di calcolo automatico.
pct\data\legal_knowledge_base.full.json,180011,Risarcimento danni da occupazione illegittima ed accessione invertita,Contenzioso civile,Controversie di diritto amministrativo,Rito da verificare sul codice oggetto e sul registro di destinazione,notifica,Termini processuali del procedimento,,,,"Da verificare secondo rito, provvedimento o notifica",,,,manual_review,False,forward,admin,GP_TERM_CBACB87B567C,Richiede verifica professionale prima di calcolo automatico.
pct\data\legal_knowledge_base.full.json,180021,Contenzioso di diritto tributario e doganale,Contenzioso civile,Controversie di diritto amministrativo,Rito da verificare sul codice oggetto e sul registro di destinazione,notifica,Termini processuali del procedimento,,,,"Da verificare secondo rito, provvedimento o notifica",,,,manual_review,False,forward,tax,GP_TERM_483739582802,Richiede verifica professionale prima di calcolo automatico.
pct\data\legal_knowledge_base.full.json,180031,Contenzioso di diritto valutario,Contenzioso civile,Controversie di diritto amministrativo,Rito da verificare sul codice oggetto e sul registro di destinazione,notifica,Termini processuali del procedimento,,,,"Da verificare secondo rito, provvedimento o notifica",,,,manual_review,False,forward,admin,GP_TERM_1C2B8B99576E,Richiede verifica professionale prima di calcolo automatico.
pct\data\legal_knowledge_base.full.json,180041,Contenzioso relativo a beni demaniali,Contenzioso civile,Controversie di diritto amministrativo,Rito da verificare sul codice oggetto e sul registro di destinazione,notifica,Termini processuali del procedimento,,,,"Da verificare secondo rito, provvedimento o notifica",,,,manual_review,False,forward,admin,GP_TERM_D51C43BDCADA,Richiede verifica professionale prima di calcolo automatico.
pct\data\legal_knowledge_base.full.json,180051,Risarcimento danni da provvedimento illegittimo della P-A.,Contenzioso civile,Controversie di diritto amministrativo,Rito da verificare sul codice oggetto e sul registro di destinazione,notifica,Termini processuali del procedimento,,,,"Da verificare secondo rito, provvedimento o notifica",,,,manual_review,False,forward,admin,GP_TERM_ED0726FD8827,Richiede verifica professionale prima di calcolo automatico.
pct\data\legal_knowledge_base.full.json,180999,Altre controversie di diritto amministrativo,Contenzioso civile,Controversie di diritto amministrativo,Rito da verificare sul codice oggetto e sul registro di destinazione,notifica,Termini processuali del procedimento,,,,"Da verificare secondo rito, provvedimento o notifica",,,,manual_review,False,forward,admin,GP_TERM_74A9F780EA91,Richiede verifica professionale prima di calcolo automatico.
pct\data\legal_knowledge_base.full.json,181003,"Cause di respons. vs gli organi amministrativi e di controllo,etc - Sez. Spec. Impresa",Contenzioso civile,Sezione specializzata dell'impresa,"Procedimento societario, impresa o crisi d'impresa",notifica,Termini processuali del procedimento,,,,"Da verificare secondo rito, provvedimento o notifica",,,,manual_review,False,forward,admin,GP_TERM_3296A5BB9894,Richiede verifica professionale prima di calcolo automatico.
pct\data\legal_knowledge_base.full.json,181004,"Impugn delle deliber. dell'assem. e del CdA,etc. - Sez. Spec. Impresa",Contenzioso civile,Sezione specializzata dell'impresa,"Procedimento societario, impresa o crisi d'impresa",notifica,Termini processuali del procedimento,,,,"Da verificare secondo rito, provvedimento o notifica",,,,manual_review,False,forward,admin,GP_TERM_815F57DBF1B3,Richiede verifica professionale prima di calcolo automatico.
pct\data\legal_knowledge_base.full.json,181005,Cause in materia di rapporti societari - Sez. Spec. Impresa,Contenzioso civile,Sezione specializzata dell'impresa,"Procedimento societario, impresa o crisi d'impresa",notifica,Termini processuali del procedimento,,,,"Da verificare secondo rito, provvedimento o notifica",,,,manual_review,False,forward,admin,GP_TERM_EB00D6CD355D,Richiede verifica professionale prima di calcolo automatico.
pct\data\legal_knowledge_base.full.json,181006,Brevetto di invenzione,Contenzioso civile,Sezione specializzata dell'impresa,"Procedimento societario, impresa o crisi d'impresa",notifica,Termini processuali del procedimento,,,,"Da verificare secondo rito, provvedimento o notifica",,,,manual_review,False,forward,admin,GP_TERM_B8D17DD8C9E5,Richiede verifica professionale prima di calcolo automatico.
pct\data\legal_knowledge_base.full.json,181007,Brevetto di modello di utilita',Contenzioso civile,Sezione specializzata dell'impresa,"Procedimento societario, impresa o crisi d'impresa",notifica,Termini processuali del procedimento,,,,"Da verificare secondo rito, provvedimento o notifica",,,,manual_review,False,forward,admin,GP_TERM_415135CE9E6E,Richiede verifica professionale prima di calcolo automatico.
pct\data\legal_knowledge_base.full.json,181008,Marchio,Contenzioso civile,Sezione specializzata dell'impresa,"Procedimento societario, impresa o crisi d'impresa",notifica,Termini processuali del procedimento,,,,"Da verificare secondo rito, provvedimento o notifica",,,,manual_review,False,forward,admin,GP_TERM_E9C8312481FF,Richiede verifica professionale prima di calcolo automatico.
pct\data\legal_knowledge_base.full.json,181009,Concorrenza sleale interferente,Contenzioso civile,Sezione specializzata dell'impresa,"Procedimento societario, impresa o crisi d'impresa",notifica,Termini processuali del procedimento,,,,"Da verificare secondo rito, provvedimento o notifica",,,,manual_review,False,forward,admin,GP_TERM_95EBEDD46B33,Richiede verifica professionale prima di calcolo automatico.
pct\data\legal_knowledge_base.full.json,181010,Marchi di fatto,Contenzioso civile,Sezione specializzata dell'impresa,"Procedimento societario, impresa o crisi d'impresa",notifica,Termini processuali del procedimento,,,,"Da verificare secondo rito, provvedimento o notifica",,,,manual_review,False,forward,admin,GP_TERM_84753E7C34E0,Richiede verifica professionale prima di calcolo automatico.
pct\data\legal_knowledge_base.full.json,181011,Nome a dominio,Contenzioso civile,Sezione specializzata dell'impresa,"Procedimento societario, impresa o crisi d'impresa",notifica,Termini processuali del procedimento,,,,"Da verificare secondo rito, provvedimento o notifica",,,,manual_review,False,forward,admin,GP_TERM_B558A77FA957,Richiede verifica professionale prima di calcolo automatico.
pct\data\legal_knowledge_base.full.json,181012,Diritto di autore e diritti connessi,Contenzioso civile,Sezione specializzata dell'impresa,"Procedimento societario, impresa o crisi d'impresa",notifica,Termini processuali del procedimento,,,,"Da verificare secondo rito, provvedimento o notifica",,,,manual_review,False,forward,admin,GP_TERM_E28B84CF107A,Richiede verifica professionale prima di calcolo automatico.
pct\data\legal_knowledge_base.full.json,181013,Ditta - Insegna - Denominazione sociale - Ragione sociale,Contenzioso civile,Sezione specializzata dell'impresa,"Procedimento societario, impresa o crisi d'impresa",notifica,Termini processuali del procedimento,,,,"Da verificare secondo rito, provvedimento o notifica",,,,manual_review,False,forward,admin,GP_TERM_1ED0C7E166C7,Richiede verifica professionale prima di calcolo automatico.
pct\data\legal_knowledge_base.full.json,181014,Disegni e modelli comunitari registrati,Contenzioso civile,Sezione specializzata dell'impresa,"Procedimento societario, impresa o crisi d'impresa",notifica,Termini processuali del procedimento,,,,"Da verificare secondo rito, provvedimento o notifica",,,,manual_review,False,forward,admin,GP_TERM_9F1FFFC81A9F,Richiede verifica professionale prima di calcolo automatico.
pct\data\legal_knowledge_base.full.json,181015,Disegni e modelli comunitari non registrati,Contenzioso civile,Sezione specializzata dell'impresa,"Procedimento societario, impresa o crisi d'impresa",notifica,Termini processuali del procedimento,,,,"Da verificare secondo rito, provvedimento o notifica",,,,manual_review,False,forward,admin,GP_TERM_988010B04A4E,Richiede verifica professionale prima di calcolo automatico.
pct\data\legal_knowledge_base.full.json,181016,Disegni e modelli nazionali,Contenzioso civile,Sezione specializzata dell'impresa,"Procedimento societario, impresa o crisi d'impresa",notifica,Termini processuali del procedimento,,,,"Da verificare secondo rito, provvedimento o notifica",,,,manual_review,False,forward,admin,GP_TERM_1A0D934EAAC6,Richiede verifica professionale prima di calcolo automatico.
pct\data\legal_knowledge_base.full.json,181017,Controversie in materia di proprietà industriale per violazione della normativa antitrust nazionale,Contenzioso civile,Sezione specializzata dell'impresa,"Procedimento societario, impresa o crisi d'impresa",notifica,Termini processuali del procedimento,,,,"Da verificare secondo rito, provvedimento o notifica",,,,manual_review,False,forward,admin,GP_TERM_8B5C4009B8FB,Richiede verifica professionale prima di calcolo automatico.
pct\data\legal_knowledge_base.full.json,181018,Controversie in materia di proprietà industriale per violazione della normativa antitrust dell’Unione Europea,Contenzioso civile,Sezione specializzata dell'impresa,"Procedimento societario, impresa o crisi d'impresa",notifica,Termini processuali del procedimento,,,,"Da verificare secondo rito, provvedimento o notifica",,,,manual_review,False,forward,admin,GP_TERM_00E672A9C5BD,Richiede verifica professionale prima di calcolo automatico.
pct\data\legal_knowledge_base.full.json,181019,Controversie in materia di operazioni di concentrazione societarie,Contenzioso civile,Sezione specializzata dell'impresa,"Procedimento societario, impresa o crisi d'impresa",notifica,Termini processuali del procedimento,,,,"Da verificare secondo rito, provvedimento o notifica",,,,manual_review,False,forward,admin,GP_TERM_492A315A18CB,Richiede verifica professionale prima di calcolo automatico.
pct\data\legal_knowledge_base.full.json,181022,Marchio Europeo,Contenzioso civile,Sezione specializzata dell'impresa,"Procedimento societario, impresa o crisi d'impresa",notifica,Termini processuali del procedimento,,,,"Da verificare secondo rito, provvedimento o notifica",,,,manual_review,False,forward,admin,GP_TERM_D947363C941D,Richiede verifica professionale prima di calcolo automatico.
pct\data\legal_knowledge_base.full.json,181023,Brevetto Europeo,Contenzioso civile,Sezione specializzata dell'impresa,"Procedimento societario, impresa o crisi d'impresa",notifica,Termini processuali del procedimento,,,,"Da verificare secondo rito, provvedimento o notifica",,,,manual_review,False,forward,admin,GP_TERM_A2E78A108216,Richiede verifica professionale prima di calcolo automatico.
pct\data\legal_knowledge_base.full.json,181024,Marchio collettivo (art. 11 c.p.i.),Contenzioso civile,Sezione specializzata dell'impresa,"Procedimento societario, impresa o crisi d'impresa",notifica,Termini processuali del procedimento,,,,"Da verificare secondo rito, provvedimento o notifica",,,,manual_review,False,forward,admin,GP_TERM_8F35F67115DC,Richiede verifica professionale prima di calcolo automatico.
pct\data\legal_knowledge_base.full.json,181025,Tutela indicazioni geografiche (art. 29 c.p.i.),Contenzioso civile,Sezione specializzata dell'impresa,Volontaria giurisdizione,notifica,Termini processuali del procedimento,,,,"Da verificare secondo rito, provvedimento o notifica",,,,manual_review,False,forward,admin,GP_TERM_86B2E062672F,Richiede verifica professionale prima di calcolo automatico.
pct\data\legal_knowledge_base.full.json,181026,Tutela segreti commerciali (art. 98 c.p.i.),Contenzioso civile,Sezione specializzata dell'impresa,Volontaria giurisdizione,notifica,Termini processuali del procedimento,,,,"Da verificare secondo rito, provvedimento o notifica",,,,manual_review,False,forward,admin,GP_TERM_03AE71900981,Richiede verifica professionale prima di calcolo automatico.
pct\data\legal_knowledge_base.full.json,181027,Tutela delle informazioni segrete – Know how (art. 99 c.p.i.),Contenzioso civile,Sezione specializzata dell'impresa,Volontaria giurisdizione,notifica,Termini processuali del procedimento,,,,"Da verificare secondo rito, provvedimento o notifica",,,,manual_review,False,forward,admin,GP_TERM_AEB35E843B05,Richiede verifica professionale prima di calcolo automatico.
pct\data\legal_knowledge_base.full.json,181028,Appalti pubblici sopra soglia di rilevanza comunitaria,Contenzioso civile,Sezione specializzata dell'impresa,"Procedimento societario, impresa o crisi d'impresa",notifica,Termini processuali del procedimento,,,,"Da verificare secondo rito, provvedimento o notifica",,,,manual_review,False,forward,admin,GP_TERM_5234F59AAD1D,Richiede verifica professionale prima di calcolo automatico.
pct\data\legal_knowledge_base.full.json,181029,Cause in materia di trasferimento di partecipazioni sociali etc. - Sez. Spec. imprese,Contenzioso civile,Sezione specializzata dell'impresa,"Procedimento societario, impresa o crisi d'impresa",notifica,Termini processuali del procedimento,,,,"Da verificare secondo rito, provvedimento o notifica",,,,manual_review,False,forward,admin,GP_TERM_D9ADD3E08CB5,Richiede verifica professionale prima di calcolo automatico.
pct\data\legal_knowledge_base.full.json,181030,Cause in materia di patti parasociali - Sez. Spec. Impresa,Contenzioso civile,Sezione specializzata dell'impresa,"Procedimento societario, impresa o crisi d'impresa",notifica,Termini processuali del procedimento,,,,"Da verificare secondo rito, provvedimento o notifica",,,,manual_review,False,forward,admin,GP_TERM_078520782345,Richiede verifica professionale prima di calcolo automatico.
pct\data\legal_knowledge_base.full.json,181031,Cause in materia di offerte pubbliche etc. - Sez. Spec. Impresa,Contenzioso civile,Sezione specializzata dell'impresa,"Procedimento societario, impresa o crisi d'impresa",notifica,Termini processuali del procedimento,,,,"Da verificare secondo rito, provvedimento o notifica",,,,manual_review,False,forward,admin,GP_TERM_7970347BCAC4,Richiede verifica professionale prima di calcolo automatico.
pct\data\legal_knowledge_base.full.json,181032,Revocazione ex art. 395 c.p.c. - Sez. Spec. Impresa,Contenzioso civile,Sezione specializzata dell'impresa,"Procedimento societario, impresa o crisi d'impresa",notifica,Termini processuali del procedimento,,,,"Da verificare secondo rito, provvedimento o notifica",,,,manual_review,False,forward,admin,GP_TERM_88FA6C52976A,Richiede verifica professionale prima di calcolo automatico.
pct\data\legal_knowledge_base.full.json,181033,Opposizione di terzo ex artt. 404 e ss. c.p.c. - Sez. Spec. Impresa,Contenzioso civile,Sezione specializzata dell'impresa,"Procedimento societario, impresa o crisi d'impresa",notifica,Termini processuali del procedimento,,,,"Da verificare secondo rito, provvedimento o notifica",,,,manual_review,False,forward,admin,GP_TERM_BB310BD854F5,Richiede verifica professionale prima di calcolo automatico.
pct\data\legal_knowledge_base.full.json,181034,Controversie in materia di indennità di espropriazione dei diritti di proprietà industriale,Contenzioso civile,Sezione specializzata dell'impresa,"Procedimento societario, impresa o crisi d'impresa",notifica,Termini processuali del procedimento,,,,"Da verificare secondo rito, provvedimento o notifica",,,,manual_review,False,forward,admin,GP_TERM_BA4F02E4BACD,Richiede verifica professionale prima di calcolo automatico.
pct\data\legal_knowledge_base.full.json,181035,"Controversie contro i provvedimenti del Consiglio dell’ordine di cui al capo VI del D.Lgs. 30/2005,",Contenzioso civile,Sezione specializzata dell'impresa,"Procedimento societario, impresa o crisi d'impresa",notifica,Termini processuali del procedimento,,,,"Da verificare secondo rito, provvedimento o notifica",,,,manual_review,False,forward,admin,GP_TERM_214F0D413781,Richiede verifica professionale prima di calcolo automatico.
pct\data\legal_knowledge_base.full.json,181036,"Cause in materia di rapporti tra società di cui agli artt. 2359, co. 1, n. 3, 2497septies c.c. e 2545septies c.c.",Contenzioso civile,Sezione specializzata dell'impresa,"Procedimento societario, impresa o crisi d'impresa",notifica,Termini processuali del procedimento,,,,"Da verificare secondo rito, provvedimento o notifica",,,,manual_review,False,forward,admin,GP_TERM_1027B6073923,Richiede verifica professionale prima di calcolo automatico.
pct\data\legal_knowledge_base.full.json,181037,Azione revocatoria (art. 2901 c.c.) - Sez. Spec. Impresa,Contenzioso civile,Sezione specializzata dell'impresa,"Procedimento societario, impresa o crisi d'impresa",notifica,Termini processuali del procedimento,,,,"Da verificare secondo rito, provvedimento o notifica",,,,manual_review,False,forward,admin,GP_TERM_618BEF131241,Richiede verifica professionale prima di calcolo automatico.
pct\data\legal_knowledge_base.full.json,181042,Azione inibitoria collettiva,Contenzioso civile,Sezione specializzata dell'impresa,Procedimento cautelare o istruzione preventiva,notifica,Termini processuali del procedimento,,,,"Da verificare secondo rito, provvedimento o notifica",,,,manual_review,False,forward,civil,GP_TERM_F80F38BA9871,Richiede verifica professionale prima di calcolo automatico.
pct\data\legal_knowledge_base.full.json,181099,Altre controversie di competenza della Sez. Spec. dell’Impresa in materia di propr. Industriale e diritto d’autore,Contenzioso civile,Sezione specializzata dell'impresa,"Procedimento societario, impresa o crisi d'impresa",notifica,Termini processuali del procedimento,,,,"Da verificare secondo rito, provvedimento o notifica",,,,manual_review,False,forward,admin,GP_TERM_AA7E06E7B02F,Richiede verifica professionale prima di calcolo automatico.
pct\data\legal_knowledge_base.full.json,181999,Altre controversie di competenza della Sez. Spec. dell’Impresa in materia societaria,Contenzioso civile,Sezione specializzata dell'impresa,"Procedimento societario, impresa o crisi d'impresa",notifica,Termini processuali del procedimento,,,,"Da verificare secondo rito, provvedimento o notifica",,,,manual_review,False,forward,admin,GP_TERM_AABE7C56BFA8,Richiede verifica professionale prima di calcolo automatico.
pct\data\legal_knowledge_base.full.json,210001,Ingiunzione in materia di lavoro,Lavoro e previdenza,Procedimenti speciali - ingiunzione,Procedimento monitorio ex artt. 633-656 c.p.c.,notifica,Termini processuali del procedimento,,,,"Da verificare secondo rito, provvedimento o notifica",,,,manual_review,False,forward,labor,GP_TERM_7986EB2132E0,Richiede verifica professionale prima di calcolo automatico.
pct\data\legal_knowledge_base.full.json,210002,Ingiunzione in materia di previdenza obbligatoria,Lavoro e previdenza,Procedimenti speciali - ingiunzione,Procedimento monitorio ex artt. 633-656 c.p.c.,notifica,Termini processuali del procedimento,,,,"Da verificare secondo rito, provvedimento o notifica",,,,manual_review,False,forward,labor,GP_TERM_0A0AC3F53844,Richiede verifica professionale prima di calcolo automatico.
pct\data\legal_knowledge_base.full.json,210003,Ingiunzione in materia di assistenza obbligatoria,Lavoro e previdenza,Procedimenti speciali - ingiunzione,Procedimento monitorio ex artt. 633-656 c.p.c.,notifica,Termini processuali del procedimento,,,,"Da verificare secondo rito, provvedimento o notifica",,,,manual_review,False,forward,labor,GP_TERM_C91A461A6F45,Richiede verifica professionale prima di calcolo automatico.
pct\data\legal_knowledge_base.full.json,210011,Procedimento ex art. 28 Statuto dei lavoratori - fase di opposizione,"Controversie in materia di lavoro, previdenza e assistenza obbligatorie",,,impugnazione,Opposizione al decreto,15,,,comunicazione decreto,perentorio,art. 28 c. 4 L. 300/1970,,calcolabile_giorni,True,forward,labor,GP_TERM_0E5EE0857A10,Importabile come template giorni se evento generatore e' valorizzato.
pct\data\legal_knowledge_base.full.json,210012,"ex art. 18, 7' comma, Statuto lavoratori",Lavoro e previdenza,Procedimenti speciali - ingiunzione,Procedimento monitorio ex artt. 633-656 c.p.c.,notifica,Termini processuali del procedimento,,,,"Da verificare secondo rito, provvedimento o notifica",,,,manual_review,False,forward,labor,GP_TERM_5AAC66472B73,Richiede verifica professionale prima di calcolo automatico.
pct\data\legal_knowledge_base.full.json,210013,"ex art. 15, L. n. 903/1977 (parita uomo-donna)",Lavoro e previdenza,Procedimenti speciali - ingiunzione,Procedimento monitorio ex artt. 633-656 c.p.c.,notifica,Termini processuali del procedimento,,,,"Da verificare secondo rito, provvedimento o notifica",,,,manual_review,False,forward,labor,GP_TERM_3854E4DA7843,Richiede verifica professionale prima di calcolo automatico.
pct\data\legal_knowledge_base.full.json,210016,Opposizione L. 92/2012 (Rito Fornero - fase di opposizione),"Controversie in materia di lavoro, previdenza e assistenza obbligatorie",,,impugnazione,Opposizione,30,,,comunicazione/notifica ordinanza,perentorio,,,calcolabile_giorni,True,forward,labor,GP_TERM_EFAEA3573040,Importabile come template giorni se evento generatore e' valorizzato.
pct\data\legal_knowledge_base.full.json,210017,"Reclamo ex art. 1, comma 58, L. 92/2012",Lavoro e previdenza,Procedimenti speciali - ingiunzione,Procedimento monitorio ex artt. 633-656 c.p.c.,notifica,Termini processuali del procedimento,,,,"Da verificare secondo rito, provvedimento o notifica",,,,manual_review,False,forward,labor,GP_TERM_E15ED8969AD0,Richiede verifica professionale prima di calcolo automatico.
pct\data\legal_knowledge_base.full.json,210999,altre ipotesi,Lavoro e previdenza,Procedimenti speciali - ingiunzione,Procedimento monitorio ex artt. 633-656 c.p.c.,notifica,Termini processuali del procedimento,,,,"Da verificare secondo rito, provvedimento o notifica",,,,manual_review,False,forward,labor,GP_TERM_E5E2CC0ADDF3,Richiede verifica professionale prima di calcolo automatico.
pct\data\legal_knowledge_base.full.json,211001,sequestro conservativo,Lavoro e previdenza,Procedimenti cautelari ante causam,Procedimento cautelare o istruzione preventiva,notifica,Termini processuali del procedimento,,,,"Da verificare secondo rito, provvedimento o notifica",,,,manual_review,False,forward,labor,GP_TERM_11DE8175601A,Richiede verifica professionale prima di calcolo automatico.
pct\data\legal_knowledge_base.full.json,211002,Sequestro giudiziario ex art. 670 c.p.c.,Lavoro e previdenza,Procedimenti cautelari ante causam,Procedimento cautelare o istruzione preventiva,notifica,Termini processuali del procedimento,,,,"Da verificare secondo rito, provvedimento o notifica",,,,manual_review,False,forward,labor,GP_TERM_F1A02D9BDC93,Richiede verifica professionale prima di calcolo automatico.
pct\data\legal_knowledge_base.full.json,211999,altre ipotesi,Lavoro e previdenza,Procedimenti cautelari ante causam,Procedimento cautelare o istruzione preventiva,notifica,Termini processuali del procedimento,,,,"Da verificare secondo rito, provvedimento o notifica",,,,manual_review,False,forward,labor,GP_TERM_780E71D73971,Richiede verifica professionale prima di calcolo automatico.
pct\data\legal_knowledge_base.full.json,220002,appalto di manodopera,Lavoro e previdenza,Lavoro dipendente da privato,Rito del lavoro,notifica,Termini processuali del procedimento,,,,"Da verificare secondo rito, provvedimento o notifica",,,,manual_review,False,forward,labor,GP_TERM_528259084500,Richiede verifica professionale prima di calcolo automatico.
pct\data\legal_knowledge_base.full.json,220003,lavoro interinale,Lavoro e previdenza,Lavoro dipendente da privato,Rito del lavoro,notifica,Termini processuali del procedimento,,,,"Da verificare secondo rito, provvedimento o notifica",,,,manual_review,False,forward,labor,GP_TERM_7577455B3667,Richiede verifica professionale prima di calcolo automatico.
pct\data\legal_knowledge_base.full.json,220004,avviamento obbligatorio,Lavoro e previdenza,Lavoro dipendente da privato,Rito del lavoro,notifica,Termini processuali del procedimento,,,,"Da verificare secondo rito, provvedimento o notifica",,,,manual_review,False,forward,labor,GP_TERM_94205A5CEC77,Richiede verifica professionale prima di calcolo automatico.
pct\data\legal_knowledge_base.full.json,220010,contratto a termine e di formazione e lavoro,Lavoro e previdenza,Lavoro dipendente da privato,Rito del lavoro,notifica,Termini processuali del procedimento,,,,"Da verificare secondo rito, provvedimento o notifica",,,,manual_review,False,forward,labor,GP_TERM_15A57C5BE1FC,Richiede verifica professionale prima di calcolo automatico.
pct\data\legal_knowledge_base.full.json,220011,apprendistato,Lavoro e previdenza,Lavoro dipendente da privato,Rito del lavoro,notifica,Termini processuali del procedimento,,,,"Da verificare secondo rito, provvedimento o notifica",,,,manual_review,False,forward,labor,GP_TERM_7C9667277E93,Richiede verifica professionale prima di calcolo automatico.
pct\data\legal_knowledge_base.full.json,220012,patto di prova,Lavoro e previdenza,Lavoro dipendente da privato,Rito del lavoro,notifica,Termini processuali del procedimento,,,,"Da verificare secondo rito, provvedimento o notifica",,,,manual_review,False,forward,labor,GP_TERM_D9657C4C0941,Richiede verifica professionale prima di calcolo automatico.
pct\data\legal_knowledge_base.full.json,220020,categoria e qualifica,Lavoro e previdenza,Lavoro dipendente da privato,Rito del lavoro,notifica,Termini processuali del procedimento,,,,"Da verificare secondo rito, provvedimento o notifica",,,,manual_review,False,forward,labor,GP_TERM_A9E03D54BEC8,Richiede verifica professionale prima di calcolo automatico.
pct\data\legal_knowledge_base.full.json,220021,mansione e jus variandi,Lavoro e previdenza,Lavoro dipendente da privato,Rito del lavoro,notifica,Termini processuali del procedimento,,,,"Da verificare secondo rito, provvedimento o notifica",,,,manual_review,False,forward,labor,GP_TERM_139538F11046,Richiede verifica professionale prima di calcolo automatico.
pct\data\legal_knowledge_base.full.json,220030,trasferimento del lavoratore,Lavoro e previdenza,Lavoro dipendente da privato,Rito del lavoro,notifica,Termini processuali del procedimento,,,,"Da verificare secondo rito, provvedimento o notifica",,,,manual_review,False,forward,labor,GP_TERM_52E58DB1341E,Richiede verifica professionale prima di calcolo automatico.
pct\data\legal_knowledge_base.full.json,220031,trasferimento di azienda,Lavoro e previdenza,Lavoro dipendente da privato,Rito del lavoro,notifica,Termini processuali del procedimento,,,,"Da verificare secondo rito, provvedimento o notifica",,,,manual_review,False,forward,labor,GP_TERM_A0A20A8B2A89,Richiede verifica professionale prima di calcolo automatico.
pct\data\legal_knowledge_base.full.json,220040,sanzione disciplinare conservativa,Lavoro e previdenza,Lavoro dipendente da privato,Rito del lavoro,notifica,Termini processuali del procedimento,,,,"Da verificare secondo rito, provvedimento o notifica",,,,manual_review,False,forward,labor,GP_TERM_6C91BBC83AC7,Richiede verifica professionale prima di calcolo automatico.
pct\data\legal_knowledge_base.full.json,220060,sospensione con intervento della Cassa integrazione guadagni,Lavoro e previdenza,Lavoro dipendente da privato,Rito del lavoro,notifica,Termini processuali del procedimento,,,,"Da verificare secondo rito, provvedimento o notifica",,,,manual_review,False,forward,labor,GP_TERM_77440D4D7E46,Richiede verifica professionale prima di calcolo automatico.
pct\data\legal_knowledge_base.full.json,220070,Risarcimento danni da infortunio,Lavoro e previdenza,Lavoro dipendente da privato,Rito del lavoro,notifica,Termini processuali del procedimento,,,,"Da verificare secondo rito, provvedimento o notifica",,,,manual_review,False,forward,labor,GP_TERM_BBB957A9FBC6,Richiede verifica professionale prima di calcolo automatico.
pct\data\legal_knowledge_base.full.json,220071,Risarcimento danni da dequalificazione,Lavoro e previdenza,Lavoro dipendente da privato,Rito del lavoro,notifica,Termini processuali del procedimento,,,,"Da verificare secondo rito, provvedimento o notifica",,,,manual_review,False,forward,labor,GP_TERM_C45CE869DE29,Richiede verifica professionale prima di calcolo automatico.
pct\data\legal_knowledge_base.full.json,220072,Risarcimento danni:altre ipotesi,Lavoro e previdenza,Lavoro dipendente da privato,Rito del lavoro,notifica,Termini processuali del procedimento,,,,"Da verificare secondo rito, provvedimento o notifica",,,,manual_review,False,forward,labor,GP_TERM_2801F7EB1893,Richiede verifica professionale prima di calcolo automatico.
pct\data\legal_knowledge_base.full.json,220100,Licenziamento individuale per giustificato motivo soggettivo,Lavoro - licenziamenti individuali,Impugnazione licenziamento disciplinare per giustificato motivo soggettivo (g.m.s.),Rito ordinario del lavoro ex artt. 409 e ss. c.p.c. (per assunti dal 7/3/2015 - tutele crescenti) OR Rito Fornero ex L. 92/2012 c. 47-69 (per assunti ante 7/3/2015 con tutela ex art. 18 St.Lav.),impugnazione,Impugnazione stragiudiziale,60,,,comunicazione licenziamento,decadenziale,art. 6 L. 604/1966,,calcolabile_giorni,True,forward,labor,GP_TERM_E210E4863855,Importabile come template giorni se evento generatore e' valorizzato.
pct\data\legal_knowledge_base.full.json,220100,Licenziamento individuale per giustificato motivo soggettivo,Lavoro - licenziamenti individuali,Impugnazione licenziamento disciplinare per giustificato motivo soggettivo (g.m.s.),Rito ordinario del lavoro ex artt. 409 e ss. c.p.c. (per assunti dal 7/3/2015 - tutele crescenti) OR Rito Fornero ex L. 92/2012 c. 47-69 (per assunti ante 7/3/2015 con tutela ex art. 18 St.Lav.),impugnazione,Deposito ricorso giudiziale,180,,,impugnazione stragiudiziale,decadenziale,art. 6 c. 2 L. 604/1966,,calcolabile_giorni,True,forward,labor,GP_TERM_05A35B4BC1F5,Importabile come template giorni se evento generatore e' valorizzato.
pct\data\legal_knowledge_base.full.json,220100,Licenziamento individuale per giustificato motivo soggettivo,Lavoro - licenziamenti individuali,Impugnazione licenziamento disciplinare per giustificato motivo soggettivo (g.m.s.),Rito ordinario del lavoro ex artt. 409 e ss. c.p.c. (per assunti dal 7/3/2015 - tutele crescenti) OR Rito Fornero ex L. 92/2012 c. 47-69 (per assunti ante 7/3/2015 con tutela ex art. 18 St.Lav.),costituzione,Costituzione datore di lavoro,10,,,prima dell'udienza,perentorio (decadenze),art. 416 c.p.c.,,calcolabile_giorni,True,forward,labor,GP_TERM_61D20794B69B,Importabile come template giorni se evento generatore e' valorizzato.
pct\data\legal_knowledge_base.full.json,220100,Licenziamento individuale per giustificato motivo soggettivo,Lavoro - licenziamenti individuali,Impugnazione licenziamento disciplinare per giustificato motivo soggettivo (g.m.s.),Rito ordinario del lavoro ex artt. 409 e ss. c.p.c. (per assunti dal 7/3/2015 - tutele crescenti) OR Rito Fornero ex L. 92/2012 c. 47-69 (per assunti ante 7/3/2015 con tutela ex art. 18 St.Lav.),impugnazione,Appello sentenza primo grado,30,,,notifica sentenza,perentorio,art. 434 c.p.c.,,calcolabile_giorni,True,forward,labor,GP_TERM_8C73DF2D29FC,Importabile come template giorni se evento generatore e' valorizzato.
pct\data\legal_knowledge_base.full.json,220100,Licenziamento individuale per giustificato motivo soggettivo,Lavoro - licenziamenti individuali,Impugnazione licenziamento disciplinare per giustificato motivo soggettivo (g.m.s.),Rito ordinario del lavoro ex artt. 409 e ss. c.p.c. (per assunti dal 7/3/2015 - tutele crescenti) OR Rito Fornero ex L. 92/2012 c. 47-69 (per assunti ante 7/3/2015 con tutela ex art. 18 St.Lav.),impugnazione,Appello senza notifica (termine lungo),180,,,pubblicazione sentenza,perentorio,art. 327 c.p.c.,,calcolabile_giorni,True,forward,labor,GP_TERM_68B456D5A41F,Importabile come template giorni se evento generatore e' valorizzato.
pct\data\legal_knowledge_base.full.json,220100,Licenziamento individuale per giustificato motivo soggettivo,Lavoro - licenziamenti individuali,Impugnazione licenziamento disciplinare per giustificato motivo soggettivo (g.m.s.),Rito ordinario del lavoro ex artt. 409 e ss. c.p.c. (per assunti dal 7/3/2015 - tutele crescenti) OR Rito Fornero ex L. 92/2012 c. 47-69 (per assunti ante 7/3/2015 con tutela ex art. 18 St.Lav.),impugnazione,Ricorso per cassazione,60,,,notifica sentenza appello,perentorio,art. 325 c.p.c.,,calcolabile_giorni,True,forward,labor,GP_TERM_C400DE8708EB,Importabile come template giorni se evento generatore e' valorizzato.
pct\data\legal_knowledge_base.full.json,220101,Licenziamento individuale per giustificato motivo oggettivo (gmo),Lavoro - licenziamenti individuali,Impugnazione licenziamento per ragioni economiche/organizzative/produttive,Rito ordinario del lavoro ex artt. 409 e ss. c.p.c. (per assunti dal 7/3/2015) OR Rito Fornero ex L. 92/2012 c. 47-69 (per assunti ante 7/3/2015 con tutela ex art. 18 St.Lav.),impugnazione,IMPUGNAZIONE STRAGIUDIZIALE,60,,,ricezione licenziamento,DECADENZIALE,art. 6 L. 604/1966,MASSIMA,calcolabile_giorni,True,forward,labor,GP_TERM_AF66CEFEC81E,Importabile come template giorni se evento generatore e' valorizzato.
pct\data\legal_knowledge_base.full.json,220101,Licenziamento individuale per giustificato motivo oggettivo (gmo),Lavoro - licenziamenti individuali,Impugnazione licenziamento per ragioni economiche/organizzative/produttive,Rito ordinario del lavoro ex artt. 409 e ss. c.p.c. (per assunti dal 7/3/2015) OR Rito Fornero ex L. 92/2012 c. 47-69 (per assunti ante 7/3/2015 con tutela ex art. 18 St.Lav.),impugnazione,DEPOSITO RICORSO,180,,,impugnazione stragiudiziale,DECADENZIALE,art. 6 c. 2 L. 604/1966,MASSIMA,calcolabile_giorni,True,forward,labor,GP_TERM_83C45F691C3F,Importabile come template giorni se evento generatore e' valorizzato.
pct\data\legal_knowledge_base.full.json,220101,Licenziamento individuale per giustificato motivo oggettivo (gmo),Lavoro - licenziamenti individuali,Impugnazione licenziamento per ragioni economiche/organizzative/produttive,Rito ordinario del lavoro ex artt. 409 e ss. c.p.c. (per assunti dal 7/3/2015) OR Rito Fornero ex L. 92/2012 c. 47-69 (per assunti ante 7/3/2015 con tutela ex art. 18 St.Lav.),costituzione,Costituzione datore,10,,,prima udienza,perentorio,art. 416 c.p.c.,,calcolabile_giorni,True,backward,labor,GP_TERM_3091D5A3ED5C,Importabile come template giorni se evento generatore e' valorizzato.
pct\data\legal_knowledge_base.full.json,220101,Licenziamento individuale per giustificato motivo oggettivo (gmo),Lavoro - licenziamenti individuali,Impugnazione licenziamento per ragioni economiche/organizzative/produttive,Rito ordinario del lavoro ex artt. 409 e ss. c.p.c. (per assunti dal 7/3/2015) OR Rito Fornero ex L. 92/2012 c. 47-69 (per assunti ante 7/3/2015 con tutela ex art. 18 St.Lav.),impugnazione,Appello,30,,,notifica sentenza,perentorio,,,calcolabile_giorni,True,forward,labor,GP_TERM_043B80683A2E,Importabile come template giorni se evento generatore e' valorizzato.
pct\data\legal_knowledge_base.full.json,220104,Licenziamento del socio della cooperativa,Lavoro e previdenza,Lavoro dipendente da privato,Rito del lavoro,notifica,Termini processuali del procedimento,,,,"Da verificare secondo rito, provvedimento o notifica",,,,manual_review,False,forward,labor,GP_TERM_0DF7696380F1,Richiede verifica professionale prima di calcolo automatico.
pct\data\legal_knowledge_base.full.json,220105,Licenziamento discriminatorio,Lavoro e previdenza,Lavoro dipendente da privato,Rito del lavoro,notifica,Termini processuali del procedimento,,,,"Da verificare secondo rito, provvedimento o notifica",,,,manual_review,False,forward,labor,GP_TERM_4E91D7A620DA,Richiede verifica professionale prima di calcolo automatico.
pct\data\legal_knowledge_base.full.json,220111,Impugnazione licenziamento con domanda di reintegrazione,Lavoro e previdenza,Lavoro dipendente da privato,Rito del lavoro,notifica,Termini processuali del procedimento,,,,"Da verificare secondo rito, provvedimento o notifica",,,,manual_review,False,forward,labor,GP_TERM_5469D74981C0,Richiede verifica professionale prima di calcolo automatico.
pct\data\legal_knowledge_base.full.json,220120,Dimissioni,Lavoro e previdenza,Lavoro dipendente da privato,Rito del lavoro,notifica,Termini processuali del procedimento,,,,"Da verificare secondo rito, provvedimento o notifica",,,,manual_review,False,forward,labor,GP_TERM_3BAAE9FDD7C2,Richiede verifica professionale prima di calcolo automatico.
pct\data\legal_knowledge_base.full.json,220999,Altre ipotesi,Lavoro e previdenza,Lavoro dipendente da privato,Rito del lavoro,notifica,Termini processuali del procedimento,,,,"Da verificare secondo rito, provvedimento o notifica",,,,manual_review,False,forward,labor,GP_TERM_6A3054275AAA,Richiede verifica professionale prima di calcolo automatico.
pct\data\legal_knowledge_base.full.json,221001,qualificazione,Lavoro e previdenza,"Pubblico impiego con pregiudiziale in materia di efficacia, validità o interpretazione",Rito del lavoro,notifica,Termini processuali del procedimento,,,,"Da verificare secondo rito, provvedimento o notifica",,,,manual_review,False,forward,labor,GP_TERM_DDB091BC6742,Richiede verifica professionale prima di calcolo automatico.
pct\data\legal_knowledge_base.full.json,221002,appalto di manodopera,Lavoro e previdenza,"Pubblico impiego con pregiudiziale in materia di efficacia, validità o interpretazione",Rito del lavoro,notifica,Termini processuali del procedimento,,,,"Da verificare secondo rito, provvedimento o notifica",,,,manual_review,False,forward,labor,GP_TERM_C4176D3FDF17,Richiede verifica professionale prima di calcolo automatico.
pct\data\legal_knowledge_base.full.json,221003,lavoro interinale,Lavoro e previdenza,"Pubblico impiego con pregiudiziale in materia di efficacia, validità o interpretazione",Rito del lavoro,notifica,Termini processuali del procedimento,,,,"Da verificare secondo rito, provvedimento o notifica",,,,manual_review,False,forward,labor,GP_TERM_48EDD1822D57,Richiede verifica professionale prima di calcolo automatico.
pct\data\legal_knowledge_base.full.json,221004,avviamento obbligatorio,Lavoro e previdenza,"Pubblico impiego con pregiudiziale in materia di efficacia, validità o interpretazione",Rito del lavoro,notifica,Termini processuali del procedimento,,,,"Da verificare secondo rito, provvedimento o notifica",,,,manual_review,False,forward,labor,GP_TERM_4A1672CD4B9F,Richiede verifica professionale prima di calcolo automatico.
pct\data\legal_knowledge_base.full.json,221010,contratto a termine e di formazione e lavoro,Lavoro e previdenza,"Pubblico impiego con pregiudiziale in materia di efficacia, validità o interpretazione",Rito del lavoro,notifica,Termini processuali del procedimento,,,,"Da verificare secondo rito, provvedimento o notifica",,,,manual_review,False,forward,labor,GP_TERM_A162610732A4,Richiede verifica professionale prima di calcolo automatico.
pct\data\legal_knowledge_base.full.json,221011,apprendistato,Lavoro e previdenza,"Pubblico impiego con pregiudiziale in materia di efficacia, validità o interpretazione",Rito del lavoro,notifica,Termini processuali del procedimento,,,,"Da verificare secondo rito, provvedimento o notifica",,,,manual_review,False,forward,labor,GP_TERM_9B974969A6CA,Richiede verifica professionale prima di calcolo automatico.
pct\data\legal_knowledge_base.full.json,221012,patto di prova,Lavoro e previdenza,"Pubblico impiego con pregiudiziale in materia di efficacia, validità o interpretazione",Rito del lavoro,notifica,Termini processuali del procedimento,,,,"Da verificare secondo rito, provvedimento o notifica",,,,manual_review,False,forward,labor,GP_TERM_294CF790840E,Richiede verifica professionale prima di calcolo automatico.
pct\data\legal_knowledge_base.full.json,221020,categoria e qualifica,Lavoro e previdenza,"Pubblico impiego con pregiudiziale in materia di efficacia, validità o interpretazione",Rito del lavoro,notifica,Termini processuali del procedimento,,,,"Da verificare secondo rito, provvedimento o notifica",,,,manual_review,False,forward,labor,GP_TERM_438809F9E19C,Richiede verifica professionale prima di calcolo automatico.
pct\data\legal_knowledge_base.full.json,221021,mansione e jus variandi,Lavoro e previdenza,"Pubblico impiego con pregiudiziale in materia di efficacia, validità o interpretazione",Rito del lavoro,notifica,Termini processuali del procedimento,,,,"Da verificare secondo rito, provvedimento o notifica",,,,manual_review,False,forward,labor,GP_TERM_2752C8668F18,Richiede verifica professionale prima di calcolo automatico.
pct\data\legal_knowledge_base.full.json,221030,trasferimento del lavoratore,Lavoro e previdenza,"Pubblico impiego con pregiudiziale in materia di efficacia, validità o interpretazione",Rito del lavoro,notifica,Termini processuali del procedimento,,,,"Da verificare secondo rito, provvedimento o notifica",,,,manual_review,False,forward,labor,GP_TERM_B54563FD188B,Richiede verifica professionale prima di calcolo automatico.
pct\data\legal_knowledge_base.full.json,221031,trasferimento di azienda,Lavoro e previdenza,"Pubblico impiego con pregiudiziale in materia di efficacia, validità o interpretazione",Rito del lavoro,notifica,Termini processuali del procedimento,,,,"Da verificare secondo rito, provvedimento o notifica",,,,manual_review,False,forward,labor,GP_TERM_B0B30EEE8106,Richiede verifica professionale prima di calcolo automatico.
pct\data\legal_knowledge_base.full.json,221040,sanzione disciplinare conservativa,Lavoro e previdenza,"Pubblico impiego con pregiudiziale in materia di efficacia, validità o interpretazione",Rito del lavoro,notifica,Termini processuali del procedimento,,,,"Da verificare secondo rito, provvedimento o notifica",,,,manual_review,False,forward,labor,GP_TERM_27C79AAD9FE6,Richiede verifica professionale prima di calcolo automatico.
pct\data\legal_knowledge_base.full.json,221050,retribuzione,Lavoro e previdenza,"Pubblico impiego con pregiudiziale in materia di efficacia, validità o interpretazione",Rito del lavoro,notifica,Termini processuali del procedimento,,,,"Da verificare secondo rito, provvedimento o notifica",,,,manual_review,False,forward,labor,GP_TERM_DCB8755277BE,Richiede verifica professionale prima di calcolo automatico.
pct\data\legal_knowledge_base.full.json,221060,sospensione con intervento della Cassa integrazione guadagni,Lavoro e previdenza,"Pubblico impiego con pregiudiziale in materia di efficacia, validità o interpretazione",Rito del lavoro,notifica,Termini processuali del procedimento,,,,"Da verificare secondo rito, provvedimento o notifica",,,,manual_review,False,forward,labor,GP_TERM_C3AEE9CE1719,Richiede verifica professionale prima di calcolo automatico.
pct\data\legal_knowledge_base.full.json,221070,Risarcimento danni da infortunio,Lavoro e previdenza,"Pubblico impiego con pregiudiziale in materia di efficacia, validità o interpretazione",Rito del lavoro,notifica,Termini processuali del procedimento,,,,"Da verificare secondo rito, provvedimento o notifica",,,,manual_review,False,forward,labor,GP_TERM_0FDDE6C7252D,Richiede verifica professionale prima di calcolo automatico.
pct\data\legal_knowledge_base.full.json,221071,Risarcimento danni da dequalificazione,Lavoro e previdenza,"Pubblico impiego con pregiudiziale in materia di efficacia, validità o interpretazione",Rito del lavoro,notifica,Termini processuali del procedimento,,,,"Da verificare secondo rito, provvedimento o notifica",,,,manual_review,False,forward,labor,GP_TERM_F235027A653B,Richiede verifica professionale prima di calcolo automatico.
pct\data\legal_knowledge_base.full.json,221072,Risarcimento danni:altre ipotesi,Lavoro e previdenza,"Pubblico impiego con pregiudiziale in materia di efficacia, validità o interpretazione",Rito del lavoro,notifica,Termini processuali del procedimento,,,,"Da verificare secondo rito, provvedimento o notifica",,,,manual_review,False,forward,labor,GP_TERM_EF6A04B9F6AC,Richiede verifica professionale prima di calcolo automatico.
pct\data\legal_knowledge_base.full.json,221099,Altre ipotesi,Lavoro e previdenza,"Pubblico impiego con pregiudiziale in materia di efficacia, validità o interpretazione",Rito del lavoro,notifica,Termini processuali del procedimento,,,,"Da verificare secondo rito, provvedimento o notifica",,,,manual_review,False,forward,labor,GP_TERM_1F17FDF7C63D,Richiede verifica professionale prima di calcolo automatico.
pct\data\legal_knowledge_base.full.json,221101,Licenziamento individuale per giust. motivo oggettivo,Lavoro e previdenza,"Pubblico impiego con pregiudiziale in materia di efficacia, validità o interpretazione",Rito del lavoro,notifica,Termini processuali del procedimento,,,,"Da verificare secondo rito, provvedimento o notifica",,,,manual_review,False,forward,labor,GP_TERM_C15AFD829761,Richiede verifica professionale prima di calcolo automatico.
pct\data\legal_knowledge_base.full.json,221102,Licenziamento individuale per giusta causa,Lavoro e previdenza,"Pubblico impiego con pregiudiziale in materia di efficacia, validità o interpretazione",Rito del lavoro,notifica,Termini processuali del procedimento,,,,"Da verificare secondo rito, provvedimento o notifica",,,,manual_review,False,forward,labor,GP_TERM_46609DE0A731,Richiede verifica professionale prima di calcolo automatico.
pct\data\legal_knowledge_base.full.json,221103,Licenziamento individuale del dirigente,Lavoro e previdenza,"Pubblico impiego con pregiudiziale in materia di efficacia, validità o interpretazione",Rito del lavoro,notifica,Termini processuali del procedimento,,,,"Da verificare secondo rito, provvedimento o notifica",,,,manual_review,False,forward,labor,GP_TERM_F4EA0547BC2E,Richiede verifica professionale prima di calcolo automatico.
pct\data\legal_knowledge_base.full.json,221105,Licenziamento discriminatorio,Lavoro e previdenza,"Pubblico impiego con pregiudiziale in materia di efficacia, validità o interpretazione",Rito del lavoro,notifica,Termini processuali del procedimento,,,,"Da verificare secondo rito, provvedimento o notifica",,,,manual_review,False,forward,labor,GP_TERM_7D8DBB3FE846,Richiede verifica professionale prima di calcolo automatico.
pct\data\legal_knowledge_base.full.json,221111,Impugnazione licenziamento con domanda di reintegrazione,Lavoro e previdenza,"Pubblico impiego con pregiudiziale in materia di efficacia, validità o interpretazione",Rito del lavoro,notifica,Termini processuali del procedimento,,,,"Da verificare secondo rito, provvedimento o notifica",,,,manual_review,False,forward,labor,GP_TERM_DCEDBC6F595D,Richiede verifica professionale prima di calcolo automatico.
pct\data\legal_knowledge_base.full.json,221120,Dimissioni,Lavoro e previdenza,"Pubblico impiego con pregiudiziale in materia di efficacia, validità o interpretazione",Rito del lavoro,notifica,Termini processuali del procedimento,,,,"Da verificare secondo rito, provvedimento o notifica",,,,manual_review,False,forward,labor,GP_TERM_E887F8476E1F,Richiede verifica professionale prima di calcolo automatico.
pct\data\legal_knowledge_base.full.json,221999,Altre ipotesi,Lavoro e previdenza,"Pubblico impiego con pregiudiziale in materia di efficacia, validità o interpretazione",Rito del lavoro,notifica,Termini processuali del procedimento,,,,"Da verificare secondo rito, provvedimento o notifica",,,,manual_review,False,forward,labor,GP_TERM_C7412B6CE5D2,Richiede verifica professionale prima di calcolo automatico.
pct\data\legal_knowledge_base.full.json,222101,Licenziamento individuale per giust. motivo oggettivo,Lavoro e previdenza,Pubblico impiego,Rito del lavoro,notifica,Termini processuali del procedimento,,,,"Da verificare secondo rito, provvedimento o notifica",,,,manual_review,False,forward,labor,GP_TERM_9F42A1D7F79F,Richiede verifica professionale prima di calcolo automatico.
pct\data\legal_knowledge_base.full.json,222102,Licenziamento individuale per giusta causa,Lavoro e previdenza,Pubblico impiego,Rito del lavoro,notifica,Termini processuali del procedimento,,,,"Da verificare secondo rito, provvedimento o notifica",,,,manual_review,False,forward,labor,GP_TERM_E9C96ABBE93B,Richiede verifica professionale prima di calcolo automatico.
pct\data\legal_knowledge_base.full.json,222103,Licenziamento individuale del dirigente,Lavoro e previdenza,Pubblico impiego,Rito del lavoro,notifica,Termini processuali del procedimento,,,,"Da verificare secondo rito, provvedimento o notifica",,,,manual_review,False,forward,labor,GP_TERM_55820E298074,Richiede verifica professionale prima di calcolo automatico.
pct\data\legal_knowledge_base.full.json,222105,Licenziamento discriminatorio,Lavoro e previdenza,Pubblico impiego,Rito del lavoro,notifica,Termini processuali del procedimento,,,,"Da verificare secondo rito, provvedimento o notifica",,,,manual_review,False,forward,labor,GP_TERM_14CB603DB13D,Richiede verifica professionale prima di calcolo automatico.
pct\data\legal_knowledge_base.full.json,222111,Impugnazione licenziamento con domanda di reintegrazione,Lavoro e previdenza,Pubblico impiego,Rito del lavoro,notifica,Termini processuali del procedimento,,,,"Da verificare secondo rito, provvedimento o notifica",,,,manual_review,False,forward,labor,GP_TERM_3B339DEC275A,Richiede verifica professionale prima di calcolo automatico.
pct\data\legal_knowledge_base.full.json,222120,Dimissioni,Lavoro e previdenza,Pubblico impiego,Rito del lavoro,notifica,Termini processuali del procedimento,,,,"Da verificare secondo rito, provvedimento o notifica",,,,manual_review,False,forward,labor,GP_TERM_DFEA7413A123,Richiede verifica professionale prima di calcolo automatico.
pct\data\legal_knowledge_base.full.json,222999,Altre ipotesi,Lavoro e previdenza,Pubblico impiego,Rito del lavoro,notifica,Termini processuali del procedimento,,,,"Da verificare secondo rito, provvedimento o notifica",,,,manual_review,False,forward,labor,GP_TERM_639F0A7C124D,Richiede verifica professionale prima di calcolo automatico.
pct\data\legal_knowledge_base.full.json,223001,"Rapporto di agenzia e altri rapporti di collaborazione ex art. 409, n. 3 c.p.c.",Lavoro e previdenza,Rapporto di lavoro parasubordinato,Rito del lavoro,notifica,Termini processuali del procedimento,,,,"Da verificare secondo rito, provvedimento o notifica",,,,manual_review,False,forward,labor,GP_TERM_2552C95D6BD5,Richiede verifica professionale prima di calcolo automatico.
pct\data\legal_knowledge_base.full.json,223999,Altre controversie in materia di lavoro parasubordinato,Lavoro e previdenza,Rapporto di lavoro parasubordinato,Rito del lavoro,notifica,Termini processuali del procedimento,,,,"Da verificare secondo rito, provvedimento o notifica",,,,manual_review,False,forward,labor,GP_TERM_8D165D61F052,Richiede verifica professionale prima di calcolo automatico.
pct\data\legal_knowledge_base.full.json,230001,Previdenza obbligatoria - prestazione: malattia,Prestazioni previdenziali INPS - malattia,,Rito del lavoro previdenziale ex art. 442 c.p.c.,notifica,Ricorso giudiziale,90,,,comunicazione decisione ricorso amministrativo,decadenziale,art. 47 D.P.R. 639/1970 e successive modifiche,,calcolabile_giorni,True,forward,labor,GP_TERM_F31368F9C690,Importabile come template giorni se evento generatore e' valorizzato.
pct\data\legal_knowledge_base.full.json,230003,Previdenza obbligatoria - prestazione: indennità/rendita vitalizia INAIL o equivalente,Prestazioni INAIL,,Rito del lavoro previdenziale,prescrizione_decadenza,Prescrizione,1095,,,giorno consolidamento postumi/manifestazione malattia,prescrizione triennale,art. 112 D.P.R. 1124/1965,,calcolabile_giorni,True,forward,labor,GP_TERM_5EB895ADD1B6,Importabile come template giorni se evento generatore e' valorizzato.
pct\data\legal_knowledge_base.full.json,230010,Obbligo contributivo del datore di lavoro,Lavoro e previdenza,Previdenza obbligatoria - prestazione,Rito del lavoro,notifica,Termini processuali del procedimento,,,,"Da verificare secondo rito, provvedimento o notifica",,,,manual_review,False,forward,labor,GP_TERM_5707F8DE9A05,Richiede verifica professionale prima di calcolo automatico.
pct\data\legal_knowledge_base.full.json,230020,Ripetizione di indebito,Lavoro e previdenza,Previdenza obbligatoria - prestazione,Rito del lavoro,notifica,Termini processuali del procedimento,,,,"Da verificare secondo rito, provvedimento o notifica",,,,manual_review,False,forward,labor,GP_TERM_BE59B2F35715,Richiede verifica professionale prima di calcolo automatico.
pct\data\legal_knowledge_base.full.json,230999,Altre controversie in materia di previdenza obbligatoria,Lavoro e previdenza,Previdenza obbligatoria - prestazione,Rito del lavoro,notifica,Termini processuali del procedimento,,,,"Da verificare secondo rito, provvedimento o notifica",,,,manual_review,False,forward,labor,GP_TERM_8AD3BFEC86EF,Richiede verifica professionale prima di calcolo automatico.
pct\data\legal_knowledge_base.full.json,231001,Assistenza obbligatoria - assegno/pensione (invalidità civile),Prestazioni assistenziali per invalidità civile,,Rito del lavoro previdenziale con ATPO obbligatorio ex art. 445-bis c.p.c.,prescrizione_decadenza,Introduzione giudizio merito post-ATPO,30,,,scadenza termine per contestare CTU dell'ATPO,decadenziale,art. 445-bis c. 6 c.p.c.,,calcolabile_giorni,True,forward,labor,GP_TERM_BF2CA7423C45,Importabile come template giorni se evento generatore e' valorizzato.
pct\data\legal_knowledge_base.full.json,231999,Altre controversie in materia di assistenza obbligatoria,Lavoro e previdenza,Assistenza obbligatoria,Rito del lavoro,notifica,Termini processuali del procedimento,,,,"Da verificare secondo rito, provvedimento o notifica",,,,manual_review,False,forward,labor,GP_TERM_F79B60DF12BE,Richiede verifica professionale prima di calcolo automatico.
pct\data\legal_knowledge_base.full.json,232100,Opposizione all'ordinanza-ingiunzione ex artt. 22 e ss. L. 689/1981 in materia di lavoro e previdenza/assistenza obbligatorie,Opposizioni sanzioni amministrative lavoro/previdenza,,Rito del lavoro (D.Lgs. 150/2011),impugnazione,Opposizione,30,,,notificazione ordinanza,perentorio,,,calcolabile_giorni,True,forward,labor,GP_TERM_53B26B50A039,Importabile come template giorni se evento generatore e' valorizzato.
pct\data\legal_knowledge_base.full.json,310001,Procedimento cautelare ante causam,Controversie agrarie,Procedimenti cautelari,Procedimento cautelare o istruzione preventiva,notifica,Termini processuali del procedimento,,,,"Da verificare secondo rito, provvedimento o notifica",,,,manual_review,False,forward,civil,GP_TERM_09E5E842B8D7,Richiede verifica professionale prima di calcolo automatico.
pct\data\legal_knowledge_base.full.json,320001,Azione di condanna al rilascio del fondo per scadenza del contratto,Affitto di fondi rustici - rilascio per finita locazione,,Rito del lavoro ex L. 29/1990 (artt. 46-47 L. 203/1982),prescrizione_decadenza,Disdetta,365,,,prima della scadenza,decadenziale,art. 4 L. 203/1982,,calcolabile_giorni,True,forward,labor,GP_TERM_E99674D41E0C,Importabile come template giorni se evento generatore e' valorizzato.
pct\data\legal_knowledge_base.full.json,320001,Azione di condanna al rilascio del fondo per scadenza del contratto,Affitto di fondi rustici - rilascio per finita locazione,,Rito del lavoro ex L. 29/1990 (artt. 46-47 L. 203/1982),generico_da_classificare,Convocazione conciliazione Ispettorato,60,,,richiesta,ordinatorio,art. 46 L. 203/1982,,calcolabile_giorni,True,forward,labor,GP_TERM_AEAE605F63EC,Importabile come template giorni se evento generatore e' valorizzato.
pct\data\legal_knowledge_base.full.json,320999,Altri istituti di diritto agrario,Controversie agrarie,Agraria,Rito da verificare sul codice oggetto e sul registro di destinazione,notifica,Termini processuali del procedimento,,,,"Da verificare secondo rito, provvedimento o notifica",,,,manual_review,False,forward,civil,GP_TERM_C890A6784102,Richiede verifica professionale prima di calcolo automatico.
pct\data\legal_knowledge_base.full.json,400000,Iscrizione Registro Stampa,Volontaria giurisdizione,Altri istituti e leggi speciali,Volontaria giurisdizione,notifica,Termini processuali del procedimento,,,,"Da verificare secondo rito, provvedimento o notifica",,,,manual_review,False,forward,admin,GP_TERM_D91ABA3AEE3F,Richiede verifica professionale prima di calcolo automatico.
pct\data\legal_knowledge_base.full.json,400100,Reclamo avverso decreto inammissibilita responsabilita civile magistrati,Volontaria giurisdizione,Altri istituti e leggi speciali,Volontaria giurisdizione,notifica,Termini processuali del procedimento,,,,"Da verificare secondo rito, provvedimento o notifica",,,,manual_review,False,forward,admin,GP_TERM_2432E145A72E,Richiede verifica professionale prima di calcolo automatico.
pct\data\legal_knowledge_base.full.json,400201,Ricorso avverso il decreto di espulsione del prefetto (art. 13 c.8),Volontaria giurisdizione,Altri istituti e leggi speciali,Volontaria giurisdizione,notifica,Termini processuali del procedimento,,,,"Da verificare secondo rito, provvedimento o notifica",,,,manual_review,False,forward,admin,GP_TERM_23E2EB885433,Richiede verifica professionale prima di calcolo automatico.
pct\data\legal_knowledge_base.full.json,400202,Convalida del provvedimento del questore di trattenimento presso centro permanenza temporanea (art. 14 c. 4 Dl. vo 286/98),Volontaria giurisdizione,Altri istituti e leggi speciali,Volontaria giurisdizione,notifica,Termini processuali del procedimento,,,,"Da verificare secondo rito, provvedimento o notifica",,,,manual_review,False,forward,admin,GP_TERM_7BB025F1E2F9,Richiede verifica professionale prima di calcolo automatico.
pct\data\legal_knowledge_base.full.json,400203,Ricongiungimento familiare (art. 30),Volontaria giurisdizione,Altri istituti e leggi speciali,Volontaria giurisdizione,notifica,Termini processuali del procedimento,,,,"Da verificare secondo rito, provvedimento o notifica",,,,manual_review,False,forward,admin,GP_TERM_A551BF2D24F2,Richiede verifica professionale prima di calcolo automatico.
pct\data\legal_knowledge_base.full.json,400204,"Atti discriminatori (art. 43, 44 )",Volontaria giurisdizione,Altri istituti e leggi speciali,Volontaria giurisdizione,notifica,Termini processuali del procedimento,,,,"Da verificare secondo rito, provvedimento o notifica",,,,manual_review,False,forward,admin,GP_TERM_0A11B645BF37,Richiede verifica professionale prima di calcolo automatico.
pct\data\legal_knowledge_base.full.json,400205,Convalida del Provvedimento del questore di accompagnamento alla frontiera (art. 13 c.5 bis D.L. 286/98),Volontaria giurisdizione,Altri istituti e leggi speciali,Volontaria giurisdizione,notifica,Termini processuali del procedimento,,,,"Da verificare secondo rito, provvedimento o notifica",,,,manual_review,False,forward,admin,GP_TERM_B78F8058FD0F,Richiede verifica professionale prima di calcolo automatico.
pct\data\legal_knowledge_base.full.json,400206,Convalida del Provvedimento del questore di accompagnamento alla frontiera e trattenimento presso centro di permanenza temporaneo (art. 13 c.5 bis e art. 14 c. 4 D.L. 286/98),Volontaria giurisdizione,Altri istituti e leggi speciali,Volontaria giurisdizione,notifica,Termini processuali del procedimento,,,,"Da verificare secondo rito, provvedimento o notifica",,,,manual_review,False,forward,admin,GP_TERM_189E07DEA4DD,Richiede verifica professionale prima di calcolo automatico.
pct\data\legal_knowledge_base.full.json,400209,Altri procedimenti in materia di espulsione immigrati,Volontaria giurisdizione,Altri istituti e leggi speciali,Volontaria giurisdizione,notifica,Termini processuali del procedimento,,,,"Da verificare secondo rito, provvedimento o notifica",,,,manual_review,False,forward,admin,GP_TERM_2F57908D98B5,Richiede verifica professionale prima di calcolo automatico.
pct\data\legal_knowledge_base.full.json,400210,"Ricorso per la liquidazione degli onorari e dei diritti dell'avvocato (artt. 28 e 29, L. 794/1942) (COLLEGIO)",Volontaria giurisdizione,Altri istituti e leggi speciali,Volontaria giurisdizione,notifica,Termini processuali del procedimento,,,,"Da verificare secondo rito, provvedimento o notifica",,,,manual_review,False,forward,admin,GP_TERM_AB92F4414898,Richiede verifica professionale prima di calcolo automatico.
pct\data\legal_knowledge_base.full.json,400211,Ricorso avverso il decreto di liquidazione di compensi agli ausiliari del magistrato e ai collaboratori ex art. 170 T.U. n. 115/2002,Volontaria giurisdizione,Altri istituti e leggi speciali,Volontaria giurisdizione,notifica,Termini processuali del procedimento,,,,"Da verificare secondo rito, provvedimento o notifica",,,,manual_review,False,forward,admin,GP_TERM_14BA5D75E6C7,Richiede verifica professionale prima di calcolo automatico.
pct\data\legal_knowledge_base.full.json,400212,Iscrizione Albo consulenti,Volontaria giurisdizione,Altri istituti e leggi speciali,Volontaria giurisdizione,notifica,Termini processuali del procedimento,,,,"Da verificare secondo rito, provvedimento o notifica",,,,manual_review,False,forward,admin,GP_TERM_7DEE328552FE,Richiede verifica professionale prima di calcolo automatico.
pct\data\legal_knowledge_base.full.json,400230,Autorizzazione del Tribunale ex art. 375 e 397 c.c. (COLLEGIO),Volontaria giurisdizione,Altri istituti e leggi speciali,Volontaria giurisdizione,notifica,Termini processuali del procedimento,,,,"Da verificare secondo rito, provvedimento o notifica",,,,manual_review,False,forward,admin,GP_TERM_CE11C0E79949,Richiede verifica professionale prima di calcolo automatico.
pct\data\legal_knowledge_base.full.json,400250,Procedimento ammissione patrocinio a spese dello Stato - civile - art. 126 T.U. n. 115/2002,Volontaria giurisdizione,Altri istituti e leggi speciali,Volontaria giurisdizione,notifica,Termini processuali del procedimento,,,,"Da verificare secondo rito, provvedimento o notifica",,,,manual_review,False,forward,admin,GP_TERM_7E5AFF2990FC,Richiede verifica professionale prima di calcolo automatico.
pct\data\legal_knowledge_base.full.json,400251,Procedimento ammissione patrocinio a spese dello Stato - penale - art. 99 T.U. n. 115/2002,Volontaria giurisdizione,Altri istituti e leggi speciali,Volontaria giurisdizione,notifica,Termini processuali del procedimento,,,,"Da verificare secondo rito, provvedimento o notifica",,,,manual_review,False,forward,admin,GP_TERM_3FB1185F000E,Richiede verifica professionale prima di calcolo automatico.
pct\data\legal_knowledge_base.full.json,400252,Ricorso avverso il rigetto dell'istanza per l'ammissione anticipata (P.S.S.),Volontaria giurisdizione,Altri istituti e leggi speciali,Volontaria giurisdizione,notifica,Termini processuali del procedimento,,,,"Da verificare secondo rito, provvedimento o notifica",,,,manual_review,False,forward,admin,GP_TERM_D7F2A01ED5CD,Richiede verifica professionale prima di calcolo automatico.
pct\data\legal_knowledge_base.full.json,400253,Revoca del provvedimento di ammissione e ricorso avverso il relativo decreto (P.S.S.),Volontaria giurisdizione,Altri istituti e leggi speciali,Volontaria giurisdizione,notifica,Termini processuali del procedimento,,,,"Da verificare secondo rito, provvedimento o notifica",,,,manual_review,False,forward,admin,GP_TERM_1B8664317B68,Richiede verifica professionale prima di calcolo automatico.
pct\data\legal_knowledge_base.full.json,400260,Ammortamento titoli,Volontaria giurisdizione,Altri istituti e leggi speciali,Volontaria giurisdizione,notifica,Termini processuali del procedimento,,,,"Da verificare secondo rito, provvedimento o notifica",,,,manual_review,False,forward,admin,GP_TERM_67D4B183B4FD,Richiede verifica professionale prima di calcolo automatico.
pct\data\legal_knowledge_base.full.json,400270,Nomina di amministratore della comunione (art. 1105 c.c.) (COLLEGIO),Volontaria giurisdizione,Altri istituti e leggi speciali,Volontaria giurisdizione,notifica,Termini processuali del procedimento,,,,"Da verificare secondo rito, provvedimento o notifica",,,,manual_review,False,forward,admin,GP_TERM_EA30092FE552,Richiede verifica professionale prima di calcolo automatico.
pct\data\legal_knowledge_base.full.json,400272,"Revoca di amministratore di comunione o condominio (artt. 1105 e 1129, 3' comma c.c.) (COLLEGIO)",Volontaria giurisdizione,Altri istituti e leggi speciali,Volontaria giurisdizione,notifica,Termini processuali del procedimento,,,,"Da verificare secondo rito, provvedimento o notifica",,,,manual_review,False,forward,admin,GP_TERM_63430037204C,Richiede verifica professionale prima di calcolo automatico.
pct\data\legal_knowledge_base.full.json,400280,Nomina degli arbitri (art. 810 c.p.c.),Volontaria giurisdizione,Altri istituti e leggi speciali,Volontaria giurisdizione,notifica,Termini processuali del procedimento,,,,"Da verificare secondo rito, provvedimento o notifica",,,,manual_review,False,forward,admin,GP_TERM_C0BAB443F60C,Richiede verifica professionale prima di calcolo automatico.
pct\data\legal_knowledge_base.full.json,400281,Liquidazione delle spese e dell'onorario dell'arbitro (art. 814 c.p.c.),Volontaria giurisdizione,Altri istituti e leggi speciali,Volontaria giurisdizione,notifica,Termini processuali del procedimento,,,,"Da verificare secondo rito, provvedimento o notifica",,,,manual_review,False,forward,admin,GP_TERM_EF144A56E20A,Richiede verifica professionale prima di calcolo automatico.
pct\data\legal_knowledge_base.full.json,400282,Dichiarazione di esecutivita del lodo arbitrale (art. 825 c.p.c.),Volontaria giurisdizione,Altri istituti e leggi speciali,Volontaria giurisdizione,notifica,Termini processuali del procedimento,,,,"Da verificare secondo rito, provvedimento o notifica",,,,manual_review,False,forward,admin,GP_TERM_857AD5C82285,Richiede verifica professionale prima di calcolo automatico.
pct\data\legal_knowledge_base.full.json,400290,Svincolo indennita L.686/1926 e L.2359/1865,Volontaria giurisdizione,Altri istituti e leggi speciali,Volontaria giurisdizione,notifica,Termini processuali del procedimento,,,,"Da verificare secondo rito, provvedimento o notifica",,,,manual_review,False,forward,admin,GP_TERM_7797340C6328,Richiede verifica professionale prima di calcolo automatico.
pct\data\legal_knowledge_base.full.json,400300,Ricevimento e verbalizzazione di dichiarazione giurata,Volontaria giurisdizione,Altri istituti e leggi speciali,Volontaria giurisdizione,notifica,Termini processuali del procedimento,,,,"Da verificare secondo rito, provvedimento o notifica",,,,manual_review,False,forward,admin,GP_TERM_4E44C6166B6E,Richiede verifica professionale prima di calcolo automatico.
pct\data\legal_knowledge_base.full.json,400310,Apertura forzata di cassetta di sicurezza (art. 1841 c.c.),Volontaria giurisdizione,Altri istituti e leggi speciali,Volontaria giurisdizione,notifica,Termini processuali del procedimento,,,,"Da verificare secondo rito, provvedimento o notifica",,,,manual_review,False,forward,admin,GP_TERM_7B53A65C98F5,Richiede verifica professionale prima di calcolo automatico.
pct\data\legal_knowledge_base.full.json,400320,Ricorso avverso provvedimenti C.R.A. (art. 7 L. 443/85),Volontaria giurisdizione,Altri istituti e leggi speciali,Volontaria giurisdizione,notifica,Termini processuali del procedimento,,,,"Da verificare secondo rito, provvedimento o notifica",,,,manual_review,False,forward,admin,GP_TERM_28ADE72FD3CF,Richiede verifica professionale prima di calcolo automatico.
pct\data\legal_knowledge_base.full.json,400330,N.O. trapianto tra viventi (art. 2 L. 26.6.1967 n. 458),Volontaria giurisdizione,Altri istituti e leggi speciali,Volontaria giurisdizione,notifica,Termini processuali del procedimento,,,,"Da verificare secondo rito, provvedimento o notifica",,,,manual_review,False,forward,admin,GP_TERM_15A9052AA165,Richiede verifica professionale prima di calcolo automatico.
pct\data\legal_knowledge_base.full.json,400400,Procedimento disciplinare contro notaio (COLLEGIO),Volontaria giurisdizione,Altri istituti e leggi speciali,Volontaria giurisdizione,notifica,Termini processuali del procedimento,,,,"Da verificare secondo rito, provvedimento o notifica",,,,manual_review,False,forward,admin,GP_TERM_7727B8952FEF,Richiede verifica professionale prima di calcolo automatico.
pct\data\legal_knowledge_base.full.json,400401,Idoneita cauzione notarile (art. 22 L. 16.2.1913 n. 89),Volontaria giurisdizione,Altri istituti e leggi speciali,Volontaria giurisdizione,notifica,Termini processuali del procedimento,,,,"Da verificare secondo rito, provvedimento o notifica",,,,manual_review,False,forward,admin,GP_TERM_6E2ABF344630,Richiede verifica professionale prima di calcolo automatico.
pct\data\legal_knowledge_base.full.json,400402,Nomina interprete per sordomunti (artt. 56 e 57 L. 16.2.1913 n. 89),Volontaria giurisdizione,Altri istituti e leggi speciali,Volontaria giurisdizione,notifica,Termini processuali del procedimento,,,,"Da verificare secondo rito, provvedimento o notifica",,,,manual_review,False,forward,admin,GP_TERM_1A84F8DE22E1,Richiede verifica professionale prima di calcolo automatico.
pct\data\legal_knowledge_base.full.json,400403,Nomina professionista in luogo dell'OCC,Volontaria giurisdizione,Altri istituti e leggi speciali,Volontaria giurisdizione,notifica,Termini processuali del procedimento,,,,"Da verificare secondo rito, provvedimento o notifica",,,,manual_review,False,forward,admin,GP_TERM_54EB0E7B5D6B,Richiede verifica professionale prima di calcolo automatico.
pct\data\legal_knowledge_base.full.json,400404,Misure protettive e cautelari (risanamento aziendale),Volontaria giurisdizione,Altri istituti e leggi speciali,Procedimento cautelare o istruzione preventiva,notifica,Termini processuali del procedimento,,,,"Da verificare secondo rito, provvedimento o notifica",,,,manual_review,False,forward,admin,GP_TERM_8066AA801478,Richiede verifica professionale prima di calcolo automatico.
pct\data\legal_knowledge_base.full.json,400405,Autorizzazioni del tribunale (risanamento aziendale),Volontaria giurisdizione,Altri istituti e leggi speciali,Volontaria giurisdizione,notifica,Termini processuali del procedimento,,,,"Da verificare secondo rito, provvedimento o notifica",,,,manual_review,False,forward,admin,GP_TERM_A6B6006169C7,Richiede verifica professionale prima di calcolo automatico.
pct\data\legal_knowledge_base.full.json,400410,"Procedimenti relativi agli ordini professionali (iscrizione, elezione, impugnazione contro provvedimento disciplinare, etc.)",Volontaria giurisdizione,Altri istituti e leggi speciali,Volontaria giurisdizione,notifica,Termini processuali del procedimento,,,,"Da verificare secondo rito, provvedimento o notifica",,,,manual_review,False,forward,admin,GP_TERM_CF1A00B3DA84,Richiede verifica professionale prima di calcolo automatico.
pct\data\legal_knowledge_base.full.json,400510,"Cancellazione di nome dall'elenco dei protesti (art. 12, L. n. 349/1973)",Volontaria giurisdizione,Altri istituti e leggi speciali,Volontaria giurisdizione,notifica,Termini processuali del procedimento,,,,"Da verificare secondo rito, provvedimento o notifica",,,,manual_review,False,forward,admin,GP_TERM_F66BBCED47A1,Richiede verifica professionale prima di calcolo automatico.
pct\data\legal_knowledge_base.full.json,400511,Disposizioni in materia di riabilitazione civile del debitore protestato (art. 17 L. 108/96 - usura),Volontaria giurisdizione,Altri istituti e leggi speciali,Volontaria giurisdizione,notifica,Termini processuali del procedimento,,,,"Da verificare secondo rito, provvedimento o notifica",,,,manual_review,False,forward,admin,GP_TERM_FBDE34B156F9,Richiede verifica professionale prima di calcolo automatico.
pct\data\legal_knowledge_base.full.json,400610,Reclamo avverso il rifiuto del conservatore di procedere alla cancellazione di ipoteca (artt. 2888 c.c. e 113 Disp. Att. c.p.c.) (COLLEGIO),Volontaria giurisdizione,Altri istituti e leggi speciali,Volontaria giurisdizione,notifica,Termini processuali del procedimento,,,,"Da verificare secondo rito, provvedimento o notifica",,,,manual_review,False,forward,admin,GP_TERM_7D5ED5D628FF,Richiede verifica professionale prima di calcolo automatico.
pct\data\legal_knowledge_base.full.json,400710,Impugnazione ex lege sulla privacy (L. n. 675/1996),Volontaria giurisdizione,Altri istituti e leggi speciali,Volontaria giurisdizione,notifica,Termini processuali del procedimento,,,,"Da verificare secondo rito, provvedimento o notifica",,,,manual_review,False,forward,admin,GP_TERM_16BB61BA15F2,Richiede verifica professionale prima di calcolo automatico.
pct\data\legal_knowledge_base.full.json,400711,Opposizione al provvedimento del garante per la tutela delle persone e di altri soggetti rispetto al trattamento dei dati personali (art. 29 L. n. 675/1996),Volontaria giurisdizione,Altri istituti e leggi speciali,Volontaria giurisdizione,notifica,Termini processuali del procedimento,,,,"Da verificare secondo rito, provvedimento o notifica",,,,manual_review,False,forward,admin,GP_TERM_C03FBE60E3C3,Richiede verifica professionale prima di calcolo automatico.
pct\data\legal_knowledge_base.full.json,400801,"Titolo legale per le successioni aperte in Italia riguardanti i depositi iscritti presso la Cassa depositi e prestiti (art. 15, Libro II, T.U. n. 453/1913 come modificato dall'art. 7 L. 6.7.1949 n. 466)",Volontaria giurisdizione,Altri istituti e leggi speciali,Volontaria giurisdizione,notifica,Termini processuali del procedimento,,,,"Da verificare secondo rito, provvedimento o notifica",,,,manual_review,False,forward,admin,GP_TERM_DB295511343C,Richiede verifica professionale prima di calcolo automatico.
pct\data\legal_knowledge_base.full.json,400802,Richiesta documentazione per la successione aperta in Italia in titoli del debito pubblico (artt. 14 e 15 L. 12.8.1975 n. 752),Volontaria giurisdizione,Altri istituti e leggi speciali,Volontaria giurisdizione,notifica,Termini processuali del procedimento,,,,"Da verificare secondo rito, provvedimento o notifica",,,,manual_review,False,forward,admin,GP_TERM_FFAE877778D3,Richiede verifica professionale prima di calcolo automatico.
pct\data\legal_knowledge_base.full.json,400902,Opposizione ex. Art. 5 ter L89/2001,Volontaria giurisdizione,Altri istituti e leggi speciali,Volontaria giurisdizione,notifica,Termini processuali del procedimento,,,,"Da verificare secondo rito, provvedimento o notifica",,,,manual_review,False,forward,admin,GP_TERM_4F32E3B4949C,Richiede verifica professionale prima di calcolo automatico.
pct\data\legal_knowledge_base.full.json,400999,Altri istituti camerali e di volontaria giurisdizione,Volontaria giurisdizione,Altri istituti e leggi speciali,Volontaria giurisdizione,notifica,Termini processuali del procedimento,,,,"Da verificare secondo rito, provvedimento o notifica",,,,manual_review,False,forward,admin,GP_TERM_3EFA0770CD32,Richiede verifica professionale prima di calcolo automatico.
pct\data\legal_knowledge_base.full.json,401001,Notificazione per i pubblici proclami (art.150 cpc),Volontaria giurisdizione,Autorizzazioni processuali,Volontaria giurisdizione,notifica,Termini processuali del procedimento,,,,"Da verificare secondo rito, provvedimento o notifica",,,,manual_review,False,forward,admin,GP_TERM_8A6481E4494B,Richiede verifica professionale prima di calcolo automatico.
pct\data\legal_knowledge_base.full.json,401002,Rilascio seconda copia esecutiva (art. 476 cpc),Volontaria giurisdizione,Autorizzazioni processuali,Esecuzione forzata,notifica,Termini processuali del procedimento,,,,"Da verificare secondo rito, provvedimento o notifica",,,,manual_review,False,forward,admin,GP_TERM_6E778F7F89E8,Richiede verifica professionale prima di calcolo automatico.
pct\data\legal_knowledge_base.full.json,401003,Ricerca con modalita' telematiche dei beni da pignorare - Art. 492 bis.,Volontaria giurisdizione,Autorizzazioni processuali,Esecuzione forzata,notifica,Termini processuali del procedimento,,,,"Da verificare secondo rito, provvedimento o notifica",,,,manual_review,False,forward,admin,GP_TERM_103C9FFE4C51,Richiede verifica professionale prima di calcolo automatico.
pct\data\legal_knowledge_base.full.json,406001,Attuazione di sentenze e provvedimenti stranieri e autorizzazione assunzioni rogatorie (artt. 67 e 69 L. n. 218/95),Volontaria giurisdizione,Altri istituti e leggi speciali di competenza della Corte di Appello in primo grado,Volontaria giurisdizione,notifica,Termini processuali del procedimento,,,,"Da verificare secondo rito, provvedimento o notifica",,,,manual_review,False,forward,admin,GP_TERM_CDB77D3C56E6,Richiede verifica professionale prima di calcolo automatico.
pct\data\legal_knowledge_base.full.json,406100,Iscrizione albo liquidatori di avaria,Volontaria giurisdizione,Altri istituti e leggi speciali di competenza della Corte di Appello in primo grado,Volontaria giurisdizione,notifica,Termini processuali del procedimento,,,,"Da verificare secondo rito, provvedimento o notifica",,,,manual_review,False,forward,admin,GP_TERM_DC50825E511E,Richiede verifica professionale prima di calcolo automatico.
pct\data\legal_knowledge_base.full.json,406200,Sanzioni amministrative comminate dalla Banca d'Italia (art. 145 D.L.vo n. 385/93 - solo Roma),Volontaria giurisdizione,Altri istituti e leggi speciali di competenza della Corte di Appello in primo grado,Volontaria giurisdizione,notifica,Termini processuali del procedimento,,,,"Da verificare secondo rito, provvedimento o notifica",,,,manual_review,False,forward,admin,GP_TERM_35D718D9F09D,Richiede verifica professionale prima di calcolo automatico.
pct\data\legal_knowledge_base.full.json,406210,Sanzioni amministrative comminate dalla Consob (D.L.vo n. 58/98 - foro regionale),Volontaria giurisdizione,Altri istituti e leggi speciali di competenza della Corte di Appello in primo grado,Volontaria giurisdizione,notifica,Termini processuali del procedimento,,,,"Da verificare secondo rito, provvedimento o notifica",,,,manual_review,False,forward,admin,GP_TERM_E9B7ED5A8DE0,Richiede verifica professionale prima di calcolo automatico.
pct\data\legal_knowledge_base.full.json,406220,"Azioni di nullita`, risarcimento danno e provvedimenti di urgenza legge anti trust (art. 33 L. 287/1990)",Volontaria giurisdizione,Altri istituti e leggi speciali di competenza della Corte di Appello in primo grado,Procedimento cautelare o istruzione preventiva,notifica,Termini processuali del procedimento,,,,"Da verificare secondo rito, provvedimento o notifica",,,,manual_review,False,forward,admin,GP_TERM_EDFD5E380953,Richiede verifica professionale prima di calcolo automatico.
pct\data\legal_knowledge_base.full.json,406300,Dichiarazione di esecutivita di decisioni straniere in materia civile e commerciale (Reg. CE 44/01 e ss. mod. ed int.),Volontaria giurisdizione,Altri istituti e leggi speciali di competenza della Corte di Appello in primo grado,Volontaria giurisdizione,notifica,Termini processuali del procedimento,,,,"Da verificare secondo rito, provvedimento o notifica",,,,manual_review,False,forward,admin,GP_TERM_17D505033830,Richiede verifica professionale prima di calcolo automatico.
pct\data\legal_knowledge_base.full.json,406301,Esecutorieta lodo arbitrale straniero (Provv. Presidenziale),Volontaria giurisdizione,Altri istituti e leggi speciali di competenza della Corte di Appello in primo grado,Volontaria giurisdizione,notifica,Termini processuali del procedimento,,,,"Da verificare secondo rito, provvedimento o notifica",,,,manual_review,False,forward,admin,GP_TERM_2BFFC3CCA6FD,Richiede verifica professionale prima di calcolo automatico.
pct\data\legal_knowledge_base.full.json,406302,Trasmissione in forma autentica sentenze in forza della convenzione con la Repubblica di S. Marino,Volontaria giurisdizione,Altri istituti e leggi speciali di competenza della Corte di Appello in primo grado,Volontaria giurisdizione,notifica,Termini processuali del procedimento,,,,"Da verificare secondo rito, provvedimento o notifica",,,,manual_review,False,forward,admin,GP_TERM_B3D419E133DA,Richiede verifica professionale prima di calcolo automatico.
pct\data\legal_knowledge_base.full.json,406303,Dichiarazione di esecutivita' decisioni in materia matrimoniale e di potesta' dei genitori sui figli (Regolamento (CE) n. 1347/2000 del 29 maggio 2000),Volontaria giurisdizione,Altri istituti e leggi speciali di competenza della Corte di Appello in primo grado,Volontaria giurisdizione,notifica,Termini processuali del procedimento,,,,"Da verificare secondo rito, provvedimento o notifica",,,,manual_review,False,forward,admin,GP_TERM_4A7CC1F71215,Richiede verifica professionale prima di calcolo automatico.
pct\data\legal_knowledge_base.full.json,406401,Equa riparazione per violazione del termine ragionevole del processo (L. 89/2001),Legge Pinto - equa riparazione,,,deposito,Ricorso,180,,,definitivita decisione conclusiva,decadenziale,art. 4 L. 89/2001,,calcolabile_giorni,True,forward,civil,GP_TERM_E231FA863A6C,Importabile come template giorni se evento generatore e' valorizzato.
pct\data\legal_knowledge_base.full.json,406801,"Titolo legale per le successioni aperte in Italia riguardanti i depositi iscritti presso la Cassa depositi e prestiti (art. 15, Libro II, T.U. n. 453/1913 come modificato dall'art. 7 L. 6.7.1949 n. 466)",Volontaria giurisdizione,Altri istituti e leggi speciali di competenza della Corte di Appello in primo grado,Volontaria giurisdizione,notifica,Termini processuali del procedimento,,,,"Da verificare secondo rito, provvedimento o notifica",,,,manual_review,False,forward,admin,GP_TERM_E20314EC6EDD,Richiede verifica professionale prima di calcolo automatico.
pct\data\legal_knowledge_base.full.json,406802,Richiesta documentazione per la successione aperta all'estero in titoli del debito pubblico (artt. 14 e 15 L. 12.8.1975 n. 752),Volontaria giurisdizione,Altri istituti e leggi speciali di competenza della Corte di Appello in primo grado,Volontaria giurisdizione,notifica,Termini processuali del procedimento,,,,"Da verificare secondo rito, provvedimento o notifica",,,,manual_review,False,forward,admin,GP_TERM_3C19F074B584,Richiede verifica professionale prima di calcolo automatico.
pct\data\legal_knowledge_base.full.json,406999,Altri istituti di competenza della Corte di Appello in 1^ grado,Volontaria giurisdizione,Altri istituti e leggi speciali di competenza della Corte di Appello in primo grado,Volontaria giurisdizione,notifica,Termini processuali del procedimento,,,,"Da verificare secondo rito, provvedimento o notifica",,,,manual_review,False,forward,admin,GP_TERM_926920F95134,Richiede verifica professionale prima di calcolo automatico.
pct\data\legal_knowledge_base.full.json,411002,"Ricorso per violenza domestica o di genere ex artt. 473bis.40, 473bis.41, 473bis.42 cpc",Volontaria giurisdizione,Cause in materia di famiglia,"Procedimenti in materia di persone, minorenni e famiglie",notifica,Termini processuali del procedimento,,,,"Da verificare secondo rito, provvedimento o notifica",,,,manual_review,False,forward,admin,GP_TERM_716323E550CB,Richiede verifica professionale prima di calcolo automatico.
pct\data\legal_knowledge_base.full.json,411003,Reclamo provvedimenti temporanei e urgenti ex art. 473bis.24 c.p.c.,Volontaria giurisdizione,Cause in materia di famiglia,"Procedimenti in materia di persone, minorenni e famiglie",notifica,Termini processuali del procedimento,,,,"Da verificare secondo rito, provvedimento o notifica",,,,manual_review,False,forward,admin,GP_TERM_04964CADD072,Richiede verifica professionale prima di calcolo automatico.
pct\data\legal_knowledge_base.full.json,411510,Esecutorieta sentenza Sacra Rota nullita di matrimonio - domanda congiunta (L. 121/85),Volontaria giurisdizione,Cause in materia di famiglia,"Procedimenti in materia di persone, minorenni e famiglie",notifica,Termini processuali del procedimento,,,,"Da verificare secondo rito, provvedimento o notifica",,,,manual_review,False,forward,admin,GP_TERM_EB95D60E8303,Richiede verifica professionale prima di calcolo automatico.
pct\data\legal_knowledge_base.full.json,411603,Attuazione dei provvedimenti sull'affidamento,Volontaria giurisdizione,Cause in materia di famiglia,"Procedimenti in materia di persone, minorenni e famiglie",notifica,Termini processuali del procedimento,,,,"Da verificare secondo rito, provvedimento o notifica",,,,manual_review,False,forward,admin,GP_TERM_1D861FBD65AE,Richiede verifica professionale prima di calcolo automatico.
pct\data\legal_knowledge_base.full.json,411610,Attribuzione di quota di pensione e di indennita di fine rapporto lavorativo,Volontaria giurisdizione,Cause in materia di famiglia,"Procedimenti in materia di persone, minorenni e famiglie",notifica,Termini processuali del procedimento,,,,"Da verificare secondo rito, provvedimento o notifica",,,,manual_review,False,forward,admin,GP_TERM_048BDA079AC4,Richiede verifica professionale prima di calcolo automatico.
pct\data\legal_knowledge_base.full.json,411620,Adozione di maggiorenni,Volontaria giurisdizione,Cause in materia di famiglia,"Procedimenti in materia di persone, minorenni e famiglie",notifica,Termini processuali del procedimento,,,,"Da verificare secondo rito, provvedimento o notifica",,,,manual_review,False,forward,admin,GP_TERM_9E3F3723DCA2,Richiede verifica professionale prima di calcolo automatico.
pct\data\legal_knowledge_base.full.json,411630,Dichiarazione giudiziale di paternita e maternita naturale -amissibilita,Volontaria giurisdizione,Cause in materia di famiglia,"Procedimenti in materia di persone, minorenni e famiglie",notifica,Termini processuali del procedimento,,,,"Da verificare secondo rito, provvedimento o notifica",,,,manual_review,False,forward,admin,GP_TERM_A1CA4CEC5ABC,Richiede verifica professionale prima di calcolo automatico.
pct\data\legal_knowledge_base.full.json,411640,Fondo patrimoniale (artt. 167 e ss. c.c.),Volontaria giurisdizione,Cause in materia di famiglia,"Procedimenti in materia di persone, minorenni e famiglie",notifica,Termini processuali del procedimento,,,,"Da verificare secondo rito, provvedimento o notifica",,,,manual_review,False,forward,admin,GP_TERM_DA1BF7268845,Richiede verifica professionale prima di calcolo automatico.
pct\data\legal_knowledge_base.full.json,411641,Sostituzione dell'amministratore del patrimonio familiare,Volontaria giurisdizione,Cause in materia di famiglia,"Procedimenti in materia di persone, minorenni e famiglie",notifica,Termini processuali del procedimento,,,,"Da verificare secondo rito, provvedimento o notifica",,,,manual_review,False,forward,admin,GP_TERM_F8D76894C20D,Richiede verifica professionale prima di calcolo automatico.
pct\data\legal_knowledge_base.full.json,411650,"Matrimonio (pubblicazioni matrimoniali ex artt. 93 e ss. c.c., nulla osta al matrimonio dello straniero, etc.)",Volontaria giurisdizione,Cause in materia di famiglia,"Procedimenti in materia di persone, minorenni e famiglie",notifica,Termini processuali del procedimento,,,,"Da verificare secondo rito, provvedimento o notifica",,,,manual_review,False,forward,admin,GP_TERM_8E44E965CB22,Richiede verifica professionale prima di calcolo automatico.
pct\data\legal_knowledge_base.full.json,411660,Sequestro dei beni del coniuge separato (art. 156 c.c.),Volontaria giurisdizione,Cause in materia di famiglia,Procedimento cautelare o istruzione preventiva,notifica,Termini processuali del procedimento,,,,"Da verificare secondo rito, provvedimento o notifica",,,,manual_review,False,forward,admin,GP_TERM_76DE3A2E45A8,Richiede verifica professionale prima di calcolo automatico.
pct\data\legal_knowledge_base.full.json,411670,Fondo solidarietà ex L. 208/2015,Volontaria giurisdizione,Cause in materia di famiglia,"Procedimenti in materia di persone, minorenni e famiglie",notifica,Termini processuali del procedimento,,,,"Da verificare secondo rito, provvedimento o notifica",,,,manual_review,False,forward,admin,GP_TERM_8198F81AEEEE,Richiede verifica professionale prima di calcolo automatico.
pct\data\legal_knowledge_base.full.json,411671,Separazione consensuale e divorzio congiunto (Cessazione effetti civili),Volontaria giurisdizione,Cause in materia di famiglia,"Procedimenti in materia di persone, minorenni e famiglie",notifica,Termini processuali del procedimento,,,,"Da verificare secondo rito, provvedimento o notifica",,,,manual_review,False,forward,admin,GP_TERM_0B5C4B9005A8,Richiede verifica professionale prima di calcolo automatico.
pct\data\legal_knowledge_base.full.json,411672,Separazione consensuale e divorzio congiunto (Scioglimento matrimonio),Volontaria giurisdizione,Cause in materia di famiglia,"Procedimenti in materia di persone, minorenni e famiglie",notifica,Termini processuali del procedimento,,,,"Da verificare secondo rito, provvedimento o notifica",,,,manual_review,False,forward,admin,GP_TERM_D28055A9DCD0,Richiede verifica professionale prima di calcolo automatico.
pct\data\legal_knowledge_base.full.json,411673,Modifica delle condizioni di separazione (ricorso congiunto),Volontaria giurisdizione,Cause in materia di famiglia,"Procedimenti in materia di persone, minorenni e famiglie",notifica,Termini processuali del procedimento,,,,"Da verificare secondo rito, provvedimento o notifica",,,,manual_review,False,forward,admin,GP_TERM_A3869CB01358,Richiede verifica professionale prima di calcolo automatico.
pct\data\legal_knowledge_base.full.json,411674,Divorzio congiunto - Cessazione effetti civili,Volontaria giurisdizione,Cause in materia di famiglia,"Procedimenti in materia di persone, minorenni e famiglie",notifica,Termini processuali del procedimento,,,,"Da verificare secondo rito, provvedimento o notifica",,,,manual_review,False,forward,admin,GP_TERM_50C35165CE22,Richiede verifica professionale prima di calcolo automatico.
pct\data\legal_knowledge_base.full.json,411675,Modifica delle condizioni di divorzio (ricorso congiunto),Volontaria giurisdizione,Cause in materia di famiglia,"Procedimenti in materia di persone, minorenni e famiglie",notifica,Termini processuali del procedimento,,,,"Da verificare secondo rito, provvedimento o notifica",,,,manual_review,False,forward,admin,GP_TERM_3D09D2A66077,Richiede verifica professionale prima di calcolo automatico.
pct\data\legal_knowledge_base.full.json,411676,Divorzio congiunto - Scioglimento matrimonio,Volontaria giurisdizione,Cause in materia di famiglia,"Procedimenti in materia di persone, minorenni e famiglie",notifica,Termini processuali del procedimento,,,,"Da verificare secondo rito, provvedimento o notifica",,,,manual_review,False,forward,admin,GP_TERM_EA32E18B332A,Richiede verifica professionale prima di calcolo automatico.
pct\data\legal_knowledge_base.full.json,411677,Regolamentazione dell'esercizio della responsabilità genitoriale (ricorso congiunto),Volontaria giurisdizione,Cause in materia di famiglia,"Procedimenti in materia di persone, minorenni e famiglie",notifica,Termini processuali del procedimento,,,,"Da verificare secondo rito, provvedimento o notifica",,,,manual_review,False,forward,admin,GP_TERM_FF37EE36D869,Richiede verifica professionale prima di calcolo automatico.
pct\data\legal_knowledge_base.full.json,411678,Modifica condizioni regolamentaz. esercizio responsabilità genitoriale (ricorso congiunto),Volontaria giurisdizione,Cause in materia di famiglia,"Procedimenti in materia di persone, minorenni e famiglie",notifica,Termini processuali del procedimento,,,,"Da verificare secondo rito, provvedimento o notifica",,,,manual_review,False,forward,admin,GP_TERM_342F1CBE4861,Richiede verifica professionale prima di calcolo automatico.
pct\data\legal_knowledge_base.full.json,411679,Fondo patrimoniale (artt. 167 e ss. c.c.),Volontaria giurisdizione,Cause in materia di famiglia,"Procedimenti in materia di persone, minorenni e famiglie",notifica,Termini processuali del procedimento,,,,"Da verificare secondo rito, provvedimento o notifica",,,,manual_review,False,forward,admin,GP_TERM_362460E2230A,Richiede verifica professionale prima di calcolo automatico.
pct\data\legal_knowledge_base.full.json,411680,Sostituzione dell'amministratore del patrimonio familiare,Volontaria giurisdizione,Cause in materia di famiglia,"Procedimenti in materia di persone, minorenni e famiglie",notifica,Termini processuali del procedimento,,,,"Da verificare secondo rito, provvedimento o notifica",,,,manual_review,False,forward,admin,GP_TERM_4F62DDD71F9A,Richiede verifica professionale prima di calcolo automatico.
pct\data\legal_knowledge_base.full.json,411681,Stato civile (rettifica del nome e altri atti dello Stato civile),Volontaria giurisdizione,Cause in materia di famiglia,"Procedimenti in materia di persone, minorenni e famiglie",notifica,Termini processuali del procedimento,,,,"Da verificare secondo rito, provvedimento o notifica",,,,manual_review,False,forward,admin,GP_TERM_93A9800AF522,Richiede verifica professionale prima di calcolo automatico.
pct\data\legal_knowledge_base.full.json,411682,Dichiarazione di assenza o di morte presunta (COLLEGIO),Volontaria giurisdizione,Cause in materia di famiglia,"Procedimenti in materia di persone, minorenni e famiglie",notifica,Termini processuali del procedimento,,,,"Da verificare secondo rito, provvedimento o notifica",,,,manual_review,False,forward,admin,GP_TERM_5C430321F0D3,Richiede verifica professionale prima di calcolo automatico.
pct\data\legal_knowledge_base.full.json,411683,Adozione di maggiorenni,Volontaria giurisdizione,Cause in materia di famiglia,"Procedimenti in materia di persone, minorenni e famiglie",notifica,Termini processuali del procedimento,,,,"Da verificare secondo rito, provvedimento o notifica",,,,manual_review,False,forward,admin,GP_TERM_A6588E7B8530,Richiede verifica professionale prima di calcolo automatico.
pct\data\legal_knowledge_base.full.json,411684,Esecutorieta sentenza Sacra Rota nullita di matrimonio (L. 121/85),Volontaria giurisdizione,Cause in materia di famiglia,"Procedimenti in materia di persone, minorenni e famiglie",notifica,Termini processuali del procedimento,,,,"Da verificare secondo rito, provvedimento o notifica",,,,manual_review,False,forward,admin,GP_TERM_E3828B250DC6,Richiede verifica professionale prima di calcolo automatico.
pct\data\legal_knowledge_base.full.json,411685,Accertamento dei requisiti sentenza straniera di divorzio (art. 67 L. 218/95),Volontaria giurisdizione,Cause in materia di famiglia,"Procedimenti in materia di persone, minorenni e famiglie",notifica,Termini processuali del procedimento,,,,"Da verificare secondo rito, provvedimento o notifica",,,,manual_review,False,forward,admin,GP_TERM_BDD8215B3485,Richiede verifica professionale prima di calcolo automatico.
pct\data\legal_knowledge_base.full.json,411686,Esecutorieta sentenza Sacra Rota nullita di matrimonio - domanda congiunta,Volontaria giurisdizione,Cause in materia di famiglia,"Procedimenti in materia di persone, minorenni e famiglie",notifica,Termini processuali del procedimento,,,,"Da verificare secondo rito, provvedimento o notifica",,,,manual_review,False,forward,admin,GP_TERM_616BA370BA2B,Richiede verifica professionale prima di calcolo automatico.
pct\data\legal_knowledge_base.full.json,411687,"Matrimonio (pubbl.ni matrimoniali ex artt. 93 e ss. cc, nulla osta al matrim.)",Volontaria giurisdizione,Cause in materia di famiglia,"Procedimenti in materia di persone, minorenni e famiglie",notifica,Termini processuali del procedimento,,,,"Da verificare secondo rito, provvedimento o notifica",,,,manual_review,False,forward,admin,GP_TERM_8DEAB6FFE066,Richiede verifica professionale prima di calcolo automatico.
pct\data\legal_knowledge_base.full.json,411688,Istanza per la nomina del curatore speciale del minore,Volontaria giurisdizione,Cause in materia di famiglia,"Procedimenti in materia di persone, minorenni e famiglie",notifica,Termini processuali del procedimento,,,,"Da verificare secondo rito, provvedimento o notifica",,,,manual_review,False,forward,admin,GP_TERM_40240DC205CF,Richiede verifica professionale prima di calcolo automatico.
pct\data\legal_knowledge_base.full.json,411689,Assunzione del cognome del genitore da parte del figlio naturale minorenne (art. 262 Cod. Civ.),Volontaria giurisdizione,Cause in materia di famiglia,"Procedimenti in materia di persone, minorenni e famiglie",notifica,Termini processuali del procedimento,,,,"Da verificare secondo rito, provvedimento o notifica",,,,manual_review,False,forward,admin,GP_TERM_2CEA01DAEF56,Richiede verifica professionale prima di calcolo automatico.
pct\data\legal_knowledge_base.full.json,411703,Accordi ex art. 6 d.l. n.132 del 2014,Volontaria giurisdizione,Cause in materia di famiglia,"Procedimenti in materia di persone, minorenni e famiglie",notifica,Termini processuali del procedimento,,,,"Da verificare secondo rito, provvedimento o notifica",,,,manual_review,False,forward,admin,GP_TERM_C7FB7BB3F115,Richiede verifica professionale prima di calcolo automatico.
pct\data\legal_knowledge_base.full.json,411706,Separazione consensuale,Volontaria giurisdizione,Cause in materia di famiglia,"Procedimenti in materia di persone, minorenni e famiglie",notifica,Termini processuali del procedimento,,,,"Da verificare secondo rito, provvedimento o notifica",,,,manual_review,False,forward,admin,GP_TERM_11599F803105,Richiede verifica professionale prima di calcolo automatico.
pct\data\legal_knowledge_base.full.json,411999,Altri istituti di diritto di famiglia (es. mantenimento figli naturali e legittimi),Volontaria giurisdizione,Cause in materia di famiglia,"Procedimenti in materia di persone, minorenni e famiglie",notifica,Termini processuali del procedimento,,,,"Da verificare secondo rito, provvedimento o notifica",,,,manual_review,False,forward,admin,GP_TERM_EEFCCF0B4C84,Richiede verifica professionale prima di calcolo automatico.
pct\data\legal_knowledge_base.full.json,412301,"Deprecato (Non Iscrivibile) - Procedimenti per la dichiarazione di adottabilita (artt. 8, 9, 11 e 12 L. n. 184/1983)",Volontaria giurisdizione,Cause in materia minorile,"Procedimenti in materia di persone, minorenni e famiglie",notifica,Termini processuali del procedimento,,,,"Da verificare secondo rito, provvedimento o notifica",,,,manual_review,False,forward,admin,GP_TERM_6D40FB9F9E04,Richiede verifica professionale prima di calcolo automatico.
pct\data\legal_knowledge_base.full.json,412302,Deprecato (Non Iscrivibile) - Dichiarazione di disponibilita all'adozione (art. 22 L. n. 184/1983),Volontaria giurisdizione,Cause in materia minorile,"Procedimenti in materia di persone, minorenni e famiglie",notifica,Termini processuali del procedimento,,,,"Da verificare secondo rito, provvedimento o notifica",,,,manual_review,False,forward,admin,GP_TERM_87432D80AB2B,Richiede verifica professionale prima di calcolo automatico.
pct\data\legal_knowledge_base.full.json,412303,Impugnazione decreto affidamento preadottivo (art. 24 L. n. 184/1983),Volontaria giurisdizione,Cause in materia minorile,"Procedimenti in materia di persone, minorenni e famiglie",notifica,Termini processuali del procedimento,,,,"Da verificare secondo rito, provvedimento o notifica",,,,manual_review,False,forward,admin,GP_TERM_442BD7BFB829,Richiede verifica professionale prima di calcolo automatico.
pct\data\legal_knowledge_base.full.json,412304,Opposizioni a dichiarazioni di adottabilita (art.17 L. n. 184/1983),Volontaria giurisdizione,Cause in materia minorile,"Procedimenti in materia di persone, minorenni e famiglie",notifica,Termini processuali del procedimento,,,,"Da verificare secondo rito, provvedimento o notifica",,,,manual_review,False,forward,admin,GP_TERM_707F73592107,Richiede verifica professionale prima di calcolo automatico.
pct\data\legal_knowledge_base.full.json,412305,Adozione in casi particolari (art. 44 lett. a L. n. 184/1983 - vincolo di parentela),Volontaria giurisdizione,Cause in materia minorile,"Procedimenti in materia di persone, minorenni e famiglie",notifica,Termini processuali del procedimento,,,,"Da verificare secondo rito, provvedimento o notifica",,,,manual_review,False,forward,admin,GP_TERM_CC397E1FA75B,Richiede verifica professionale prima di calcolo automatico.
pct\data\legal_knowledge_base.full.json,412306,Adozione in casi particolari (art. 44 lett. b L. n. 184/1983 - figlio adottivo dell'altro coniuge),Volontaria giurisdizione,Cause in materia minorile,"Procedimenti in materia di persone, minorenni e famiglie",notifica,Termini processuali del procedimento,,,,"Da verificare secondo rito, provvedimento o notifica",,,,manual_review,False,forward,admin,GP_TERM_065D79F15542,Richiede verifica professionale prima di calcolo automatico.
pct\data\legal_knowledge_base.full.json,412307,Deprecato (Non Iscrivibile) - Adozione in casi particolari (art. 44 lett. c L. n. 184/1983 - impossibilita affidamento preadottivo),Volontaria giurisdizione,Cause in materia minorile,"Procedimenti in materia di persone, minorenni e famiglie",notifica,Termini processuali del procedimento,,,,"Da verificare secondo rito, provvedimento o notifica",,,,manual_review,False,forward,admin,GP_TERM_B9D596F439B5,Richiede verifica professionale prima di calcolo automatico.
pct\data\legal_knowledge_base.full.json,412308,Idoneita all'adozione di minori stranieri (art.30 L. n. 184/1983),Volontaria giurisdizione,Cause in materia minorile,"Procedimenti in materia di persone, minorenni e famiglie",notifica,Termini processuali del procedimento,,,,"Da verificare secondo rito, provvedimento o notifica",,,,manual_review,False,forward,admin,GP_TERM_A013E2D284CD,Richiede verifica professionale prima di calcolo automatico.
pct\data\legal_knowledge_base.full.json,412309,Deprecato (Non Iscrivibile) - Dichiarazioni di efficacia di provvedimenti stranieri in materia di adozione (art.32 L. n. 184/1983),Volontaria giurisdizione,Cause in materia minorile,"Procedimenti in materia di persone, minorenni e famiglie",notifica,Termini processuali del procedimento,,,,"Da verificare secondo rito, provvedimento o notifica",,,,manual_review,False,forward,admin,GP_TERM_3CCAB4C0F78E,Richiede verifica professionale prima di calcolo automatico.
pct\data\legal_knowledge_base.full.json,412310,Impugnazione sentenza di adozione (art. 26 L. n. 184/1983),Volontaria giurisdizione,Cause in materia minorile,"Procedimenti in materia di persone, minorenni e famiglie",notifica,Termini processuali del procedimento,,,,"Da verificare secondo rito, provvedimento o notifica",,,,manual_review,False,forward,admin,GP_TERM_E0250D10205F,Richiede verifica professionale prima di calcolo automatico.
pct\data\legal_knowledge_base.full.json,412311,Adozione in casi particolari (art. 44 lett. d L. n. 184/1983 - impossibilita' affidamento preadottivo),Volontaria giurisdizione,Cause in materia minorile,"Procedimenti in materia di persone, minorenni e famiglie",notifica,Termini processuali del procedimento,,,,"Da verificare secondo rito, provvedimento o notifica",,,,manual_review,False,forward,admin,GP_TERM_CB2C167A38C0,Richiede verifica professionale prima di calcolo automatico.
pct\data\legal_knowledge_base.full.json,412312,Adozione in casi particolari (art. 44 lett. c L. n. 184/1983 - minore orfano e portatore di handicap),Volontaria giurisdizione,Cause in materia minorile,"Procedimenti in materia di persone, minorenni e famiglie",notifica,Termini processuali del procedimento,,,,"Da verificare secondo rito, provvedimento o notifica",,,,manual_review,False,forward,admin,GP_TERM_46A64F05B2D6,Richiede verifica professionale prima di calcolo automatico.
pct\data\legal_knowledge_base.full.json,412313,Procedimento di adozione ex art. 35 co. 2 L. 184/1983 (ratifica adozione estera),Volontaria giurisdizione,Cause in materia minorile,"Procedimenti in materia di persone, minorenni e famiglie",notifica,Termini processuali del procedimento,,,,"Da verificare secondo rito, provvedimento o notifica",,,,manual_review,False,forward,admin,GP_TERM_77FA7DB264CD,Richiede verifica professionale prima di calcolo automatico.
pct\data\legal_knowledge_base.full.json,412314,Procedimento di adozione ex art. 35 co. 4 L. 184/1983 (ratifica adozione estera con affido preadottivo),Volontaria giurisdizione,Cause in materia minorile,"Procedimenti in materia di persone, minorenni e famiglie",notifica,Termini processuali del procedimento,,,,"Da verificare secondo rito, provvedimento o notifica",,,,manual_review,False,forward,admin,GP_TERM_20FBAFB6812A,Richiede verifica professionale prima di calcolo automatico.
pct\data\legal_knowledge_base.full.json,412315,Procedimento di adozione ex art. 36 co. 2 L. 184/1983 (Paesi non Aja),Volontaria giurisdizione,Cause in materia minorile,"Procedimenti in materia di persone, minorenni e famiglie",notifica,Termini processuali del procedimento,,,,"Da verificare secondo rito, provvedimento o notifica",,,,manual_review,False,forward,admin,GP_TERM_F6E36C5711A5,Richiede verifica professionale prima di calcolo automatico.
pct\data\legal_knowledge_base.full.json,412316,Procedimento di adozione ex art. 36 co. 4 L. 184/1983 (cittadini italiani residenti all'estero),Volontaria giurisdizione,Cause in materia minorile,"Procedimenti in materia di persone, minorenni e famiglie",notifica,Termini processuali del procedimento,,,,"Da verificare secondo rito, provvedimento o notifica",,,,manual_review,False,forward,admin,GP_TERM_032A9CB8625E,Richiede verifica professionale prima di calcolo automatico.
pct\data\legal_knowledge_base.full.json,412317,Revoca dello stato di adottabilita' (Art. 21 L. 184/1983),Volontaria giurisdizione,Cause in materia minorile,"Procedimenti in materia di persone, minorenni e famiglie",notifica,Termini processuali del procedimento,,,,"Da verificare secondo rito, provvedimento o notifica",,,,manual_review,False,forward,admin,GP_TERM_D072304007B7,Richiede verifica professionale prima di calcolo automatico.
pct\data\legal_knowledge_base.full.json,412318,Revoca adozione in casi particolari per fatto dell'adottato (Art. 51 L. n. 184/1983),Volontaria giurisdizione,Cause in materia minorile,"Procedimenti in materia di persone, minorenni e famiglie",notifica,Termini processuali del procedimento,,,,"Da verificare secondo rito, provvedimento o notifica",,,,manual_review,False,forward,admin,GP_TERM_329C8BB4A0F5,Richiede verifica professionale prima di calcolo automatico.
pct\data\legal_knowledge_base.full.json,412319,Revoca adozione in casi particolari per fatto dell'adottante (Art. 52 L. n. 184/1983),Volontaria giurisdizione,Cause in materia minorile,"Procedimenti in materia di persone, minorenni e famiglie",notifica,Termini processuali del procedimento,,,,"Da verificare secondo rito, provvedimento o notifica",,,,manual_review,False,forward,admin,GP_TERM_28ABEEC1239F,Richiede verifica professionale prima di calcolo automatico.
pct\data\legal_knowledge_base.full.json,412320,Revoca decreto di idoneita' adozione internazionale (art. 30 co. 4 L. 184/1983),Volontaria giurisdizione,Cause in materia minorile,"Procedimenti in materia di persone, minorenni e famiglie",notifica,Termini processuali del procedimento,,,,"Da verificare secondo rito, provvedimento o notifica",,,,manual_review,False,forward,admin,GP_TERM_ABD2C5F74521,Richiede verifica professionale prima di calcolo automatico.
pct\data\legal_knowledge_base.full.json,412321,Autorizzazione al rilascio degli atti di cui all'art. 28 L. 184/1983,Volontaria giurisdizione,Cause in materia minorile,"Procedimenti in materia di persone, minorenni e famiglie",notifica,Termini processuali del procedimento,,,,"Da verificare secondo rito, provvedimento o notifica",,,,manual_review,False,forward,admin,GP_TERM_2476DA40AE41,Richiede verifica professionale prima di calcolo automatico.
pct\data\legal_knowledge_base.full.json,412400,Deprecato (Non Iscrivibile) - Affidamento minori,Volontaria giurisdizione,Cause in materia minorile,"Procedimenti in materia di persone, minorenni e famiglie",notifica,Termini processuali del procedimento,,,,"Da verificare secondo rito, provvedimento o notifica",,,,manual_review,False,forward,admin,GP_TERM_C9992C0274F4,Richiede verifica professionale prima di calcolo automatico.
pct\data\legal_knowledge_base.full.json,412401,Deprecato (Non Iscrivibile) - Regolamentazione della potesta fra genitori (art. 317 bis),Volontaria giurisdizione,Cause in materia minorile,"Procedimenti in materia di persone, minorenni e famiglie",notifica,Termini processuali del procedimento,,,,"Da verificare secondo rito, provvedimento o notifica",,,,manual_review,False,forward,admin,GP_TERM_F5CF2D74E567,Richiede verifica professionale prima di calcolo automatico.
pct\data\legal_knowledge_base.full.json,412420,Deprecato (Non Iscrivibile) - Regolamentazione visite,Volontaria giurisdizione,Cause in materia minorile,"Procedimenti in materia di persone, minorenni e famiglie",notifica,Termini processuali del procedimento,,,,"Da verificare secondo rito, provvedimento o notifica",,,,manual_review,False,forward,admin,GP_TERM_0E2023EEBC14,Richiede verifica professionale prima di calcolo automatico.
pct\data\legal_knowledge_base.full.json,412421,Affidamento minori (ante Riforma Cartabia),Volontaria giurisdizione,Cause in materia minorile,"Procedimenti in materia di persone, minorenni e famiglie",notifica,Termini processuali del procedimento,,,,"Da verificare secondo rito, provvedimento o notifica",,,,manual_review,False,forward,admin,GP_TERM_DC6472D9B852,Richiede verifica professionale prima di calcolo automatico.
pct\data\legal_knowledge_base.full.json,412501,Ammissione al matrimonio del minore (art.84),Volontaria giurisdizione,Cause in materia minorile,"Procedimenti in materia di persone, minorenni e famiglie",notifica,Termini processuali del procedimento,,,,"Da verificare secondo rito, provvedimento o notifica",,,,manual_review,False,forward,admin,GP_TERM_00F3FDB76CDA,Richiede verifica professionale prima di calcolo automatico.
pct\data\legal_knowledge_base.full.json,412502,Deprecato (Non Iscrivibile) - Assunzione del cognome del genitore da parte del figlio naturale minorenne (art.262),Volontaria giurisdizione,Cause in materia minorile,"Procedimenti in materia di persone, minorenni e famiglie",notifica,Termini processuali del procedimento,,,,"Da verificare secondo rito, provvedimento o notifica",,,,manual_review,False,forward,admin,GP_TERM_89452DDFCA88,Richiede verifica professionale prima di calcolo automatico.
pct\data\legal_knowledge_base.full.json,412503,Deprecato (Non Iscrivibile) - Procedimenti per l'ammissibilita dell'azione di dichiarazione giudiziale di paternità o maternità riguardante minori (art.274) (contenzioso),Volontaria giurisdizione,Cause in materia minorile,"Procedimenti in materia di persone, minorenni e famiglie",notifica,Termini processuali del procedimento,,,,"Da verificare secondo rito, provvedimento o notifica",,,,manual_review,False,forward,admin,GP_TERM_182EE50D5C9B,Richiede verifica professionale prima di calcolo automatico.
pct\data\legal_knowledge_base.full.json,412504,Deprecato (Non Iscrivibile) - Autorizzazione all'impugnazione di riconoscimento di paternita o maternita riguardante minori (artt.74 e 264) (contenzioso),Volontaria giurisdizione,Cause in materia minorile,"Procedimenti in materia di persone, minorenni e famiglie",notifica,Termini processuali del procedimento,,,,"Da verificare secondo rito, provvedimento o notifica",,,,manual_review,False,forward,admin,GP_TERM_8AA068B121B3,Richiede verifica professionale prima di calcolo automatico.
pct\data\legal_knowledge_base.full.json,412505,"Misure amministrative applicate ai minori (R.D. L.20/7/34 n. 1404, art 25)",Volontaria giurisdizione,Cause in materia minorile,"Procedimenti in materia di persone, minorenni e famiglie",notifica,Termini processuali del procedimento,,,,"Da verificare secondo rito, provvedimento o notifica",,,,manual_review,False,forward,admin,GP_TERM_569337CC57A9,Richiede verifica professionale prima di calcolo automatico.
pct\data\legal_knowledge_base.full.json,412506,Costituzione di usufrutto,Volontaria giurisdizione,Cause in materia minorile,"Procedimenti in materia di persone, minorenni e famiglie",notifica,Termini processuali del procedimento,,,,"Da verificare secondo rito, provvedimento o notifica",,,,manual_review,False,forward,admin,GP_TERM_C2AE3EC5E939,Richiede verifica professionale prima di calcolo automatico.
pct\data\legal_knowledge_base.full.json,412507,Autorizzazione al riconoscimento (art. 251 Cod. Civ.),Volontaria giurisdizione,Cause in materia minorile,"Procedimenti in materia di persone, minorenni e famiglie",notifica,Termini processuali del procedimento,,,,"Da verificare secondo rito, provvedimento o notifica",,,,manual_review,False,forward,admin,GP_TERM_1BCE2FF437F9,Richiede verifica professionale prima di calcolo automatico.
pct\data\legal_knowledge_base.full.json,412601,Interdizione e inabilitazione ex art. 416 Cod. Civ.,Volontaria giurisdizione,Cause in materia minorile,"Procedimenti in materia di persone, minorenni e famiglie",notifica,Termini processuali del procedimento,,,,"Da verificare secondo rito, provvedimento o notifica",,,,manual_review,False,forward,admin,GP_TERM_DA061B92EB0A,Richiede verifica professionale prima di calcolo automatico.
pct\data\legal_knowledge_base.full.json,412701,Autorizzazione per i genitori stranieri all'ingresso o alla permanenza in Italia a seguito del minore (art. 31 co.3 D. Lgs. 286/1998),Volontaria giurisdizione,Cause in materia minorile,"Procedimenti in materia di persone, minorenni e famiglie",notifica,Termini processuali del procedimento,,,,"Da verificare secondo rito, provvedimento o notifica",,,,manual_review,False,forward,admin,GP_TERM_38399503B552,Richiede verifica professionale prima di calcolo automatico.
pct\data\legal_knowledge_base.full.json,412702,Accertamento dell'età del minore (art. 19-bis D. Lgs 142/2015),Volontaria giurisdizione,Cause in materia minorile,"Procedimenti in materia di persone, minorenni e famiglie",notifica,Termini processuali del procedimento,,,,"Da verificare secondo rito, provvedimento o notifica",,,,manual_review,False,forward,admin,GP_TERM_AE0C35A06BEA,Richiede verifica professionale prima di calcolo automatico.
pct\data\legal_knowledge_base.full.json,412999,Altri procedimenti,Volontaria giurisdizione,Cause in materia minorile,"Procedimenti in materia di persone, minorenni e famiglie",notifica,Termini processuali del procedimento,,,,"Da verificare secondo rito, provvedimento o notifica",,,,manual_review,False,forward,admin,GP_TERM_3C73C114B932,Richiede verifica professionale prima di calcolo automatico.
pct\data\legal_knowledge_base.full.json,413001,Rappresentanza ed atti di amministrazione straordinaria di beni di figli minori (art. 320 c.c.),Volontaria giurisdizione,Giudice tutelare,"Procedimenti in materia di persone, minorenni e famiglie",notifica,Termini processuali del procedimento,,,,"Da verificare secondo rito, provvedimento o notifica",,,,manual_review,False,forward,admin,GP_TERM_D559AF6B6266,Richiede verifica professionale prima di calcolo automatico.
pct\data\legal_knowledge_base.full.json,413002,"Nomina di curatore speciale (artt. 320, ult. comma e 321 c.c., art. 45 Disp. Att. C.C.)",Volontaria giurisdizione,Giudice tutelare,Volontaria giurisdizione,notifica,Termini processuali del procedimento,,,,"Da verificare secondo rito, provvedimento o notifica",,,,manual_review,False,forward,admin,GP_TERM_A550804112FB,Richiede verifica professionale prima di calcolo automatico.
pct\data\legal_knowledge_base.full.json,413003,Vigilanza del giudice tutelare sull'osservanza delle condizioni stabilite dal Tribunale per l'esercizio della potesta e per l'amministrazione dei beni (art. 337 C.C.),Volontaria giurisdizione,Giudice tutelare,Volontaria giurisdizione,notifica,Termini processuali del procedimento,,,,"Da verificare secondo rito, provvedimento o notifica",,,,manual_review,False,forward,admin,GP_TERM_1AA43ED4A593,Richiede verifica professionale prima di calcolo automatico.
pct\data\legal_knowledge_base.full.json,413010,Apertura della tutela (art. 343 c.c.),Volontaria giurisdizione,Giudice tutelare,Volontaria giurisdizione,notifica,Termini processuali del procedimento,,,,"Da verificare secondo rito, provvedimento o notifica",,,,manual_review,False,forward,admin,GP_TERM_C05F13E10EAE,Richiede verifica professionale prima di calcolo automatico.
pct\data\legal_knowledge_base.full.json,413011,Provvedimenti urgenti prima dell'assunzione delle funzioni del tutore o del protutore (art. 361 c.c.),Volontaria giurisdizione,Giudice tutelare,Volontaria giurisdizione,notifica,Termini processuali del procedimento,,,,"Da verificare secondo rito, provvedimento o notifica",,,,manual_review,False,forward,admin,GP_TERM_FE0CD525E00C,Richiede verifica professionale prima di calcolo automatico.
pct\data\legal_knowledge_base.full.json,413012,Nomina del cancelliere o del notaio per la formazione dell'inventario (art. 363 c.c.),Volontaria giurisdizione,Giudice tutelare,Volontaria giurisdizione,notifica,Termini processuali del procedimento,,,,"Da verificare secondo rito, provvedimento o notifica",,,,manual_review,False,forward,admin,GP_TERM_98ACF44F2086,Richiede verifica professionale prima di calcolo automatico.
pct\data\legal_knowledge_base.full.json,413013,Provvedimenti circa l'educazione e l'amministraz di beni del minore ex art. 371 C.C.,Volontaria giurisdizione,Giudice tutelare,"Procedimenti in materia di persone, minorenni e famiglie",notifica,Termini processuali del procedimento,,,,"Da verificare secondo rito, provvedimento o notifica",,,,manual_review,False,forward,admin,GP_TERM_EF484B02346E,Richiede verifica professionale prima di calcolo automatico.
pct\data\legal_knowledge_base.full.json,413014,"Autorizzazioni del giudice tutelare ex artt. 372, 373 e 374 c.c.",Volontaria giurisdizione,Giudice tutelare,Volontaria giurisdizione,notifica,Termini processuali del procedimento,,,,"Da verificare secondo rito, provvedimento o notifica",,,,manual_review,False,forward,admin,GP_TERM_CCE90671DAB5,Richiede verifica professionale prima di calcolo automatico.
pct\data\legal_knowledge_base.full.json,413015,"Autorizzazioni e pareri del giudice tutelare su atti del curatore dell'emancipato e dell'inabilitato, ex artt. 394, 424 e ss. c.c.",Volontaria giurisdizione,Giudice tutelare,Volontaria giurisdizione,notifica,Termini processuali del procedimento,,,,"Da verificare secondo rito, provvedimento o notifica",,,,manual_review,False,forward,admin,GP_TERM_F425FC39FC41,Richiede verifica professionale prima di calcolo automatico.
pct\data\legal_knowledge_base.full.json,413016,Rifiuto del consenso da parte del curatore ex art. 395 c.c.,Volontaria giurisdizione,Giudice tutelare,Volontaria giurisdizione,notifica,Termini processuali del procedimento,,,,"Da verificare secondo rito, provvedimento o notifica",,,,manual_review,False,forward,admin,GP_TERM_4B20E787F7FC,Richiede verifica professionale prima di calcolo automatico.
pct\data\legal_knowledge_base.full.json,413017,Apertura della Curatela,Volontaria giurisdizione,Giudice tutelare,Volontaria giurisdizione,notifica,Termini processuali del procedimento,,,,"Da verificare secondo rito, provvedimento o notifica",,,,manual_review,False,forward,admin,GP_TERM_1CDE71727052,Richiede verifica professionale prima di calcolo automatico.
pct\data\legal_knowledge_base.full.json,413018,Apertura della Vigilanza sui Minori,Volontaria giurisdizione,Giudice tutelare,"Procedimenti in materia di persone, minorenni e famiglie",notifica,Termini processuali del procedimento,,,,"Da verificare secondo rito, provvedimento o notifica",,,,manual_review,False,forward,admin,GP_TERM_D009B59E9879,Richiede verifica professionale prima di calcolo automatico.
pct\data\legal_knowledge_base.full.json,413020,"Interruzione volontaria di gravidanza di minore (art. 12, L. n. 194/1978)",Volontaria giurisdizione,Giudice tutelare,"Procedimenti in materia di persone, minorenni e famiglie",notifica,Termini processuali del procedimento,,,,"Da verificare secondo rito, provvedimento o notifica",,,,manual_review,False,forward,admin,GP_TERM_56B9C39D8DBF,Richiede verifica professionale prima di calcolo automatico.
pct\data\legal_knowledge_base.full.json,413030,"Affido familiare consensuale (art. 4, L. n. 184/1983)",Volontaria giurisdizione,Giudice tutelare,Volontaria giurisdizione,notifica,Termini processuali del procedimento,,,,"Da verificare secondo rito, provvedimento o notifica",,,,manual_review,False,forward,admin,GP_TERM_139BF5CA9452,Richiede verifica professionale prima di calcolo automatico.
pct\data\legal_knowledge_base.full.json,413040,"Autorizzazione al rilascio di documento valido per l'espatrio (art. 3 lett. A-B, L. n. 1185/1967)",Volontaria giurisdizione,Giudice tutelare,Esecuzione forzata,notifica,Termini processuali del procedimento,,,,"Da verificare secondo rito, provvedimento o notifica",,,,manual_review,False,forward,admin,GP_TERM_DECAB6E70C73,Richiede verifica professionale prima di calcolo automatico.
pct\data\legal_knowledge_base.full.json,413050,Trattamento Sanitario Obbligatorio ed amministrazione provvisoria (L. n. 833/1978),Volontaria giurisdizione,Giudice tutelare,Volontaria giurisdizione,notifica,Termini processuali del procedimento,,,,"Da verificare secondo rito, provvedimento o notifica",,,,manual_review,False,forward,admin,GP_TERM_5340226AF36A,Richiede verifica professionale prima di calcolo automatico.
pct\data\legal_knowledge_base.full.json,413061,Apertura amministrazione di sostegno,Volontaria giurisdizione - misure di protezione,Nomina amministratore di sostegno per persona incapace di provvedere ai propri interessi,Procedimento camerale ex artt. 720-bis e 712-bis c.p.c. - rito camerale specifico per AdS,deposito,Termine GT per decisione,60,,,deposito ricorso,ordinatorio,art. 405 c. 1 c.c.,,calcolabile_giorni,True,forward,admin,GP_TERM_D22FEF95C53F,Importabile come template giorni se evento generatore e' valorizzato.
pct\data\legal_knowledge_base.full.json,413061,Apertura amministrazione di sostegno,Volontaria giurisdizione - misure di protezione,Nomina amministratore di sostegno per persona incapace di provvedere ai propri interessi,Procedimento camerale ex artt. 720-bis e 712-bis c.p.c. - rito camerale specifico per AdS,impugnazione,Reclamo in Corte d'Appello,10,,,comunicazione/notifica decreto,perentorio,art. 720-bis c.p.c.,,calcolabile_giorni,True,forward,admin,GP_TERM_B1A19620AE06,Importabile come template giorni se evento generatore e' valorizzato.
pct\data\legal_knowledge_base.full.json,413061,Apertura amministrazione di sostegno,Volontaria giurisdizione - misure di protezione,Nomina amministratore di sostegno per persona incapace di provvedere ai propri interessi,Procedimento camerale ex artt. 720-bis e 712-bis c.p.c. - rito camerale specifico per AdS,generico_da_classificare,Rendiconto annuale AdS,365,,,data nomina e successivi anni,ordinatorio,art. 410 c.c.,,calcolabile_giorni,True,forward,admin,GP_TERM_DA2B321B3C56,Importabile come template giorni se evento generatore e' valorizzato.
pct\data\legal_knowledge_base.full.json,413061,Apertura amministrazione di sostegno,Volontaria giurisdizione - misure di protezione,Nomina amministratore di sostegno per persona incapace di provvedere ai propri interessi,Procedimento camerale ex artt. 720-bis e 712-bis c.p.c. - rito camerale specifico per AdS,generico_da_classificare,Termine accettazione incarico AdS,ragionevole - di norma 10-15 gg dalla notifica del decreto di nomina,,,,ordinatorio,,,calcolabile_giorni,True,forward,admin,GP_TERM_11AF1BED522B,Importabile come template giorni se evento generatore e' valorizzato.
pct\data\legal_knowledge_base.full.json,413061,Apertura amministrazione di sostegno,Volontaria giurisdizione - misure di protezione,Nomina amministratore di sostegno per persona incapace di provvedere ai propri interessi,Procedimento camerale ex artt. 720-bis e 712-bis c.p.c. - rito camerale specifico per AdS,generico_da_classificare,Audizione personale del beneficiario,fissata dal GT generalmente entro 30-60 gg,,,,obbligatoria,art. 407 c. 2 c.c.,,calcolabile_giorni,True,forward,admin,GP_TERM_875FCA4E8CE2,Importabile come template giorni se evento generatore e' valorizzato.
pct\data\legal_knowledge_base.full.json,413062,Autorizzazioni del notaio ex art. art. 21 D.Lgs. 149/2022,Volontaria giurisdizione,Giudice tutelare,Volontaria giurisdizione,deposito,Decisione del GT,60,,,deposito ricorso,ordinatorio,,,calcolabile_giorni,True,forward,admin,GP_TERM_DEB001FBCA9D,Importabile come template giorni se evento generatore e' valorizzato.
pct\data\legal_knowledge_base.full.json,413062,Autorizzazioni del notaio ex art. art. 21 D.Lgs. 149/2022,Volontaria giurisdizione,Giudice tutelare,Volontaria giurisdizione,impugnazione,Reclamo Corte d'Appello,10,,,comunicazione decreto,perentorio,art. 720-bis c.p.c.,,calcolabile_giorni,True,forward,admin,GP_TERM_C8375DE6757C,Importabile come template giorni se evento generatore e' valorizzato.
pct\data\legal_knowledge_base.full.json,413062,Autorizzazioni del notaio ex art. art. 21 D.Lgs. 149/2022,Volontaria giurisdizione,Giudice tutelare,Volontaria giurisdizione,notifica,Termini processuali del procedimento,,,,"Da verificare secondo rito, provvedimento o notifica",,,,manual_review,False,forward,admin,GP_TERM_CD46EC3D8509,Richiede verifica professionale prima di calcolo automatico.
pct\data\legal_knowledge_base.full.json,413071,Apertura della tutela ordinaria (interdizione di maggiorenne),Volontaria giurisdizione - misure di protezione - tutele,Tutela per maggiorenne interdetto - nomina tutore,Procedimento per interdizione/inabilitazione ex artt. 712-720 c.p.c. (giudizio contenzioso con rito camerale per fase di apertura tutela),notifica,Costituzione interdicendo / curatore speciale,fissati dal giudice,,,,ordinatorio,,,informativo_non_calcolabile,False,forward,admin,GP_TERM_E43414A37CFC,Manca unita' numerica o decorrenza calcolabile.
pct\data\legal_knowledge_base.full.json,413071,Apertura della tutela ordinaria (interdizione di maggiorenne),Volontaria giurisdizione - misure di protezione - tutele,Tutela per maggiorenne interdetto - nomina tutore,Procedimento per interdizione/inabilitazione ex artt. 712-720 c.p.c. (giudizio contenzioso con rito camerale per fase di apertura tutela),generico_da_classificare,Esame personale interdicendo,fissato dal giudice,,,,obbligatorio,art. 419 c.c.,,informativo_non_calcolabile,False,forward,admin,GP_TERM_D7E624C29983,Manca unita' numerica o decorrenza calcolabile.
pct\data\legal_knowledge_base.full.json,413071,Apertura della tutela ordinaria (interdizione di maggiorenne),Volontaria giurisdizione - misure di protezione - tutele,Tutela per maggiorenne interdetto - nomina tutore,Procedimento per interdizione/inabilitazione ex artt. 712-720 c.p.c. (giudizio contenzioso con rito camerale per fase di apertura tutela),generico_da_classificare,Inventario beni tutelato (dopo apertura tutela),10,,,nomina tutore,ordinatorio,art. 362 c.c.,,calcolabile_giorni,True,forward,admin,GP_TERM_6EFC31B9A548,Importabile come template giorni se evento generatore e' valorizzato.
pct\data\legal_knowledge_base.full.json,413071,Apertura della tutela ordinaria (interdizione di maggiorenne),Volontaria giurisdizione - misure di protezione - tutele,Tutela per maggiorenne interdetto - nomina tutore,Procedimento per interdizione/inabilitazione ex artt. 712-720 c.p.c. (giudizio contenzioso con rito camerale per fase di apertura tutela),generico_da_classificare,Rendiconto annuale tutore,365,,,data nomina e anni successivi,ordinatorio,art. 380 c.c.,,calcolabile_giorni,True,forward,admin,GP_TERM_417D139A6E6F,Importabile come template giorni se evento generatore e' valorizzato.
pct\data\legal_knowledge_base.full.json,413071,Apertura della tutela ordinaria (interdizione di maggiorenne),Volontaria giurisdizione - misure di protezione - tutele,Tutela per maggiorenne interdetto - nomina tutore,Procedimento per interdizione/inabilitazione ex artt. 712-720 c.p.c. (giudizio contenzioso con rito camerale per fase di apertura tutela),impugnazione,Appello sentenza interdizione,30,,,notifica sentenza,perentorio,,,calcolabile_giorni,True,forward,admin,GP_TERM_89CFDF5A4599,Importabile come template giorni se evento generatore e' valorizzato.
pct\data\legal_knowledge_base.full.json,413999,Altri istituti di competenza del giudice tutelare,Volontaria giurisdizione,Giudice tutelare,Volontaria giurisdizione,notifica,Termini processuali del procedimento,,,,"Da verificare secondo rito, provvedimento o notifica",,,,manual_review,False,forward,admin,GP_TERM_5B39C318DFF3,Richiede verifica professionale prima di calcolo automatico.
pct\data\legal_knowledge_base.full.json,418001,Ottemperanza sentenze TSAP,Tribunale Superiore delle Acque Pubbliche,Procedimenti in camera di consiglio - Tribunale Superiore delle Acque Pubbliche,Rito da verificare sul codice oggetto e sul registro di destinazione,notifica,Termini processuali del procedimento,,,,"Da verificare secondo rito, provvedimento o notifica",,,,manual_review,False,forward,civil,GP_TERM_00C1169EF971,Richiede verifica professionale prima di calcolo automatico.
pct\data\legal_knowledge_base.full.json,418002,Declaratoria illegittimita' del silenzio della P.A.,Tribunale Superiore delle Acque Pubbliche,Procedimenti in camera di consiglio - Tribunale Superiore delle Acque Pubbliche,Rito da verificare sul codice oggetto e sul registro di destinazione,notifica,Termini processuali del procedimento,,,,"Da verificare secondo rito, provvedimento o notifica",,,,manual_review,False,forward,civil,GP_TERM_3A71090E6952,Richiede verifica professionale prima di calcolo automatico.
pct\data\legal_knowledge_base.full.json,418099,Altre controversie di competenza del TSAP da trattare in camera di consiglio,Tribunale Superiore delle Acque Pubbliche,Procedimenti in camera di consiglio - Tribunale Superiore delle Acque Pubbliche,Rito da verificare sul codice oggetto e sul registro di destinazione,notifica,Termini processuali del procedimento,,,,"Da verificare secondo rito, provvedimento o notifica",,,,manual_review,False,forward,admin,GP_TERM_AF0C4A69FD70,Richiede verifica professionale prima di calcolo automatico.
pct\data\legal_knowledge_base.full.json,420300,Accettazione eredità con beneficio di inventario (art. 484 c.c.),Accettazione eredità,,Atto ricevuto dal cancelliere o dal notaio,prescrizione_decadenza,Accettazione (in genere),3650,,,apertura successione,prescrizionale,art. 480 c.c.,,calcolabile_giorni,True,forward,admin,GP_TERM_631183AD329D,Importabile come template giorni se evento generatore e' valorizzato.
pct\data\legal_knowledge_base.full.json,420300,Accettazione eredità con beneficio di inventario (art. 484 c.c.),Accettazione eredità,,Atto ricevuto dal cancelliere o dal notaio,prescrizione_decadenza,Inventario dopo accettazione (chiamato non possessore),90,,,accettazione,decadenziale,art. 487 c.c.,,calcolabile_giorni,True,forward,admin,GP_TERM_7390D0F0121B,Importabile come template giorni se evento generatore e' valorizzato.
pct\data\legal_knowledge_base.full.json,420300,Accettazione eredità con beneficio di inventario (art. 484 c.c.),Accettazione eredità,,Atto ricevuto dal cancelliere o dal notaio,prescrizione_decadenza,Inventario per chiamato nel possesso,90,,,apertura successione,decadenziale,art. 485 c.c.,,calcolabile_giorni,True,forward,admin,GP_TERM_48A8E02D3A3D,Importabile come template giorni se evento generatore e' valorizzato.
pct\data\legal_knowledge_base.full.json,420301,Nomina del curatore dell'eredita rilasciata ex art. 508 c.c.,Volontaria giurisdizione,Successioni,Volontaria giurisdizione,notifica,Termini processuali del procedimento,,,,"Da verificare secondo rito, provvedimento o notifica",,,,manual_review,False,forward,admin,GP_TERM_DD28C75B4976,Richiede verifica professionale prima di calcolo automatico.
pct\data\legal_knowledge_base.full.json,420303,Autorizzazioni al curatore dell'eredita giacente per gli atti eccedenti l'ordinaria amministrazione (artt. 782 c.p.c. e 530 c.c.),Volontaria giurisdizione,Successioni,Volontaria giurisdizione,notifica,Termini processuali del procedimento,,,,"Da verificare secondo rito, provvedimento o notifica",,,,manual_review,False,forward,admin,GP_TERM_269A1B3EA75A,Richiede verifica professionale prima di calcolo automatico.
pct\data\legal_knowledge_base.full.json,420304,Accettazione Esecutore Testamentario,Volontaria giurisdizione,Successioni,Volontaria giurisdizione,notifica,Termini processuali del procedimento,,,,"Da verificare secondo rito, provvedimento o notifica",,,,manual_review,False,forward,admin,GP_TERM_1829284D9C35,Richiede verifica professionale prima di calcolo automatico.
pct\data\legal_knowledge_base.full.json,420305,Rinuncia Esecutore Testamentario,Volontaria giurisdizione,Successioni,Volontaria giurisdizione,notifica,Termini processuali del procedimento,,,,"Da verificare secondo rito, provvedimento o notifica",,,,manual_review,False,forward,admin,GP_TERM_126876AF0E32,Richiede verifica professionale prima di calcolo automatico.
pct\data\legal_knowledge_base.full.json,420310,Proroga per la redazione dell'inventario dell'eredita accettata con beneficio di inventario ex art. 485 c.c.,Volontaria giurisdizione,Successioni,Volontaria giurisdizione,notifica,Termini processuali del procedimento,,,,"Da verificare secondo rito, provvedimento o notifica",,,,manual_review,False,forward,admin,GP_TERM_27BAEF68B3C7,Richiede verifica professionale prima di calcolo automatico.
pct\data\legal_knowledge_base.full.json,420311,Autorizzazione all'alienazione di beni di eredita accettata con beneficio d'inventario (art. 493 c.c.),Volontaria giurisdizione,Successioni,Volontaria giurisdizione,notifica,Termini processuali del procedimento,,,,"Da verificare secondo rito, provvedimento o notifica",,,,manual_review,False,forward,admin,GP_TERM_056CCCA04EA7,Richiede verifica professionale prima di calcolo automatico.
pct\data\legal_knowledge_base.full.json,420320,Vendita di beni ereditari beni mobili,Volontaria giurisdizione,Successioni,Esecuzione forzata,notifica,Termini processuali del procedimento,,,,"Da verificare secondo rito, provvedimento o notifica",,,,manual_review,False,forward,admin,GP_TERM_217FFF237DF3,Richiede verifica professionale prima di calcolo automatico.
pct\data\legal_knowledge_base.full.json,420321,Vendita di beni ereditari: beni immobili (COLLEGIO),Volontaria giurisdizione,Successioni,Esecuzione forzata,notifica,Termini processuali del procedimento,,,,"Da verificare secondo rito, provvedimento o notifica",,,,manual_review,False,forward,admin,GP_TERM_6F4E330C28D5,Richiede verifica professionale prima di calcolo automatico.
pct\data\legal_knowledge_base.full.json,420325,Vendita beni ereditari mobili ante accettazione ex art. 460 cc,Volontaria giurisdizione,Successioni,Esecuzione forzata,notifica,Termini processuali del procedimento,,,,"Da verificare secondo rito, provvedimento o notifica",,,,manual_review,False,forward,admin,GP_TERM_99080CF08AE5,Richiede verifica professionale prima di calcolo automatico.
pct\data\legal_knowledge_base.full.json,420326,Vendita beni ereditari immobili ante accettazione ex art. 460 cc,Volontaria giurisdizione,Successioni,Esecuzione forzata,notifica,Termini processuali del procedimento,,,,"Da verificare secondo rito, provvedimento o notifica",,,,manual_review,False,forward,admin,GP_TERM_956710E70075,Richiede verifica professionale prima di calcolo automatico.
pct\data\legal_knowledge_base.full.json,420330,"Fissazione termini in materia successoria (artt. 749 c.p.c., 481 e 496 c.c.)",Volontaria giurisdizione,Successioni,Volontaria giurisdizione,notifica,Termini processuali del procedimento,,,,"Da verificare secondo rito, provvedimento o notifica",,,,manual_review,False,forward,admin,GP_TERM_116924D20B0B,Richiede verifica professionale prima di calcolo automatico.
pct\data\legal_knowledge_base.full.json,420331,Apposizione e rimozione sigilli in materia successoria (artt. 752-762 e ss. c.p.c.),Volontaria giurisdizione,Successioni,Volontaria giurisdizione,notifica,Termini processuali del procedimento,,,,"Da verificare secondo rito, provvedimento o notifica",,,,manual_review,False,forward,admin,GP_TERM_5B9C8238311B,Richiede verifica professionale prima di calcolo automatico.
pct\data\legal_knowledge_base.full.json,420332,Nomina dell'ufficiale che procede all'inventario ex art. 769 c.p.c.,Volontaria giurisdizione,Successioni,Volontaria giurisdizione,notifica,Termini processuali del procedimento,,,,"Da verificare secondo rito, provvedimento o notifica",,,,manual_review,False,forward,admin,GP_TERM_25F48CB9A497,Richiede verifica professionale prima di calcolo automatico.
pct\data\legal_knowledge_base.full.json,420999,Altri istituti di volontaria giurisdizione e procedimenti camerali in materia di successioni,Volontaria giurisdizione,Successioni,Volontaria giurisdizione,notifica,Termini processuali del procedimento,,,,"Da verificare secondo rito, provvedimento o notifica",,,,manual_review,False,forward,admin,GP_TERM_966213FF5DCB,Richiede verifica professionale prima di calcolo automatico.
pct\data\legal_knowledge_base.full.json,451301,Decreto di omologa degli atti di societa di capitali,Volontaria giurisdizione,Riduzione capitale per perdite,Volontaria giurisdizione,notifica,Termini processuali del procedimento,,,,"Da verificare secondo rito, provvedimento o notifica",,,,manual_review,False,forward,admin,GP_TERM_2A697BF8A8A5,Richiede verifica professionale prima di calcolo automatico.
pct\data\legal_knowledge_base.full.json,451312,"Nomina di esperto (artt. 2343, 2440, 2498, 2501 quinquies,2504 novies c.c., etc.)",Volontaria giurisdizione,Riduzione capitale per perdite,Volontaria giurisdizione,notifica,Termini processuali del procedimento,,,,"Da verificare secondo rito, provvedimento o notifica",,,,manual_review,False,forward,admin,GP_TERM_E854330027AD,Richiede verifica professionale prima di calcolo automatico.
pct\data\legal_knowledge_base.full.json,451314,Nomina del rappresentante comune degli obbligazionisti e dei possessori delle azioni di risparmio (art. 2417 c.c.),Volontaria giurisdizione,Riduzione capitale per perdite,Volontaria giurisdizione,notifica,Termini processuali del procedimento,,,,"Da verificare secondo rito, provvedimento o notifica",,,,manual_review,False,forward,admin,GP_TERM_2210657DA413,Richiede verifica professionale prima di calcolo automatico.
pct\data\legal_knowledge_base.full.json,451320,Riduzione del capitale per perdite (art. 2446 c.c.) (COLLEGIO),Volontaria giurisdizione,Riduzione capitale per perdite,Volontaria giurisdizione,notifica,Termini processuali del procedimento,,,,"Da verificare secondo rito, provvedimento o notifica",,,,manual_review,False,forward,admin,GP_TERM_AF3EA04F7E96,Richiede verifica professionale prima di calcolo automatico.
pct\data\legal_knowledge_base.full.json,451330,Ricorso al Giudice del Registro,Volontaria giurisdizione,Riduzione capitale per perdite,Volontaria giurisdizione,notifica,Termini processuali del procedimento,,,,"Da verificare secondo rito, provvedimento o notifica",,,,manual_review,False,forward,admin,GP_TERM_8FF06C55D361,Richiede verifica professionale prima di calcolo automatico.
pct\data\legal_knowledge_base.full.json,451999,Altri istituti di volontaria giurisdizione e procedimenti camerali in materia di diritto societario,Volontaria giurisdizione,Riduzione capitale per perdite,Volontaria giurisdizione,notifica,Termini processuali del procedimento,,,,"Da verificare secondo rito, provvedimento o notifica",,,,manual_review,False,forward,admin,GP_TERM_99703A4BA3E2,Richiede verifica professionale prima di calcolo automatico.
pct\data\legal_knowledge_base.full.json,452330,Ricorso al giudice del Registro in materia non soggetta al d.l.vo n. 5/2003,Catalogo PST ufficiale,,Rito da verificare sul codice oggetto e sul registro di destinazione,notifica,Termini processuali del procedimento,,,,"Da verificare secondo rito, provvedimento o notifica",,,,manual_review,False,forward,civil,GP_TERM_E5969609A191,Richiede verifica professionale prima di calcolo automatico.
pct\data\legal_knowledge_base.full.json,453301,Decreto di omologa degli atti di societa di capitali (art. 2436 c.c.),Catalogo PST ufficiale,,"Procedimento societario, impresa o crisi d'impresa",notifica,Termini processuali del procedimento,,,,"Da verificare secondo rito, provvedimento o notifica",,,,manual_review,False,forward,admin,GP_TERM_C4AF93CE9EA9,Richiede verifica professionale prima di calcolo automatico.
pct\data\legal_knowledge_base.full.json,453312,"Nomina di esperto (artt. 2343, 2343-bis, 2437-ter; 2501-sexies, 2545-undecies c.c., etc.)",Catalogo PST ufficiale,,Rito da verificare sul codice oggetto e sul registro di destinazione,notifica,Termini processuali del procedimento,,,,"Da verificare secondo rito, provvedimento o notifica",,,,manual_review,False,forward,civil,GP_TERM_059F8D2352BD,Richiede verifica professionale prima di calcolo automatico.
pct\data\legal_knowledge_base.full.json,453314,Nomina del rappresentante comune degli obbligazionisti e dei possessori delle azioni di risparmio (art. 2417 c.c.),Catalogo PST ufficiale,,Rito da verificare sul codice oggetto e sul registro di destinazione,notifica,Termini processuali del procedimento,,,,"Da verificare secondo rito, provvedimento o notifica",,,,manual_review,False,forward,civil,GP_TERM_F46DBACF6714,Richiede verifica professionale prima di calcolo automatico.
pct\data\legal_knowledge_base.full.json,453315,Nomina del rappresentante comune dei comproprietari di azioni (art. 2347 c.c.) e di quote (art. 2468 c.c.)obbligazionisti e dei possessori delle azioni di risparmio (art. 2417 c.c.),Catalogo PST ufficiale,,Rito da verificare sul codice oggetto e sul registro di destinazione,notifica,Termini processuali del procedimento,,,,"Da verificare secondo rito, provvedimento o notifica",,,,manual_review,False,forward,admin,GP_TERM_796A7F52847B,Richiede verifica professionale prima di calcolo automatico.
pct\data\legal_knowledge_base.full.json,453330,Ricorso al giudice del Registro in materia soggetta al d.l.vo n. 5/2003,Catalogo PST ufficiale,,Rito da verificare sul codice oggetto e sul registro di destinazione,notifica,Termini processuali del procedimento,,,,"Da verificare secondo rito, provvedimento o notifica",,,,manual_review,False,forward,civil,GP_TERM_69D0D21AEC65,Richiede verifica professionale prima di calcolo automatico.
pct\data\legal_knowledge_base.full.json,453420,"Riduzione del capitale per perdite (art. 2446, 2482-bis c.c.) (COLLEGIO)",Catalogo PST ufficiale,,Rito da verificare sul codice oggetto e sul registro di destinazione,notifica,Termini processuali del procedimento,,,,"Da verificare secondo rito, provvedimento o notifica",,,,manual_review,False,forward,civil,GP_TERM_0AF6CF241B36,Richiede verifica professionale prima di calcolo automatico.
pct\data\legal_knowledge_base.full.json,453421,Approvazione della revoca dei sindaci (art. 2400),Catalogo PST ufficiale,,Rito da verificare sul codice oggetto e sul registro di destinazione,notifica,Termini processuali del procedimento,,,,"Da verificare secondo rito, provvedimento o notifica",,,,manual_review,False,forward,civil,GP_TERM_C10C95D5BD89,Richiede verifica professionale prima di calcolo automatico.
pct\data\legal_knowledge_base.full.json,453422,"Opposizione dei creditori alla riduzione del capitale per recesso del socio (art. 2437-quater c.c.), alla riduzione per esuberanza (artt. 2445, 2482 c.c.), alla costituzione del patrimonio destinato (art. 2447-quater c.c.), alla revoca dell",Catalogo PST ufficiale,,"Impugnazione, reclamo od opposizione",notifica,Termini processuali del procedimento,,,,"Da verificare secondo rito, provvedimento o notifica",,,,manual_review,False,forward,civil,GP_TERM_F0DE001C6F26,Richiede verifica professionale prima di calcolo automatico.
pct\data\legal_knowledge_base.full.json,453423,Decreto di accertamento dello scioglimento della societa (art. 2485 c.c.),Catalogo PST ufficiale,,"Procedimento societario, impresa o crisi d'impresa",notifica,Termini processuali del procedimento,,,,"Da verificare secondo rito, provvedimento o notifica",,,,manual_review,False,forward,admin,GP_TERM_9F51FD728AE8,Richiede verifica professionale prima di calcolo automatico.
pct\data\legal_knowledge_base.full.json,453424,Decreto di cancellazione della societa dal registro delle imprese su istanza dell'autorita competente al rilascio delle autorizzazioni (art. 223 quater att. C.c.),Catalogo PST ufficiale,,Esecuzione forzata,notifica,Termini processuali del procedimento,,,,"Da verificare secondo rito, provvedimento o notifica",,,,manual_review,False,forward,civil,GP_TERM_AAA1BC72BF84,Richiede verifica professionale prima di calcolo automatico.
pct\data\legal_knowledge_base.full.json,453999,Altre materie soggette al procedimento camerale ex artt. 28 e segg. D.l.vo n. 5/2003,Catalogo PST ufficiale,,Rito da verificare sul codice oggetto e sul registro di destinazione,notifica,Termini processuali del procedimento,,,,"Da verificare secondo rito, provvedimento o notifica",,,,manual_review,False,forward,civil,GP_TERM_C80F555F6EAA,Richiede verifica professionale prima di calcolo automatico.
pct\data\legal_knowledge_base.full.json,454001,Ricorso al giudice del Registro ex art. 2190 e 2191 c.c.,Volontaria giurisdizione,Giudice del Registro delle Imprese,Volontaria giurisdizione,notifica,Termini processuali del procedimento,,,,"Da verificare secondo rito, provvedimento o notifica",,,,manual_review,False,forward,admin,GP_TERM_A6A23BD10892,Richiede verifica professionale prima di calcolo automatico.
pct\data\legal_knowledge_base.full.json,454002,Ricorso al giudice del Registro ex art. 2189 c.c.,Volontaria giurisdizione,Giudice del Registro delle Imprese,Volontaria giurisdizione,notifica,Termini processuali del procedimento,,,,"Da verificare secondo rito, provvedimento o notifica",,,,manual_review,False,forward,admin,GP_TERM_47D1E6166720,Richiede verifica professionale prima di calcolo automatico.
pct\data\legal_knowledge_base.full.json,455001,Nomina di liquidatore (artt. 2309 c.c.; art. 2315 c.c.),Volontaria giurisdizione,Società di persone,Volontaria giurisdizione,notifica,Termini processuali del procedimento,,,,"Da verificare secondo rito, provvedimento o notifica",,,,manual_review,False,forward,admin,GP_TERM_7CE3A8F0DBDD,Richiede verifica professionale prima di calcolo automatico.
pct\data\legal_knowledge_base.full.json,455999,Altre materie soggette al procedimento camerale – società di persone,Volontaria giurisdizione,Società di persone,Volontaria giurisdizione,notifica,Termini processuali del procedimento,,,,"Da verificare secondo rito, provvedimento o notifica",,,,manual_review,False,forward,admin,GP_TERM_ACF6D3E8E4C2,Richiede verifica professionale prima di calcolo automatico.
pct\data\legal_knowledge_base.full.json,471400,Procedure Concorsuali,Volontaria giurisdizione,Fallimento e procedure concorsuali,Volontaria giurisdizione,notifica,Termini processuali del procedimento,,,,"Da verificare secondo rito, provvedimento o notifica",,,,manual_review,False,forward,admin,GP_TERM_ECE136B33FB6,Richiede verifica professionale prima di calcolo automatico.
pct\data\legal_knowledge_base.full.json,471402,Istanza per estensione di fallimento (art. 147 del R.D. n. 267/1942,Volontaria giurisdizione,Fallimento e procedure concorsuali,Volontaria giurisdizione,notifica,Termini processuali del procedimento,,,,"Da verificare secondo rito, provvedimento o notifica",,,,manual_review,False,forward,admin,GP_TERM_36F2CC75BA31,Richiede verifica professionale prima di calcolo automatico.
pct\data\legal_knowledge_base.full.json,471403,Accertamento dello stato di insolvenza nella Liquidazione coatta amministrativa o nella Amministrazione straordinaria e relativo reclamo,Volontaria giurisdizione,Fallimento e procedure concorsuali,Volontaria giurisdizione,notifica,Termini processuali del procedimento,,,,"Da verificare secondo rito, provvedimento o notifica",,,,manual_review,False,forward,admin,GP_TERM_E09CF3D7BCB3,Richiede verifica professionale prima di calcolo automatico.
pct\data\legal_knowledge_base.full.json,471404,ESDEBITAZIONE DEL DEBITORE INCAPIENTE (CCI),Volontaria giurisdizione,Fallimento e procedure concorsuali,Volontaria giurisdizione,notifica,Termini processuali del procedimento,,,,"Da verificare secondo rito, provvedimento o notifica",,,,manual_review,False,forward,admin,GP_TERM_FA9567F90957,Richiede verifica professionale prima di calcolo automatico.
pct\data\legal_knowledge_base.full.json,471405,LIQUIDAZIONE COATTA AMMINISTRATIVA (CCI),Volontaria giurisdizione,Fallimento e procedure concorsuali,Volontaria giurisdizione,notifica,Termini processuali del procedimento,,,,"Da verificare secondo rito, provvedimento o notifica",,,,manual_review,False,forward,admin,GP_TERM_83747A80EE77,Richiede verifica professionale prima di calcolo automatico.
pct\data\legal_knowledge_base.full.json,471410,Istanza di ammissione alla procedura di Amministrazione controllata e relativo reclamo (artt. 187 del R.D. n. 267/1942),Volontaria giurisdizione,Fallimento e procedure concorsuali,Volontaria giurisdizione,notifica,Termini processuali del procedimento,,,,"Da verificare secondo rito, provvedimento o notifica",,,,manual_review,False,forward,admin,GP_TERM_C643ABF24267,Richiede verifica professionale prima di calcolo automatico.
pct\data\legal_knowledge_base.full.json,471412,AMMINISTRAZIONE STRAORDINARIA PRODI BIS (CCI),Volontaria giurisdizione,Fallimento e procedure concorsuali,Volontaria giurisdizione,notifica,Termini processuali del procedimento,,,,"Da verificare secondo rito, provvedimento o notifica",,,,manual_review,False,forward,admin,GP_TERM_DBC5C3EBB406,Richiede verifica professionale prima di calcolo automatico.
pct\data\legal_knowledge_base.full.json,471413,AMMINISTRAZIONE STRAORDINARIA L.166/2004 MARZANO (CCI),Volontaria giurisdizione,Fallimento e procedure concorsuali,Volontaria giurisdizione,notifica,Termini processuali del procedimento,,,,"Da verificare secondo rito, provvedimento o notifica",,,,manual_review,False,forward,admin,GP_TERM_41CC5DE524B5,Richiede verifica professionale prima di calcolo automatico.
pct\data\legal_knowledge_base.full.json,471414,ACCORDI DI RISTRUTTURAZIONE (CCI),Volontaria giurisdizione,Fallimento e procedure concorsuali,Volontaria giurisdizione,notifica,Termini processuali del procedimento,,,,"Da verificare secondo rito, provvedimento o notifica",,,,manual_review,False,forward,admin,GP_TERM_7C5C5A790C35,Richiede verifica professionale prima di calcolo automatico.
pct\data\legal_knowledge_base.full.json,471415,CONCORDATO PREVENTIVO OMOLOGATO (CCI),Volontaria giurisdizione,Fallimento e procedure concorsuali,Volontaria giurisdizione,notifica,Termini processuali del procedimento,,,,"Da verificare secondo rito, provvedimento o notifica",,,,manual_review,False,forward,admin,GP_TERM_8CF7E055CDE1,Richiede verifica professionale prima di calcolo automatico.
pct\data\legal_knowledge_base.full.json,471416,LIQUIDAZIONE GIUDIZIALE (CCI),Volontaria giurisdizione,Fallimento e procedure concorsuali,Volontaria giurisdizione,notifica,Termini processuali del procedimento,,,,"Da verificare secondo rito, provvedimento o notifica",,,,manual_review,False,forward,admin,GP_TERM_3800F5DA1F19,Richiede verifica professionale prima di calcolo automatico.
pct\data\legal_knowledge_base.full.json,471417,RISTRUTTURAZIONE DEI DEBITI (CCI),Volontaria giurisdizione,Fallimento e procedure concorsuali,Volontaria giurisdizione,notifica,Termini processuali del procedimento,,,,"Da verificare secondo rito, provvedimento o notifica",,,,manual_review,False,forward,admin,GP_TERM_36CF535CAD25,Richiede verifica professionale prima di calcolo automatico.
pct\data\legal_knowledge_base.full.json,471418,CONCORDATO MINORE (CCI),Volontaria giurisdizione,Fallimento e procedure concorsuali,"Procedimenti in materia di persone, minorenni e famiglie",notifica,Termini processuali del procedimento,,,,"Da verificare secondo rito, provvedimento o notifica",,,,manual_review,False,forward,admin,GP_TERM_783C8834473E,Richiede verifica professionale prima di calcolo automatico.
pct\data\legal_knowledge_base.full.json,471419,LIQUIDAZIONE CONTROLLATA (CCI),Volontaria giurisdizione,Fallimento e procedure concorsuali,Volontaria giurisdizione,notifica,Termini processuali del procedimento,,,,"Da verificare secondo rito, provvedimento o notifica",,,,manual_review,False,forward,admin,GP_TERM_1C3D62496DD9,Richiede verifica professionale prima di calcolo automatico.
pct\data\legal_knowledge_base.full.json,471420,Conversione da fallimento in liquidazione coatta amministrativa (COLLEGIO),Volontaria giurisdizione,Fallimento e procedure concorsuali,Volontaria giurisdizione,notifica,Termini processuali del procedimento,,,,"Da verificare secondo rito, provvedimento o notifica",,,,manual_review,False,forward,admin,GP_TERM_40B1E241FEAC,Richiede verifica professionale prima di calcolo automatico.
pct\data\legal_knowledge_base.full.json,471421,Conversione da fallimento in amministrazione straordinaria (COLLEGIO),Volontaria giurisdizione,Fallimento e procedure concorsuali,Volontaria giurisdizione,notifica,Termini processuali del procedimento,,,,"Da verificare secondo rito, provvedimento o notifica",,,,manual_review,False,forward,admin,GP_TERM_ED50DBC70E02,Richiede verifica professionale prima di calcolo automatico.
pct\data\legal_knowledge_base.full.json,471422,Conversione da amministrazione straordinaria in fallimento (COLLEGIO),Volontaria giurisdizione,Fallimento e procedure concorsuali,Volontaria giurisdizione,notifica,Termini processuali del procedimento,,,,"Da verificare secondo rito, provvedimento o notifica",,,,manual_review,False,forward,admin,GP_TERM_A63DDB0999AA,Richiede verifica professionale prima di calcolo automatico.
pct\data\legal_knowledge_base.full.json,471423,Concordato Semplificato,Volontaria giurisdizione,Fallimento e procedure concorsuali,Volontaria giurisdizione,notifica,Termini processuali del procedimento,,,,"Da verificare secondo rito, provvedimento o notifica",,,,manual_review,False,forward,admin,GP_TERM_AA20C3AF48B9,Richiede verifica professionale prima di calcolo automatico.
pct\data\legal_knowledge_base.full.json,471424,Concordato Semplificato CCI,Volontaria giurisdizione,Fallimento e procedure concorsuali,Volontaria giurisdizione,notifica,Termini processuali del procedimento,,,,"Da verificare secondo rito, provvedimento o notifica",,,,manual_review,False,forward,admin,GP_TERM_8654D97D7F59,Richiede verifica professionale prima di calcolo automatico.
pct\data\legal_knowledge_base.full.json,471425,Piano di Ristrutturazione Omologato CCI,Volontaria giurisdizione,Fallimento e procedure concorsuali,Volontaria giurisdizione,notifica,Termini processuali del procedimento,,,,"Da verificare secondo rito, provvedimento o notifica",,,,manual_review,False,forward,admin,GP_TERM_3051B3ED0C06,Richiede verifica professionale prima di calcolo automatico.
pct\data\legal_knowledge_base.full.json,471430,"Procedimento di riabilitazione civile del fallito (art. 142 e ss., R.D. n. 267/1942)",Volontaria giurisdizione,Fallimento e procedure concorsuali,Volontaria giurisdizione,notifica,Termini processuali del procedimento,,,,"Da verificare secondo rito, provvedimento o notifica",,,,manual_review,False,forward,admin,GP_TERM_899FA9FCB264,Richiede verifica professionale prima di calcolo automatico.
pct\data\legal_knowledge_base.full.json,471440,Reclamo avverso la chiusura del fallimento (artt. 118 e 119 L.F.),Volontaria giurisdizione,Fallimento e procedure concorsuali,Volontaria giurisdizione,notifica,Termini processuali del procedimento,,,,"Da verificare secondo rito, provvedimento o notifica",,,,manual_review,False,forward,admin,GP_TERM_94C52134FF74,Richiede verifica professionale prima di calcolo automatico.
pct\data\legal_knowledge_base.full.json,471999,Altri istituti di volontaria giurisdizione e procedimenti camerali in materia di fallimento e procedure concorsuali,Volontaria giurisdizione,Fallimento e procedure concorsuali,Volontaria giurisdizione,notifica,Termini processuali del procedimento,,,,"Da verificare secondo rito, provvedimento o notifica",,,,manual_review,False,forward,admin,GP_TERM_E10A85038E6C,Richiede verifica professionale prima di calcolo automatico.
pct\data\legal_knowledge_base.full.json,472001,Apposizione sigilli,Volontaria giurisdizione,Fallimento,Volontaria giurisdizione,notifica,Termini processuali del procedimento,,,,"Da verificare secondo rito, provvedimento o notifica",,,,manual_review,False,forward,admin,GP_TERM_5EEFDD7B08CF,Richiede verifica professionale prima di calcolo automatico.
pct\data\legal_knowledge_base.full.json,473450,PROCEDIMENTO UNITARIO,Volontaria giurisdizione,Ricorsi vari,Volontaria giurisdizione,notifica,Termini processuali del procedimento,,,,"Da verificare secondo rito, provvedimento o notifica",,,,manual_review,False,forward,admin,GP_TERM_430CF66CF763,Richiede verifica professionale prima di calcolo automatico.
pct\data\legal_knowledge_base.full.json,473451,Ricorso per liquidazione giudiziale,Volontaria giurisdizione,Ricorsi vari,Volontaria giurisdizione,notifica,Termini processuali del procedimento,,,,"Da verificare secondo rito, provvedimento o notifica",,,,manual_review,False,forward,admin,GP_TERM_E53DD89A69FC,Richiede verifica professionale prima di calcolo automatico.
pct\data\legal_knowledge_base.full.json,473452,Ricorso fissazione termine per deposito proposta cp o accordi,Volontaria giurisdizione,Ricorsi vari,Volontaria giurisdizione,notifica,Termini processuali del procedimento,,,,"Da verificare secondo rito, provvedimento o notifica",,,,manual_review,False,forward,admin,GP_TERM_334C6C377AF9,Richiede verifica professionale prima di calcolo automatico.
pct\data\legal_knowledge_base.full.json,473453,Ricorso per ammissione concordato preventivo,Volontaria giurisdizione,Ricorsi vari,Volontaria giurisdizione,notifica,Termini processuali del procedimento,,,,"Da verificare secondo rito, provvedimento o notifica",,,,manual_review,False,forward,admin,GP_TERM_B8E304DA610C,Richiede verifica professionale prima di calcolo automatico.
pct\data\legal_knowledge_base.full.json,473454,Ricorso per omologa accordi di ristrutturazione,Volontaria giurisdizione,Ricorsi vari,Volontaria giurisdizione,notifica,Termini processuali del procedimento,,,,"Da verificare secondo rito, provvedimento o notifica",,,,manual_review,False,forward,admin,GP_TERM_5B7B53C0E17B,Richiede verifica professionale prima di calcolo automatico.
pct\data\legal_knowledge_base.full.json,473455,Ricorso per la dichiarazione stato insolvenza (lca),Volontaria giurisdizione,Ricorsi vari,Volontaria giurisdizione,notifica,Termini processuali del procedimento,,,,"Da verificare secondo rito, provvedimento o notifica",,,,manual_review,False,forward,admin,GP_TERM_3C02FD9115A8,Richiede verifica professionale prima di calcolo automatico.
pct\data\legal_knowledge_base.full.json,473456,Ricorso per la dichiarazione stato insolvenza (asp),Volontaria giurisdizione,Ricorsi vari,Volontaria giurisdizione,notifica,Termini processuali del procedimento,,,,"Da verificare secondo rito, provvedimento o notifica",,,,manual_review,False,forward,admin,GP_TERM_B3540F620D13,Richiede verifica professionale prima di calcolo automatico.
pct\data\legal_knowledge_base.full.json,473457,Ricorso per la dichiarazione stato insolvenza (asm),Volontaria giurisdizione,Ricorsi vari,Volontaria giurisdizione,notifica,Termini processuali del procedimento,,,,"Da verificare secondo rito, provvedimento o notifica",,,,manual_review,False,forward,admin,GP_TERM_B67FE8147F82,Richiede verifica professionale prima di calcolo automatico.
pct\data\legal_knowledge_base.full.json,473458,Ricorso ristrutturazione debiti del consumatore,Volontaria giurisdizione,Ricorsi vari,Volontaria giurisdizione,notifica,Termini processuali del procedimento,,,,"Da verificare secondo rito, provvedimento o notifica",,,,manual_review,False,forward,admin,GP_TERM_1918283B2594,Richiede verifica professionale prima di calcolo automatico.
pct\data\legal_knowledge_base.full.json,473459,Ricorso concordato minore,Volontaria giurisdizione,Ricorsi vari,"Procedimenti in materia di persone, minorenni e famiglie",notifica,Termini processuali del procedimento,,,,"Da verificare secondo rito, provvedimento o notifica",,,,manual_review,False,forward,admin,GP_TERM_1C44AAC78EE9,Richiede verifica professionale prima di calcolo automatico.
pct\data\legal_knowledge_base.full.json,473460,Ricorso liquidazione controllata,Volontaria giurisdizione,Ricorsi vari,Volontaria giurisdizione,notifica,Termini processuali del procedimento,,,,"Da verificare secondo rito, provvedimento o notifica",,,,manual_review,False,forward,admin,GP_TERM_CDBE4F98F325,Richiede verifica professionale prima di calcolo automatico.
pct\data\legal_knowledge_base.full.json,473461,Ricorso per Omologazione Piano di Ristrutturazione,Volontaria giurisdizione,Ricorsi vari,Volontaria giurisdizione,notifica,Termini processuali del procedimento,,,,"Da verificare secondo rito, provvedimento o notifica",,,,manual_review,False,forward,admin,GP_TERM_5C80AFA8D700,Richiede verifica professionale prima di calcolo automatico.
pct\data\legal_knowledge_base.full.json,481310,Nomina di liquidatore - Sez. Spec. Impresa,Volontaria giurisdizione,Sezione specializzata delle imprese,Volontaria giurisdizione,notifica,Termini processuali del procedimento,,,,"Da verificare secondo rito, provvedimento o notifica",,,,manual_review,False,forward,admin,GP_TERM_86698A07E4E2,Richiede verifica professionale prima di calcolo automatico.
pct\data\legal_knowledge_base.full.json,481311,Convocazione di assemblea ex art. 2367 c.c.,Volontaria giurisdizione,Sezione specializzata delle imprese,Volontaria giurisdizione,notifica,Termini processuali del procedimento,,,,"Da verificare secondo rito, provvedimento o notifica",,,,manual_review,False,forward,admin,GP_TERM_CDD2F0940158,Richiede verifica professionale prima di calcolo automatico.
pct\data\legal_knowledge_base.full.json,481312,"Nomina di esperto (artt. 2343, 2440, 2498, 2501 quinquies,2504 novies c.c., etc)",Volontaria giurisdizione,Sezione specializzata delle imprese,Volontaria giurisdizione,notifica,Termini processuali del procedimento,,,,"Da verificare secondo rito, provvedimento o notifica",,,,manual_review,False,forward,admin,GP_TERM_98E8E57A269E,Richiede verifica professionale prima di calcolo automatico.
pct\data\legal_knowledge_base.full.json,481313,Denunzia ex art. 2409 c.c.,Volontaria giurisdizione,Sezione specializzata delle imprese,Volontaria giurisdizione,notifica,Termini processuali del procedimento,,,,"Da verificare secondo rito, provvedimento o notifica",,,,manual_review,False,forward,admin,GP_TERM_7B59713A77A1,Richiede verifica professionale prima di calcolo automatico.
pct\data\legal_knowledge_base.full.json,481314,Nomina del rappresentante comune degli obbligazionisti e dei possessori delle az,Volontaria giurisdizione,Sezione specializzata delle imprese,Volontaria giurisdizione,notifica,Termini processuali del procedimento,,,,"Da verificare secondo rito, provvedimento o notifica",,,,manual_review,False,forward,admin,GP_TERM_BB4D56B6DE8E,Richiede verifica professionale prima di calcolo automatico.
pct\data\legal_knowledge_base.full.json,481320,Riduzione del capitale per perdite (art. 2446 c.c.),Volontaria giurisdizione,Sezione specializzata delle imprese,Volontaria giurisdizione,notifica,Termini processuali del procedimento,,,,"Da verificare secondo rito, provvedimento o notifica",,,,manual_review,False,forward,admin,GP_TERM_DD7B172ECBFC,Richiede verifica professionale prima di calcolo automatico.
pct\data\legal_knowledge_base.full.json,481401,Misure protettive,Volontaria giurisdizione,Sezione specializzata delle imprese,Volontaria giurisdizione,notifica,Termini processuali del procedimento,,,,"Da verificare secondo rito, provvedimento o notifica",,,,manual_review,False,forward,admin,GP_TERM_F05E0593FBE8,Richiede verifica professionale prima di calcolo automatico.
pct\data\legal_knowledge_base.full.json,481402,"Nomina esperto ex art. 17, lett. a",Volontaria giurisdizione,Sezione specializzata delle imprese,Volontaria giurisdizione,notifica,Termini processuali del procedimento,,,,"Da verificare secondo rito, provvedimento o notifica",,,,manual_review,False,forward,admin,GP_TERM_E0E283B41305,Richiede verifica professionale prima di calcolo automatico.
pct\data\legal_knowledge_base.full.json,481403,Liquidazione compensi OCRI,Volontaria giurisdizione,Sezione specializzata delle imprese,Volontaria giurisdizione,notifica,Termini processuali del procedimento,,,,"Da verificare secondo rito, provvedimento o notifica",,,,manual_review,False,forward,admin,GP_TERM_B396D6ACFF98,Richiede verifica professionale prima di calcolo automatico.
pct\data\legal_knowledge_base.full.json,481421,Approvazione della revoca dei sindaci (art. 2400),Volontaria giurisdizione,Sezione specializzata delle imprese,Volontaria giurisdizione,notifica,Termini processuali del procedimento,,,,"Da verificare secondo rito, provvedimento o notifica",,,,manual_review,False,forward,admin,GP_TERM_27678B807ECA,Richiede verifica professionale prima di calcolo automatico.
pct\data\legal_knowledge_base.full.json,481422,"Procedure ex artt. 2437quat,2445,2482,2447quat,2487ter,2500nov,2503 c.c.",Volontaria giurisdizione,Sezione specializzata delle imprese,Volontaria giurisdizione,notifica,Termini processuali del procedimento,,,,"Da verificare secondo rito, provvedimento o notifica",,,,manual_review,False,forward,admin,GP_TERM_15047761285A,Richiede verifica professionale prima di calcolo automatico.
pct\data\legal_knowledge_base.full.json,481423,Decreto di accertamento dello scioglimento della società (art. 2485 c.c.),Volontaria giurisdizione,Sezione specializzata delle imprese,Volontaria giurisdizione,notifica,Termini processuali del procedimento,,,,"Da verificare secondo rito, provvedimento o notifica",,,,manual_review,False,forward,admin,GP_TERM_B081F85ED9C1,Richiede verifica professionale prima di calcolo automatico.
pct\data\legal_knowledge_base.full.json,481999,Altre materie soggette al procedimento camerale - Sez. Spec. Impresa,Volontaria giurisdizione,Sezione specializzata delle imprese,Volontaria giurisdizione,notifica,Termini processuali del procedimento,,,,"Da verificare secondo rito, provvedimento o notifica",,,,manual_review,False,forward,admin,GP_TERM_2254D83A1638,Richiede verifica professionale prima di calcolo automatico.
pct\data\legal_knowledge_base.full.json,490999,Altri procedimenti camerali,Volontaria giurisdizione,Altri procedimenti camerali,Volontaria giurisdizione,notifica,Termini processuali del procedimento,,,,"Da verificare secondo rito, provvedimento o notifica",,,,manual_review,False,forward,admin,GP_TERM_8521E5A8D7C7,Richiede verifica professionale prima di calcolo automatico.
pct\data\legal_knowledge_base.full.json,510001,Espropriazione mobiliare presso il debitore (post L. 80/2005),Esecuzione mobiliare,,"Esecuzione forzata mobiliare ex artt. 513-542 c.p.c. (testo riformato L. 80/2005, L. 52/2006, Cartabia 2022)",deposito,Iscrizione a ruolo del pignoramento,15,,,consegna verbale al creditore dall'UNEP,decadenziale,art. 518 c. 6 c.p.c.,,calcolabile_giorni,True,forward,civil,GP_TERM_26B60D18FD2D,Importabile come template giorni se evento generatore e' valorizzato.
pct\data\legal_knowledge_base.full.json,510001,Espropriazione mobiliare presso il debitore (post L. 80/2005),Esecuzione mobiliare,,"Esecuzione forzata mobiliare ex artt. 513-542 c.p.c. (testo riformato L. 80/2005, L. 52/2006, Cartabia 2022)",notifica,Validità del precetto,90,,,notifica precetto,decadenziale,art. 481 c.p.c.,,calcolabile_giorni,True,forward,civil,GP_TERM_43E20020BB17,Importabile come template giorni se evento generatore e' valorizzato.
pct\data\legal_knowledge_base.full.json,510001,Espropriazione mobiliare presso il debitore (post L. 80/2005),Esecuzione mobiliare,,"Esecuzione forzata mobiliare ex artt. 513-542 c.p.c. (testo riformato L. 80/2005, L. 52/2006, Cartabia 2022)",generico_da_classificare,Istanza di vendita o assegnazione,45,,,pignoramento,perentorio,art. 497 c.p.c.,,calcolabile_giorni,True,forward,civil,GP_TERM_AD92D021072D,Importabile come template giorni se evento generatore e' valorizzato.
pct\data\legal_knowledge_base.full.json,510002,Espropriazione mobiliare presso terzi (post L. 80/2005),Esecuzione forzata - presso terzi,"Pignoramento di crediti del debitore verso terzi (stipendio, pensione, conto corrente, crediti commerciali)",Esecuzione forzata presso terzi ex artt. 543-554 c.p.c.,notifica,Dichiarazione del terzo,10,,,notifica atto pignoramento,perentorio,art. 543 c. 4 c.p.c.,,calcolabile_giorni,True,forward,civil,GP_TERM_C3C716208C06,Importabile come template giorni se evento generatore e' valorizzato.
pct\data\legal_knowledge_base.full.json,510002,Espropriazione mobiliare presso terzi (post L. 80/2005),Esecuzione forzata - presso terzi,"Pignoramento di crediti del debitore verso terzi (stipendio, pensione, conto corrente, crediti commerciali)",Esecuzione forzata presso terzi ex artt. 543-554 c.p.c.,notifica,Iscrizione ruolo dopo notifica al terzo,30,,,consegna ai destinatari,decadenziale,art. 543 c. 5 c.p.c.,,calcolabile_giorni,True,forward,civil,GP_TERM_2AB819D1AE7E,Importabile come template giorni se evento generatore e' valorizzato.
pct\data\legal_knowledge_base.full.json,510002,Espropriazione mobiliare presso terzi (post L. 80/2005),Esecuzione forzata - presso terzi,"Pignoramento di crediti del debitore verso terzi (stipendio, pensione, conto corrente, crediti commerciali)",Esecuzione forzata presso terzi ex artt. 543-554 c.p.c.,notifica,Validità del precetto,90,,,notifica precetto,decadenziale,art. 481 c.p.c.,,calcolabile_giorni,True,forward,civil,GP_TERM_EC7FAA5CEAEF,Importabile come template giorni se evento generatore e' valorizzato.
pct\data\legal_knowledge_base.full.json,510002,Espropriazione mobiliare presso terzi (post L. 80/2005),Esecuzione forzata - presso terzi,"Pignoramento di crediti del debitore verso terzi (stipendio, pensione, conto corrente, crediti commerciali)",Esecuzione forzata presso terzi ex artt. 543-554 c.p.c.,notifica,DICHIARAZIONE DEL TERZO ex art. 547,10,,,notifica atto pignoramento,perentorio,art. 547 c.p.c.,MASSIMA,calcolabile_giorni,True,forward,civil,GP_TERM_0757B86C2972,Importabile come template giorni se evento generatore e' valorizzato.
pct\data\legal_knowledge_base.full.json,510002,Espropriazione mobiliare presso terzi (post L. 80/2005),Esecuzione forzata - presso terzi,"Pignoramento di crediti del debitore verso terzi (stipendio, pensione, conto corrente, crediti commerciali)",Esecuzione forzata presso terzi ex artt. 543-554 c.p.c.,deposito,Iscrizione a ruolo dell'esecuzione,30,,,consegna ai destinatari (creditore - debitore - terzo),DECADENZIALE,art. 543 c. 5 c.p.c.,MASSIMA - decadenza preclude esecuzione,calcolabile_giorni,True,forward,civil,GP_TERM_0FE3B9B5570F,Importabile come template giorni se evento generatore e' valorizzato.
pct\data\legal_knowledge_base.full.json,510002,Espropriazione mobiliare presso terzi (post L. 80/2005),Esecuzione forzata - presso terzi,"Pignoramento di crediti del debitore verso terzi (stipendio, pensione, conto corrente, crediti commerciali)",Esecuzione forzata presso terzi ex artt. 543-554 c.p.c.,notifica,Termine min tra notifica al terzo e udienza,10,,,,minimo legale,art. 543 c. 2 n. 3 c.p.c.,,calcolabile_giorni,True,forward,civil,GP_TERM_0B5D0B66E7B8,Importabile come template giorni se evento generatore e' valorizzato.
pct\data\legal_knowledge_base.full.json,510002,Espropriazione mobiliare presso terzi (post L. 80/2005),Esecuzione forzata - presso terzi,"Pignoramento di crediti del debitore verso terzi (stipendio, pensione, conto corrente, crediti commerciali)",Esecuzione forzata presso terzi ex artt. 543-554 c.p.c.,notifica,Decadenza precetto per inerzia,90,,,notifica precetto,decadenziale,art. 481 c.p.c.,,calcolabile_giorni,True,forward,civil,GP_TERM_07D5EF386BF8,Importabile come template giorni se evento generatore e' valorizzato.
pct\data\legal_knowledge_base.full.json,510002,Espropriazione mobiliare presso terzi (post L. 80/2005),Esecuzione forzata - presso terzi,"Pignoramento di crediti del debitore verso terzi (stipendio, pensione, conto corrente, crediti commerciali)",Esecuzione forzata presso terzi ex artt. 543-554 c.p.c.,prescrizione_decadenza,Prescrizione titolo esecutivo (actio iudicati),3650,,,passaggio in giudicato sentenza,prescrizione,art. 2953 c.c.,,calcolabile_giorni,True,forward,civil,GP_TERM_2B2E0323E6C2,Importabile come template giorni se evento generatore e' valorizzato.
pct\data\legal_knowledge_base.full.json,510012,Espropriazione Mobiliare presso il debitore (CARTABIA),Esecuzioni mobiliari / obblighi,Espropriazione mobiliare,Esecuzione forzata,notifica,Termini processuali del procedimento,,,,"Da verificare secondo rito, provvedimento o notifica",,,,manual_review,False,forward,civil,GP_TERM_18EF036606AF,Richiede verifica professionale prima di calcolo automatico.
pct\data\legal_knowledge_base.full.json,510100,Deposito verbale di pagamento a mani dell'Ufficiale Giudiziario,Esecuzioni mobiliari / obblighi,Espropriazione mobiliare,Esecuzione forzata,notifica,Termini processuali del procedimento,,,,"Da verificare secondo rito, provvedimento o notifica",,,,manual_review,False,forward,civil,GP_TERM_7BF922FFDC8F,Richiede verifica professionale prima di calcolo automatico.
pct\data\legal_knowledge_base.full.json,511010,"Istanza di rifissazione dello sfratto ex art. 6, L. n. 431/1998",Esecuzioni mobiliari / obblighi,Esecuzione per consegna o rilascio,Esecuzione forzata,notifica,Termini processuali del procedimento,,,,"Da verificare secondo rito, provvedimento o notifica",,,,manual_review,False,forward,civil,GP_TERM_063B1A0DB3FD,Richiede verifica professionale prima di calcolo automatico.
pct\data\legal_knowledge_base.full.json,511011,"Istanza di decadenza da sospensione dello sfratto ex art. 6, L. n. 431/1998",Esecuzioni mobiliari / obblighi,Esecuzione per consegna o rilascio,Esecuzione forzata,notifica,Termini processuali del procedimento,,,,"Da verificare secondo rito, provvedimento o notifica",,,,manual_review,False,forward,civil,GP_TERM_DBBD8FE31ED5,Richiede verifica professionale prima di calcolo automatico.
pct\data\legal_knowledge_base.full.json,511012,Esecuzione ex artt. 605-611 c.p.c. (consegna o rilascio),Esecuzione in forma specifica - obblighi di consegna/rilascio,,Procedura ex artt. 605-611 c.p.c.,notifica,Preavviso,10,,,notifica preavviso,minimo legale,art. 608 c.p.c.,,calcolabile_giorni,True,forward,civil,GP_TERM_185E8A627D03,Importabile come template giorni se evento generatore e' valorizzato.
pct\data\legal_knowledge_base.full.json,511013,Liquidazione delle spese di esecuzione ex art. 611 c.p.c,Esecuzioni mobiliari / obblighi,Esecuzione per consegna o rilascio,Esecuzione forzata,notifica,Termini processuali del procedimento,,,,"Da verificare secondo rito, provvedimento o notifica",,,,manual_review,False,forward,civil,GP_TERM_6F6F0090DBA6,Richiede verifica professionale prima di calcolo automatico.
pct\data\legal_knowledge_base.full.json,511999,Altre ipotesi,Esecuzioni mobiliari / obblighi,Esecuzione per consegna o rilascio,Esecuzione forzata,notifica,Termini processuali del procedimento,,,,"Da verificare secondo rito, provvedimento o notifica",,,,manual_review,False,forward,civil,GP_TERM_731EC95C3032,Richiede verifica professionale prima di calcolo automatico.
pct\data\legal_knowledge_base.full.json,512021,Rimborso spese di esecuzione (art. 614 c.p.c.),Esecuzioni mobiliari / obblighi,Esecuzione forzata obblighi,Esecuzione forzata,notifica,Termini processuali del procedimento,,,,"Da verificare secondo rito, provvedimento o notifica",,,,manual_review,False,forward,civil,GP_TERM_145ADFB3B9DE,Richiede verifica professionale prima di calcolo automatico.
pct\data\legal_knowledge_base.full.json,512022,Ricorso per misure di coercizione indiretta (art. 614-bis),Esecuzioni mobiliari / obblighi,Esecuzione forzata obblighi,Esecuzione forzata,notifica,Termini processuali del procedimento,,,,"Da verificare secondo rito, provvedimento o notifica",,,,manual_review,False,forward,civil,GP_TERM_9B9B0DCE05D0,Richiede verifica professionale prima di calcolo automatico.
pct\data\legal_knowledge_base.full.json,520001,Ricorso all'esattore per l'autorizzazione a trattenere la somma ricavata dalla vendita (R.D. 639/1910),Esecuzioni mobiliari / obblighi,Procedure di vendite coattive previste dal codice civile o da leggi speciali,Esecuzione forzata,notifica,Termini processuali del procedimento,,,,"Da verificare secondo rito, provvedimento o notifica",,,,manual_review,False,forward,civil,GP_TERM_93623B2F2326,Richiede verifica professionale prima di calcolo automatico.
pct\data\legal_knowledge_base.full.json,520002,Vendita del pegno,Esecuzioni mobiliari / obblighi,Procedure di vendite coattive previste dal codice civile o da leggi speciali,Esecuzione forzata,notifica,Termini processuali del procedimento,,,,"Da verificare secondo rito, provvedimento o notifica",,,,manual_review,False,forward,civil,GP_TERM_7C771FFCD1CF,Richiede verifica professionale prima di calcolo automatico.
pct\data\legal_knowledge_base.full.json,520003,Esecuzione forzata per l'espropriazione del marchio,Esecuzioni mobiliari / obblighi,Procedure di vendite coattive previste dal codice civile o da leggi speciali,Esecuzione forzata,notifica,Termini processuali del procedimento,,,,"Da verificare secondo rito, provvedimento o notifica",,,,manual_review,False,forward,civil,GP_TERM_299D629EE8D5,Richiede verifica professionale prima di calcolo automatico.
pct\data\legal_knowledge_base.full.json,520004,Vendita di navi e aeromobili,Esecuzioni mobiliari / obblighi,Procedure di vendite coattive previste dal codice civile o da leggi speciali,Esecuzione forzata,notifica,Termini processuali del procedimento,,,,"Da verificare secondo rito, provvedimento o notifica",,,,manual_review,False,forward,civil,GP_TERM_54FE79875068,Richiede verifica professionale prima di calcolo automatico.
pct\data\legal_knowledge_base.full.json,520005,Esecuzione esattoriale Mobiliare,Esecuzioni mobiliari / obblighi,Procedure di vendite coattive previste dal codice civile o da leggi speciali,Esecuzione forzata,notifica,Termini processuali del procedimento,,,,"Da verificare secondo rito, provvedimento o notifica",,,,manual_review,False,forward,civil,GP_TERM_800C1059EE17,Richiede verifica professionale prima di calcolo automatico.
pct\data\legal_knowledge_base.full.json,520006,Esecuzione esattoriale Mobiliare presso terzi,Esecuzioni mobiliari / obblighi,Procedure di vendite coattive previste dal codice civile o da leggi speciali,Esecuzione forzata,notifica,Termini processuali del procedimento,,,,"Da verificare secondo rito, provvedimento o notifica",,,,manual_review,False,forward,civil,GP_TERM_9E08529A25F9,Richiede verifica professionale prima di calcolo automatico.
pct\data\legal_knowledge_base.full.json,520999,Altre ipotesi,Esecuzioni mobiliari / obblighi,Procedure di vendite coattive previste dal codice civile o da leggi speciali,Esecuzione forzata,notifica,Termini processuali del procedimento,,,,"Da verificare secondo rito, provvedimento o notifica",,,,manual_review,False,forward,civil,GP_TERM_8B94C2F91A05,Richiede verifica professionale prima di calcolo automatico.
pct\data\legal_knowledge_base.full.json,530011,Opposizione all'esecuzione mobiliare,Esecuzioni mobiliari / obblighi,Opposizione - fase davanti al G.E.,Esecuzione forzata,notifica,Termini processuali del procedimento,,,,"Da verificare secondo rito, provvedimento o notifica",,,,manual_review,False,forward,civil,GP_TERM_67B35C3C7143,Richiede verifica professionale prima di calcolo automatico.
pct\data\legal_knowledge_base.full.json,530021,Opposizione agli atti esecutivi mobiliari,Esecuzioni mobiliari / obblighi,Opposizione - fase davanti al G.E.,Esecuzione forzata,notifica,Termini processuali del procedimento,,,,"Da verificare secondo rito, provvedimento o notifica",,,,manual_review,False,forward,civil,GP_TERM_7545D9C626BE,Richiede verifica professionale prima di calcolo automatico.
pct\data\legal_knowledge_base.full.json,530031,Opposizione di terzo all'esecuzione mobiliare,Esecuzioni mobiliari / obblighi,Opposizione - fase davanti al G.E.,Esecuzione forzata,notifica,Termini processuali del procedimento,,,,"Da verificare secondo rito, provvedimento o notifica",,,,manual_review,False,forward,civil,GP_TERM_EC177C6F4C61,Richiede verifica professionale prima di calcolo automatico.
pct\data\legal_knowledge_base.full.json,610001,Espropriazione immobiliare (post L. 80/2005),Esecuzione immobiliare,,Espropriazione immobiliare ex artt. 555-598 c.p.c.,generico_da_classificare,Trascrizione del pignoramento,15,,,consegna ai destinatari,perentorio,art. 555 c. 3 c.p.c.,,calcolabile_giorni,True,forward,civil,GP_TERM_C2B90AF72845,Importabile come template giorni se evento generatore e' valorizzato.
pct\data\legal_knowledge_base.full.json,610001,Espropriazione immobiliare (post L. 80/2005),Esecuzione immobiliare,,Espropriazione immobiliare ex artt. 555-598 c.p.c.,deposito,Iscrizione a ruolo,15,,,restituzione titolo esecutivo trascritto al creditore,decadenziale,art. 557 c.p.c.,,calcolabile_giorni,True,forward,civil,GP_TERM_C97A9E748AF2,Importabile come template giorni se evento generatore e' valorizzato.
pct\data\legal_knowledge_base.full.json,610001,Espropriazione immobiliare (post L. 80/2005),Esecuzione immobiliare,,Espropriazione immobiliare ex artt. 555-598 c.p.c.,generico_da_classificare,Istanza di vendita,45,,,trascrizione pignoramento,perentorio (con possibilità sospensione),art. 497 c.p.c.,,calcolabile_giorni,True,forward,civil,GP_TERM_7AD2DA5CC113,Importabile come template giorni se evento generatore e' valorizzato.
pct\data\legal_knowledge_base.full.json,610001,Espropriazione immobiliare (post L. 80/2005),Esecuzione immobiliare,,Espropriazione immobiliare ex artt. 555-598 c.p.c.,generico_da_classificare,Documentazione ipocatastale ex art. 567,60,,,istanza vendita,perentorio (prorogabile 120 gg),art. 567 c. 2 c.p.c.,,calcolabile_giorni,True,forward,civil,GP_TERM_ADC0CB86DF99,Importabile come template giorni se evento generatore e' valorizzato.
pct\data\legal_knowledge_base.full.json,610012,Espropriazione Immobiliare (CARTABIA),Esecuzioni immobiliari,Espropriazione immobiliare,Esecuzione forzata,notifica,Termini processuali del procedimento,,,,"Da verificare secondo rito, provvedimento o notifica",,,,manual_review,False,forward,civil,GP_TERM_5ABE9DD522D1,Richiede verifica professionale prima di calcolo automatico.
pct\data\legal_knowledge_base.full.json,620001,Esecuzione esattoriale Immobiliare,Esecuzioni immobiliari,Espropriazione esattoriale immobiliare,Esecuzione forzata,generico_da_classificare,Trascrizione pignoramento,15,,,consegna ai destinatari,perentorio,art. 555 c. 3 c.p.c.,,calcolabile_giorni,True,forward,civil,GP_TERM_99A1F7B7B5A1,Importabile come template giorni se evento generatore e' valorizzato.
pct\data\legal_knowledge_base.full.json,620001,Esecuzione esattoriale Immobiliare,Esecuzioni immobiliari,Espropriazione esattoriale immobiliare,Esecuzione forzata,deposito,Iscrizione a ruolo,15,,,restituzione titolo trascritto al creditore,DECADENZIALE,art. 557 c.p.c.,MASSIMA,calcolabile_giorni,True,forward,civil,GP_TERM_8B880869BFEC,Importabile come template giorni se evento generatore e' valorizzato.
pct\data\legal_knowledge_base.full.json,620001,Esecuzione esattoriale Immobiliare,Esecuzioni immobiliari,Espropriazione esattoriale immobiliare,Esecuzione forzata,generico_da_classificare,Istanza di vendita,45,,,pignoramento,perentorio (con possibilità sospensione),art. 497 c.p.c.,,calcolabile_giorni,True,forward,civil,GP_TERM_E9C020598A1F,Importabile come template giorni se evento generatore e' valorizzato.
pct\data\legal_knowledge_base.full.json,620001,Esecuzione esattoriale Immobiliare,Esecuzioni immobiliari,Espropriazione esattoriale immobiliare,Esecuzione forzata,generico_da_classificare,Documentazione ipocatastale ex 567,60,,,istanza vendita,perentorio (prorogabile 120),art. 567 c. 2 c.p.c.,ALTA,calcolabile_giorni,True,forward,civil,GP_TERM_823328AF3F3C,Importabile come template giorni se evento generatore e' valorizzato.
pct\data\legal_knowledge_base.full.json,620001,Esecuzione esattoriale Immobiliare,Esecuzioni immobiliari,Espropriazione esattoriale immobiliare,Esecuzione forzata,notifica,Validità del precetto,90,,,notifica precetto,decadenziale,art. 481 c.p.c.,,calcolabile_giorni,True,forward,civil,GP_TERM_9D1B8027B8C9,Importabile come template giorni se evento generatore e' valorizzato.
pct\data\legal_knowledge_base.full.json,620001,Esecuzione esattoriale Immobiliare,Esecuzioni immobiliari,Espropriazione esattoriale immobiliare,Esecuzione forzata,notifica,Termini processuali del procedimento,,,,"Da verificare secondo rito, provvedimento o notifica",,,,manual_review,False,forward,civil,GP_TERM_DBF44C4A42D6,Richiede verifica professionale prima di calcolo automatico.
pct\data\legal_knowledge_base.full.json,630012,Opposizione all'esecuzione immobiliare,Esecuzioni immobiliari,Opposizione - fase davanti al G.E.,Esecuzione forzata,notifica,Termini processuali del procedimento,,,,"Da verificare secondo rito, provvedimento o notifica",,,,manual_review,False,forward,civil,GP_TERM_0DFD47198E0B,Richiede verifica professionale prima di calcolo automatico.
pct\data\legal_knowledge_base.full.json,630022,Opposizione agli atti esecutivi immobiliari,Esecuzioni immobiliari,Opposizione - fase davanti al G.E.,Esecuzione forzata,notifica,Termini processuali del procedimento,,,,"Da verificare secondo rito, provvedimento o notifica",,,,manual_review,False,forward,civil,GP_TERM_58AA7E221D72,Richiede verifica professionale prima di calcolo automatico.
pct\data\legal_knowledge_base.full.json,630032,Opposizione del terzo all'esecuzione immobiliare,Esecuzioni immobiliari,Opposizione - fase davanti al G.E.,Esecuzione forzata,notifica,Termini processuali del procedimento,,,,"Da verificare secondo rito, provvedimento o notifica",,,,manual_review,False,forward,civil,GP_TERM_BFCD4B4ABFCC,Richiede verifica professionale prima di calcolo automatico.
pct\data\legal_knowledge_base.full.json,700001,Asseverazione di perizia,"Affari amministrativi, stragiudiziali e non contenziosi",Asseverazioni / atto notorio,Rito da verificare sul codice oggetto e sul registro di destinazione,notifica,Termini processuali del procedimento,,,,"Da verificare secondo rito, provvedimento o notifica",,,,manual_review,False,forward,admin,GP_TERM_B9A7828B0A7E,Richiede verifica professionale prima di calcolo automatico.
pct\data\legal_knowledge_base.full.json,700002,Asseverazione di traduzione,"Affari amministrativi, stragiudiziali e non contenziosi",Asseverazioni / atto notorio,Rito da verificare sul codice oggetto e sul registro di destinazione,notifica,Termini processuali del procedimento,,,,"Da verificare secondo rito, provvedimento o notifica",,,,manual_review,False,forward,admin,GP_TERM_115E8592C2FD,Richiede verifica professionale prima di calcolo automatico.
pct\data\legal_knowledge_base.full.json,700011,Atto notorio,"Affari amministrativi, stragiudiziali e non contenziosi",Asseverazioni / atto notorio,Rito da verificare sul codice oggetto e sul registro di destinazione,notifica,Termini processuali del procedimento,,,,"Da verificare secondo rito, provvedimento o notifica",,,,manual_review,False,forward,admin,GP_TERM_665FF7A4ED6E,Richiede verifica professionale prima di calcolo automatico.
pct\data\legal_knowledge_base.full.json,700012,Dichiarazione sostitutiva di atto notorio,"Affari amministrativi, stragiudiziali e non contenziosi",Asseverazioni / atto notorio,Rito da verificare sul codice oggetto e sul registro di destinazione,notifica,Termini processuali del procedimento,,,,"Da verificare secondo rito, provvedimento o notifica",,,,manual_review,False,forward,admin,GP_TERM_2FC5298822F1,Richiede verifica professionale prima di calcolo automatico.
pct\data\legal_knowledge_base.full.json,701001,Autenticazione di documento,"Affari amministrativi, stragiudiziali e non contenziosi",Autenticazioni,Rito da verificare sul codice oggetto e sul registro di destinazione,notifica,Termini processuali del procedimento,,,,"Da verificare secondo rito, provvedimento o notifica",,,,manual_review,False,forward,admin,GP_TERM_A9E62A0A589D,Richiede verifica professionale prima di calcolo automatico.
pct\data\legal_knowledge_base.full.json,701002,Autenticazione di firma,"Affari amministrativi, stragiudiziali e non contenziosi",Autenticazioni,Rito da verificare sul codice oggetto e sul registro di destinazione,notifica,Termini processuali del procedimento,,,,"Da verificare secondo rito, provvedimento o notifica",,,,manual_review,False,forward,admin,GP_TERM_EE7E1267D52D,Richiede verifica professionale prima di calcolo automatico.
pct\data\legal_knowledge_base.full.json,701003,Autenticazione di fotografia,"Affari amministrativi, stragiudiziali e non contenziosi",Autenticazioni,Rito da verificare sul codice oggetto e sul registro di destinazione,notifica,Termini processuali del procedimento,,,,"Da verificare secondo rito, provvedimento o notifica",,,,manual_review,False,forward,admin,GP_TERM_41F87A62173D,Richiede verifica professionale prima di calcolo automatico.
pct\data\legal_knowledge_base.full.json,709999,Altri atti amministrativi,"Affari amministrativi, stragiudiziali e non contenziosi",Altri atti amministrativi,Rito da verificare sul codice oggetto e sul registro di destinazione,notifica,Termini processuali del procedimento,,,,"Da verificare secondo rito, provvedimento o notifica",,,,manual_review,False,forward,admin,GP_TERM_4FB929D8BE14,Richiede verifica professionale prima di calcolo automatico.
pct\data\legal_knowledge_base.full.json,710001,Istanza di Conciliazione,"Affari amministrativi, stragiudiziali e non contenziosi",Conciliazione,Rito da verificare sul codice oggetto e sul registro di destinazione,notifica,Termini processuali del procedimento,,,,"Da verificare secondo rito, provvedimento o notifica",,,,manual_review,False,forward,admin,GP_TERM_3D93F5F20384,Richiede verifica professionale prima di calcolo automatico.
pct\data\legal_knowledge_base.full.json,B00000,Migrazione,Catalogo PST ufficiale,,Rito da verificare sul codice oggetto e sul registro di destinazione,notifica,Termini processuali del procedimento,,,,"Da verificare secondo rito, provvedimento o notifica",,,,manual_review,False,forward,civil,GP_TERM_7A5D336F1B6A,Richiede verifica professionale prima di calcolo automatico.
pct\data\legal_knowledge_base.full.json,B01001,Autorizzazione al rilascio degli atti di cui all'art. 28 co.3 L. 184/1983 - Adottato minorenne,Catalogo PST ufficiale,,"Procedimenti in materia di persone, minorenni e famiglie",notifica,Termini processuali del procedimento,,,,"Da verificare secondo rito, provvedimento o notifica",,,,manual_review,False,forward,civil,GP_TERM_2C238EC6FB09,Richiede verifica professionale prima di calcolo automatico.
pct\data\legal_knowledge_base.full.json,B01002,Autorizzazione al rilascio degli atti di cui all'art. 28 co.3 L. 184/1983 - Adottato maggiorenne,Catalogo PST ufficiale,,Esecuzione forzata,notifica,Termini processuali del procedimento,,,,"Da verificare secondo rito, provvedimento o notifica",,,,manual_review,False,forward,civil,GP_TERM_73EECF6DDDDD,Richiede verifica professionale prima di calcolo automatico.
pct\data\legal_knowledge_base.full.json,B01003,Istanza per l'accesso alle informazioni sulla famiglia d'origine (art. 28 co. 4 L. 184/1983) - Adottato minorenne,Catalogo PST ufficiale,,"Procedimenti in materia di persone, minorenni e famiglie",notifica,Termini processuali del procedimento,,,,"Da verificare secondo rito, provvedimento o notifica",,,,manual_review,False,forward,civil,GP_TERM_33C3C243A95B,Richiede verifica professionale prima di calcolo automatico.
pct\data\legal_knowledge_base.full.json,B01004,Istanza per l'accesso alle informazioni sulla famiglia d'origine (art. 28 co. 5 L. 184/1983) - Adottato maggiorenne (> 18 e < 25 anni),Catalogo PST ufficiale,,"Procedimenti in materia di persone, minorenni e famiglie",notifica,Termini processuali del procedimento,,,,"Da verificare secondo rito, provvedimento o notifica",,,,manual_review,False,forward,civil,GP_TERM_A2DF4A284F67,Richiede verifica professionale prima di calcolo automatico.
pct\data\legal_knowledge_base.full.json,B01005,Istanza per l'accesso alle informazioni sulla famiglia d'origine (art. 28 co. 5 L. 184/1983) - Adottato maggiorenne (>= 25 anni),Catalogo PST ufficiale,,"Procedimenti in materia di persone, minorenni e famiglie",notifica,Termini processuali del procedimento,,,,"Da verificare secondo rito, provvedimento o notifica",,,,manual_review,False,forward,civil,GP_TERM_4FA2A545FC70,Richiede verifica professionale prima di calcolo automatico.
pct\data\legal_knowledge_base.full.json,B02001,Interdizione e inabilitazione ex art. 416 Cod. Civ.,Catalogo PST ufficiale,,Volontaria giurisdizione,notifica,Termini processuali del procedimento,,,,"Da verificare secondo rito, provvedimento o notifica",,,,manual_review,False,forward,admin,GP_TERM_B33D78BD4CB1,Richiede verifica professionale prima di calcolo automatico.
pct\data\legal_knowledge_base.full.json,B02002,"Procedure per il rimpatrio dei minori sottratti ovvero dell'attuazione del diritto di visita del genitore non affidatario (Convenzione Aja 25.10.1980 ratificata con L. 64/1994, artt. 6 e 7)",Catalogo PST ufficiale,,"Procedimenti in materia di persone, minorenni e famiglie",notifica,Termini processuali del procedimento,,,,"Da verificare secondo rito, provvedimento o notifica",,,,manual_review,False,forward,admin,GP_TERM_92D2B8A1CBB9,Richiede verifica professionale prima di calcolo automatico.
pct\data\legal_knowledge_base.full.json,B02003,Scambio di informazioni tra Stati membri (art. 80 Reg. UE 1111/2019),Catalogo PST ufficiale,,Rito da verificare sul codice oggetto e sul registro di destinazione,notifica,Termini processuali del procedimento,,,,"Da verificare secondo rito, provvedimento o notifica",,,,manual_review,False,forward,civil,GP_TERM_7A3258BC9D3D,Richiede verifica professionale prima di calcolo automatico.
pct\data\legal_knowledge_base.full.json,B02004,Cooperazione per attuazione tra Stati membri (art. 81 Reg. UE 1111/2019),Catalogo PST ufficiale,,Rito da verificare sul codice oggetto e sul registro di destinazione,notifica,Termini processuali del procedimento,,,,"Da verificare secondo rito, provvedimento o notifica",,,,manual_review,False,forward,civil,GP_TERM_E245075D4425,Richiede verifica professionale prima di calcolo automatico.
pct\data\legal_knowledge_base.full.json,B02005,Collocamento del minore in altro Stato membro (art. 82 Reg. UE 1111/2019),Catalogo PST ufficiale,,"Procedimenti in materia di persone, minorenni e famiglie",notifica,Termini processuali del procedimento,,,,"Da verificare secondo rito, provvedimento o notifica",,,,manual_review,False,forward,civil,GP_TERM_E77911D22573,Richiede verifica professionale prima di calcolo automatico.
pct\data\legal_knowledge_base.full.json,B02006,Provvedimenti cautelari a favore di minori per cui è competente un¿autorità estera (art. 15 Reg. UE 1111/2019),Catalogo PST ufficiale,,Procedimento cautelare o istruzione preventiva,notifica,Termini processuali del procedimento,,,,"Da verificare secondo rito, provvedimento o notifica",,,,manual_review,False,forward,civil,GP_TERM_D7B00DD2FC18,Richiede verifica professionale prima di calcolo automatico.
pct\data\legal_knowledge_base.full.json,B02007,Collocamento del minore in altro Stato non UE (Art. 33 Convenzione Aja 19/10/1996),Catalogo PST ufficiale,,"Procedimenti in materia di persone, minorenni e famiglie",notifica,Termini processuali del procedimento,,,,"Da verificare secondo rito, provvedimento o notifica",,,,manual_review,False,forward,civil,GP_TERM_7FCA001D674D,Richiede verifica professionale prima di calcolo automatico.
pct\data\legal_knowledge_base.full.json,B02008,Altri procedimenti contenziosi,Catalogo PST ufficiale,,Rito da verificare sul codice oggetto e sul registro di destinazione,notifica,Termini processuali del procedimento,,,,"Da verificare secondo rito, provvedimento o notifica",,,,manual_review,False,forward,civil,GP_TERM_A5DFE6FC34FD,Richiede verifica professionale prima di calcolo automatico.
pct\data\legal_knowledge_base.full.json,B02009,Segnalazione in merito all'ingresso di un minore in Italia (art. 33 co. 4 e 5 L. 184/1983),Catalogo PST ufficiale,,"Procedimenti in materia di persone, minorenni e famiglie",notifica,Termini processuali del procedimento,,,,"Da verificare secondo rito, provvedimento o notifica",,,,manual_review,False,forward,civil,GP_TERM_1074DFE65FE4,Richiede verifica professionale prima di calcolo automatico.
pct\data\legal_knowledge_base.full.json,B02010,Procedimento per l'espatrio del minore a scopo di adozione (art. 40 L. 184/1983),Catalogo PST ufficiale,,"Procedimenti in materia di persone, minorenni e famiglie",notifica,Termini processuali del procedimento,,,,"Da verificare secondo rito, provvedimento o notifica",,,,manual_review,False,forward,civil,GP_TERM_AE413A6F8747,Richiede verifica professionale prima di calcolo automatico.
pct\data\legal_knowledge_base.full.json,B02011,Accertamento dell'età del minore (art. 19-bis D. Lgs 142/2015),Catalogo PST ufficiale,,"Procedimenti in materia di persone, minorenni e famiglie",notifica,Termini processuali del procedimento,,,,"Da verificare secondo rito, provvedimento o notifica",,,,manual_review,False,forward,civil,GP_TERM_68C815BF2E4E,Richiede verifica professionale prima di calcolo automatico.
pct\data\legal_knowledge_base.full.json,B02012,Accoglienza minori non accompagnati (art. 19 D. Lgs. 142/2015),Catalogo PST ufficiale,,"Procedimenti in materia di persone, minorenni e famiglie",notifica,Termini processuali del procedimento,,,,"Da verificare secondo rito, provvedimento o notifica",,,,manual_review,False,forward,civil,GP_TERM_54E4631E8FDA,Richiede verifica professionale prima di calcolo automatico.
pct\data\legal_knowledge_base.full.json,B02013,Autorizzazione per i genitori stranieri all'ingresso o alla permanenza in Italia a seguito del minore (art. 31 co.3 D. Lgs. 286/1998),Catalogo PST ufficiale,,"Procedimenti in materia di persone, minorenni e famiglie",notifica,Termini processuali del procedimento,,,,"Da verificare secondo rito, provvedimento o notifica",,,,manual_review,False,forward,civil,GP_TERM_076F7A2B3EFB,Richiede verifica professionale prima di calcolo automatico.
pct\data\legal_knowledge_base.full.json,B02014,Procedimento per espulsione del minore (art. 31 co.4 D. Lgs. 286/1998),Catalogo PST ufficiale,,"Procedimenti in materia di persone, minorenni e famiglie",notifica,Termini processuali del procedimento,,,,"Da verificare secondo rito, provvedimento o notifica",,,,manual_review,False,forward,civil,GP_TERM_C48B28509AEE,Richiede verifica professionale prima di calcolo automatico.
pct\data\legal_knowledge_base.full.json,B02015,Procedimento ex art. 33 D. Lgs. 286/1998,Catalogo PST ufficiale,,Rito da verificare sul codice oggetto e sul registro di destinazione,notifica,Termini processuali del procedimento,,,,"Da verificare secondo rito, provvedimento o notifica",,,,manual_review,False,forward,civil,GP_TERM_13F7D28D21E3,Richiede verifica professionale prima di calcolo automatico.
pct\data\legal_knowledge_base.full.json,B02016,Affidamento minori (ante Riforma Cartabia),Catalogo PST ufficiale,,"Procedimenti in materia di persone, minorenni e famiglie",notifica,Termini processuali del procedimento,,,,"Da verificare secondo rito, provvedimento o notifica",,,,manual_review,False,forward,civil,GP_TERM_D6E48AA11155,Richiede verifica professionale prima di calcolo automatico.
pct\data\legal_knowledge_base.full.json,B02017,Proroga periodo di affidamento (ante Riforma Cartabia),Catalogo PST ufficiale,,Rito da verificare sul codice oggetto e sul registro di destinazione,notifica,Termini processuali del procedimento,,,,"Da verificare secondo rito, provvedimento o notifica",,,,manual_review,False,forward,civil,GP_TERM_007EA244DF44,Richiede verifica professionale prima di calcolo automatico.
pct\data\legal_knowledge_base.full.json,B02018,Affidamento familiare (art.4 co.2 L. 184/1983),Catalogo PST ufficiale,,Rito da verificare sul codice oggetto e sul registro di destinazione,notifica,Termini processuali del procedimento,,,,"Da verificare secondo rito, provvedimento o notifica",,,,manual_review,False,forward,civil,GP_TERM_BFA5A186BD11,Richiede verifica professionale prima di calcolo automatico.
pct\data\legal_knowledge_base.full.json,B02019,Proroga periodo di affidamento familiare (art. 4 co. 4 L. 184/1983),Catalogo PST ufficiale,,Rito da verificare sul codice oggetto e sul registro di destinazione,notifica,Termini processuali del procedimento,,,,"Da verificare secondo rito, provvedimento o notifica",,,,manual_review,False,forward,civil,GP_TERM_A6C452439F0C,Richiede verifica professionale prima di calcolo automatico.
pct\data\legal_knowledge_base.full.json,B02020,Affidamento ai servizi sociali (Art. 5-bis L. n. 184/1983),Catalogo PST ufficiale,,Rito da verificare sul codice oggetto e sul registro di destinazione,notifica,Termini processuali del procedimento,,,,"Da verificare secondo rito, provvedimento o notifica",,,,manual_review,False,forward,civil,GP_TERM_6FAB5F6FF865,Richiede verifica professionale prima di calcolo automatico.
pct\data\legal_knowledge_base.full.json,B02021,Proroga periodo di affidamento ai servizi (Art. 5-bis L. n. 184/1983),Catalogo PST ufficiale,,Rito da verificare sul codice oggetto e sul registro di destinazione,notifica,Termini processuali del procedimento,,,,"Da verificare secondo rito, provvedimento o notifica",,,,manual_review,False,forward,civil,GP_TERM_F980F7EB85C9,Richiede verifica professionale prima di calcolo automatico.
pct\data\legal_knowledge_base.full.json,B02022,Proroga collocamento in comunità/casa famiglia (art. 4 co.7 L. 184/1983),Catalogo PST ufficiale,,"Procedimenti in materia di persone, minorenni e famiglie",notifica,Termini processuali del procedimento,,,,"Da verificare secondo rito, provvedimento o notifica",,,,manual_review,False,forward,civil,GP_TERM_9ED5D75FDE78,Richiede verifica professionale prima di calcolo automatico.
pct\data\legal_knowledge_base.full.json,B02023,Attuazione dei provvedimenti sull'affidamento (Art. 473 bis.38 Cpc),Catalogo PST ufficiale,,Rito da verificare sul codice oggetto e sul registro di destinazione,notifica,Termini processuali del procedimento,,,,"Da verificare secondo rito, provvedimento o notifica",,,,manual_review,False,forward,civil,GP_TERM_DA07A4B64EA2,Richiede verifica professionale prima di calcolo automatico.
pct\data\legal_knowledge_base.full.json,B02024,Provvedimenti in caso di inadempienze o violazioni (Art. 473 bis.39 C.p.c.),Catalogo PST ufficiale,,Rito da verificare sul codice oggetto e sul registro di destinazione,notifica,Termini processuali del procedimento,,,,"Da verificare secondo rito, provvedimento o notifica",,,,manual_review,False,forward,civil,GP_TERM_BCE58AA32771,Richiede verifica professionale prima di calcolo automatico.
pct\data\legal_knowledge_base.full.json,B02025,Ammissione al matrimonio del minore (art. 84 Cod. Civ.),Catalogo PST ufficiale,,"Procedimenti in materia di persone, minorenni e famiglie",notifica,Termini processuali del procedimento,,,,"Da verificare secondo rito, provvedimento o notifica",,,,manual_review,False,forward,civil,GP_TERM_089914126799,Richiede verifica professionale prima di calcolo automatico.
pct\data\legal_knowledge_base.full.json,B02026,Decadenza dalla responsabilità genitoriale sui figli (art. 330 Cod. Civ.),Catalogo PST ufficiale,,"Procedimenti in materia di persone, minorenni e famiglie",notifica,Termini processuali del procedimento,,,,"Da verificare secondo rito, provvedimento o notifica",,,,manual_review,False,forward,civil,GP_TERM_136C9FD5B7A5,Richiede verifica professionale prima di calcolo automatico.
pct\data\legal_knowledge_base.full.json,B02027,Reintegrazione nella responsabilità genitoriale (art. 332 Cod. Civ.),Catalogo PST ufficiale,,"Procedimenti in materia di persone, minorenni e famiglie",notifica,Termini processuali del procedimento,,,,"Da verificare secondo rito, provvedimento o notifica",,,,manual_review,False,forward,civil,GP_TERM_4445B5560866,Richiede verifica professionale prima di calcolo automatico.
pct\data\legal_knowledge_base.full.json,B02028,Procedimento ex art. 333 Cod. Civ. (Condotta del genitore pregiudizievole ai figli),Catalogo PST ufficiale,,Rito da verificare sul codice oggetto e sul registro di destinazione,notifica,Termini processuali del procedimento,,,,"Da verificare secondo rito, provvedimento o notifica",,,,manual_review,False,forward,civil,GP_TERM_8D4F850DE8B8,Richiede verifica professionale prima di calcolo automatico.
pct\data\legal_knowledge_base.full.json,B02029,Procedimento ex art. 334 Cod. Civ. (Rimozione dell'amministrazione),Catalogo PST ufficiale,,Rito da verificare sul codice oggetto e sul registro di destinazione,notifica,Termini processuali del procedimento,,,,"Da verificare secondo rito, provvedimento o notifica",,,,manual_review,False,forward,civil,GP_TERM_0D1F07ECAAE9,Richiede verifica professionale prima di calcolo automatico.
pct\data\legal_knowledge_base.full.json,B02030,Procedimento ex art. 335 Cod. Civ. (Riammissione dell'amministrazione),Catalogo PST ufficiale,,Rito da verificare sul codice oggetto e sul registro di destinazione,notifica,Termini processuali del procedimento,,,,"Da verificare secondo rito, provvedimento o notifica",,,,manual_review,False,forward,civil,GP_TERM_29F9A0EC8322,Richiede verifica professionale prima di calcolo automatico.
pct\data\legal_knowledge_base.full.json,B02031,Procedimento ex art. 371 Cod. Civ. co.2 (Autorizzazione del tutore alla continuazione di un'impresa commerciale nell'interesse del minore),Catalogo PST ufficiale,,"Procedimenti in materia di persone, minorenni e famiglie",notifica,Termini processuali del procedimento,,,,"Da verificare secondo rito, provvedimento o notifica",,,,manual_review,False,forward,civil,GP_TERM_10EC1C0DEB02,Richiede verifica professionale prima di calcolo automatico.
pct\data\legal_knowledge_base.full.json,B02032,Autorizzazione al riconoscimento (art. 251 Cod. Civ.),Catalogo PST ufficiale,,Rito da verificare sul codice oggetto e sul registro di destinazione,notifica,Termini processuali del procedimento,,,,"Da verificare secondo rito, provvedimento o notifica",,,,manual_review,False,forward,civil,GP_TERM_5A44211E3BD6,Richiede verifica professionale prima di calcolo automatico.
pct\data\legal_knowledge_base.full.json,B02033,Autorizzazione al riconoscimento dei figli nati fuori dal matrimonio (Art. 250 co.5 CC),Catalogo PST ufficiale,,"Procedimenti in materia di persone, minorenni e famiglie",notifica,Termini processuali del procedimento,,,,"Da verificare secondo rito, provvedimento o notifica",,,,manual_review,False,forward,civil,GP_TERM_228617FB1B80,Richiede verifica professionale prima di calcolo automatico.
pct\data\legal_knowledge_base.full.json,B02034,Regolamentazione rapporti con gli ascendenti (art. 317-bis Cod. Civ.),Catalogo PST ufficiale,,Rito da verificare sul codice oggetto e sul registro di destinazione,notifica,Termini processuali del procedimento,,,,"Da verificare secondo rito, provvedimento o notifica",,,,manual_review,False,forward,civil,GP_TERM_E10EB2EC33A6,Richiede verifica professionale prima di calcolo automatico.
pct\data\legal_knowledge_base.full.json,B02035,Procedimento per verifica veridicità del riconoscimento del figlio naturale (art. 74 L. 184/1983),Catalogo PST ufficiale,,Rito da verificare sul codice oggetto e sul registro di destinazione,notifica,Termini processuali del procedimento,,,,"Da verificare secondo rito, provvedimento o notifica",,,,manual_review,False,forward,civil,GP_TERM_923D4272339D,Richiede verifica professionale prima di calcolo automatico.
pct\data\legal_knowledge_base.full.json,B02036,Rettificazioni/formazioni relative agli atti dello stato civile (art. 100 DPR 396/2000),Catalogo PST ufficiale,,Rito da verificare sul codice oggetto e sul registro di destinazione,notifica,Termini processuali del procedimento,,,,"Da verificare secondo rito, provvedimento o notifica",,,,manual_review,False,forward,civil,GP_TERM_981B0058946B,Richiede verifica professionale prima di calcolo automatico.
pct\data\legal_knowledge_base.full.json,B02037,Istanza ex art. 473 bis.69 Cpc (Ordini di protezione contro gli abusi familiari ¿ soggetto minore),Catalogo PST ufficiale,,"Procedimenti in materia di persone, minorenni e famiglie",notifica,Termini processuali del procedimento,,,,"Da verificare secondo rito, provvedimento o notifica",,,,manual_review,False,forward,civil,GP_TERM_C7261AA719F4,Richiede verifica professionale prima di calcolo automatico.
pct\data\legal_knowledge_base.full.json,B02038,Convalida del provvedimento ex art. 403 CC,Catalogo PST ufficiale,,Rito da verificare sul codice oggetto e sul registro di destinazione,notifica,Termini processuali del procedimento,,,,"Da verificare secondo rito, provvedimento o notifica",,,,manual_review,False,forward,civil,GP_TERM_7068BD0D9CF8,Richiede verifica professionale prima di calcolo automatico.
pct\data\legal_knowledge_base.full.json,B02039,Reclamo avverso i decreti del Giudice tutelare (art. 45 Disp. Att. Cod. Civ.),Catalogo PST ufficiale,,Volontaria giurisdizione,notifica,Termini processuali del procedimento,,,,"Da verificare secondo rito, provvedimento o notifica",,,,manual_review,False,forward,admin,GP_TERM_0CA13496D0D7,Richiede verifica professionale prima di calcolo automatico.
pct\data\legal_knowledge_base.full.json,B02040,Apertura della tutela parentale di minori stranieri non accompagnati,Catalogo PST ufficiale,,"Procedimenti in materia di persone, minorenni e famiglie",notifica,Termini processuali del procedimento,,,,"Da verificare secondo rito, provvedimento o notifica",,,,manual_review,False,forward,civil,GP_TERM_5D55F0276E3E,Richiede verifica professionale prima di calcolo automatico.
pct\data\legal_knowledge_base.full.json,B02041,Apertura della tutela di minore privo di genitori (deceduti o decaduti o sospesi) - Art. 473 bis.7 Cpc,Catalogo PST ufficiale,,"Procedimenti in materia di persone, minorenni e famiglie",notifica,Termini processuali del procedimento,,,,"Da verificare secondo rito, provvedimento o notifica",,,,manual_review,False,forward,civil,GP_TERM_FD842B91625B,Richiede verifica professionale prima di calcolo automatico.
pct\data\legal_knowledge_base.full.json,B02042,Apertura della tutela di minori stranieri non accompagnati,Catalogo PST ufficiale,,"Procedimenti in materia di persone, minorenni e famiglie",notifica,Termini processuali del procedimento,,,,"Da verificare secondo rito, provvedimento o notifica",,,,manual_review,False,forward,civil,GP_TERM_F8FEFE1867D5,Richiede verifica professionale prima di calcolo automatico.
pct\data\legal_knowledge_base.full.json,B02043,Altri procedimenti camerali,Catalogo PST ufficiale,,Rito da verificare sul codice oggetto e sul registro di destinazione,notifica,Termini processuali del procedimento,,,,"Da verificare secondo rito, provvedimento o notifica",,,,manual_review,False,forward,civil,GP_TERM_B6A28C679E3E,Richiede verifica professionale prima di calcolo automatico.
pct\data\legal_knowledge_base.full.json,B02044,Misure applicabili ai minori per condotta o per carattere (Art. 25 R.D. 1404/1934),Catalogo PST ufficiale,,"Procedimenti in materia di persone, minorenni e famiglie",notifica,Termini processuali del procedimento,,,,"Da verificare secondo rito, provvedimento o notifica",,,,manual_review,False,forward,civil,GP_TERM_7A7CC2368C56,Richiede verifica professionale prima di calcolo automatico.
pct\data\legal_knowledge_base.full.json,B02045,Procedimento ex art. 25 bis R.D. 1404/1934 (Minori che esercitano la prostituzione o vittime di reati a carattere sessuale),Catalogo PST ufficiale,,"Procedimenti in materia di persone, minorenni e famiglie",notifica,Termini processuali del procedimento,,,,"Da verificare secondo rito, provvedimento o notifica",,,,manual_review,False,forward,penal,GP_TERM_84E29706A012,Richiede verifica professionale prima di calcolo automatico.
pct\data\legal_knowledge_base.full.json,B02046,Prosieguo amministrativo ex art. 29 R.D. 1404/1934,Catalogo PST ufficiale,,Rito da verificare sul codice oggetto e sul registro di destinazione,notifica,Termini processuali del procedimento,,,,"Da verificare secondo rito, provvedimento o notifica",,,,manual_review,False,forward,admin,GP_TERM_F7BB69D11D38,Richiede verifica professionale prima di calcolo automatico.
pct\data\legal_knowledge_base.full.json,B02047,Affidamento ai servizi sociali del minore straniero non accompagnato che ha raggiunto la maggiore età (art. 13 L. 47/2017),Catalogo PST ufficiale,,"Procedimenti in materia di persone, minorenni e famiglie",notifica,Termini processuali del procedimento,,,,"Da verificare secondo rito, provvedimento o notifica",,,,manual_review,False,forward,civil,GP_TERM_84133C9637C6,Richiede verifica professionale prima di calcolo automatico.
pct\data\legal_knowledge_base.full.json,B03001,Procedimenti per la dichiarazione di adottabilità minori con genitore noto (artt. 8 e seg. L. 184/1983),Catalogo PST ufficiale,,"Procedimenti in materia di persone, minorenni e famiglie",notifica,Termini processuali del procedimento,,,,"Da verificare secondo rito, provvedimento o notifica",,,,manual_review,False,forward,civil,GP_TERM_8123EEB96B0D,Richiede verifica professionale prima di calcolo automatico.
pct\data\legal_knowledge_base.full.json,B03002,Procedimenti per la dichiarazione di adottabilità minori con genitore ignoto (art. 11 co. 2 L. 184/1983),Catalogo PST ufficiale,,"Procedimenti in materia di persone, minorenni e famiglie",notifica,Termini processuali del procedimento,,,,"Da verificare secondo rito, provvedimento o notifica",,,,manual_review,False,forward,civil,GP_TERM_A98025F45A97,Richiede verifica professionale prima di calcolo automatico.
pct\data\legal_knowledge_base.full.json,B03003,Revoca dello stato di adottabilità (Art. 21 L. 184/1983),Catalogo PST ufficiale,,Rito da verificare sul codice oggetto e sul registro di destinazione,notifica,Termini processuali del procedimento,,,,"Da verificare secondo rito, provvedimento o notifica",,,,manual_review,False,forward,civil,GP_TERM_838336984D9E,Richiede verifica professionale prima di calcolo automatico.
pct\data\legal_knowledge_base.full.json,B03004,Sospensione procedimento di adottabilità per minore non riconoscibile per difetto di età (art. 11 co. 3 L. 184/1983),Catalogo PST ufficiale,,"Procedimenti in materia di persone, minorenni e famiglie",notifica,Termini processuali del procedimento,,,,"Da verificare secondo rito, provvedimento o notifica",,,,manual_review,False,forward,civil,GP_TERM_143E8B7898D9,Richiede verifica professionale prima di calcolo automatico.
pct\data\legal_knowledge_base.full.json,B04001,Adozione in casi particolari (art. 44 lett. a L. n. 184/1983 - minore orfano),Catalogo PST ufficiale,,"Procedimenti in materia di persone, minorenni e famiglie",notifica,Termini processuali del procedimento,,,,"Da verificare secondo rito, provvedimento o notifica",,,,manual_review,False,forward,civil,GP_TERM_EEE15BC974AC,Richiede verifica professionale prima di calcolo automatico.
pct\data\legal_knowledge_base.full.json,B04002,Adozione in casi particolari (art. 44 lett. b L. n. 184/1983 - figlio dell'altro coniuge),Catalogo PST ufficiale,,"Procedimenti in materia di persone, minorenni e famiglie",notifica,Termini processuali del procedimento,,,,"Da verificare secondo rito, provvedimento o notifica",,,,manual_review,False,forward,civil,GP_TERM_FD44F26D493F,Richiede verifica professionale prima di calcolo automatico.
pct\data\legal_knowledge_base.full.json,B04003,Adozione in casi particolari (art. 44 lett. c L. n. 184/1983 - minore orfano e portatore di handicap),Catalogo PST ufficiale,,"Procedimenti in materia di persone, minorenni e famiglie",notifica,Termini processuali del procedimento,,,,"Da verificare secondo rito, provvedimento o notifica",,,,manual_review,False,forward,civil,GP_TERM_5D5F13D37D9F,Richiede verifica professionale prima di calcolo automatico.
pct\data\legal_knowledge_base.full.json,B04004,Adozione in casi particolari (art. 44 lett. d L. n. 184/1983 - impossibilità affidamento preadottivo),Catalogo PST ufficiale,,"Procedimenti in materia di persone, minorenni e famiglie",notifica,Termini processuali del procedimento,,,,"Da verificare secondo rito, provvedimento o notifica",,,,manual_review,False,forward,civil,GP_TERM_41104F6E9956,Richiede verifica professionale prima di calcolo automatico.
pct\data\legal_knowledge_base.full.json,B04005,Revoca adozione in casi particolari per fatto dell'adottato (Art. 51 L. n. 184/1983),Catalogo PST ufficiale,,"Procedimenti in materia di persone, minorenni e famiglie",notifica,Termini processuali del procedimento,,,,"Da verificare secondo rito, provvedimento o notifica",,,,manual_review,False,forward,civil,GP_TERM_FB5AD1959A92,Richiede verifica professionale prima di calcolo automatico.
pct\data\legal_knowledge_base.full.json,B04006,Revoca adozione in casi particolari per fatto dell'adottante (Art. 52 L. n. 184/1983),Catalogo PST ufficiale,,"Procedimenti in materia di persone, minorenni e famiglie",notifica,Termini processuali del procedimento,,,,"Da verificare secondo rito, provvedimento o notifica",,,,manual_review,False,forward,civil,GP_TERM_219A7E3ACF90,Richiede verifica professionale prima di calcolo automatico.
pct\data\legal_knowledge_base.full.json,B04007,Procedimento di adozione ex art. 35 co. 2 L. 184/1983 (ratifica adozione estera),Catalogo PST ufficiale,,"Procedimenti in materia di persone, minorenni e famiglie",notifica,Termini processuali del procedimento,,,,"Da verificare secondo rito, provvedimento o notifica",,,,manual_review,False,forward,civil,GP_TERM_3ECED290D3BE,Richiede verifica professionale prima di calcolo automatico.
pct\data\legal_knowledge_base.full.json,B04008,Procedimento di adozione ex art. 35 co. 4 L. 184/1983 (ratifica adozione estera con affido preadottivo),Catalogo PST ufficiale,,"Procedimenti in materia di persone, minorenni e famiglie",notifica,Termini processuali del procedimento,,,,"Da verificare secondo rito, provvedimento o notifica",,,,manual_review,False,forward,civil,GP_TERM_5DE655B1802A,Richiede verifica professionale prima di calcolo automatico.
pct\data\legal_knowledge_base.full.json,B04009,Procedimento di adozione ex art. 36 co. 2 L. 184/1983 (Paesi non Aja),Catalogo PST ufficiale,,"Procedimenti in materia di persone, minorenni e famiglie",notifica,Termini processuali del procedimento,,,,"Da verificare secondo rito, provvedimento o notifica",,,,manual_review,False,forward,civil,GP_TERM_56A6D0605731,Richiede verifica professionale prima di calcolo automatico.
pct\data\legal_knowledge_base.full.json,B04010,Procedimento di adozione ex art. 36 co. 4 L. 184/1983 (cittadini italiani residenti all¿estero),Catalogo PST ufficiale,,"Procedimenti in materia di persone, minorenni e famiglie",notifica,Termini processuali del procedimento,,,,"Da verificare secondo rito, provvedimento o notifica",,,,manual_review,False,forward,civil,GP_TERM_01F884486366,Richiede verifica professionale prima di calcolo automatico.
pct\data\legal_knowledge_base.full.json,B04011,Abbinamento a scopo adottivo (art. 22 co. 5 L. 184/1983),Catalogo PST ufficiale,,Rito da verificare sul codice oggetto e sul registro di destinazione,notifica,Termini processuali del procedimento,,,,"Da verificare secondo rito, provvedimento o notifica",,,,manual_review,False,forward,civil,GP_TERM_5276046D1C97,Richiede verifica professionale prima di calcolo automatico.
pct\data\legal_knowledge_base.full.json,B04012,Procedimento di adozione nazionale (art. 25 L. 184/1983),Catalogo PST ufficiale,,"Procedimenti in materia di persone, minorenni e famiglie",notifica,Termini processuali del procedimento,,,,"Da verificare secondo rito, provvedimento o notifica",,,,manual_review,False,forward,civil,GP_TERM_995648FDFD82,Richiede verifica professionale prima di calcolo automatico.
pct\data\legal_knowledge_base.full.json,B05001,Dichiarazione di disponibilità all'adozione nazionale (artt. 22 e seg. L. 184/1983),Catalogo PST ufficiale,,"Procedimenti in materia di persone, minorenni e famiglie",notifica,Termini processuali del procedimento,,,,"Da verificare secondo rito, provvedimento o notifica",,,,manual_review,False,forward,civil,GP_TERM_A1D48029972F,Richiede verifica professionale prima di calcolo automatico.
pct\data\legal_knowledge_base.full.json,B05002,Dichiarazione di disponibilità all'adozione internazionale (art. 29 bis 184/1983),Catalogo PST ufficiale,,"Procedimenti in materia di persone, minorenni e famiglie",notifica,Termini processuali del procedimento,,,,"Da verificare secondo rito, provvedimento o notifica",,,,manual_review,False,forward,civil,GP_TERM_AA859CE70D33,Richiede verifica professionale prima di calcolo automatico.
pct\data\legal_knowledge_base.full.json,B05003,Revoca decreto di idoneità adozione internazionale (art. 30 co. 4 L. 184/1983),Catalogo PST ufficiale,,"Procedimenti in materia di persone, minorenni e famiglie",notifica,Termini processuali del procedimento,,,,"Da verificare secondo rito, provvedimento o notifica",,,,manual_review,False,forward,civil,GP_TERM_B061E4C59D64,Richiede verifica professionale prima di calcolo automatico.
pct\data\legal_knowledge_base.full.json,B06001,"Opposizione al decreto di liquidazione al difensore, all'ausiliario e al consulente tecnico (artt. 84 e 170 TUSG)",Catalogo PST ufficiale,,"Procedimento societario, impresa o crisi d'impresa",notifica,Termini processuali del procedimento,,,,"Da verificare secondo rito, provvedimento o notifica",,,,manual_review,False,forward,admin,GP_TERM_2FB6AC930C11,Richiede verifica professionale prima di calcolo automatico.
pct\data\legal_knowledge_base.full.json,B06002,Opposizione alla revoca dell'ammissione al P.S.S. (art. 170 TUSG),Catalogo PST ufficiale,,"Impugnazione, reclamo od opposizione",notifica,Termini processuali del procedimento,,,,"Da verificare secondo rito, provvedimento o notifica",,,,manual_review,False,forward,civil,GP_TERM_0795544A88F0,Richiede verifica professionale prima di calcolo automatico.
pct\data\legal_knowledge_base.full.json,B06003,Opposizione avverso il decreto di liquidazione al difensore,Catalogo PST ufficiale,,"Procedimento societario, impresa o crisi d'impresa",notifica,Termini processuali del procedimento,,,,"Da verificare secondo rito, provvedimento o notifica",,,,manual_review,False,forward,admin,GP_TERM_69A5F371A815,Richiede verifica professionale prima di calcolo automatico.
pct\data\legal_knowledge_base.full.json,B06004,Prove delegate art. 203 C.p.c.,Catalogo PST ufficiale,,Rito da verificare sul codice oggetto e sul registro di destinazione,notifica,Termini processuali del procedimento,,,,"Da verificare secondo rito, provvedimento o notifica",,,,manual_review,False,forward,civil,GP_TERM_1AA44B29A49F,Richiede verifica professionale prima di calcolo automatico.
pct\data\legal_knowledge_base.full.json,B06005,Reclamo alla mancata ammissione al Gratuito patrocinio,Catalogo PST ufficiale,,"Impugnazione, reclamo od opposizione",notifica,Termini processuali del procedimento,,,,"Da verificare secondo rito, provvedimento o notifica",,,,manual_review,False,forward,civil,GP_TERM_31C4D4585B5F,Richiede verifica professionale prima di calcolo automatico.
pct\data\legal_knowledge_base.full.json,C00000,Migrazione,Catalogo PST ufficiale,,Rito da verificare sul codice oggetto e sul registro di destinazione,notifica,Termini processuali del procedimento,,,,"Da verificare secondo rito, provvedimento o notifica",,,,manual_review,False,forward,civil,GP_TERM_7E138BA7A048,Richiede verifica professionale prima di calcolo automatico.
pct\data\legal_knowledge_base.full.json,C01001,Richiesta apertura stato di adottabilita,Catalogo PST ufficiale,,Rito da verificare sul codice oggetto e sul registro di destinazione,notifica,Termini processuali del procedimento,,,,"Da verificare secondo rito, provvedimento o notifica",,,,manual_review,False,forward,civil,GP_TERM_AFAF6FBABD9B,Richiede verifica professionale prima di calcolo automatico.
pct\data\legal_knowledge_base.full.json,C01002,Abbandono minori,Catalogo PST ufficiale,,"Procedimenti in materia di persone, minorenni e famiglie",notifica,Termini processuali del procedimento,,,,"Da verificare secondo rito, provvedimento o notifica",,,,manual_review,False,forward,civil,GP_TERM_84BA50841603,Richiede verifica professionale prima di calcolo automatico.
pct\data\legal_knowledge_base.full.json,C01003,Minore esposto - madre che non vuole essere nominata,Catalogo PST ufficiale,,"Procedimenti in materia di persone, minorenni e famiglie",notifica,Termini processuali del procedimento,,,,"Da verificare secondo rito, provvedimento o notifica",,,,manual_review,False,forward,civil,GP_TERM_54E7CBFFD829,Richiede verifica professionale prima di calcolo automatico.
pct\data\legal_knowledge_base.full.json,C01004,Dichiarazione di nascita di figlio naturale,Catalogo PST ufficiale,,Rito da verificare sul codice oggetto e sul registro di destinazione,notifica,Termini processuali del procedimento,,,,"Da verificare secondo rito, provvedimento o notifica",,,,manual_review,False,forward,civil,GP_TERM_9C8CE870177F,Richiede verifica professionale prima di calcolo automatico.
pct\data\legal_knowledge_base.full.json,C01005,Nascita neonato da madre minorenne,Catalogo PST ufficiale,,"Procedimenti in materia di persone, minorenni e famiglie",notifica,Termini processuali del procedimento,,,,"Da verificare secondo rito, provvedimento o notifica",,,,manual_review,False,forward,civil,GP_TERM_7FC417A1C6F9,Richiede verifica professionale prima di calcolo automatico.
pct\data\legal_knowledge_base.full.json,C01006,Nascituro - segnalazione,Catalogo PST ufficiale,,Rito da verificare sul codice oggetto e sul registro di destinazione,notifica,Termini processuali del procedimento,,,,"Da verificare secondo rito, provvedimento o notifica",,,,manual_review,False,forward,civil,GP_TERM_6045806EE754,Richiede verifica professionale prima di calcolo automatico.
pct\data\legal_knowledge_base.full.json,C02001,Abbandono neonato non riconosciuto,Catalogo PST ufficiale,,Rito da verificare sul codice oggetto e sul registro di destinazione,notifica,Termini processuali del procedimento,,,,"Da verificare secondo rito, provvedimento o notifica",,,,manual_review,False,forward,civil,GP_TERM_666D586A7E77,Richiede verifica professionale prima di calcolo automatico.
pct\data\legal_knowledge_base.full.json,C03001,Abuso alcol minore,Catalogo PST ufficiale,,"Procedimenti in materia di persone, minorenni e famiglie",notifica,Termini processuali del procedimento,,,,"Da verificare secondo rito, provvedimento o notifica",,,,manual_review,False,forward,civil,GP_TERM_EC0DE701AC50,Richiede verifica professionale prima di calcolo automatico.
pct\data\legal_knowledge_base.full.json,C03002,Abuso stupefacenti minore,Catalogo PST ufficiale,,"Procedimenti in materia di persone, minorenni e famiglie",notifica,Termini processuali del procedimento,,,,"Da verificare secondo rito, provvedimento o notifica",,,,manual_review,False,forward,civil,GP_TERM_A85066448728,Richiede verifica professionale prima di calcolo automatico.
pct\data\legal_knowledge_base.full.json,C03003,Abuso alcol genitore/i,Catalogo PST ufficiale,,Rito da verificare sul codice oggetto e sul registro di destinazione,notifica,Termini processuali del procedimento,,,,"Da verificare secondo rito, provvedimento o notifica",,,,manual_review,False,forward,civil,GP_TERM_E7E58B903C96,Richiede verifica professionale prima di calcolo automatico.
pct\data\legal_knowledge_base.full.json,C03004,Abuso stupefacenti genitore/i,Catalogo PST ufficiale,,Rito da verificare sul codice oggetto e sul registro di destinazione,notifica,Termini processuali del procedimento,,,,"Da verificare secondo rito, provvedimento o notifica",,,,manual_review,False,forward,civil,GP_TERM_FDBB9C33E242,Richiede verifica professionale prima di calcolo automatico.
pct\data\legal_knowledge_base.full.json,C04001,Abuso sessuale altra a.g. (art. 609 decies),Catalogo PST ufficiale,,Rito da verificare sul codice oggetto e sul registro di destinazione,notifica,Termini processuali del procedimento,,,,"Da verificare secondo rito, provvedimento o notifica",,,,manual_review,False,forward,civil,GP_TERM_3F0982115566,Richiede verifica professionale prima di calcolo automatico.
pct\data\legal_knowledge_base.full.json,C04002,Abuso/molestia sessuale,Catalogo PST ufficiale,,Rito da verificare sul codice oggetto e sul registro di destinazione,notifica,Termini processuali del procedimento,,,,"Da verificare secondo rito, provvedimento o notifica",,,,manual_review,False,forward,civil,GP_TERM_2F67F7C27353,Richiede verifica professionale prima di calcolo automatico.
pct\data\legal_knowledge_base.full.json,C04003,Abuso sessuale non in famiglia,Catalogo PST ufficiale,,"Procedimenti in materia di persone, minorenni e famiglie",notifica,Termini processuali del procedimento,,,,"Da verificare secondo rito, provvedimento o notifica",,,,manual_review,False,forward,civil,GP_TERM_54F6D620BFE8,Richiede verifica professionale prima di calcolo automatico.
pct\data\legal_knowledge_base.full.json,C04004,Abuso sessuale in famiglia,Catalogo PST ufficiale,,"Procedimenti in materia di persone, minorenni e famiglie",notifica,Termini processuali del procedimento,,,,"Da verificare secondo rito, provvedimento o notifica",,,,manual_review,False,forward,civil,GP_TERM_A933E2D67195,Richiede verifica professionale prima di calcolo automatico.
pct\data\legal_knowledge_base.full.json,C04005,Pornografia minorile,Catalogo PST ufficiale,,"Procedimenti in materia di persone, minorenni e famiglie",notifica,Termini processuali del procedimento,,,,"Da verificare secondo rito, provvedimento o notifica",,,,manual_review,False,forward,civil,GP_TERM_D6C597A1B373,Richiede verifica professionale prima di calcolo automatico.
pct\data\legal_knowledge_base.full.json,C04006,Abuso sessuale - minore autore,Catalogo PST ufficiale,,"Procedimenti in materia di persone, minorenni e famiglie",notifica,Termini processuali del procedimento,,,,"Da verificare secondo rito, provvedimento o notifica",,,,manual_review,False,forward,civil,GP_TERM_5643286ED2EA,Richiede verifica professionale prima di calcolo automatico.
pct\data\legal_knowledge_base.full.json,C05013,Ricerca delle origini,Catalogo PST ufficiale,,Rito da verificare sul codice oggetto e sul registro di destinazione,notifica,Termini processuali del procedimento,,,,"Da verificare secondo rito, provvedimento o notifica",,,,manual_review,False,forward,civil,GP_TERM_F1E8206DBAF7,Richiede verifica professionale prima di calcolo automatico.
pct\data\legal_knowledge_base.full.json,C05014,Formazione atto di nascita,Catalogo PST ufficiale,,Rito da verificare sul codice oggetto e sul registro di destinazione,notifica,Termini processuali del procedimento,,,,"Da verificare secondo rito, provvedimento o notifica",,,,manual_review,False,forward,civil,GP_TERM_686731815A9C,Richiede verifica professionale prima di calcolo automatico.
pct\data\legal_knowledge_base.full.json,C05015,Riconoscimento tardivo di minore,Catalogo PST ufficiale,,"Procedimenti in materia di persone, minorenni e famiglie",notifica,Termini processuali del procedimento,,,,"Da verificare secondo rito, provvedimento o notifica",,,,manual_review,False,forward,admin,GP_TERM_028229C26CC8,Richiede verifica professionale prima di calcolo automatico.
pct\data\legal_knowledge_base.full.json,C06001,Abuso di mezzi di correzione,Catalogo PST ufficiale,,Rito da verificare sul codice oggetto e sul registro di destinazione,notifica,Termini processuali del procedimento,,,,"Da verificare secondo rito, provvedimento o notifica",,,,manual_review,False,forward,civil,GP_TERM_2619831AAFD3,Richiede verifica professionale prima di calcolo automatico.
pct\data\legal_knowledge_base.full.json,C06002,Accattonaggio genitore,Catalogo PST ufficiale,,Rito da verificare sul codice oggetto e sul registro di destinazione,notifica,Termini processuali del procedimento,,,,"Da verificare secondo rito, provvedimento o notifica",,,,manual_review,False,forward,civil,GP_TERM_1EEAF8E10A1F,Richiede verifica professionale prima di calcolo automatico.
pct\data\legal_knowledge_base.full.json,C06003,Accattonaggio minorile,Catalogo PST ufficiale,,"Procedimenti in materia di persone, minorenni e famiglie",notifica,Termini processuali del procedimento,,,,"Da verificare secondo rito, provvedimento o notifica",,,,manual_review,False,forward,civil,GP_TERM_2F6FE577A763,Richiede verifica professionale prima di calcolo automatico.
pct\data\legal_knowledge_base.full.json,C06004,Affido familiare proroga,Catalogo PST ufficiale,,Rito da verificare sul codice oggetto e sul registro di destinazione,notifica,Termini processuali del procedimento,,,,"Da verificare secondo rito, provvedimento o notifica",,,,manual_review,False,forward,civil,GP_TERM_A44475764E57,Richiede verifica professionale prima di calcolo automatico.
pct\data\legal_knowledge_base.full.json,C06005,Affido familiare,Catalogo PST ufficiale,,Rito da verificare sul codice oggetto e sul registro di destinazione,notifica,Termini processuali del procedimento,,,,"Da verificare secondo rito, provvedimento o notifica",,,,manual_review,False,forward,civil,GP_TERM_2DED87A7B92B,Richiede verifica professionale prima di calcolo automatico.
pct\data\legal_knowledge_base.full.json,C06006,Art. 4 dpr 448/88 segnalazione a pm tm reati minorenni residenti in altro distretto,Catalogo PST ufficiale,,"Procedimenti in materia di persone, minorenni e famiglie",notifica,Termini processuali del procedimento,,,,"Da verificare secondo rito, provvedimento o notifica",,,,manual_review,False,forward,penal,GP_TERM_18BDAAA853F5,Richiede verifica professionale prima di calcolo automatico.
pct\data\legal_knowledge_base.full.json,C06007,Conflittualita' familiare,Catalogo PST ufficiale,,Rito da verificare sul codice oggetto e sul registro di destinazione,notifica,Termini processuali del procedimento,,,,"Da verificare secondo rito, provvedimento o notifica",,,,manual_review,False,forward,civil,GP_TERM_278B100A6196,Richiede verifica professionale prima di calcolo automatico.
pct\data\legal_knowledge_base.full.json,C06008,Crisi adottive,Catalogo PST ufficiale,,"Procedimento societario, impresa o crisi d'impresa",notifica,Termini processuali del procedimento,,,,"Da verificare secondo rito, provvedimento o notifica",,,,manual_review,False,forward,admin,GP_TERM_86BB6EA34CA7,Richiede verifica professionale prima di calcolo automatico.
pct\data\legal_knowledge_base.full.json,C06009,Denunce tra genitori di minori,Catalogo PST ufficiale,,"Procedimenti in materia di persone, minorenni e famiglie",notifica,Termini processuali del procedimento,,,,"Da verificare secondo rito, provvedimento o notifica",,,,manual_review,False,forward,civil,GP_TERM_3E3BE950682F,Richiede verifica professionale prima di calcolo automatico.
pct\data\legal_knowledge_base.full.json,C06010,Disagio abitativo -trascuratezza,Catalogo PST ufficiale,,Rito da verificare sul codice oggetto e sul registro di destinazione,notifica,Termini processuali del procedimento,,,,"Da verificare secondo rito, provvedimento o notifica",,,,manual_review,False,forward,civil,GP_TERM_232D93B3005E,Richiede verifica professionale prima di calcolo automatico.
pct\data\legal_knowledge_base.full.json,C06011,Disagio familiare,Catalogo PST ufficiale,,Rito da verificare sul codice oggetto e sul registro di destinazione,notifica,Termini processuali del procedimento,,,,"Da verificare secondo rito, provvedimento o notifica",,,,manual_review,False,forward,civil,GP_TERM_B49D493F803E,Richiede verifica professionale prima di calcolo automatico.
pct\data\legal_knowledge_base.full.json,C06012,Disagio personale genitore/i,Catalogo PST ufficiale,,Rito da verificare sul codice oggetto e sul registro di destinazione,notifica,Termini processuali del procedimento,,,,"Da verificare secondo rito, provvedimento o notifica",,,,manual_review,False,forward,civil,GP_TERM_C88F4FD65A84,Richiede verifica professionale prima di calcolo automatico.
pct\data\legal_knowledge_base.full.json,C06013,Pene accessorie genitori,Catalogo PST ufficiale,,Rito da verificare sul codice oggetto e sul registro di destinazione,notifica,Termini processuali del procedimento,,,,"Da verificare secondo rito, provvedimento o notifica",,,,manual_review,False,forward,civil,GP_TERM_35B97D582CA4,Richiede verifica professionale prima di calcolo automatico.
pct\data\legal_knowledge_base.full.json,C06014,Disagio psichico/psicologico genitore/i,Catalogo PST ufficiale,,Rito da verificare sul codice oggetto e sul registro di destinazione,notifica,Termini processuali del procedimento,,,,"Da verificare secondo rito, provvedimento o notifica",,,,manual_review,False,forward,civil,GP_TERM_1DA772C011F1,Richiede verifica professionale prima di calcolo automatico.
pct\data\legal_knowledge_base.full.json,C06015,Femminicidio,Catalogo PST ufficiale,,Rito da verificare sul codice oggetto e sul registro di destinazione,notifica,Termini processuali del procedimento,,,,"Da verificare secondo rito, provvedimento o notifica",,,,manual_review,False,forward,civil,GP_TERM_A763D8524A5B,Richiede verifica professionale prima di calcolo automatico.
pct\data\legal_knowledge_base.full.json,C06016,Immigrazione clandestina,Catalogo PST ufficiale,,"Procedimento immigrazione, protezione internazionale o cittadinanza",notifica,Termini processuali del procedimento,,,,"Da verificare secondo rito, provvedimento o notifica",,,,manual_review,False,forward,civil,GP_TERM_7E560835D74E,Richiede verifica professionale prima di calcolo automatico.
pct\data\legal_knowledge_base.full.json,C06017,Inadempienza obbligo vaccinale,Catalogo PST ufficiale,,Rito da verificare sul codice oggetto e sul registro di destinazione,notifica,Termini processuali del procedimento,,,,"Da verificare secondo rito, provvedimento o notifica",,,,manual_review,False,forward,civil,GP_TERM_6C0F1AAA531F,Richiede verifica professionale prima di calcolo automatico.
pct\data\legal_knowledge_base.full.json,C06018,Incapacità educativa,Catalogo PST ufficiale,,Rito da verificare sul codice oggetto e sul registro di destinazione,notifica,Termini processuali del procedimento,,,,"Da verificare secondo rito, provvedimento o notifica",,,,manual_review,False,forward,civil,GP_TERM_C370A2655D48,Richiede verifica professionale prima di calcolo automatico.
pct\data\legal_knowledge_base.full.json,C06019,Induzione al matrimonio,Catalogo PST ufficiale,,"Procedimenti in materia di persone, minorenni e famiglie",notifica,Termini processuali del procedimento,,,,"Da verificare secondo rito, provvedimento o notifica",,,,manual_review,False,forward,civil,GP_TERM_8F7E204A598B,Richiede verifica professionale prima di calcolo automatico.
pct\data\legal_knowledge_base.full.json,C06020,Inosservanza di un provvedimento dell'a.g.,Catalogo PST ufficiale,,Rito da verificare sul codice oggetto e sul registro di destinazione,notifica,Termini processuali del procedimento,,,,"Da verificare secondo rito, provvedimento o notifica",,,,manual_review,False,forward,civil,GP_TERM_BF69C3C27984,Richiede verifica professionale prima di calcolo automatico.
pct\data\legal_knowledge_base.full.json,C06021,Lesioni patite da minore,Catalogo PST ufficiale,,"Procedimenti in materia di persone, minorenni e famiglie",notifica,Termini processuali del procedimento,,,,"Da verificare secondo rito, provvedimento o notifica",,,,manual_review,False,forward,civil,GP_TERM_EA79E45F908E,Richiede verifica professionale prima di calcolo automatico.
pct\data\legal_knowledge_base.full.json,C06022,Minore figlio di persona arrestata o detenuta,Catalogo PST ufficiale,,"Procedimenti in materia di persone, minorenni e famiglie",notifica,Termini processuali del procedimento,,,,"Da verificare secondo rito, provvedimento o notifica",,,,manual_review,False,forward,civil,GP_TERM_5F3E944736E5,Richiede verifica professionale prima di calcolo automatico.
pct\data\legal_knowledge_base.full.json,C06023,Richiesta affidamento servizi sociali,Catalogo PST ufficiale,,Rito da verificare sul codice oggetto e sul registro di destinazione,notifica,Termini processuali del procedimento,,,,"Da verificare secondo rito, provvedimento o notifica",,,,manual_review,False,forward,civil,GP_TERM_668DE2C10FCE,Richiede verifica professionale prima di calcolo automatico.
pct\data\legal_knowledge_base.full.json,C06024,Ricovero ospedaliero,Catalogo PST ufficiale,,Rito da verificare sul codice oggetto e sul registro di destinazione,notifica,Termini processuali del procedimento,,,,"Da verificare secondo rito, provvedimento o notifica",,,,manual_review,False,forward,civil,GP_TERM_362818461C00,Richiede verifica professionale prima di calcolo automatico.
pct\data\legal_knowledge_base.full.json,C06025,Rifiuto di prestazioni sanitarie,Catalogo PST ufficiale,,Rito da verificare sul codice oggetto e sul registro di destinazione,notifica,Termini processuali del procedimento,,,,"Da verificare secondo rito, provvedimento o notifica",,,,manual_review,False,forward,admin,GP_TERM_E9A001DE5F06,Richiede verifica professionale prima di calcolo automatico.
pct\data\legal_knowledge_base.full.json,C06026,Rintraccio minore,Catalogo PST ufficiale,,"Procedimenti in materia di persone, minorenni e famiglie",notifica,Termini processuali del procedimento,,,,"Da verificare secondo rito, provvedimento o notifica",,,,manual_review,False,forward,civil,GP_TERM_6B69877BEEA3,Richiede verifica professionale prima di calcolo automatico.
pct\data\legal_knowledge_base.full.json,C06027,Segnalazione nascita da madre con problematiche,Catalogo PST ufficiale,,Rito da verificare sul codice oggetto e sul registro di destinazione,notifica,Termini processuali del procedimento,,,,"Da verificare secondo rito, provvedimento o notifica",,,,manual_review,False,forward,civil,GP_TERM_7383E307ADEB,Richiede verifica professionale prima di calcolo automatico.
pct\data\legal_knowledge_base.full.json,C06028,Sfruttamento minore (lavoro),Catalogo PST ufficiale,,"Procedimenti in materia di persone, minorenni e famiglie",notifica,Termini processuali del procedimento,,,,"Da verificare secondo rito, provvedimento o notifica",,,,manual_review,False,forward,labor,GP_TERM_4B16B14E5689,Richiede verifica professionale prima di calcolo automatico.
pct\data\legal_knowledge_base.full.json,C06029,Uccisione minore,Catalogo PST ufficiale,,"Procedimenti in materia di persone, minorenni e famiglie",notifica,Termini processuali del procedimento,,,,"Da verificare secondo rito, provvedimento o notifica",,,,manual_review,False,forward,civil,GP_TERM_7E8E0CC14E08,Richiede verifica professionale prima di calcolo automatico.
pct\data\legal_knowledge_base.full.json,C06030,Violazione obblighi mantenimento (art. 570 cp),Catalogo PST ufficiale,,Rito da verificare sul codice oggetto e sul registro di destinazione,notifica,Termini processuali del procedimento,,,,"Da verificare secondo rito, provvedimento o notifica",,,,manual_review,False,forward,civil,GP_TERM_79127BA59C48,Richiede verifica professionale prima di calcolo automatico.
pct\data\legal_knowledge_base.full.json,C06031,Allontanamento minore (art. 403 cc),Catalogo PST ufficiale,,"Procedimenti in materia di persone, minorenni e famiglie",notifica,Termini processuali del procedimento,,,,"Da verificare secondo rito, provvedimento o notifica",,,,manual_review,False,forward,civil,GP_TERM_9FE0D2588440,Richiede verifica professionale prima di calcolo automatico.
pct\data\legal_knowledge_base.full.json,C07001,Adescamento minori (art. 609 undecies cp),Catalogo PST ufficiale,,"Procedimenti in materia di persone, minorenni e famiglie",notifica,Termini processuali del procedimento,,,,"Da verificare secondo rito, provvedimento o notifica",,,,manual_review,False,forward,civil,GP_TERM_E4E933BAC268,Richiede verifica professionale prima di calcolo automatico.
pct\data\legal_knowledge_base.full.json,C07002,Allontanamento dalla comunita',Catalogo PST ufficiale,,Rito da verificare sul codice oggetto e sul registro di destinazione,notifica,Termini processuali del procedimento,,,,"Da verificare secondo rito, provvedimento o notifica",,,,manual_review,False,forward,civil,GP_TERM_5453EF2B868F,Richiede verifica professionale prima di calcolo automatico.
pct\data\legal_knowledge_base.full.json,C07003,Allontanamento/fuga abitazione,Catalogo PST ufficiale,,Rito da verificare sul codice oggetto e sul registro di destinazione,notifica,Termini processuali del procedimento,,,,"Da verificare secondo rito, provvedimento o notifica",,,,manual_review,False,forward,civil,GP_TERM_6D1159B60D95,Richiede verifica professionale prima di calcolo automatico.
pct\data\legal_knowledge_base.full.json,C07004,Atti vandalici,Catalogo PST ufficiale,,Rito da verificare sul codice oggetto e sul registro di destinazione,notifica,Termini processuali del procedimento,,,,"Da verificare secondo rito, provvedimento o notifica",,,,manual_review,False,forward,civil,GP_TERM_3B0A86E7488C,Richiede verifica professionale prima di calcolo automatico.
pct\data\legal_knowledge_base.full.json,C07005,Giochi mortali in rete-adescamento tramite web,Catalogo PST ufficiale,,Rito da verificare sul codice oggetto e sul registro di destinazione,notifica,Termini processuali del procedimento,,,,"Da verificare secondo rito, provvedimento o notifica",,,,manual_review,False,forward,civil,GP_TERM_43940591F968,Richiede verifica professionale prima di calcolo automatico.
pct\data\legal_knowledge_base.full.json,C07006,Cyberbullismo,Catalogo PST ufficiale,,Rito da verificare sul codice oggetto e sul registro di destinazione,notifica,Termini processuali del procedimento,,,,"Da verificare secondo rito, provvedimento o notifica",,,,manual_review,False,forward,civil,GP_TERM_700AD68936EC,Richiede verifica professionale prima di calcolo automatico.
pct\data\legal_knowledge_base.full.json,C07007,Bullismo-minore autore,Catalogo PST ufficiale,,"Procedimenti in materia di persone, minorenni e famiglie",notifica,Termini processuali del procedimento,,,,"Da verificare secondo rito, provvedimento o notifica",,,,manual_review,False,forward,civil,GP_TERM_055EA75835CF,Richiede verifica professionale prima di calcolo automatico.
pct\data\legal_knowledge_base.full.json,C07008,Bullismo-minore vittima,Catalogo PST ufficiale,,"Procedimenti in materia di persone, minorenni e famiglie",notifica,Termini processuali del procedimento,,,,"Da verificare secondo rito, provvedimento o notifica",,,,manual_review,False,forward,civil,GP_TERM_8500FAC00E19,Richiede verifica professionale prima di calcolo automatico.
pct\data\legal_knowledge_base.full.json,C07009,Disagio - problemi psichici del minore,Catalogo PST ufficiale,,"Procedimenti in materia di persone, minorenni e famiglie",notifica,Termini processuali del procedimento,,,,"Da verificare secondo rito, provvedimento o notifica",,,,manual_review,False,forward,civil,GP_TERM_B1506E8644FF,Richiede verifica professionale prima di calcolo automatico.
pct\data\legal_knowledge_base.full.json,C07010,Devianza minore,Catalogo PST ufficiale,,"Procedimenti in materia di persone, minorenni e famiglie",notifica,Termini processuali del procedimento,,,,"Da verificare secondo rito, provvedimento o notifica",,,,manual_review,False,forward,civil,GP_TERM_1B39C3CDCBE8,Richiede verifica professionale prima di calcolo automatico.
pct\data\legal_knowledge_base.full.json,C07011,Dipendenze patologiche minore,Catalogo PST ufficiale,,"Procedimenti in materia di persone, minorenni e famiglie",notifica,Termini processuali del procedimento,,,,"Da verificare secondo rito, provvedimento o notifica",,,,manual_review,False,forward,civil,GP_TERM_1EF53CA87164,Richiede verifica professionale prima di calcolo automatico.
pct\data\legal_knowledge_base.full.json,C07012,Disturbo alimentare,Catalogo PST ufficiale,,Rito da verificare sul codice oggetto e sul registro di destinazione,notifica,Termini processuali del procedimento,,,,"Da verificare secondo rito, provvedimento o notifica",,,,manual_review,False,forward,admin,GP_TERM_1636FBD94D76,Richiede verifica professionale prima di calcolo automatico.
pct\data\legal_knowledge_base.full.json,C07013,Tentato suicidio e autolesionismo,Catalogo PST ufficiale,,Rito da verificare sul codice oggetto e sul registro di destinazione,notifica,Termini processuali del procedimento,,,,"Da verificare secondo rito, provvedimento o notifica",,,,manual_review,False,forward,civil,GP_TERM_804646EB5A82,Richiede verifica professionale prima di calcolo automatico.
pct\data\legal_knowledge_base.full.json,C07014,Dipendenza web minore,Catalogo PST ufficiale,,"Procedimenti in materia di persone, minorenni e famiglie",notifica,Termini processuali del procedimento,,,,"Da verificare secondo rito, provvedimento o notifica",,,,manual_review,False,forward,civil,GP_TERM_D94900E69809,Richiede verifica professionale prima di calcolo automatico.
pct\data\legal_knowledge_base.full.json,C08001,Dispersione scolastica femmine,Catalogo PST ufficiale,,Rito da verificare sul codice oggetto e sul registro di destinazione,notifica,Termini processuali del procedimento,,,,"Da verificare secondo rito, provvedimento o notifica",,,,manual_review,False,forward,civil,GP_TERM_CEF9A709B717,Richiede verifica professionale prima di calcolo automatico.
pct\data\legal_knowledge_base.full.json,C08002,Dispersione scolastica maschile,Catalogo PST ufficiale,,Rito da verificare sul codice oggetto e sul registro di destinazione,notifica,Termini processuali del procedimento,,,,"Da verificare secondo rito, provvedimento o notifica",,,,manual_review,False,forward,civil,GP_TERM_88532BF9C077,Richiede verifica professionale prima di calcolo automatico.
pct\data\legal_knowledge_base.full.json,C08003,Istruzione parentale,Catalogo PST ufficiale,,Rito da verificare sul codice oggetto e sul registro di destinazione,notifica,Termini processuali del procedimento,,,,"Da verificare secondo rito, provvedimento o notifica",,,,manual_review,False,forward,civil,GP_TERM_CB6B7628F9FB,Richiede verifica professionale prima di calcolo automatico.
pct\data\legal_knowledge_base.full.json,C09001,Maltrattamenti familiari - vittima,Catalogo PST ufficiale,,Rito da verificare sul codice oggetto e sul registro di destinazione,notifica,Termini processuali del procedimento,,,,"Da verificare secondo rito, provvedimento o notifica",,,,manual_review,False,forward,civil,GP_TERM_16449C3192FC,Richiede verifica professionale prima di calcolo automatico.
pct\data\legal_knowledge_base.full.json,C09002,Maltrattamenti extrafamiliari - vittima,Catalogo PST ufficiale,,Rito da verificare sul codice oggetto e sul registro di destinazione,notifica,Termini processuali del procedimento,,,,"Da verificare secondo rito, provvedimento o notifica",,,,manual_review,False,forward,civil,GP_TERM_68A7355BB54E,Richiede verifica professionale prima di calcolo automatico.
pct\data\legal_knowledge_base.full.json,C09003,Maltrattamenti violenza assistita,Catalogo PST ufficiale,,Rito da verificare sul codice oggetto e sul registro di destinazione,notifica,Termini processuali del procedimento,,,,"Da verificare secondo rito, provvedimento o notifica",,,,manual_review,False,forward,civil,GP_TERM_745AC5B5E458,Richiede verifica professionale prima di calcolo automatico.
pct\data\legal_knowledge_base.full.json,C09004,Maltrattamenti - minore autore,Catalogo PST ufficiale,,"Procedimenti in materia di persone, minorenni e famiglie",notifica,Termini processuali del procedimento,,,,"Da verificare secondo rito, provvedimento o notifica",,,,manual_review,False,forward,civil,GP_TERM_424617852F40,Richiede verifica professionale prima di calcolo automatico.
pct\data\legal_knowledge_base.full.json,C10001,Minore autore di reati non infraquattordicenne,Catalogo PST ufficiale,,"Procedimenti in materia di persone, minorenni e famiglie",notifica,Termini processuali del procedimento,,,,"Da verificare secondo rito, provvedimento o notifica",,,,manual_review,False,forward,penal,GP_TERM_E322AF9D88A7,Richiede verifica professionale prima di calcolo automatico.
pct\data\legal_knowledge_base.full.json,C10002,Minore autore di reati infraquattordicenne,Catalogo PST ufficiale,,"Procedimenti in materia di persone, minorenni e famiglie",notifica,Termini processuali del procedimento,,,,"Da verificare secondo rito, provvedimento o notifica",,,,manual_review,False,forward,penal,GP_TERM_CF06FA4CDE3A,Richiede verifica professionale prima di calcolo automatico.
pct\data\legal_knowledge_base.full.json,C10003,Reclami avverso provvedimenti giudice tutelare,Catalogo PST ufficiale,,Volontaria giurisdizione,notifica,Termini processuali del procedimento,,,,"Da verificare secondo rito, provvedimento o notifica",,,,manual_review,False,forward,admin,GP_TERM_83B62DE76DCA,Richiede verifica professionale prima di calcolo automatico.
pct\data\legal_knowledge_base.full.json,C10004,Visti giudice tutelare,Catalogo PST ufficiale,,Volontaria giurisdizione,notifica,Termini processuali del procedimento,,,,"Da verificare secondo rito, provvedimento o notifica",,,,manual_review,False,forward,admin,GP_TERM_7B76A42A3AED,Richiede verifica professionale prima di calcolo automatico.
pct\data\legal_knowledge_base.full.json,C11001,Msna prosieguo amministrativo,Catalogo PST ufficiale,,Rito da verificare sul codice oggetto e sul registro di destinazione,notifica,Termini processuali del procedimento,,,,"Da verificare secondo rito, provvedimento o notifica",,,,manual_review,False,forward,admin,GP_TERM_685CA26B2160,Richiede verifica professionale prima di calcolo automatico.
pct\data\legal_knowledge_base.full.json,C11002,Msna accertamento età,Catalogo PST ufficiale,,Rito da verificare sul codice oggetto e sul registro di destinazione,notifica,Termini processuali del procedimento,,,,"Da verificare secondo rito, provvedimento o notifica",,,,manual_review,False,forward,civil,GP_TERM_40C106EDD036,Richiede verifica professionale prima di calcolo automatico.
pct\data\legal_knowledge_base.full.json,C11003,Msna allontanamento in comunita',Catalogo PST ufficiale,,Rito da verificare sul codice oggetto e sul registro di destinazione,notifica,Termini processuali del procedimento,,,,"Da verificare secondo rito, provvedimento o notifica",,,,manual_review,False,forward,civil,GP_TERM_0136C8D62985,Richiede verifica professionale prima di calcolo automatico.
pct\data\legal_knowledge_base.full.json,C11004,Tutele minori stranieri c/o parenti,Catalogo PST ufficiale,,"Procedimenti in materia di persone, minorenni e famiglie",notifica,Termini processuali del procedimento,,,,"Da verificare secondo rito, provvedimento o notifica",,,,manual_review,False,forward,civil,GP_TERM_2DC9EFA43D20,Richiede verifica professionale prima di calcolo automatico.
pct\data\legal_knowledge_base.full.json,C11005,Msna non collocato in comunita',Catalogo PST ufficiale,,Rito da verificare sul codice oggetto e sul registro di destinazione,notifica,Termini processuali del procedimento,,,,"Da verificare secondo rito, provvedimento o notifica",,,,manual_review,False,forward,civil,GP_TERM_26182757A3D8,Richiede verifica professionale prima di calcolo automatico.
pct\data\legal_knowledge_base.full.json,C11006,Msna vittime tratta,Catalogo PST ufficiale,,Rito da verificare sul codice oggetto e sul registro di destinazione,notifica,Termini processuali del procedimento,,,,"Da verificare secondo rito, provvedimento o notifica",,,,manual_review,False,forward,civil,GP_TERM_559EDF88D674,Richiede verifica professionale prima di calcolo automatico.
pct\data\legal_knowledge_base.full.json,C12001,Msna collocato in comunita',Catalogo PST ufficiale,,Rito da verificare sul codice oggetto e sul registro di destinazione,notifica,Termini processuali del procedimento,,,,"Da verificare secondo rito, provvedimento o notifica",,,,manual_review,False,forward,civil,GP_TERM_8CEFE6D055C0,Richiede verifica professionale prima di calcolo automatico.
pct\data\legal_knowledge_base.full.json,C12002,Msna collocati presso privati,Catalogo PST ufficiale,,Rito da verificare sul codice oggetto e sul registro di destinazione,notifica,Termini processuali del procedimento,,,,"Da verificare secondo rito, provvedimento o notifica",,,,manual_review,False,forward,civil,GP_TERM_0A009E5B8691,Richiede verifica professionale prima di calcolo automatico.
pct\data\legal_knowledge_base.full.json,C13001,Apertura proc. amministrativo - rieducazione/irregolarita' condotta,Catalogo PST ufficiale,,Rito da verificare sul codice oggetto e sul registro di destinazione,notifica,Termini processuali del procedimento,,,,"Da verificare secondo rito, provvedimento o notifica",,,,manual_review,False,forward,admin,GP_TERM_4746252B0B5B,Richiede verifica professionale prima di calcolo automatico.
pct\data\legal_knowledge_base.full.json,C13002,Prosieguo amministrativo,Catalogo PST ufficiale,,Rito da verificare sul codice oggetto e sul registro di destinazione,notifica,Termini processuali del procedimento,,,,"Da verificare secondo rito, provvedimento o notifica",,,,manual_review,False,forward,admin,GP_TERM_C38DF39ED18A,Richiede verifica professionale prima di calcolo automatico.
pct\data\legal_knowledge_base.full.json,C13003,Prostituzione minorile,Catalogo PST ufficiale,,"Procedimenti in materia di persone, minorenni e famiglie",notifica,Termini processuali del procedimento,,,,"Da verificare secondo rito, provvedimento o notifica",,,,manual_review,False,forward,civil,GP_TERM_1CB71C99590A,Richiede verifica professionale prima di calcolo automatico.
pct\data\legal_knowledge_base.full.json,C14001,Sottrazione internazionale di minore (art 7 l.64/1994),Catalogo PST ufficiale,,"Procedimenti in materia di persone, minorenni e famiglie",notifica,Termini processuali del procedimento,,,,"Da verificare secondo rito, provvedimento o notifica",,,,manual_review,False,forward,civil,GP_TERM_3CDBAA98D92C,Richiede verifica professionale prima di calcolo automatico.
pct\data\legal_knowledge_base.full.json,C15001,Interdizione/inabilitazione,Catalogo PST ufficiale,,Volontaria giurisdizione,notifica,Termini processuali del procedimento,,,,"Da verificare secondo rito, provvedimento o notifica",,,,manual_review,False,forward,admin,GP_TERM_97036C11B7B9,Richiede verifica professionale prima di calcolo automatico.
pct\data\legal_knowledge_base.full.json,C15002,Tutele,Catalogo PST ufficiale,,Rito da verificare sul codice oggetto e sul registro di destinazione,notifica,Termini processuali del procedimento,,,,"Da verificare secondo rito, provvedimento o notifica",,,,manual_review,False,forward,civil,GP_TERM_36BA6A08BD7D,Richiede verifica professionale prima di calcolo automatico.
pct\data\legal_knowledge_base.full.json,C15003,Curatele,Catalogo PST ufficiale,,Rito da verificare sul codice oggetto e sul registro di destinazione,notifica,Termini processuali del procedimento,,,,"Da verificare secondo rito, provvedimento o notifica",,,,manual_review,False,forward,civil,GP_TERM_0A2AD21C000F,Richiede verifica professionale prima di calcolo automatico.
pct\data\legal_knowledge_base.full.json,C16001,Segnalazione ex art. 403 cc,Catalogo PST ufficiale,,Rito da verificare sul codice oggetto e sul registro di destinazione,notifica,Termini processuali del procedimento,,,,"Da verificare secondo rito, provvedimento o notifica",,,,manual_review,False,forward,civil,GP_TERM_CF562898F8F7,Richiede verifica professionale prima di calcolo automatico.
pct\data\legal_knowledge_base.full.json,ESEC_AVVISO_ASTE_VENDITA,Avviso di vendita / pubblicità della vendita esecutiva,"Esecuzioni forzate - mobiliari, immobiliari, presso terzi, consegna e rilascio, esecuzioni in forma specifica - alias logici mantenuti per retrocompatibilità fascicoli",,Esecuzione forzata,notifica,Termini processuali del procedimento,,,,"Da verificare secondo rito, provvedimento o notifica",,,,manual_review,False,forward,civil,GP_TERM_2335737A4F5E,Richiede verifica professionale prima di calcolo automatico.
pct\data\legal_knowledge_base.full.json,ESEC_CONSEGNA_001,Esecuzione per consegna o rilascio (art. 605-611 c.p.c.),Esecuzione in forma specifica - obblighi di consegna/rilascio,,Procedura ex artt. 605-611 c.p.c.,notifica,Preavviso rilascio,10,,,notifica preavviso,minimo legale,art. 608 c. 1 c.p.c.,,calcolabile_giorni,True,forward,civil,GP_TERM_B49DE045B06A,Importabile come template giorni se evento generatore e' valorizzato.
pct\data\legal_knowledge_base.full.json,ESEC_DISTRIBUZIONE,Distribuzione del ricavato e progetto di distribuzione,"Esecuzioni forzate - mobiliari, immobiliari, presso terzi, consegna e rilascio, esecuzioni in forma specifica - alias logici mantenuti per retrocompatibilità fascicoli",,Esecuzione forzata,notifica,Termini processuali del procedimento,,,,"Da verificare secondo rito, provvedimento o notifica",,,,manual_review,False,forward,civil,GP_TERM_3DBD0AAF4B3C,Richiede verifica professionale prima di calcolo automatico.
pct\data\legal_knowledge_base.full.json,ESEC_ESTINZIONE_629,Estinzione del processo esecutivo (artt. 629-632 c.p.c.),"Esecuzioni forzate - mobiliari, immobiliari, presso terzi, consegna e rilascio, esecuzioni in forma specifica - alias logici mantenuti per retrocompatibilità fascicoli",,Esecuzione forzata,notifica,Termini processuali del procedimento,,,,"Da verificare secondo rito, provvedimento o notifica",,,,manual_review,False,forward,civil,GP_TERM_F6CEEE2A5D29,Richiede verifica professionale prima di calcolo automatico.
pct\data\legal_knowledge_base.full.json,ESEC_IMM_001,Pignoramento immobiliare,Esecuzione immobiliare,,Espropriazione immobiliare ex artt. 555-598 c.p.c.,generico_da_classificare,Trascrizione del pignoramento,15,,,consegna ai destinatari,perentorio,art. 555 c. 3 c.p.c.,,calcolabile_giorni,True,forward,civil,GP_TERM_C51ADB447B21,Importabile come template giorni se evento generatore e' valorizzato.
pct\data\legal_knowledge_base.full.json,ESEC_IMM_001,Pignoramento immobiliare,Esecuzione immobiliare,,Espropriazione immobiliare ex artt. 555-598 c.p.c.,deposito,Iscrizione a ruolo,15,,,restituzione titolo esecutivo trascritto,decadenziale,art. 557 c.p.c.,,calcolabile_giorni,True,forward,civil,GP_TERM_F182167CBD28,Importabile come template giorni se evento generatore e' valorizzato.
pct\data\legal_knowledge_base.full.json,ESEC_IMM_001,Pignoramento immobiliare,Esecuzione immobiliare,,Espropriazione immobiliare ex artt. 555-598 c.p.c.,generico_da_classificare,Istanza di vendita,45,,,trascrizione pignoramento,perentorio (con possibilità sospensione),art. 497 c.p.c.,,calcolabile_giorni,True,forward,civil,GP_TERM_B04CA56FA96E,Importabile come template giorni se evento generatore e' valorizzato.
pct\data\legal_knowledge_base.full.json,ESEC_IMM_001,Pignoramento immobiliare,Esecuzione immobiliare,,Espropriazione immobiliare ex artt. 555-598 c.p.c.,generico_da_classificare,Documentazione ipocatastale,60,,,istanza vendita,perentorio,art. 567 c. 2 c.p.c.,,calcolabile_giorni,True,forward,civil,GP_TERM_20E0C442EFCD,Importabile come template giorni se evento generatore e' valorizzato.
pct\data\legal_knowledge_base.full.json,ESEC_INTERVENTO_499,"Intervento dei creditori (artt. 498-500, 525-526, 564, 566 c.p.c.)","Esecuzioni forzate - mobiliari, immobiliari, presso terzi, consegna e rilascio, esecuzioni in forma specifica - alias logici mantenuti per retrocompatibilità fascicoli",,Esecuzione forzata,notifica,Termini processuali del procedimento,,,,"Da verificare secondo rito, provvedimento o notifica",,,,manual_review,False,forward,civil,GP_TERM_B060946BF4E1,Richiede verifica professionale prima di calcolo automatico.
pct\data\legal_knowledge_base.full.json,ESEC_MOB_001,Pignoramento mobiliare presso il debitore,Esecuzione mobiliare,,Esecuzione forzata mobiliare ex artt. 513-542 c.p.c.,deposito,Iscrizione a ruolo del pignoramento,15,,,consegna verbale al creditore dall'UNEP,decadenziale,art. 518 c. 6 c.p.c.,,calcolabile_giorni,True,forward,civil,GP_TERM_FFBAAA1002EB,Importabile come template giorni se evento generatore e' valorizzato.
pct\data\legal_knowledge_base.full.json,ESEC_MOB_001,Pignoramento mobiliare presso il debitore,Esecuzione mobiliare,,Esecuzione forzata mobiliare ex artt. 513-542 c.p.c.,notifica,Validità del precetto,90,,,notifica precetto,decadenziale,art. 481 c.p.c.,,calcolabile_giorni,True,forward,civil,GP_TERM_EB4C972982EA,Importabile come template giorni se evento generatore e' valorizzato.
pct\data\legal_knowledge_base.full.json,ESEC_MOB_001,Pignoramento mobiliare presso il debitore,Esecuzione mobiliare,,Esecuzione forzata mobiliare ex artt. 513-542 c.p.c.,generico_da_classificare,Istanza di vendita,45,,,pignoramento,perentorio,art. 497 c.p.c.,,calcolabile_giorni,True,forward,civil,GP_TERM_54D54B94C88E,Importabile come template giorni se evento generatore e' valorizzato.
pct\data\legal_knowledge_base.full.json,ESEC_OBBLIGHI_001,Esecuzione forzata degli obblighi di fare e di non fare (art. 612-614 c.p.c.),"Esecuzioni forzate - mobiliari, immobiliari, presso terzi, consegna e rilascio, esecuzioni in forma specifica - alias logici mantenuti per retrocompatibilità fascicoli",,Esecuzione forzata,notifica,Termini processuali del procedimento,,,,"Da verificare secondo rito, provvedimento o notifica",,,,manual_review,False,forward,civil,GP_TERM_752E268C1CFD,Richiede verifica professionale prima di calcolo automatico.
pct\data\legal_knowledge_base.full.json,ESEC_RIDUZIONE_496,Riduzione del pignoramento (art. 496 c.p.c.),"Esecuzioni forzate - mobiliari, immobiliari, presso terzi, consegna e rilascio, esecuzioni in forma specifica - alias logici mantenuti per retrocompatibilità fascicoli",,Esecuzione forzata,notifica,Termini processuali del procedimento,,,,"Da verificare secondo rito, provvedimento o notifica",,,,manual_review,False,forward,civil,GP_TERM_85A65812DA25,Richiede verifica professionale prima di calcolo automatico.
pct\data\legal_knowledge_base.full.json,ESEC_SOSPENSIONE_624,Sospensione dell'esecuzione (art. 624 c.p.c.),"Esecuzioni forzate - mobiliari, immobiliari, presso terzi, consegna e rilascio, esecuzioni in forma specifica - alias logici mantenuti per retrocompatibilità fascicoli",,Esecuzione forzata,notifica,Termini processuali del procedimento,,,,"Da verificare secondo rito, provvedimento o notifica",,,,manual_review,False,forward,civil,GP_TERM_F9CC7E63B111,Richiede verifica professionale prima di calcolo automatico.
pct\data\legal_knowledge_base.full.json,ESEC_TERZI_001,Pignoramento presso terzi,Esecuzione mobiliare presso terzi,,Esecuzione presso terzi ex artt. 543-554 c.p.c.,notifica,Dichiarazione del terzo,10,,,notifica atto pignoramento,perentorio,art. 543 c. 4 c.p.c.,,calcolabile_giorni,True,forward,civil,GP_TERM_DEFA283825B6,Importabile come template giorni se evento generatore e' valorizzato.
pct\data\legal_knowledge_base.full.json,ESEC_TERZI_001,Pignoramento presso terzi,Esecuzione mobiliare presso terzi,,Esecuzione presso terzi ex artt. 543-554 c.p.c.,notifica,Iscrizione ruolo dopo notifica al terzo,30,,,consegna ai destinatari della copia notificata,decadenziale,art. 543 c. 5 c.p.c.,,calcolabile_giorni,True,forward,civil,GP_TERM_95AB98973C60,Importabile come template giorni se evento generatore e' valorizzato.
pct\data\legal_knowledge_base.full.json,GUIDA_COMPRAVENDITA_IMMOBILIARE_RISOLUZIONE,Risoluzione del contratto di compravendita immobiliare per inadempimento,Contratti - risoluzione per inadempimento,Risoluzione contratto compravendita immobile - artt. 1453 e ss. c.c.,Rito ordinario di cognizione,prescrizione_decadenza,Prescrizione azione risoluzione,,,10,inadempimento,prescrizione,art. 2946 c.c.,,termine_lungo_o_prescrizione,False,forward,civil,GP_TERM_8BECFA40EB2E,"Da registrare come regola/profilo, non come calcolo processuale ordinario."
pct\data\legal_knowledge_base.full.json,GUIDA_COMPRAVENDITA_IMMOBILIARE_RISOLUZIONE,Risoluzione del contratto di compravendita immobiliare per inadempimento,Contratti - risoluzione per inadempimento,Risoluzione contratto compravendita immobile - artt. 1453 e ss. c.c.,Rito ordinario di cognizione,prescrizione_decadenza,Denuncia vizi ex art. 1495 c.c.,8,,,scoperta vizio,decadenziale,,,calcolabile_giorni,True,forward,civil,GP_TERM_2D8D54915E36,Importabile come template giorni se evento generatore e' valorizzato.
pct\data\legal_knowledge_base.full.json,GUIDA_COMPRAVENDITA_IMMOBILIARE_RISOLUZIONE,Risoluzione del contratto di compravendita immobiliare per inadempimento,Contratti - risoluzione per inadempimento,Risoluzione contratto compravendita immobile - artt. 1453 e ss. c.c.,Rito ordinario di cognizione,prescrizione_decadenza,Prescrizione azione per vizi,,,,consegna,prescrizione breve,art. 1495 c.c.,,termine_lungo_o_prescrizione,False,forward,civil,GP_TERM_80BEDCBA8996,"Da registrare come regola/profilo, non come calcolo processuale ordinario."
pct\data\legal_knowledge_base.full.json,GUIDA_COMPRAVENDITA_IMMOBILIARE_RISOLUZIONE,Risoluzione del contratto di compravendita immobiliare per inadempimento,Contratti - risoluzione per inadempimento,Risoluzione contratto compravendita immobile - artt. 1453 e ss. c.c.,Rito ordinario di cognizione,notifica,Diffida ad adempiere - termine minimo,15,,,notifica diffida,minimo legale,art. 1454 c.c.,,calcolabile_giorni,True,forward,civil,GP_TERM_4D0F538D0EE3,Importabile come template giorni se evento generatore e' valorizzato.
pct\data\legal_knowledge_base.full.json,GUIDA_COMPRAVENDITA_IMMOBILIARE_RISOLUZIONE,Risoluzione del contratto di compravendita immobiliare per inadempimento,Contratti - risoluzione per inadempimento,Risoluzione contratto compravendita immobile - artt. 1453 e ss. c.c.,Rito ordinario di cognizione,procedimentale,Mediazione obbligatoria - max procedimento,90,,,,,art. 6 D.Lgs. 28/2010,,calcolabile_giorni,True,forward,civil,GP_TERM_0900D1ACB5DA,Importabile come template giorni se evento generatore e' valorizzato.
pct\data\legal_knowledge_base.full.json,GUIDA_COMPRAVENDITA_IMMOBILIARE_RISOLUZIONE,Risoluzione del contratto di compravendita immobiliare per inadempimento,Contratti - risoluzione per inadempimento,Risoluzione contratto compravendita immobile - artt. 1453 e ss. c.c.,Rito ordinario di cognizione,notifica,Termine a comparire,120,,,notifica citazione (post-Cartabia),minimo legale,art. 163-bis c.p.c.,,calcolabile_giorni,True,forward,civil,GP_TERM_52D3ADB8E24E,Importabile come template giorni se evento generatore e' valorizzato.
pct\data\legal_knowledge_base.full.json,GUIDA_COMPRAVENDITA_IMMOBILIARE_RISOLUZIONE,Risoluzione del contratto di compravendita immobiliare per inadempimento,Contratti - risoluzione per inadempimento,Risoluzione contratto compravendita immobile - artt. 1453 e ss. c.c.,Rito ordinario di cognizione,costituzione,Costituzione convenuto,70,,,prima udienza,perentorio,art. 166 c.p.c.,,calcolabile_giorni,True,backward,civil,GP_TERM_42196DF205D8,Importabile come template giorni se evento generatore e' valorizzato.
pct\data\legal_knowledge_base.full.json,GUIDA_COMPRAVENDITA_IMMOBILIARE_RISOLUZIONE,Risoluzione del contratto di compravendita immobiliare per inadempimento,Contratti - risoluzione per inadempimento,Risoluzione contratto compravendita immobile - artt. 1453 e ss. c.c.,Rito ordinario di cognizione,impugnazione,Appello,30,,,notifica sentenza,perentorio,,,calcolabile_giorni,True,forward,civil,GP_TERM_77FE2FA32E23,Importabile come template giorni se evento generatore e' valorizzato.
pct\data\legal_knowledge_base.full.json,GUIDA_TUTELA_MINORI_ORDINARIA,"Apertura della tutela ordinaria - minori (per genitori deceduti, decaduti o impossibilitati)",Volontaria giurisdizione - protezione dei minori,Tutela del minore - nomina del tutore (artt. 343-389 c.c.),Procedimento camerale - GIUDICE TUTELARE,deposito,Decisione del GT,60,,,deposito ricorso,ordinatorio,,,calcolabile_giorni,True,forward,admin,GP_TERM_D2B556281F9F,Importabile come template giorni se evento generatore e' valorizzato.
pct\data\legal_knowledge_base.full.json,GUIDA_TUTELA_MINORI_ORDINARIA,"Apertura della tutela ordinaria - minori (per genitori deceduti, decaduti o impossibilitati)",Volontaria giurisdizione - protezione dei minori,Tutela del minore - nomina del tutore (artt. 343-389 c.c.),Procedimento camerale - GIUDICE TUTELARE,impugnazione,Reclamo in Corte d'Appello,10,,,comunicazione decreto,perentorio,,,calcolabile_giorni,True,forward,admin,GP_TERM_C64503066F51,Importabile come template giorni se evento generatore e' valorizzato.
pct\data\legal_knowledge_base.full.json,GUIDA_TUTELA_MINORI_ORDINARIA,"Apertura della tutela ordinaria - minori (per genitori deceduti, decaduti o impossibilitati)",Volontaria giurisdizione - protezione dei minori,Tutela del minore - nomina del tutore (artt. 343-389 c.c.),Procedimento camerale - GIUDICE TUTELARE,generico_da_classificare,Inventario beni minore,10,,,nomina tutore,ordinatorio,art. 362 c.c.,,calcolabile_giorni,True,forward,admin,GP_TERM_F8F06B40D29E,Importabile come template giorni se evento generatore e' valorizzato.
pct\data\legal_knowledge_base.full.json,GUIDA_TUTELA_MINORI_ORDINARIA,"Apertura della tutela ordinaria - minori (per genitori deceduti, decaduti o impossibilitati)",Volontaria giurisdizione - protezione dei minori,Tutela del minore - nomina del tutore (artt. 343-389 c.c.),Procedimento camerale - GIUDICE TUTELARE,generico_da_classificare,Rendiconto annuale tutore,365,,,data nomina e anni successivi,ordinatorio,art. 380 c.c.,,calcolabile_giorni,True,forward,admin,GP_TERM_335A2FA6F263,Importabile come template giorni se evento generatore e' valorizzato.
pct\data\legal_knowledge_base.full.json,GUIDA_TUTELA_MINORI_ORDINARIA,"Apertura della tutela ordinaria - minori (per genitori deceduti, decaduti o impossibilitati)",Volontaria giurisdizione - protezione dei minori,Tutela del minore - nomina del tutore (artt. 343-389 c.c.),Procedimento camerale - GIUDICE TUTELARE,generico_da_classificare,Fine tutela,,,,,,,,informativo_non_calcolabile,False,forward,admin,GP_TERM_F9B4D3A93634,Manca unita' numerica o decorrenza calcolabile.
pct\data\legal_knowledge_base.full.json,LAV_CONTRATTI_FLESSIBILI,"Contratti a termine, somministrazione, apprendistato (D.Lgs. 81/2015)","Lavoro, previdenza e assistenza obbligatorie - alias logici mantenuti per retrocompatibilità fascicoli",,Rito del lavoro,notifica,Termini processuali del procedimento,,,,"Da verificare secondo rito, provvedimento o notifica",,,,manual_review,False,forward,labor,GP_TERM_42401A7FD9F1,Richiede verifica professionale prima di calcolo automatico.
pct\data\legal_knowledge_base.full.json,LAV_INVCIV_001,"Invalidità civile, cecità, sordità - prestazioni assistenziali (L. 118/1971, L. 18/1980)",Assistenza obbligatoria,,Rito del lavoro previdenziale con ATPO obbligatorio ex art. 445-bis c.p.c.,notifica,Ricorso giudiziale,180,,,comunicazione provvedimento INPS,decadenziale,art. 42 L. 326/2003,,calcolabile_giorni,True,forward,labor,GP_TERM_9A3B58FC554F,Importabile come template giorni se evento generatore e' valorizzato.
pct\data\legal_knowledge_base.full.json,LAV_LIC_001,Impugnazione di licenziamento individuale (art. 18 St.Lav. / Jobs Act),Licenziamenti individuali,,"Rito ordinario del lavoro (per assunti post 7/3/2015 - tutele crescenti) o rito Fornero (L. 92/2012, fase sommaria + opposizione, per assunti ante 7/3/2015)",impugnazione,Impugnazione stragiudiziale,60,,,comunicazione licenziamento,decadenziale,art. 6 L. 604/1966,,calcolabile_giorni,True,forward,labor,GP_TERM_B8B161F60F81,Importabile come template giorni se evento generatore e' valorizzato.
pct\data\legal_knowledge_base.full.json,LAV_LIC_001,Impugnazione di licenziamento individuale (art. 18 St.Lav. / Jobs Act),Licenziamenti individuali,,"Rito ordinario del lavoro (per assunti post 7/3/2015 - tutele crescenti) o rito Fornero (L. 92/2012, fase sommaria + opposizione, per assunti ante 7/3/2015)",impugnazione,Deposito ricorso giudiziale,180,,,impugnazione stragiudiziale,decadenziale,art. 6 c. 2 L. 604/1966,,calcolabile_giorni,True,forward,labor,GP_TERM_DCDC0C9BC603,Importabile come template giorni se evento generatore e' valorizzato.
pct\data\legal_knowledge_base.full.json,LAV_LIC_COLLETTIVO,Licenziamenti collettivi (L. 223/1991),"Lavoro, previdenza e assistenza obbligatorie - alias logici mantenuti per retrocompatibilità fascicoli",,Rito del lavoro,notifica,Termini processuali del procedimento,,,,"Da verificare secondo rito, provvedimento o notifica",,,,manual_review,False,forward,labor,GP_TERM_198A7E135018,Richiede verifica professionale prima di calcolo automatico.
pct\data\legal_knowledge_base.full.json,LAV_MOBBING_001,"Mobbing, straining, demansionamento e danni da illegittima condotta del datore","Lavoro, previdenza e assistenza obbligatorie - alias logici mantenuti per retrocompatibilità fascicoli",,Rito del lavoro,notifica,Termini processuali del procedimento,,,,"Da verificare secondo rito, provvedimento o notifica",,,,manual_review,False,forward,labor,GP_TERM_3F285985C884,Richiede verifica professionale prima di calcolo automatico.
pct\data\legal_knowledge_base.full.json,LAV_PREVID_001,Prestazioni INPS - pensioni e indennità (previdenza obbligatoria),"Lavoro, previdenza e assistenza obbligatorie - alias logici mantenuti per retrocompatibilità fascicoli",,Rito del lavoro,notifica,Termini processuali del procedimento,,,,"Da verificare secondo rito, provvedimento o notifica",,,,manual_review,False,forward,labor,GP_TERM_49CC8071CF08,Richiede verifica professionale prima di calcolo automatico.
pct\data\legal_knowledge_base.full.json,LAV_PUBBLICO_IMPIEGO,Pubblico impiego privatizzato (controversie ex art. 63 D.Lgs. 165/2001),"Lavoro, previdenza e assistenza obbligatorie - alias logici mantenuti per retrocompatibilità fascicoli",,Rito del lavoro,notifica,Termini processuali del procedimento,,,,"Da verificare secondo rito, provvedimento o notifica",,,,manual_review,False,forward,labor,GP_TERM_00C3D5F927B0,Richiede verifica professionale prima di calcolo automatico.
pct\data\legal_knowledge_base.full.json,LAV_QUALIFICA_001,Accertamento natura del rapporto di lavoro / rivendicazione qualifica,"Lavoro, previdenza e assistenza obbligatorie - alias logici mantenuti per retrocompatibilità fascicoli",,Rito del lavoro,notifica,Termini processuali del procedimento,,,,"Da verificare secondo rito, provvedimento o notifica",,,,manual_review,False,forward,labor,GP_TERM_654EE6F7F59F,Richiede verifica professionale prima di calcolo automatico.
pct\data\legal_knowledge_base.full.json,LAV_REPRESSIONE_DISCRIM,"Repressione condotte discriminatorie (D.Lgs. 198/2006, D.Lgs. 215/2003)","Lavoro, previdenza e assistenza obbligatorie - alias logici mantenuti per retrocompatibilità fascicoli",,Rito del lavoro,notifica,Termini processuali del procedimento,,,,"Da verificare secondo rito, provvedimento o notifica",,,,manual_review,False,forward,labor,GP_TERM_244C9731DB5C,Richiede verifica professionale prima di calcolo automatico.
pct\data\legal_knowledge_base.full.json,LAV_SCIOPERO_ART28,Repressione condotta antisindacale (art. 28 L. 300/1970),Diritto sindacale,,Procedimento speciale ex art. 28 L. 300/1970 (cautelare ante causam),impugnazione,Opposizione al decreto,15,,,comunicazione decreto,perentorio,,,calcolabile_giorni,True,forward,civil,GP_TERM_013BA987D8C8,Importabile come template giorni se evento generatore e' valorizzato.
pct\data\legal_knowledge_base.full.json,LAV_TENTATIVO_CONCILIAZIONE,Tentativo facoltativo/obbligatorio di conciliazione e procedura ITL,"Lavoro, previdenza e assistenza obbligatorie - alias logici mantenuti per retrocompatibilità fascicoli",,Rito del lavoro,notifica,Termini processuali del procedimento,,,,"Da verificare secondo rito, provvedimento o notifica",,,,manual_review,False,forward,labor,GP_TERM_A99D1B140FE9,Richiede verifica professionale prima di calcolo automatico.
pct\data\legal_knowledge_base.full.json,LAV_TRASF_AZIENDA,Trasferimento d'azienda (art. 2112 c.c.),"Lavoro, previdenza e assistenza obbligatorie - alias logici mantenuti per retrocompatibilità fascicoli",,Rito del lavoro,notifica,Termini processuali del procedimento,,,,"Da verificare secondo rito, provvedimento o notifica",,,,manual_review,False,forward,labor,GP_TERM_FCB875CB79CD,Richiede verifica professionale prima di calcolo automatico.
pct\data\legal_knowledge_base_modules\kb_96_esecuzioni_forzate_logiche_legacy.json,,Pignoramento mobiliare presso il debitore,Esecuzione mobiliare,,Esecuzione forzata mobiliare ex artt. 513-542 c.p.c.,deposito,Iscrizione a ruolo del pignoramento,15,,,consegna verbale al creditore dall'UNEP,decadenziale,art. 518 c. 6 c.p.c.,,calcolabile_giorni,True,forward,civil,GP_TERM_8B600A3E956E,Importabile come template giorni se evento generatore e' valorizzato.
pct\data\legal_knowledge_base_modules\kb_96_esecuzioni_forzate_logiche_legacy.json,,Pignoramento mobiliare presso il debitore,Esecuzione mobiliare,,Esecuzione forzata mobiliare ex artt. 513-542 c.p.c.,notifica,Validità del precetto,90,,,notifica precetto,decadenziale,art. 481 c.p.c.,,calcolabile_giorni,True,forward,civil,GP_TERM_D195DEA9FB3F,Importabile come template giorni se evento generatore e' valorizzato.
pct\data\legal_knowledge_base_modules\kb_96_esecuzioni_forzate_logiche_legacy.json,,Pignoramento mobiliare presso il debitore,Esecuzione mobiliare,,Esecuzione forzata mobiliare ex artt. 513-542 c.p.c.,generico_da_classificare,Istanza di vendita,45,,,pignoramento,perentorio,art. 497 c.p.c.,,calcolabile_giorni,True,forward,civil,GP_TERM_6086B6C5B8F8,Importabile come template giorni se evento generatore e' valorizzato.
pct\data\legal_knowledge_base_modules\kb_96_esecuzioni_forzate_logiche_legacy.json,,Pignoramento presso terzi,Esecuzione mobiliare presso terzi,,Esecuzione presso terzi ex artt. 543-554 c.p.c.,notifica,Dichiarazione del terzo,10,,,notifica atto pignoramento,perentorio,art. 543 c. 4 c.p.c.,,calcolabile_giorni,True,forward,civil,GP_TERM_A089F0FC8131,Importabile come template giorni se evento generatore e' valorizzato.
pct\data\legal_knowledge_base_modules\kb_96_esecuzioni_forzate_logiche_legacy.json,,Pignoramento presso terzi,Esecuzione mobiliare presso terzi,,Esecuzione presso terzi ex artt. 543-554 c.p.c.,notifica,Iscrizione ruolo dopo notifica al terzo,30,,,consegna ai destinatari della copia notificata,decadenziale,art. 543 c. 5 c.p.c.,,calcolabile_giorni,True,forward,civil,GP_TERM_124AE1CEB341,Importabile come template giorni se evento generatore e' valorizzato.
pct\data\legal_knowledge_base_modules\kb_96_esecuzioni_forzate_logiche_legacy.json,,Pignoramento immobiliare,Esecuzione immobiliare,,Espropriazione immobiliare ex artt. 555-598 c.p.c.,generico_da_classificare,Trascrizione del pignoramento,15,,,consegna ai destinatari,perentorio,art. 555 c. 3 c.p.c.,,calcolabile_giorni,True,forward,civil,GP_TERM_9879334CBB36,Importabile come template giorni se evento generatore e' valorizzato.
pct\data\legal_knowledge_base_modules\kb_96_esecuzioni_forzate_logiche_legacy.json,,Pignoramento immobiliare,Esecuzione immobiliare,,Espropriazione immobiliare ex artt. 555-598 c.p.c.,deposito,Iscrizione a ruolo,15,,,restituzione titolo esecutivo trascritto,decadenziale,art. 557 c.p.c.,,calcolabile_giorni,True,forward,civil,GP_TERM_B8EDED623338,Importabile come template giorni se evento generatore e' valorizzato.
pct\data\legal_knowledge_base_modules\kb_96_esecuzioni_forzate_logiche_legacy.json,,Pignoramento immobiliare,Esecuzione immobiliare,,Espropriazione immobiliare ex artt. 555-598 c.p.c.,generico_da_classificare,Istanza di vendita,45,,,trascrizione pignoramento,perentorio (con possibilità sospensione),art. 497 c.p.c.,,calcolabile_giorni,True,forward,civil,GP_TERM_C7FE6C732F1E,Importabile come template giorni se evento generatore e' valorizzato.
pct\data\legal_knowledge_base_modules\kb_96_esecuzioni_forzate_logiche_legacy.json,,Pignoramento immobiliare,Esecuzione immobiliare,,Espropriazione immobiliare ex artt. 555-598 c.p.c.,generico_da_classificare,Documentazione ipocatastale,60,,,istanza vendita,perentorio,art. 567 c. 2 c.p.c.,,calcolabile_giorni,True,forward,civil,GP_TERM_BB9C19DCE5A3,Importabile come template giorni se evento generatore e' valorizzato.
pct\data\legal_knowledge_base_modules\kb_96_esecuzioni_forzate_logiche_legacy.json,,Esecuzione per consegna o rilascio (art. 605-611 c.p.c.),Esecuzione in forma specifica - obblighi di consegna/rilascio,,Procedura ex artt. 605-611 c.p.c.,notifica,Preavviso rilascio,10,,,notifica preavviso,minimo legale,art. 608 c. 1 c.p.c.,,calcolabile_giorni,True,forward,civil,GP_TERM_49292858AEBA,Importabile come template giorni se evento generatore e' valorizzato.
pct\data\legal_knowledge_base_modules\kb_97_lavoro_previdenza_logiche_legacy.json,,Impugnazione di licenziamento individuale (art. 18 St.Lav. / Jobs Act),Licenziamenti individuali,,"Rito ordinario del lavoro (per assunti post 7/3/2015 - tutele crescenti) o rito Fornero (L. 92/2012, fase sommaria + opposizione, per assunti ante 7/3/2015)",impugnazione,Impugnazione stragiudiziale,60,,,comunicazione licenziamento,decadenziale,art. 6 L. 604/1966,,calcolabile_giorni,True,forward,labor,GP_TERM_8AFAF716C4BF,Importabile come template giorni se evento generatore e' valorizzato.
pct\data\legal_knowledge_base_modules\kb_97_lavoro_previdenza_logiche_legacy.json,,Impugnazione di licenziamento individuale (art. 18 St.Lav. / Jobs Act),Licenziamenti individuali,,"Rito ordinario del lavoro (per assunti post 7/3/2015 - tutele crescenti) o rito Fornero (L. 92/2012, fase sommaria + opposizione, per assunti ante 7/3/2015)",impugnazione,Deposito ricorso giudiziale,180,,,impugnazione stragiudiziale,decadenziale,art. 6 c. 2 L. 604/1966,,calcolabile_giorni,True,forward,labor,GP_TERM_1302ACA01016,Importabile come template giorni se evento generatore e' valorizzato.
pct\data\legal_knowledge_base_modules\kb_97_lavoro_previdenza_logiche_legacy.json,,"Invalidità civile, cecità, sordità - prestazioni assistenziali (L. 118/1971, L. 18/1980)",Assistenza obbligatoria,,Rito del lavoro previdenziale con ATPO obbligatorio ex art. 445-bis c.p.c.,notifica,Ricorso giudiziale,180,,,comunicazione provvedimento INPS,decadenziale,art. 42 L. 326/2003,,calcolabile_giorni,True,forward,labor,GP_TERM_312D643BDC55,Importabile come template giorni se evento generatore e' valorizzato.
pct\data\legal_knowledge_base_modules\kb_97_lavoro_previdenza_logiche_legacy.json,,Repressione condotta antisindacale (art. 28 L. 300/1970),Diritto sindacale,,Procedimento speciale ex art. 28 L. 300/1970 (cautelare ante causam),impugnazione,Opposizione al decreto,15,,,comunicazione decreto,perentorio,,,calcolabile_giorni,True,forward,civil,GP_TERM_B414EFC7CA1D,Importabile come template giorni se evento generatore e' valorizzato.
